"Date","Strategy_Return","Strategy_Return_3x"
1996-02-01,,
1996-02-02,,
1996-02-05,,
1996-02-06,,
1996-02-07,,
1996-02-08,,
1996-02-09,,
1996-02-12,,
1996-02-13,,
1996-02-14,,
1996-02-15,,
1996-02-16,,
1996-02-21,,
1996-02-22,,
1996-02-23,,
1996-02-26,,
1996-02-27,,
1996-02-28,,
1996-02-29,,
1996-03-01,,
1996-03-04,,
1996-03-05,,
1996-03-06,,
1996-03-07,,
1996-03-08,,
1996-03-11,,
1996-03-12,,
1996-03-13,,
1996-03-14,,
1996-03-15,,
1996-03-18,,
1996-03-19,,
1996-03-20,,
1996-03-21,,
1996-03-22,,
1996-03-25,,
1996-03-26,,
1996-03-27,,
1996-03-28,,
1996-03-29,,
1996-04-01,,
1996-04-02,,
1996-04-03,,
1996-04-04,,
1996-04-09,,
1996-04-10,,
1996-04-11,,
1996-04-12,,
1996-04-15,,
1996-04-16,,
1996-04-17,,
1996-04-18,,
1996-04-19,,
1996-04-22,,
1996-04-23,,
1996-04-24,,
1996-04-25,,
1996-04-26,,
1996-04-29,,
1996-04-30,,
1996-05-01,,
1996-05-02,,
1996-05-03,,
1996-05-06,,
1996-05-07,,
1996-05-08,,
1996-05-09,,
1996-05-10,,
1996-05-13,,
1996-05-14,,
1996-05-15,,
1996-05-16,,
1996-05-17,,
1996-05-20,,
1996-05-21,,
1996-05-22,,
1996-05-23,,
1996-05-24,,
1996-05-28,,
1996-05-29,,
1996-05-30,,
1996-05-31,,
1996-06-03,,
1996-06-04,,
1996-06-05,,
1996-06-06,,
1996-06-07,,
1996-06-10,,
1996-06-11,,
1996-06-12,,
1996-06-13,,
1996-06-14,,
1996-06-17,,
1996-06-18,,
1996-06-19,,
1996-06-20,,
1996-06-21,,
1996-06-24,,
1996-06-25,,
1996-06-26,,
1996-06-27,,
1996-06-28,,
1996-07-01,,
1996-07-02,,
1996-07-03,,
1996-07-05,,
1996-07-08,,
1996-07-09,,
1996-07-10,,
1996-07-11,,
1996-07-12,,
1996-07-15,,
1996-07-16,,
1996-07-17,,
1996-07-18,,
1996-07-19,,
1996-07-22,,
1996-07-23,,
1996-07-24,,
1996-07-25,,
1996-07-26,,
1996-07-29,,
1996-07-30,,
1996-07-31,,
1996-08-01,0.00756559251875083,0.0226967775562525
1996-08-02,0.0116509871515966,0.0349529614547897
1996-08-05,0.000194088169620173,0.000582264508860519
1996-08-06,-0.00194279015328083,-0.00582837045984249
1996-08-07,0.00277244951947396,0.00831734855842187
1996-08-08,0.000821303312841033,0.0024639099385231
1996-08-09,-0.000754148998546215,-0.00226244699563865
1996-08-12,0.00253522269931925,0.00760566809795774
1996-08-13,0.000215234588701198,0.000645703766103594
1996-08-14,0.000954050637859225,0.00286215191357768
1996-08-15,0.000916307195195182,0.00274892158558555
1996-08-16,0.00233574521585112,0.00700723564755337
1996-08-19,0.002444770500548,0.00733431150164401
1996-08-20,0.00297085881621489,0.00891257644864469
1996-08-21,-0.000701684598390272,-0.00210505379517082
1996-08-22,0.00396216775858459,0.0118865032757538
1996-08-23,0.00133684698466565,0.00401054095399695
1996-08-26,-0.00102927867270517,-0.00308783601811551
1996-08-27,0.00309378803144007,0.00928136409432022
1996-08-28,-9.03299323952342e-06,-2.70989797185702e-05
1996-08-29,-0.00331373742168509,-0.00994121226505528
1996-08-30,-0.00254338478198007,-0.0076301543459402
1996-09-03,-0.00173836216369321,-0.00521508649107962
1996-09-04,0.00263020664105736,0.00789061992317208
1996-09-05,-0.00261919637823558,-0.00785758913470674
1996-09-06,0.00243368082354828,0.00730104247064485
1996-09-09,0.00632846603586906,0.0189853981076072
1996-09-10,0.00136633786218243,0.0040990135865473
1996-09-11,-0.00129107972228707,-0.00387323916686122
1996-09-12,0.00374592697878771,0.0112377809363631
1996-09-13,0.00668327536165997,0.0200498260849799
1996-09-16,0.0040081171083303,0.0120243513249909
1996-09-17,-0.00211491779756333,-0.00634475339269
1996-09-18,-0.00259432776533326,-0.00778298329599978
1996-09-19,4.67437122671048e-06,1.40231136801314e-05
1996-09-20,0.00310449048976954,0.00931347146930861
1996-09-23,-0.00354232379569399,-0.010626971387082
1996-09-24,0.000567219177304337,0.00170165753191301
1996-09-25,0.000954760252505829,0.00286428075751749
1996-09-26,0.00115953165971491,0.00347859497914472
1996-09-27,0.00155742388358995,0.00467227165076984
1996-09-30,0.0023223565291402,0.00696706958742061
1996-10-01,0.00311752356242808,0.00935257068728424
1996-10-02,0.00435246038491246,0.0130573811547374
1996-10-03,0.000318760038145645,0.000956280114436935
1996-10-04,0.00612266389155913,0.0183679916746774
1996-10-07,0.000843994467562605,0.00253198340268781
1996-10-08,0.000662414507242342,0.00198724352172703
1996-10-09,-0.00414286129250003,-0.0124285838775001
1996-10-10,-0.00244628360873336,-0.00733885082620009
1996-10-11,0.00500667245492055,0.0150200173647617
1996-10-14,0.00339980152921537,0.0101994045876461
1996-10-15,0.000452804626607818,0.00135841387982345
1996-10-16,-0.000887780561930116,-0.00266334168579035
1996-10-17,0.000420915557328116,0.00126274667198435
1996-10-18,0.00314962866786029,0.00944888600358088
1996-10-21,0.000612364958742291,0.00183709487622687
1996-10-22,-0.00132840484643349,-0.00398521453930046
1996-10-23,-0.000526606678350172,-0.00157982003505051
1996-10-24,-0.00125839182717919,-0.00377517548153756
1996-10-25,0.00176227660330586,0.00528682980991757
1996-10-28,-0.000277560856210961,-0.000832682568632882
1996-10-29,-0.000756294290590707,-0.00226888287177212
1996-10-30,-0.00129857824665669,-0.00389573473997007
1996-10-31,0.00474450418831526,0.0142335125649458
1996-11-01,0.00318718977340095,0.00956156932020285
1996-11-04,0.00187523643914243,0.00562570931742728
1996-11-05,0.00541670425503986,0.0162501127651196
1996-11-06,0.00544612231244155,0.0163383669373246
1996-11-07,0.0011097494482596,0.0033292483447788
1996-11-08,0.0031625027158988,0.00948750814769639
1996-11-11,0.00163395510583809,0.00490186531751426
1996-11-12,0.00435711965784868,0.013071358973546
1996-11-13,0.000753428668047413,0.00226028600414224
1996-11-14,0.0027276664280546,0.0081829992841638
1996-11-15,0.00220898758368061,0.00662696275104184
1996-11-18,0.00273518409030919,0.00820555227092756
1996-11-19,0.00302977916613358,0.00908933749840073
1996-11-20,0.00143974596424597,0.00431923789273792
1996-11-21,-0.002123532906956,-0.00637059872086801
1996-11-22,0.000193358859568018,0.000580076578704054
1996-11-25,0.00257608479515072,0.00772825438545216
1996-11-26,-0.00238055033693635,-0.00714165101080905
1996-11-27,0.000127514881631577,0.000382544644894732
1996-11-29,0.00551336090365468,0.016540082710964
1996-12-02,0.00236551181607873,0.0070965354482362
1996-12-03,0.00152912213009215,0.00458736639027645
1996-12-04,-0.00493543557519316,-0.0148063067255795
1996-12-05,-0.000417257786788188,-0.00125177336036456
1996-12-06,-0.00587287463657983,-0.0176186239097395
1996-12-09,0.00800739718986454,0.0240221915695936
1996-12-10,0.00601298672161365,0.0180389601648409
1996-12-11,-0.00732939961984375,-0.0219881988595312
1996-12-12,0.00115935714679207,0.0034780714403762
1996-12-13,0.00190211454404193,0.00570634363212578
1996-12-16,-0.00116037226147686,-0.00348111678443059
1996-12-17,7.48119756613209e-05,0.000224435926983963
1996-12-18,0.00209227254599039,0.00627681763797116
1996-12-19,0.0110299866143562,0.0330899598430686
1996-12-20,0.00512616744669338,0.0153785023400801
1996-12-23,0.00183615407832969,0.00550846223498907
1996-12-24,0.00109840351668826,0.00329521055006478
1996-12-26,0.00260807349798208,0.00782422049394624
1996-12-27,0.0015979590386237,0.00479387711587109
1996-12-30,0.00383810233798268,0.0115143070139481
1996-12-31,0.00442941067538083,0.0132882320261425
1997-01-02,-0.0162335605969638,-0.0487006817908914
1997-01-03,0.00284500958400534,0.00853502875201602
1997-01-06,0.00240563226578854,0.00721689679736562
1997-01-07,0.00359994182065695,0.0107998254619709
1997-01-08,0.000658962466600471,0.00197688739980141
1997-01-09,0.00426497664126718,0.0127949299238015
1997-01-10,-0.000905202394490002,-0.00271560718347001
1997-01-13,0.00533101521033304,0.0159930456309991
1997-01-14,0.00783802413010179,0.0235140723903054
1997-01-15,0.00159222964337526,0.00477668893012579
1997-01-16,0.00314470091553348,0.00943410274660045
1997-01-17,0.0013590557287159,0.00407716718614769
1997-01-20,-0.00131216983933579,-0.00393650951800736
1997-01-21,0.000697502467988274,0.00209250740396482
1997-01-22,0.00171463137479876,0.00514389412439628
1997-01-23,-0.0012315534831715,-0.00369466044951449
1997-01-24,-0.00757926955394034,-0.022737808661821
1997-01-27,-0.0064200454598616,-0.0192601363795848
1997-01-28,-0.000834347088730425,-0.00250304126619127
1997-01-29,0.000628053633185367,0.0018841608995561
1997-01-30,0.00735706445772882,0.0220711933731864
1997-01-31,0.00650812930959426,0.0195243879287828
1997-02-03,0.00052661607636895,0.00157984822910685
1997-02-04,-0.000111614031760231,-0.000334842095280692
1997-02-05,-0.00269657586332983,-0.00808972758998948
1997-02-06,0.00117059040743996,0.00351177122231989
1997-02-07,0.006025177448924,0.018075532346772
1997-02-10,0.000937703732601762,0.00281311119780529
1997-02-11,-0.000608719301284767,-0.0018261579038543
1997-02-12,0.00339786878762707,0.0101936063628812
1997-02-13,0.00553534451689638,0.0166060335506891
1997-02-14,-3.79817127892057e-05,-0.000113945138367617
1997-02-18,0.00147873688855171,0.00443621066565512
1997-02-19,-0.000352217094090185,-0.00105665128227056
1997-02-20,-0.00513177865002321,-0.0153953359500696
1997-02-21,-0.00123771833488376,-0.00371315500465128
1997-02-24,0.00455394425592102,0.0136618327677631
1997-02-25,0.00428070235841377,0.0128421070752413
1997-02-26,-0.00630802487202619,-0.0189240746160786
1997-02-27,-0.00477902154470119,-0.0143370646341036
1997-02-28,-0.00328818293696084,-0.00986454881088253
1997-03-03,0.00171953104440876,0.00515859313322629
1997-03-04,0.000360943093413421,0.00108282928024026
1997-03-05,0.00351339465531807,0.0105401839659542
1997-03-06,0.00240039219627836,0.00720117658883507
1997-03-07,0.00478075007093574,0.0143422502128072
1997-03-10,0.00601237191269704,0.0180371157380911
1997-03-11,0.00104774509593152,0.00314323528779455
1997-03-12,-0.00630879595230777,-0.0189263878569233
1997-03-13,-0.00715199478633371,-0.0214559843590011
1997-03-14,0.000249939256246985,0.000749817768740956
1997-03-17,-0.00238739539341732,-0.00716218618025196
1997-03-18,-0.00474272370626977,-0.0142281711188093
1997-03-19,0.000204542037067904,0.000613626111203713
1997-03-20,-0.00150085060484611,-0.00450255181453834
1997-03-21,-0.00160094204401652,-0.00480282613204955
1997-03-24,0.00261239618252481,0.00783718854757443
1997-03-25,0.00275290694961515,0.00825872084884546
1997-03-26,0.000323668723375488,0.000971006170126464
1997-03-27,-0.00869963991084927,-0.0260989197325478
1997-03-31,-0.0159831847945463,-0.0479495543836388
1997-04-01,-0.0125620810568492,-0.0376862431705477
1997-04-02,-0.00266457207574786,-0.00799371622724358
1997-04-03,-0.00684551105115376,-0.0205365331534613
1997-04-04,0.0025422125736816,0.00762663772104481
1997-04-07,0.00592689581360379,0.0177806874408114
1997-04-08,0.00173795390902557,0.00521386172707672
1997-04-09,0.0013982106216337,0.00419463186490109
1997-04-10,-0.00261288438382193,-0.0078386531514658
1997-04-11,-0.00742317161933402,-0.0222695148580021
1997-04-14,-0.00923017152076764,-0.0276905145623029
1997-04-15,0.00578857112816771,0.0173657133845031
1997-04-16,0.00182851378043423,0.00548554134130269
1997-04-17,-0.00157789547127774,-0.00473368641383323
1997-04-18,0.00224609536877767,0.006738286106333
1997-04-21,0.00198593541422148,0.00595780624266443
1997-04-22,-0.000602203711306862,-0.00180661113392059
1997-04-23,0.000470908312743944,0.00141272493823183
1997-04-24,-0.00342666597578408,-0.0102799979273523
1997-04-25,-0.00390964531621997,-0.0117289359486599
1997-04-28,-0.00207599593338129,-0.00622798780014386
1997-04-29,0.0066966560667228,0.0200899682001684
1997-04-30,0.00391364875464832,0.0117409462639449
1997-05-01,0.00398351324987347,0.0119505397496204
1997-05-02,0.0107459798612762,0.0322379395838285
1997-05-05,0.0111956704143491,0.0335870112430473
1997-05-06,0.00256826672726147,0.00770480018178442
1997-05-07,-0.0059466325027324,-0.0178398975081972
1997-05-08,0.00137666700442083,0.0041300010132625
1997-05-09,0.00636673662982226,0.0191002098894668
1997-05-12,0.00683059348681675,0.0204917804604502
1997-05-13,0.000947098013262083,0.00284129403978625
1997-05-14,0.00340050124623807,0.0102015037387142
1997-05-15,0.00356987605622556,0.0107096281686767
1997-05-16,-0.00136830478919889,-0.00410491436759667
1997-05-19,-0.00134942478034454,-0.00404827434103362
1997-05-20,0.00208838187116272,0.00626514561348817
1997-05-21,0.00386571435323636,0.0115971430597091
1997-05-22,-0.00251692025499295,-0.00755076076497885
1997-05-23,0.00640209832323845,0.0192062949697154
1997-05-27,-0.000768774331676857,-0.00230632299503057
1997-05-28,-0.00167529164527088,-0.00502587493581265
1997-05-29,-0.00166192361603623,-0.00498577084810869
1997-05-30,-0.0027781913045148,-0.0083345739135444
1997-06-02,-2.81586318563233e-07,-8.44758955689698e-07
1997-06-03,0.00124817277821807,0.00374451833465422
1997-06-04,-0.00174641993747213,-0.00523925981241639
1997-06-05,0.00406227149746119,0.0121868144923836
1997-06-06,0.00880220982984538,0.0264066294895361
1997-06-09,0.00566496841778866,0.016994905253366
1997-06-10,0.00136648265373632,0.00409944796120895
1997-06-11,0.00326173641939061,0.00978520925817182
1997-06-12,0.00821098687951577,0.0246329606385473
1997-06-13,0.010071219615767,0.0302136588473012
1997-06-16,0.00203634772092209,0.00610904316276628
1997-06-17,-0.00482592356886516,-0.0144777707065955
1997-06-18,-3.98979250717137e-05,-0.000119693775215141
1997-06-19,0.00640711764943219,0.0192213529482966
1997-06-20,-0.00173045759176287,-0.00519137277528862
1997-06-23,-0.00333989140867714,-0.0100196742260314
1997-06-24,0.00314256069189155,0.00942768207567466
1997-06-25,0.00350999323334883,0.0105299797000465
1997-06-26,0.0017089265993908,0.00512677979817241
1997-06-27,0.00178516800031901,0.00535550400095703
1997-06-30,-0.000279382482144565,-0.000838147446433695
1997-07-01,0.0103744185990455,0.0311232557971365
1997-07-02,0.00659658592423708,0.0197897577727112
1997-07-03,0.0099217144449072,0.0297651433347216
1997-07-07,0.00197177063883853,0.00591531191651559
1997-07-08,0.00188797109296454,0.00566391327889361
1997-07-09,-0.00404232752154132,-0.012126982564624
1997-07-10,0.00138554878984471,0.00415664636953414
1997-07-11,-0.000820710680454874,-0.00246213204136462
1997-07-14,-0.00379379368258252,-0.0113813810477476
1997-07-15,-0.00772129147822003,-0.0231638744346601
1997-07-16,0.0110431466216123,0.0331294398648369
1997-07-17,-0.00377787366304463,-0.0113336209891339
1997-07-18,-0.012901787173375,-0.0387053615201251
1997-07-21,-0.00635545006664922,-0.0190663501999477
1997-07-22,0.0131414273528203,0.039424282058461
1997-07-23,0.00952702552147893,0.0285810765644368
1997-07-24,-0.000936654862509245,-0.00280996458752774
1997-07-25,-0.000469252492304731,-0.00140775747691419
1997-07-28,0.00156726692729166,0.00470180078187499
1997-07-29,0.00455811079465382,0.0136743323839615
1997-07-30,0.00565933802144202,0.0169780140643261
1997-07-31,0.00155931479047539,0.00467794437142616
1997-08-01,-0.00296666896582029,-0.00890000689746088
1997-08-04,-0.00323520673259233,-0.00970562019777698
1997-08-05,0.00286609223226285,0.00859827669678856
1997-08-06,0.00668761137792583,0.0200628341337775
1997-08-07,0.000168044119508522,0.000504132358525566
1997-08-08,-0.00983399947350497,-0.0295019984205149
1997-08-11,-0.00335778913131558,-0.0100733673939467
1997-08-12,-0.00244668988391791,-0.00734006965175373
1997-08-13,-0.00540432477499839,-0.0162129743249952
1997-08-14,-3.21155900708084e-05,-9.63467702124252e-05
1997-08-15,-0.00777370707639623,-0.0233211212291887
1997-08-18,-0.000255409806421046,-0.000766229419263137
1997-08-19,0.00821825685040369,0.0246547705512111
1997-08-20,0.00485504928706822,0.0145651478612047
1997-08-21,-0.00453358042938282,-0.0136007412881485
1997-08-22,-0.00381687077527874,-0.0114506123258362
1997-08-25,-0.000868253210801559,-0.00260475963240468
1997-08-26,-0.00198023120558519,-0.00594069361675558
1997-08-27,0.000554741652723174,0.00166422495816952
1997-08-28,-0.00360874590005257,-0.0108262377001577
1997-08-29,-0.000570178697713239,-0.00171053609313972
1997-09-02,0.0157677920039543,0.0473033760118629
1997-09-03,0.00213123531049082,0.00639370593147245
1997-09-04,0.000536833841624779,0.00161050152487434
1997-09-05,0.00042017202763622,0.00126051608290866
1997-09-08,0.00137324983411182,0.00411974950233546
1997-09-09,-0.000359428204456362,-0.00107828461336909
1997-09-10,-0.00710328706012848,-0.0213098611803854
1997-09-11,-0.00522314087345349,-0.0156694226203605
1997-09-12,0.00886410660694388,0.0265923198208316
1997-09-15,0.00354404012578349,0.0106321203773505
1997-09-16,0.0157435031731557,0.0472305095194671
1997-09-17,0.0043272766356203,0.0129818299068609
1997-09-18,0.0028308094647173,0.0084924283941519
1997-09-19,0.00129996390922495,0.00389989172767486
1997-09-22,0.00439633618444097,0.0131890085533229
1997-09-23,-0.00316224106865437,-0.00948672320596311
1997-09-24,0.00513989120702402,0.0154196736210721
1997-09-25,-0.0045782519356854,-0.0137347558070562
1997-09-26,0.00532304339097689,0.0159691301729307
1997-09-29,0.00225168692087691,0.00675506076263074
1997-09-30,-0.000730532618550468,-0.0021915978556514
1997-10-01,0.00455494866231926,0.0136648459869578
1997-10-02,0.00322303546175889,0.00966910638527668
1997-10-03,0.00801000042904055,0.0240300012871216
1997-10-06,0.00445766953308681,0.0133730085992604
1997-10-07,0.00217665989122042,0.00652997967366125
1997-10-08,-0.00336077985276643,-0.0100823395582993
1997-10-09,-0.00850966188171895,-0.0255289856451568
1997-10-10,-0.00439059401803334,-0.0131717820541
1997-10-13,0.0037663513306857,0.0112990539920571
1997-10-14,0.000536844275817616,0.00161053282745285
1997-10-15,-0.00089756061455865,-0.00269268184367595
1997-10-16,-0.00552760324750879,-0.0165828097425264
1997-10-17,-0.0122702516966322,-0.0368107550898965
1997-10-20,0.00324084157896477,0.00972252473689432
1997-10-21,0.00753453000077665,0.0226035900023299
1997-10-22,-0.00318991099563722,-0.00956973298691165
1997-10-23,-0.0155084226104926,-0.0465252678314779
1997-10-24,-0.00113270817718877,-0.00339812453156632
1997-10-27,-0.0361611263959692,-0.108483379187907
1997-10-28,0.0016457683670704,0.00493730510121121
1997-10-29,0.0169116926878324,0.0507350780634972
1997-10-30,-0.00878999414791096,-0.0263699824437329
1997-10-31,0.0102091777812529,0.0306275333437588
1997-11-03,0.0041116585803898,0.0123349757411694
1997-11-04,-0.00198481884437976,-0.00595445653313928
1997-11-05,0.00178678394733063,0.00536035184199188
1997-11-06,0.00200139127226537,0.0060041738167961
1997-11-07,-0.00476646795307769,-0.0142994038592331
1997-11-10,-0.00184267242150747,-0.0055280172645224
1997-11-11,-0.00145363100317393,-0.00436089300952178
1997-11-12,-0.00448196220217437,-0.0134458866065231
1997-11-13,0.00166005848358837,0.00498017545076512
1997-11-14,0.00595318716823852,0.0178595615047156
1997-11-17,0.00759931910816028,0.0227979573244808
1997-11-18,0.00109448790472532,0.00328346371417596
1997-11-19,0.00291950624023004,0.00875851872069012
1997-11-20,0.00221360529574429,0.00664081588723287
1997-11-21,0.00294155879045695,0.00882467637137086
1997-11-24,-0.00578665412071259,-0.0173599623621378
1997-11-25,0.00201700456103132,0.00605101368309396
1997-11-26,0.00107417213265014,0.00322251639795042
1997-11-28,0.00243522261520559,0.00730566784561677
1997-12-01,0.007423917292894,0.022271751878682
1997-12-02,-0.00111213011013523,-0.0033363903304057
1997-12-03,0.00231885800015272,0.00695657400045817
1997-12-04,-0.000551991120217908,-0.00165597336065372
1997-12-05,-0.00227322522670583,-0.00681967568011748
1997-12-08,-0.00230439667670878,-0.00691319003012634
1997-12-09,-0.00222317412728902,-0.00666952238186707
1997-12-10,0.000408431925434682,0.00122529577630405
1997-12-11,0.00163717005890249,0.00491151017670747
1997-12-12,0.00440797947407559,0.0132239384222268
1997-12-15,-0.00183635629400174,-0.00550906888200522
1997-12-16,0.00231655742383626,0.00694967227150878
1997-12-17,-0.00141080850153811,-0.00423242550461434
1997-12-18,0.00125937291205046,0.00377811873615139
1997-12-19,-5.71630270706505e-05,-0.000171489081211951
1997-12-22,0.000863146845202408,0.00258944053560722
1997-12-23,0.00027992817782061,0.000839784533461829
1997-12-24,-0.00117304373294683,-0.0035191311988405
1997-12-26,0.00122230174849364,0.00366690524548092
1997-12-29,0.00379984755573201,0.011399542667196
1997-12-30,0.00270654234893023,0.00811962704679068
1997-12-31,0.00298616388224558,0.00895849164673675
1998-01-02,0.00437667961981034,0.013130038859431
1998-01-05,0.00848478707474308,0.0254543612242293
1998-01-06,-0.00223535647531666,-0.00670606942594997
1998-01-07,-0.0050849175757906,-0.0152547527273718
1998-01-08,0.000704963841809036,0.00211489152542711
1998-01-09,-0.00312661555240125,-0.00937984665720374
1998-01-12,0.00139903027439977,0.0041970908231993
1998-01-13,0.00211882296496176,0.00635646889488528
1998-01-14,0.00136309022490409,0.00408927067471228
1998-01-15,-0.00094364683119523,-0.00283094049358569
1998-01-16,-0.0021235732785181,-0.0063707198355543
1998-01-20,0.00235845978818318,0.00707537936454954
1998-01-21,-0.000377791408161122,-0.00113337422448337
1998-01-22,-0.00340869746725855,-0.0102260924017757
1998-01-23,-0.00958670819167521,-0.0287601245750256
1998-01-26,0.00376774509825009,0.0113032352947503
1998-01-27,-0.00139225448620211,-0.00417676345860633
1998-01-28,0.00257371464160653,0.00772114392481959
1998-01-29,0.00688181638315583,0.0206454491494675
1998-01-30,0.000363275588240073,0.00108982676472022
1998-02-02,0.00287492471950686,0.00862477415852059
1998-02-03,0.00170115403166866,0.00510346209500597
1998-02-04,0.00187585241296232,0.00562755723888695
1998-02-05,-0.00126557135429525,-0.00379671406288576
1998-02-06,0.00130864726889939,0.00392594180669816
1998-02-09,-0.00409382317381736,-0.0122814695214521
1998-02-10,0.00204165100031111,0.00612495300093333
1998-02-11,0.00248753329741365,0.00746259989224096
1998-02-12,-0.00328567864676166,-0.00985703594028497
1998-02-13,8.62101875060928e-05,0.000258630562518278
1998-02-17,0.00397442196917349,0.0119232659075205
1998-02-18,-0.00157020435073978,-0.00471061305221935
1998-02-19,-0.00462722608588372,-0.0138816782576511
1998-02-20,-0.00204136826427627,-0.00612410479282881
1998-02-23,0.00233883600124145,0.00701650800372436
1998-02-24,-0.00472292005060291,-0.0141687601518087
1998-02-25,0.00609594375648585,0.0182878312694576
1998-02-26,-0.00121151457230323,-0.00363454371690968
1998-02-27,0.000763917848394143,0.00229175354518243
1998-03-02,0.000335404682538974,0.00100621404761692
1998-03-03,-0.00173392935692886,-0.00520178807078658
1998-03-04,-0.00387094887216507,-0.0116128466164952
1998-03-05,-0.00576183800327089,-0.0172855140098127
1998-03-06,0.0110053634004672,0.0330160902014017
1998-03-09,0.00434602210382898,0.0130380663114869
1998-03-10,0.00334117359447416,0.0100235207834225
1998-03-11,0.00365774743484165,0.0109732423045249
1998-03-12,0.00481061394118488,0.0144318418235546
1998-03-13,0.00205593914159307,0.00616781742477922
1998-03-16,0.00440016275187217,0.0132004882556165
1998-03-17,0.00131417476342111,0.00394252429026332
1998-03-18,-0.000897821573769133,-0.0026934647213074
1998-03-19,0.0025991908410917,0.00779757252327511
1998-03-20,0.00284038480559611,0.00852115441678832
1998-03-23,0.00141856481477471,0.00425569444432413
1998-03-24,0.00432415318102689,0.0129724595430807
1998-03-25,-0.00175929110599348,-0.00527787331798045
1998-03-26,-0.00301639883763649,-0.00904919651290948
1998-03-27,-0.000411535028565058,-0.00123460508569517
1998-03-30,-0.00450025557251575,-0.0135007667175473
1998-03-31,0.00517287850482953,0.0155186355144886
1998-04-01,0.00919886396317212,0.0275965918895164
1998-04-02,0.00662522439720436,0.0198756731916131
1998-04-03,0.00653118791085424,0.0195935637325627
1998-04-06,-0.000222520724085945,-0.000667562172257835
1998-04-07,-0.00455250252945165,-0.013657507588355
1998-04-08,-0.00600550693378569,-0.0180165208013571
1998-04-09,0.004562137679763,0.013686413039289
1998-04-13,-0.00368220920652954,-0.0110466276195886
1998-04-14,0.00645968931874021,0.0193790679562206
1998-04-15,0.00302272389459708,0.00906817168379123
1998-04-16,-0.00462453749331974,-0.0138736124799592
1998-04-17,0.00138089888645482,0.00414269665936446
1998-04-20,0.000480010752403609,0.00144003225721083
1998-04-21,-0.000646588884945638,-0.00193976665483692
1998-04-22,-0.00106052535847045,-0.00318157607541136
1998-04-23,-0.00685736883257541,-0.0205721064977262
1998-04-24,-0.00303243840452885,-0.00909731521358654
1998-04-27,-0.0177784291496082,-0.0533352874488246
1998-04-28,0.00296727135269569,0.00890181405808708
1998-04-29,0.00209214781650303,0.0062764434495091
1998-04-30,0.0150478951637344,0.0451436854912031
1998-05-01,0.00963708347270322,0.0289112504181097
1998-05-04,0.00898327248064311,0.0269498174419293
1998-05-05,-0.00617214989884901,-0.018516449696547
1998-05-06,-0.00259298584827257,-0.00777895754481772
1998-05-07,-0.00992837042325459,-0.0297851112697638
1998-05-08,0.00749863293240568,0.022495898797217
1998-05-11,0.00416267425779485,0.0124880227733846
1998-05-12,-0.000790774602728476,-0.00237232380818543
1998-05-13,0.00168631425297521,0.00505894275892564
1998-05-14,-0.00208934271422841,-0.00626802814268524
1998-05-15,-0.00550365253677087,-0.0165109576103126
1998-05-18,-0.0104687423443308,-0.0314062270329924
1998-05-19,0.00843872746967221,0.0253161824090166
1998-05-20,0.00973941411470495,0.0292182423441148
1998-05-21,0.00137167455941683,0.00411502367825049
1998-05-22,-0.000740468623728049,-0.00222140587118415
1998-05-26,-0.00483518650624044,-0.0145055595187213
1998-05-27,-0.0129950467868966,-0.0389851403606898
1998-05-28,0.00245579498983302,0.00736738496949905
1998-05-29,-0.0017265213397194,-0.00517956401915821
1998-06-01,-0.00180955284789587,-0.00542865854368762
1998-06-02,0.0024767534565382,0.0074302603696146
1998-06-03,-0.000274644662669673,-0.000823933988009018
1998-06-04,0.00569122859342888,0.0170736857802867
1998-06-05,0.0126191624385529,0.0378574873156588
1998-06-08,0.0054981472545321,0.0164944417635963
1998-06-09,-0.000500027614772318,-0.00150008284431695
1998-06-10,-0.00840705938211377,-0.0252211781463413
1998-06-11,-0.015352987002815,-0.0460589610084449
1998-06-12,-0.00570352808902609,-0.0171105842670783
1998-06-15,-0.019097962028352,-0.057293886085056
1998-06-16,0.0115336152636761,0.0346008457910282
1998-06-17,0.0196688880481327,0.059006664144398
1998-06-18,-0.00278448608231732,-0.00835345824695196
1998-06-19,-0.00363836488850106,-0.0109150946655032
1998-06-22,-0.00212022091954536,-0.00636066275863608
1998-06-23,0.0111541232499711,0.0334623697499134
1998-06-24,0.00842457960463985,0.0252737388139196
1998-06-25,0.00506796284839654,0.0152038885451896
1998-06-26,-0.000157002205107705,-0.000471006615323114
1998-06-29,0.00591180448458781,0.0177354134537634
1998-06-30,-0.00170893779064142,-0.00512681337192426
1998-07-01,0.00613077549594863,0.0183923264878459
1998-07-02,0.0023752236610179,0.00712567098305371
1998-07-06,0.00508656588016072,0.0152596976404822
1998-07-07,-0.00196705230205064,-0.00590115690615192
1998-07-08,0.000733798904097808,0.00220139671229342
1998-07-09,-0.000949616832382563,-0.00284885049714769
1998-07-10,-0.000723678979242139,-0.00217103693772642
1998-07-13,-0.00165369762917166,-0.00496109288751497
1998-07-14,0.00167578990809944,0.00502736972429832
1998-07-15,0.00115495721321885,0.00346487163965655
1998-07-16,0.000188217066952889,0.000564651200858666
1998-07-17,0.00144684211900171,0.00434052635700513
1998-07-20,0.00349120004953736,0.0104736001486121
1998-07-21,-0.00208949341343187,-0.0062684802402956
1998-07-22,-0.00429857100742825,-0.0128957130222847
1998-07-23,-0.00347526763312972,-0.0104258028993891
1998-07-24,-0.00190637377639778,-0.00571912132919333
1998-07-27,-0.0034439931581023,-0.0103319794743069
1998-07-28,-0.0052810567842382,-0.0158431703527146
1998-07-29,-0.00315296116256052,-0.00945888348768155
1998-07-30,0.0077565890892512,0.0232697672677536
1998-07-31,-0.00577906627740986,-0.0173371988322296
1998-08-03,0.00352467426718655,0.0105740228015597
1998-08-04,-0.00506576066292347,-0.0151972819887704
1998-08-05,-0.00195978578850612,-0.00587935736551836
1998-08-06,-0.00134126864492363,-0.00402380593477089
1998-08-07,0.00548543587811522,0.0164563076343457
1998-08-10,-0.00333019353086372,-0.00999058059259117
1998-08-11,-0.00638875318207034,-0.019166259546211
1998-08-12,0.00479737721784352,0.0143921316535306
1998-08-13,-0.0063816173386266,-0.0191448520158798
1998-08-14,0.0037013979424026,0.0111041938272078
1998-08-17,0.00144949432455259,0.00434848297365777
1998-08-18,0.0066770677193265,0.0200312031579795
1998-08-19,-0.00018434182224194,-0.00055302546672582
1998-08-20,0.000490063134624317,0.00147018940387295
1998-08-21,-0.0049237147027136,-0.0147711441081408
1998-08-24,0.00046979109583089,0.00140937328749267
1998-08-25,0.00645300368054248,0.0193590110416274
1998-08-26,-0.00571910181948403,-0.0171573054584521
1998-08-27,-0.0091510432496181,-0.0274531297488543
1998-08-28,-0.00104218294169114,-0.00312654882507342
1998-08-31,-0.00495996142046791,-0.0148798842614037
1998-09-01,1.11842735867967e-11,3.35528207603902e-11
1998-09-02,-6.54766986804377e-11,-1.96430096041313e-10
1998-09-03,1.76267779777521e-10,5.28803339332563e-10
1998-09-04,6.90919564635581e-11,2.07275869390674e-10
1998-09-08,-9.65332533674309e-11,-2.89599760102293e-10
1998-09-09,2.84123573688541e-10,8.52370721065622e-10
1998-09-10,5.07906017147836e-10,1.52371805144351e-09
1998-09-11,-2.22114405393526e-10,-6.66343216180578e-10
1998-09-14,-1.19745144454469e-10,-3.59235433363407e-10
1998-09-15,-6.65008716914305e-11,-1.99502615074292e-10
1998-09-16,9.64271666052764e-11,2.89281499815829e-10
1998-09-17,1.85950519417569e-10,5.57851558252707e-10
1998-09-18,1.57603293981641e-10,4.72809881944923e-10
1998-09-21,2.66910478490885e-11,8.00731435472654e-11
1998-09-22,-1.56723404573311e-10,-4.70170213719934e-10
1998-09-23,1.8690540760631e-10,5.60716222818929e-10
1998-09-24,9.17431936857304e-11,2.75229581057191e-10
1998-09-25,6.59263601927326e-11,1.97779080578198e-10
1998-09-28,-7.94131733308348e-11,-2.38239519992505e-10
1998-09-29,1.09153129346774e-10,3.27459388040322e-10
1998-09-30,4.22661722897763e-10,1.26798516869329e-09
1998-10-01,3.78683931069102e-10,1.13605179320731e-09
1998-10-02,5.94678238485564e-11,1.78403471545669e-10
1998-10-05,3.17692782632465e-10,9.53078347897394e-10
1998-10-06,-1.67637363204746e-10,-5.02912089614239e-10
1998-10-07,-2.73304584806634e-10,-8.19913754419901e-10
1998-10-08,-5.81974071810385e-10,-1.74592221543115e-09
1998-10-09,-5.15076539462019e-10,-1.54522961838606e-09
1998-10-12,9.99999965972614e-13,2.99999989791784e-12
1998-10-13,3.75631584422362e-11,1.12689475326709e-10
1998-10-14,3.90944021897503e-10,1.17283206569251e-09
1998-10-15,2.41969871892934e-10,7.25909615678802e-10
1998-10-16,3.09496732952004e-11,9.28490198856010e-11
1998-10-19,-3.47823082501601e-11,-1.0434692475048e-10
1998-10-20,-1.96339859243843e-10,-5.89019577731529e-10
1998-10-21,-4.7097280650254e-11,-1.41291841950762e-10
1998-10-22,-1.25545082886255e-10,-3.76635248658765e-10
1998-10-23,-1.19920626555949e-10,-3.59761879667847e-10
1998-10-26,1.22708531313439e-10,3.68125593940317e-10
1998-10-27,2.24680281310392e-10,6.74040843931176e-10
1998-10-28,1.31491083564572e-11,3.94473250693717e-11
1998-10-29,8.50460018465834e-11,2.5513800553975e-10
1998-10-30,-1.96578244097697e-10,-5.89734732293091e-10
1998-11-02,-1.34845563232319e-10,-4.04536689696956e-10
1998-11-03,1.20439273963965e-11,3.61317821891895e-11
1998-11-04,-2.38307075417197e-10,-7.1492122625159e-10
1998-11-05,2.90967048590375e-11,8.72901145771124e-11
1998-11-06,-2.17765915045285e-10,-6.53297745135855e-10
1998-11-09,2.26311280028166e-10,6.78933840084498e-10
1998-11-10,8.52033254345665e-11,2.55609976303699e-10
1998-11-11,9.99999968779708e-13,2.99999990633912e-12
1998-11-12,8.49768228971209e-11,2.54930468691363e-10
1998-11-13,-4.38100111957321e-11,-1.31430033587196e-10
1998-11-16,-3.79915262005177e-11,-1.13974578601553e-10
1998-11-17,-4.90997628447021e-11,-1.47299288534106e-10
1998-11-18,8.44536158157819e-11,2.53360847447346e-10
1998-11-19,-2.69628760846777e-11,-8.08886282540332e-11
1998-11-20,5.6975891096519e-11,1.70927673289557e-10
1998-11-23,-9.30253392257381e-11,-2.79076017677214e-10
1998-11-24,1.73113690651021e-11,5.19341071953063e-11
1998-11-25,6.21687945163003e-11,1.86506383548901e-10
1998-11-27,6.19968552113742e-11,1.85990565634123e-10
1998-11-30,1.95373299234019e-10,5.86119897702056e-10
1998-12-01,0.00774913606039399,0.023247408181182
1998-12-02,0.00209518312236698,0.00628554936710093
1998-12-03,-0.00389137854308172,-0.0116741356292452
1998-12-04,0.00215284804225982,0.00645854412677947
1998-12-07,0.000124395723152883,0.000373187169458648
1998-12-08,0.00268035191916206,0.00804105575748619
1998-12-09,0.00345673527269954,0.0103702058180986
1998-12-10,-0.00370479500950935,-0.011114385028528
1998-12-11,-0.00443161013546033,-0.013294830406381
1998-12-14,-0.00316035989782542,-0.00948107969347625
1998-12-15,0.00102196673004508,0.00306590019013524
1998-12-16,0.00190365141815512,0.00571095425446535
1998-12-17,0.00416367562611092,0.0124910268783328
1998-12-18,0.00129615035967736,0.00388845107903209
1998-12-21,-0.000406109385309941,-0.00121832815592982
1998-12-22,-0.00364829515019876,-0.0109448854505963
1998-12-23,4.70189055421051e-05,0.000141056716626315
1998-12-24,-0.00243791986743193,-0.00731375960229578
1998-12-28,0.00455057560705856,0.0136517268211757
1998-12-29,0.00579725928759256,0.0173917778627777
1998-12-30,0.00109938679728158,0.00329816039184474
1998-12-31,0.000774010551878588,0.00232203165563576
1999-01-04,0.00177581526909711,0.00532744580729132
1999-01-05,8.17528344715598e-05,0.000245258503414679
1999-01-06,0.00762160050528644,0.0228648015158593
1999-01-07,-0.00297462617940468,-0.00892387853821404
1999-01-08,-0.00432863535275689,-0.0129859060582707
1999-01-11,-0.00311795985248038,-0.00935387955744115
1999-01-12,-0.000889541314219241,-0.00266862394265772
1999-01-13,0.00224548919969832,0.00673646759909495
1999-01-14,0.00195113695570527,0.0058534108671158
1999-01-15,0.00172474549649486,0.00517423648948458
1999-01-19,0.000885395653237818,0.00265618695971345
1999-01-20,-0.00142587130697145,-0.00427761392091436
1999-01-21,-0.00105957575000391,-0.00317872725001173
1999-01-22,0.0023898810329492,0.0071696430988476
1999-01-25,1.93615221324907e-05,5.80845663974722e-05
1999-01-26,0.00254278086247037,0.00762834258741112
1999-01-27,-0.00101866709801169,-0.00305600129403508
1999-01-28,0.00475659962028915,0.0142697988608675
1999-01-29,0.00394535360842229,0.0118360608252669
1999-02-01,-0.00293229952635955,-0.00879689857907866
1999-02-02,-0.00492331227550088,-0.0147699368265026
1999-02-03,9.99468012053517e-05,0.000299840403616055
1999-02-04,-0.0079585721683,-0.0238757165049
1999-02-05,-0.00400640738108344,-0.0120192221432503
1999-02-08,0.000995988425848154,0.00298796527754446
1999-02-09,-0.00259579078399669,-0.00778737235199008
1999-02-10,-0.000141837566813998,-0.000425512700441995
1999-02-11,0.00521019506879022,0.0156305852063706
1999-02-12,-0.0132059244258891,-0.0396177732776674
1999-02-16,0.00405939759121262,0.0121781927736379
1999-02-17,-0.000771668840543334,-0.00231500652163
1999-02-18,-0.000760777339831771,-0.00228233201949531
1999-02-19,-0.000598929385575629,-0.00179678815672689
1999-02-22,0.00768007207001936,0.0230402162100581
1999-02-23,-0.00358325491367093,-0.0107497647410128
1999-02-24,-0.0074697194935957,-0.0224091584807871
1999-02-25,-0.00748018513740549,-0.0224405554122165
1999-02-26,0.00127278088624842,0.00381834265874526
1999-03-01,-0.00600996846052586,-0.0180299053815776
1999-03-02,-0.00291935935445279,-0.00875807806335836
1999-03-03,-0.0012802860267351,-0.00384085808020531
1999-03-04,0.00724580763918923,0.0217374229175677
1999-03-05,0.0212268392211923,0.063680517663577
1999-03-08,0.00545078777892016,0.0163523633367605
1999-03-09,0.00445102181761482,0.0133530654528445
1999-03-10,0.00738009704078262,0.0221402911223479
1999-03-11,0.00901638927610271,0.0270491678283081
1999-03-12,-0.000420616314335902,-0.00126184894300771
1999-03-15,0.00604693364181199,0.018140800925436
1999-03-16,0.00130147418817479,0.00390442256452438
1999-03-17,-0.000643144218659819,-0.00192943265597946
1999-03-18,0.00295905490454963,0.00887716471364888
1999-03-19,2.80467925421256e-05,8.41403776263767e-05
1999-03-22,-0.0056143656867558,-0.0168430970602674
1999-03-23,-0.0195860989882047,-0.0587582969646142
1999-03-24,-0.00164559272027988,-0.00493677816083964
1999-03-25,0.0150648605334909,0.0451945816004728
1999-03-26,-0.00880481044628305,-0.0264144313388491
1999-03-29,0.0136326494359989,0.0408979483079966
1999-03-30,0.00128939140337429,0.00386817421012287
1999-03-31,0.00133593267023536,0.00400779801070609
1999-04-01,0.00200099832989714,0.00600299498969141
1999-04-05,0.00868629285319101,0.026058878559573
1999-04-06,0.00804096886614352,0.0241229065984306
1999-04-07,0.0098041945728283,0.0294125837184849
1999-04-08,0.00836813315779091,0.0251043994733727
1999-04-09,0.00231498310039363,0.00694494930118088
1999-04-12,0.00472873618693751,0.0141862085608125
1999-04-13,0.00312315111263356,0.00936945333790068
1999-04-14,-0.00211039423400091,-0.00633118270200272
1999-04-15,-0.0016748465815337,-0.0050245397446011
1999-04-16,0.00628846828852306,0.0188654048655692
1999-04-19,-0.000485841078136321,-0.00145752323440896
1999-04-20,-0.0100732964515066,-0.0302198893545197
1999-04-21,0.00592245825420821,0.0177673747626246
1999-04-22,0.0130708055864519,0.0392124167593558
1999-04-23,0.00215042509444252,0.00645127528332756
1999-04-26,0.00313893067444885,0.00941679202334655
1999-04-27,0.00966576339603653,0.0289972901881096
1999-04-28,-0.00159183132315195,-0.00477549396945584
1999-04-29,-0.00260516744601103,-0.0078155023380331
1999-04-30,0.00694408009025991,0.0208322402707797
1999-05-03,0.00967633361006666,0.0290290008302
1999-05-04,0.000416957145698104,0.00125087143709431
1999-05-05,0.00221531036648713,0.0066459310994614
1999-05-06,0.00514958644797012,0.0154487593439104
1999-05-07,0.000419323095918842,0.00125796928775653
1999-05-10,0.00299984703616096,0.00899954110848289
1999-05-11,0.000998844900688825,0.00299653470206647
1999-05-12,-0.00519810621614266,-0.015594318648428
1999-05-13,0.00457164499854868,0.013714934995646
1999-05-14,-0.0123494700121984,-0.0370484100365951
1999-05-17,-0.0121917308644187,-0.0365751925932561
1999-05-18,0.00483611384865051,0.0145083415459515
1999-05-19,0.00238238418398554,0.00714715255195661
1999-05-20,0.000227855314116513,0.000683565942349539
1999-05-21,-0.00833916205848169,-0.0250174861754451
1999-05-24,-0.0118068542107365,-0.0354205626322095
1999-05-25,-0.0149812682280222,-0.0449438046840667
1999-05-26,0.00340110659922113,0.0102033197976634
1999-05-27,-0.012202195598713,-0.0366065867961391
1999-05-28,0.00300537627146074,0.00901612881438223
1999-06-01,0.0018874520170695,0.0056623560512085
1999-06-02,-0.00086992800060481,-0.00260978400181443
1999-06-03,0.00305935401516891,0.00917806204550672
1999-06-04,0.00762877884006727,0.0228863365202018
1999-06-07,0.00583066320527561,0.0174919896158268
1999-06-08,-0.00325947333119067,-0.009778419993572
1999-06-09,-0.00034208936268427,-0.00102626808805281
1999-06-10,-0.00482313855996268,-0.014469415679888
1999-06-11,-0.0041712692145512,-0.0125138076436536
1999-06-14,-0.00391077541597165,-0.0117323262479149
1999-06-15,0.0065868735758578,0.0197606207275734
1999-06-16,0.0147644851845921,0.0442934555537763
1999-06-17,0.00577531531415682,0.0173259459424705
1999-06-18,0.0022681544511156,0.00680446335334679
1999-06-21,0.00587562946755849,0.0176268884026755
1999-06-22,-0.00481728592369935,-0.0144518577710981
1999-06-23,-0.00584928582025693,-0.0175478574607708
1999-06-24,-0.0100026684591416,-0.0300080053774247
1999-06-25,-0.00334422275378355,-0.0100326682613507
1999-06-28,0.00806375395481977,0.0241912618644593
1999-06-29,0.00500832543611619,0.0150249763083486
1999-06-30,0.00688842818443929,0.0206652845533179
1999-07-01,0.00404988009227805,0.0121496402768342
1999-07-02,0.0060546719973106,0.0181640159919318
1999-07-06,-0.000536668629852935,-0.00161000588955881
1999-07-07,-0.00540150875199501,-0.016204526255985
1999-07-08,-0.00585966813511721,-0.0175790044053516
1999-07-09,0.00346148521604015,0.0103844556481205
1999-07-12,-0.001847056804452,-0.005541170413356
1999-07-13,-0.00259364514749551,-0.00778093544248654
1999-07-14,0.000171134165675428,0.000513402497026285
1999-07-15,0.00575960723924007,0.0172788217177202
1999-07-16,0.000911165982606876,0.00273349794782063
1999-07-19,-0.00107239441447334,-0.00321718324342002
1999-07-20,-0.00916484303447418,-0.0274945291034225
1999-07-21,-4.58020664127302e-05,-0.000137406199238191
1999-07-22,-0.00690983025582435,-0.020729490767473
1999-07-23,-0.00607837772871983,-0.0182351331861595
1999-07-26,-0.0111594365487289,-0.0334783096461867
1999-07-27,0.00299224794615533,0.00897674383846598
1999-07-28,0.00184509147304636,0.00553527441913909
1999-07-29,-0.00922247776988906,-0.0276674333096672
1999-07-30,0.00339785649433959,0.0101935694830188
1999-08-02,-0.00589126669150977,-0.0176738000745293
1999-08-03,-0.00105325068477095,-0.00315975205431284
1999-08-04,-0.00713790031873679,-0.0214137009562104
1999-08-05,-0.00350148046561121,-0.0105044413968336
1999-08-06,-0.00419697790828179,-0.0125909337248454
1999-08-09,-0.0032241654067612,-0.00967249622028359
1999-08-10,-0.00765471892597992,-0.0229641567779398
1999-08-11,0.00340697240442186,0.0102209172132656
1999-08-12,0.00508410849307233,0.015252325479217
1999-08-13,0.00819619012407164,0.0245885703722149
1999-08-16,0.00218160807311683,0.00654482421935048
1999-08-17,0.000996845831586301,0.0029905374947589
1999-08-18,0.000386064582541318,0.00115819374762396
1999-08-19,-0.00101669045629967,-0.00305007136889901
1999-08-20,0.00479696622179197,0.0143908986653759
1999-08-23,0.00888527314417246,0.0266558194325174
1999-08-24,-0.00244630641976003,-0.0073389192592801
1999-08-25,0.00393709151498331,0.0118112745449499
1999-08-26,-0.00506725311702783,-0.0152017593510835
1999-08-27,-0.00451778957914212,-0.0135533687374264
1999-08-30,-0.00669862420784161,-0.0200958726235248
1999-08-31,0.00529007576444246,0.0158702272933274
1999-09-01,0.0022953862814837,0.00688615884445111
1999-09-02,-0.00573298310634244,-0.0171989493190273
1999-09-03,0.00948567284753069,0.0284570185425921
1999-09-07,0.000550084317154198,0.00165025295146259
1999-09-08,-0.00525086284886037,-0.0157525885465811
1999-09-09,0.00180204152893787,0.00540612458681362
1999-09-10,0.00312286957542231,0.00936860872626693
1999-09-13,0.000220349310826185,0.000661047932478554
1999-09-14,-0.00417860216934714,-0.0125358065080414
1999-09-15,-0.00748494015863596,-0.0224548204759079
1999-09-16,-0.00343394097745731,-0.0103018229323719
1999-09-17,0.00365885652289573,0.0109765695686872
1999-09-20,-0.000377657160516947,-0.00113297148155084
1999-09-21,-0.0119805337079848,-0.0359416011239544
1999-09-22,-0.00239551090564626,-0.00718653271693877
1999-09-23,-0.0106074465131637,-0.0318223395394912
1999-09-24,-0.00557527146804562,-0.0167258144041369
1999-09-27,-0.000314429827725076,-0.000943289483175227
1999-09-28,0.00354739559967056,0.0106421867990117
1999-09-29,-0.00186190721941582,-0.00558572165824747
1999-09-30,0.00732205259140051,0.0219661577742015
1999-10-01,0.00539698806458762,0.0161909641937629
1999-10-04,0.0181950965003105,0.0545852895009315
1999-10-05,0.00696048924387934,0.020881467731638
1999-10-06,0.00206619234240479,0.00619857702721437
1999-10-07,0.00460752263539215,0.0138225679061764
1999-10-08,-0.000196907076252745,-0.000590721228758235
1999-10-11,0.00192264690690939,0.00576794072072818
1999-10-12,-0.00406117345831325,-0.0121835203749398
1999-10-13,-0.0109041800966712,-0.0327125402900137
1999-10-14,-0.00953961229683235,-0.0286188368904971
1999-10-15,-0.0152752849765328,-0.0458258549295984
1999-10-18,-0.015386823696746,-0.046160471090238
1999-10-19,-0.000660696489531131,-0.00198208946859339
1999-10-20,0.0138707831607539,0.0416123494822617
1999-10-21,0.00138437289558717,0.00415311868676151
1999-10-22,0.00741787009532869,0.0222536102859861
1999-10-25,-0.00104790823124254,-0.00314372469372761
1999-10-26,-0.00854824510052816,-0.0256447353015845
1999-10-27,-0.00536436423125542,-0.0160930926937663
1999-10-28,0.0146928980684891,0.0440786942054673
1999-10-29,0.0141350151449807,0.0424050454349422
1999-11-01,-0.0060756064428523,-0.0182268193285569
1999-11-02,-0.000737628490581011,-0.00221288547174303
1999-11-03,0.00450472458448229,0.0135141737534469
1999-11-04,0.000424695671005336,0.00127408701301601
1999-11-05,0.00404349363415076,0.0121304809024523
1999-11-08,0.00131579166619607,0.00394737499858822
1999-11-09,0.00315714477370931,0.00947143432112793
1999-11-10,0.0114925272592422,0.0344775817777267
1999-11-11,0.00539633338622964,0.0161890001586889
1999-11-12,-0.00335546418757377,-0.0100663925627213
1999-11-15,0.00465208882564483,0.0139562664769345
1999-11-16,0.00883407544881925,0.0265022263464578
1999-11-17,-0.000797955381767042,-0.00239386614530113
1999-11-18,0.00443075777588113,0.0132922733276434
1999-11-19,-0.00438253470621769,-0.0131476041186531
1999-11-22,-0.0047554071688967,-0.0142662215066901
1999-11-23,0.00266028494453683,0.00798085483361049
1999-11-24,0.00331348885382335,0.00994046656147005
1999-11-26,0.00896461484640228,0.0268938445392068
1999-11-29,-0.00974010834808032,-0.029220325044241
1999-11-30,-0.0118117965630064,-0.0354353896890193
1999-12-01,0.0047685376109585,0.0143056128328755
1999-12-02,0.00572394955438106,0.0171718486631432
1999-12-03,0.00527233985725331,0.0158170195717599
1999-12-06,-0.00374023291899378,-0.0112206987569813
1999-12-07,0.00312456026669133,0.009373680800074
1999-12-08,0.0014179469765966,0.0042538409297898
1999-12-09,0.00185624003052774,0.00556872009158323
1999-12-10,0.00790220575895536,0.0237066172768661
1999-12-13,0.00529386615066276,0.0158815984519883
1999-12-14,-0.0112722892534698,-0.0338168677604093
1999-12-15,-0.000434503360088727,-0.00130351008026618
1999-12-16,0.00506270496477324,0.0151881148943197
1999-12-17,0.0102112881317466,0.0306338643952398
1999-12-20,0.00470125552882089,0.0141037665864627
1999-12-21,0.00582503859057703,0.0174751157717311
1999-12-22,-0.000614795188126189,-0.00184438556437857
1999-12-23,0.00357457485382013,0.0107237245614604
1999-12-27,0.00651915919010479,0.0195574775703144
1999-12-28,0.00228288508636865,0.00684865525910595
1999-12-29,0.00991988507482894,0.0297596552244868
1999-12-30,0.00418267964170701,0.012548038925121
1999-12-31,0.00200410656889421,0.00601231970668263
2000-01-03,0.00537719167587659,0.0161315750276298
2000-01-04,-0.0220027791795337,-0.0660083375386011
2000-01-05,-0.0173646534245254,-0.0520939602735763
2000-01-06,-0.00775438280553026,-0.0232631484165908
2000-01-07,0.0169027796279897,0.050708338883969
2000-01-10,0.014204352359151,0.042613057077453
2000-01-11,-0.0035989910191357,-0.0107969730574071
2000-01-12,-0.00304210786927863,-0.00912632360783588
2000-01-13,0.00830179815966827,0.0249053944790048
2000-01-14,0.00741041744427464,0.0222312523328239
2000-01-18,0.0043165127294644,0.0129495381883932
2000-01-19,-0.00917645901852931,-0.0275293770555879
2000-01-20,-0.00544686303703856,-0.0163405891111157
2000-01-21,-0.0120118336724383,-0.0360355010173148
2000-01-24,-0.00457474154523608,-0.0137242246357082
2000-01-25,-0.0124974077546736,-0.0374922232640207
2000-01-26,0.000571151608844386,0.00171345482653316
2000-01-27,0.0064842137501873,0.0194526412505619
2000-01-28,-0.0196997896174794,-0.0590993688524382
2000-01-31,-0.011716943480827,-0.035150830442481
2000-02-01,0.0123546308432728,0.0370638925298184
2000-02-02,0.00742770209986176,0.0222831062995853
2000-02-03,0.0214086131218922,0.0642258393656766
2000-02-04,0.00229972390134637,0.00689917170403912
2000-02-07,0.00122099920987328,0.00366299762961985
2000-02-08,0.0169956871527234,0.0509870614581703
2000-02-09,-0.00399846353050224,-0.0119953905915067
2000-02-10,0.00146831662607072,0.00440494987821217
2000-02-11,-0.00770650622518843,-0.0231195186755653
2000-02-14,-0.00683665260990345,-0.0205099578297103
2000-02-15,-0.00466400019671587,-0.0139920005901476
2000-02-16,0.00285324312387878,0.00855972937163634
2000-02-17,0.00515184616464212,0.0154555384939264
2000-02-18,-0.0140103450296893,-0.0420310350890679
2000-02-22,-0.0040408235707371,-0.0121224707122113
2000-02-23,0.0123604918723675,0.0370814756171024
2000-02-24,0.000758624444821751,0.00227587333446525
2000-02-25,-0.00353970159228956,-0.0106191047768687
2000-02-28,-0.0111078257401056,-0.0333234772203169
2000-02-29,0.0108890811267624,0.0326672433802873
2000-03-01,0.0146823601986446,0.0440470805959339
2000-03-02,0.00875528478880053,0.0262658543664016
2000-03-03,0.0115825813603917,0.0347477440811751
2000-03-06,0.00124073419914917,0.00372220259744752
2000-03-07,-0.0105915858135387,-0.031774757440616
2000-03-08,0.000328411938070767,0.0009852358142123
2000-03-09,0.0162583865413979,0.0487751596241937
2000-03-10,-1.55425968695016e-05,-4.66277906085049e-05
2000-03-13,-0.0197098507818211,-0.0591295523454632
2000-03-14,-0.0115010616517053,-0.0345031849551159
2000-03-15,-0.00405202567859214,-0.0121560770357764
2000-03-16,0.0230571473481024,0.0691714420443071
2000-03-17,0.00567646785420303,0.0170294035626091
2000-03-20,-0.00452728388755122,-0.0135818516626537
2000-03-21,0.00883761487105458,0.0265128446131637
2000-03-22,0.00124210439475287,0.00372631318425862
2000-03-23,0.010127123248872,0.030381369746616
2000-03-24,0.0109096388879673,0.032728916663902
2000-03-27,0.000322834238654501,0.000968502715963504
2000-03-28,-0.00870347829616846,-0.0261104348885054
2000-03-29,-0.0129710565490877,-0.0389131696472632
2000-03-30,-0.0211028923609531,-0.0633086770828593
2000-03-31,0.00629950503308176,0.0188985150992453
2000-04-03,-0.0149361483658271,-0.0448084450974812
2000-04-04,-0.00492838870442783,-0.0147851661132835
2000-04-05,-0.00777891118660226,-0.0233367335598068
2000-04-06,0.0169623166565004,0.0508869499695013
2000-04-07,0.0132012055172584,0.0396036165517753
2000-04-10,-0.00709655919135332,-0.02128967757406
2000-04-11,-0.0141949930808027,-0.0425849792424081
2000-04-12,-0.0116317438591578,-0.0348952315774733
2000-04-13,-0.0135535703542941,-0.0406607110628822
2000-04-14,-0.038706496563991,-0.116119489691973
2000-04-17,-0.0154204313338156,-0.0462612940014468
2000-04-18,0.0230845760745048,0.0692537282235144
2000-04-19,-0.0015088463717161,-0.00452653911514829
2000-04-20,0.00391579949302347,0.0117473984790704
2000-04-24,-0.00479392464239319,-0.0143817739271796
2000-04-25,0.0176358574136886,0.0529075722410659
2000-04-26,-0.000900196783244569,-0.00270059034973371
2000-04-27,-0.0036081129009617,-0.0108243387028851
2000-04-28,0.0080802381024381,0.0242407143073143
2000-05-01,0.0118530870273639,0.0355592610820916
2000-05-02,0.0104175118778361,0.0312525356335083
2000-05-03,-0.0130050600587415,-0.0390151801762246
2000-05-04,-0.000352086918754531,-0.00105626075626359
2000-05-05,0.00289048458522025,0.00867145375566074
2000-05-08,-0.00613691346577771,-0.0184107403973331
2000-05-09,-0.000581638671897297,-0.00174491601569189
2000-05-10,-0.00980490112582658,-0.0294147033774797
2000-05-11,0.00832457333836364,0.0249737200150909
2000-05-12,0.00742402839527798,0.0222720851858339
2000-05-15,0.00337376408288613,0.0101212922486584
2000-05-16,0.00588549857154543,0.0176564957146363
2000-05-17,-0.0124536508074695,-0.0373609524224086
2000-05-18,-0.00206749351454044,-0.00620248054362131
2000-05-19,-0.0113617190773243,-0.0340851572319729
2000-05-22,-0.00390066762173842,-0.0117020028652153
2000-05-23,-0.00148036828172256,-0.00444110484516768
2000-05-24,-0.00285043057758516,-0.00855129173275548
2000-05-25,-0.00207635106770799,-0.00622905320312397
2000-05-26,0.00330080870975229,0.00990242612925687
2000-05-30,0.0138953897346777,0.041686169204033
2000-05-31,0.000675826675943525,0.00202748002783057
2000-06-01,0.00414335429841606,0.0124300628952482
2000-06-02,0.00573043297957648,0.0171912989387294
2000-06-05,6.9141363104194e-05,0.000207424089312582
2000-06-06,0.000313908645463454,0.000941725936390362
2000-06-07,0.00358569099283997,0.0107570729785199
2000-06-08,0.000918103517986327,0.00275431055395898
2000-06-09,0.000459110863477456,0.00137733259043237
2000-06-12,0.00248205653083624,0.00744616959250873
2000-06-13,0.00136910590794323,0.00410731772382968
2000-06-14,0.0071206280142239,0.0213618840426717
2000-06-15,-0.00175165265049258,-0.00525495795147774
2000-06-16,0.00144463417825805,0.00433390253477415
2000-06-19,-0.000765308312131233,-0.0022959249363937
2000-06-20,0.00242878975857202,0.00728636927571606
2000-06-21,-0.00312117883965671,-0.00936353651897014
2000-06-22,-0.00195097488729206,-0.00585292466187618
2000-06-23,-0.0025287035250178,-0.00758611057505341
2000-06-26,0.00292367587006023,0.00877102761018068
2000-06-27,0.00239818742278361,0.00719456226835083
2000-06-28,0.000670607370067711,0.00201182211020313
2000-06-29,0.00461645581707218,0.0138493674512166
2000-06-30,-0.0103184280644668,-0.0309552841934004
2000-07-03,0.0127663654346584,0.0382990963039752
2000-07-05,0.00361823959858631,0.0108547187957589
2000-07-06,0.000243558914465895,0.000730676743397684
2000-07-07,0.00291413131773865,0.00874239395321594
2000-07-10,-0.000427589454641995,-0.00128276836392598
2000-07-11,-0.00191421598919041,-0.00574264796757124
2000-07-12,-0.000428426349356812,-0.00128527904807043
2000-07-13,0.00348841373061597,0.0104652411918479
2000-07-14,-0.00468417537393367,-0.014052526121801
2000-07-17,-0.00255202917196353,-0.00765608751589059
2000-07-18,-0.000530345217908592,-0.00159103565372578
2000-07-19,-0.000952468009474324,-0.00285740402842297
2000-07-20,0.0106111193284298,0.0318333579852893
2000-07-21,0.00125492658049532,0.00376477974148596
2000-07-24,-0.000841369773485525,-0.00252410932045657
2000-07-25,0.00171417514918588,0.00514252544755764
2000-07-26,0.00385214777009559,0.0115564433102868
2000-07-27,0.0042029772996023,0.0126089318988069
2000-07-28,-0.00117975588419388,-0.00353926765258165
2000-07-31,0.000316678851593982,0.000950036554781947
2000-08-01,0.010353919675995,0.0310617590279849
2000-08-02,-9.2003662122399e-05,-0.000276010986367197
2000-08-03,0.000189099814456137,0.00056729944336841
2000-08-04,-0.000213137628743816,-0.000639412886231448
2000-08-07,-0.00424129520137382,-0.0127238856041215
2000-08-08,0.00216459915566528,0.00649379746699584
2000-08-09,0.00151706132173881,0.00455118396521644
2000-08-10,0.00205304055017229,0.00615912165051688
2000-08-11,-0.0020244880556892,-0.00607346416706761
2000-08-14,0.00122280488127578,0.00366841464382734
2000-08-15,-0.0023614765300282,-0.0070844295900846
2000-08-16,-0.000259658891351108,-0.000778976674053324
2000-08-17,0.000943483686840482,0.00283045106052144
2000-08-18,0.000439111080138346,0.00131733324041504
2000-08-21,-0.00113454149856245,-0.00340362449568734
2000-08-22,0.00055418397487116,0.00166255192461348
2000-08-23,-0.000734442332150206,-0.00220332699645062
2000-08-24,-0.000731557079360411,-0.00219467123808123
2000-08-25,0,0
2000-08-28,-0.00338489794016882,-0.0101546938205065
2000-08-29,-0.00374315666604999,-0.01122946999815
2000-08-30,0.00168516412440681,0.00505549237322043
2000-08-31,0.00661801344136893,0.0198540403241068
2000-09-01,0.00283226597408398,0.00849679792225196
2000-09-05,0.000178066669603094,0.000534200008809283
2000-09-06,-0.00134263276450004,-0.00402789829350013
2000-09-07,0.00117445848302879,0.00352337544908638
2000-09-08,0.00464912806303816,0.0139473841891145
2000-09-11,0.000459509976546628,0.00137852992963988
2000-09-12,0.000606319035321676,0.00181895710596503
2000-09-13,0.00126183025916308,0.00378549077748924
2000-09-14,-0.00352022337122727,-0.0105606701136818
2000-09-15,-0.00407506084922929,-0.0122251825476879
2000-09-18,-0.00611024968735523,-0.0183307490620657
2000-09-19,0.00379238109020602,0.0113771432706181
2000-09-20,-0.00291696631301322,-0.00875089893903965
2000-09-21,0.000458886904404525,0.00137666071321358
2000-09-22,0.00302582913482038,0.00907748740446113
2000-09-25,-0.00155317084945823,-0.00465951254837469
2000-09-26,0.00316820542774051,0.00950461628322152
2000-09-27,0.00115253411702389,0.00345760235107168
2000-09-28,0.00189477028104974,0.00568431084314921
2000-09-29,0.00399025279683204,0.0119707583904961
2000-10-02,-0.00597568137612357,-0.0179270441283707
2000-10-03,-0.00270113329200175,-0.00810339987600524
2000-10-04,-0.00257168594838318,-0.00771505784514954
2000-10-05,0.00285280756396872,0.00855842269190616
2000-10-06,0.00230037092123065,0.00690111276369195
2000-10-09,-0.000406933278684527,-0.00122079983605358
2000-10-10,0.000332493548697289,0.000997480646091868
2000-10-11,-0.000209254054179411,-0.000627762162538232
2000-10-12,-0.00112078128341101,-0.00336234385023304
2000-10-13,0.000624412771975906,0.00187323831592772
2000-10-16,0.000505184764657584,0.00151555429397275
2000-10-17,0.00279383421269806,0.00838150263809419
2000-10-18,-0.00145429225810345,-0.00436287677431035
2000-10-19,0.00220346167613592,0.00661038502840777
2000-10-20,0.00188873526976997,0.00566620580930992
2000-10-23,0.00181284292518567,0.005438528775557
2000-10-24,-0.00386560438474279,-0.0115968131542284
2000-10-25,-0.00477776497934746,-0.0143332949380424
2000-10-26,0.00175158434817361,0.00525475304452082
2000-10-27,0.00153617531489553,0.00460852594468658
2000-10-30,-0.000681621833574189,-0.00204486550072257
2000-10-31,0.00339090956460837,0.0101727286938251
2000-11-01,0.00119528608575475,0.00358585825726424
2000-11-02,0.000828642567344093,0.00248592770203228
2000-11-03,-0.00464960798967394,-0.0139488239690218
2000-11-06,-0.00236222823221027,-0.00708668469663082
2000-11-07,0,0
2000-11-08,-0.000897387853417901,-0.0026921635602537
2000-11-09,0.00101531389867206,0.00304594169601618
2000-11-10,-0.00257809601226234,-0.00773428803678701
2000-11-13,0.000359039437406618,0.00107711831221986
2000-11-14,0.00428865662999174,0.0128659698899752
2000-11-15,0.00295882985789741,0.00887648957369223
2000-11-16,0.000247865206111829,0.000743595618335488
2000-11-17,-0.00192937272836057,-0.00578811818508171
2000-11-20,-0.00142125976603737,-0.0042637792981121
2000-11-21,0.000293425284263097,0.00088027585278929
2000-11-22,0.0020752972223306,0.00622589166699179
2000-11-24,0.001390623983405,0.004171871950215
2000-11-27,-0.000508039335406062,-0.00152411800621818
2000-11-28,0.000788393486373839,0.00236518045912152
2000-11-29,0.001905802924129,0.00571740877238701
2000-11-30,0.00744416946315796,0.0223325083894739
2000-12-01,-0.00195985601310912,-0.00587956803932737
2000-12-04,0.00107247716904461,0.00321743150713382
2000-12-05,0.00856074022512541,0.0256822206753762
2000-12-06,0.00412193365616182,0.0123658009684855
2000-12-07,0.000254392640407824,0.000763177921223472
2000-12-08,0.000559698069517477,0.00167909420855243
2000-12-11,0.0012780917144004,0.00383427514320121
2000-12-12,0.000745651364032697,0.00223695409209809
2000-12-13,0.00370633926188683,0.0111190177856605
2000-12-14,0.00347348499054584,0.0104204549716375
2000-12-15,0.00251571258351202,0.00754713775053605
2000-12-18,0.00357816886756761,0.0107345066027028
2000-12-19,-0.000953794523740825,-0.00286138357122247
2000-12-20,0.00291966013395091,0.00875898040185274
2000-12-21,0.00184823306346022,0.00554469919038065
2000-12-22,0.0003021482247874,0.000906444674362199
2000-12-26,-0.000760053170009389,-0.00228015951002817
2000-12-27,0.00162392056248156,0.00487176168744467
2000-12-28,0.0019114602702565,0.0057343808107695
2000-12-29,9.02518265360004e-05,0.000270755479608001
2001-01-02,0.00716952738684518,0.0215085821605356
2001-01-03,-0.00453742695680071,-0.0136122808704021
2001-01-04,0.00488729653215268,0.014661889596458
2001-01-05,-0.000522707994342857,-0.00156812398302857
2001-01-08,0.000544714069139851,0.00163414220741955
2001-01-09,-0.002066961975716,-0.006200885927148
2001-01-10,-0.00409132492255935,-0.012273974767678
2001-01-11,-0.00261633178877947,-0.00784899536633842
2001-01-12,-0.00594357819011915,-0.0178307345703574
2001-01-16,0.00194638313568292,0.00583914940704875
2001-01-17,0.0037463210390797,0.0112389631172391
2001-01-18,0.00451237800748841,0.0135371340224652
2001-01-19,-0.00460483209374305,-0.0138144962812292
2001-01-22,-0.00193901981121165,-0.00581705943363494
2001-01-23,-0.00143078091290596,-0.00429234273871789
2001-01-24,-0.000531403765481631,-0.00159421129644489
2001-01-25,0.0026193695961016,0.00785810878830481
2001-01-26,-0.000593067421046725,-0.00177920226314017
2001-01-29,-0.00140474803610898,-0.00421424410832693
2001-01-30,0.00594426159854514,0.0178327847956354
2001-01-31,0.00711411478282497,0.0213423443484749
2001-02-01,0.00341436193280632,0.010243085798419
2001-02-02,-0.00461231613447162,-0.0138369484034149
2001-02-05,0.000280840641365002,0.000842521924095007
2001-02-06,-0.00315637748960076,-0.00946913246880227
2001-02-07,-0.00114960665417539,-0.00344881996252616
2001-02-08,-0.0017838449926778,-0.00535153497803339
2001-02-09,0.000641980457429744,0.00192594137228923
2001-02-12,-0.00358190738412601,-0.010745722152378
2001-02-13,-5.05387029888639e-05,-0.000151616108966592
2001-02-14,-0.00224531003712404,-0.00673593011137213
2001-02-15,-0.00199185223850928,-0.00597555671552784
2001-02-16,0.00413223542562662,0.0123967062768799
2001-02-20,-0.00280276248474984,-0.00840828745424952
2001-02-21,-0.00146900613678902,-0.00440701841036706
2001-02-22,-0.000233475309851783,-0.000700425929555349
2001-02-23,-0.000718384595882856,-0.00215515378764857
2001-02-26,0.00351412510732742,0.0105423753219823
2001-02-27,0.00759844477955703,0.0227953343386711
2001-02-28,0.00561343995818097,0.0168403198745429
2001-03-01,0.00650895203593901,0.019526856107817
2001-03-02,-0.000713189112076621,-0.00213956733622986
2001-03-05,0.000706612858640277,0.00211983857592083
2001-03-06,-0.00259210310850857,-0.00777630932552571
2001-03-07,0.00362071865942076,0.0108621559782623
2001-03-08,0.0013449129351685,0.00403473880550549
2001-03-09,-0.00168574167760665,-0.00505722503281996
2001-03-12,-0.00256565434153893,-0.00769696302461679
2001-03-13,-0.00110583526832554,-0.00331750580497662
2001-03-14,-0.000214398049247006,-0.000643194147741017
2001-03-15,0.00100634898136809,0.00301904694410428
2001-03-16,0.000214691806208548,0.000644075418625643
2001-03-19,-0.00169311088288043,-0.00507933264864129
2001-03-20,0.00552168054854871,0.0165650416456461
2001-03-21,-0.00608365260126695,-0.0182509578038008
2001-03-22,-0.00339830736949767,-0.010194922108493
2001-03-23,0.00237138447439372,0.00711415342318116
2001-03-26,0.000608973666941348,0.00182692100082404
2001-03-27,-0.00514268054540824,-0.0154280416362247
2001-03-28,-0.00566541925325796,-0.0169962577597739
2001-03-29,0.00298853999934631,0.00896561999803892
2001-03-30,0.00855737032455186,0.0256721109736556
2001-04-02,-0.000788110889078844,-0.00236433266723653
2001-04-03,-0.00300370651317485,-0.00901111953952456
2001-04-04,0.00207482767282692,0.00622448301848077
2001-04-05,-0.00155740975913485,-0.00467222927740455
2001-04-06,0.00367497944146128,0.0110249383243838
2001-04-09,5.41562330479928e-05,0.000162468699143978
2001-04-10,-0.00799819177767616,-0.0239945753330285
2001-04-11,-0.00676689028504459,-0.0203006708551338
2001-04-12,-0.00184647125456377,-0.00553941376369132
2001-04-16,-0.00542919608286659,-0.0162875882485998
2001-04-17,0.00667808611757,0.02003425835271
2001-04-18,0.00583608462041644,0.0175082538612493
2001-04-19,-0.00475442325559603,-0.0142632697667881
2001-04-20,-0.00214607474147427,-0.0064382242244228
2001-04-23,0.00371259529245407,0.0111377858773622
2001-04-24,-0.000866370817554745,-0.00259911245266423
2001-04-25,-0.000248876240471068,-0.000746628721413205
2001-04-26,0.0065053725912409,0.0195161177737227
2001-04-27,-0.00291372901101821,-0.00874118703305463
2001-04-30,0.00626260357135081,0.0187878107140524
2001-05-01,0.00276498689082214,0.00829496067246643
2001-05-02,-0.00212312592216149,-0.00636937776648448
2001-05-03,-0.000607683819990811,-0.00182305145997243
2001-05-04,0.000685922067377313,0.00205776620213194
2001-05-07,-0.00142142511239832,-0.00426427533719497
2001-05-08,4.80149439528445e-05,0.000144044831858533
2001-05-09,0.00851408308046231,0.0255422492413869
2001-05-10,-0.00238491704115342,-0.00715475112346027
2001-05-11,-0.008152708528742,-0.024458125586226
2001-05-14,0.00245203665740755,0.00735610997222264
2001-05-15,-0.00162975193739098,-0.00488925581217295
2001-05-16,0.00941817659451103,0.0282545297835331
2001-05-17,0.0055195256575375,0.0165585769726125
2001-05-18,0.00663227146276707,0.0198968143883012
2001-05-21,0.00259554479224784,0.00778663437674353
2001-05-22,-0.0022621205221186,-0.00678636156635579
2001-05-23,-0.000964315510176185,-0.00289294653052856
2001-05-24,-0.0050674547202018,-0.0152023641606054
2001-05-25,0.0013201075673258,0.00396032270197741
2001-05-29,-0.00338903138035514,-0.0101670941410654
2001-05-30,-0.00717366839768953,-0.0215210051930686
2001-05-31,0.00453140751098058,0.0135942225329417
2001-06-01,0.00509072939310588,0.0152721881793177
2001-06-04,0.00107947149580111,0.00323841448740332
2001-06-05,0.00439532460277785,0.0131859738083335
2001-06-06,0.000482515513977877,0.00144754654193363
2001-06-07,-0.000971219686840519,-0.00291365906052156
2001-06-08,0.0025791314566889,0.00773739437006669
2001-06-11,0.000788468727600746,0.00236540618280224
2001-06-12,0.00958882758451405,0.0287664827535422
2001-06-13,0.00157956940665625,0.00473870821996876
2001-06-14,0.0030028684283694,0.00900860528510819
2001-06-15,-0.0012349775789368,-0.0037049327368104
2001-06-18,-0.000722897026321021,-0.00216869107896306
2001-06-19,0.000934285243952335,0.00280285573185701
2001-06-20,-0.00220656351027579,-0.00661969053082738
2001-06-21,0.00196586995159377,0.0058976098547813
2001-06-22,0.0016168318390417,0.0048504955171251
2001-06-25,0.000201766912647332,0.000605300737941995
2001-06-26,0.00281217940899908,0.00843653822699724
2001-06-27,-0.00433114345594415,-0.0129934303678325
2001-06-28,-0.00304260602763186,-0.00912781808289557
2001-06-29,0.00234933058782965,0.00704799176348894
2001-07-02,0.00207108038304941,0.00621324114914823
2001-07-03,-0.000684639884452399,-0.0020539196533572
2001-07-05,-0.00556194442760184,-0.0166858332828055
2001-07-06,-0.00485396499804215,-0.0145618949941265
2001-07-09,-0.0115982938015893,-0.0347948814047679
2001-07-10,0.00595943942884207,0.0178783182865262
2001-07-11,-0.00386634498570157,-0.0115990349571047
2001-07-12,0.00359711700312493,0.0107913510093748
2001-07-13,0.00491169935939656,0.0147350980781897
2001-07-16,0.00012282925042676,0.00036848775128028
2001-07-17,-0.000380086832597223,-0.00114026049779167
2001-07-18,0.00865224269112071,0.0259567280733621
2001-07-19,0.000473145282313885,0.00141943584694165
2001-07-20,-0.00147948271608092,-0.00443844814824276
2001-07-23,-0.00441761835019971,-0.0132528550505991
2001-07-24,-0.00401739501365259,-0.0120521850409578
2001-07-25,-0.000601549035166536,-0.00180464710549961
2001-07-26,-0.00145205465189655,-0.00435616395568964
2001-07-27,0.00019101718499495,0.000573051554984851
2001-07-30,-0.000256450142196402,-0.000769350426589206
2001-07-31,-0.00988559887865615,-0.0296567966359685
2001-08-01,0.00126592728956474,0.00379778186869421
2001-08-02,0.000127953094227506,0.000383859282682519
2001-08-03,0.000606110544623454,0.00181833163387036
2001-08-06,0.00222093871195794,0.00666281613587382
2001-08-07,7.47057710864492e-06,2.24117313259348e-05
2001-08-08,0.00431434776107822,0.0129430432832347
2001-08-09,0.00247351000356636,0.00742053001069906
2001-08-10,0.00772278527775478,0.0231683558332644
2001-08-13,0.00276812523188362,0.00830437569565085
2001-08-14,-0.000109389713775328,-0.000328169141325983
2001-08-15,0.00232382900319164,0.00697148700957491
2001-08-16,-0.000282738979324801,-0.000848216937974404
2001-08-17,0.00636123752901021,0.0190837125870306
2001-08-20,-0.00150654758706097,-0.00451964276118291
2001-08-21,0.0030106115345135,0.00903183460354051
2001-08-22,-0.000961712095952374,-0.00288513628785712
2001-08-23,0.00156996753330772,0.00470990259992317
2001-08-24,-0.00424544306679847,-0.0127363292003954
2001-08-27,-0.00317208451064083,-0.00951625353192249
2001-08-28,0.00460925324772959,0.0138277597431888
2001-08-29,-0.000889185214445545,-0.00266755564333663
2001-08-30,-0.00318234999790379,-0.00954704999371137
2001-08-31,0.00136881671626205,0.00410645014878615
2001-09-04,-0.00915907619300237,-0.0274772285790071
2001-09-05,0.00311725381390337,0.00935176144171012
2001-09-06,-0.000653021794712399,-0.0019590653841372
2001-09-07,0.00164216009294168,0.00492648027882503
2001-09-10,-0.000147080528004448,-0.000441241584013345
2001-09-17,0.0063539209403939,0.0190617628211817
2001-09-18,0.000986043546546671,0.00295813063964001
2001-09-19,0.00063998509569765,0.00191995528709295
2001-09-20,-0.00772729389931184,-0.0231818816979355
2001-09-21,0.000271109976880987,0.00081332993064296
2001-09-24,-0.00415230520193061,-0.0124569156057918
2001-09-25,0.0033739770224442,0.0101219310673326
2001-09-26,0.010840549015197,0.032521647045591
2001-09-27,0.0036679589119184,0.0110038767357552
2001-09-28,0.0062276395268165,0.0186829185804495
2001-10-01,0.000630044087478613,0.00189013226243584
2001-10-02,0.000314774775100959,0.000944324325302876
2001-10-03,-0.00650384447385616,-0.0195115334215685
2001-10-04,0.0042424111154148,0.0127272333462444
2001-10-05,0.0013974219432375,0.00419226582971249
2001-10-08,-0.000426037163183068,-0.0012781114895492
2001-10-09,-0.00234424956495286,-0.00703274869485859
2001-10-10,-0.00318917988071495,-0.00956753964214486
2001-10-11,-0.00230404284387641,-0.00691212853162922
2001-10-12,0.00298840028951957,0.0089652008685587
2001-10-15,0.00234432834961113,0.00703298504883339
2001-10-16,0.000427799754013295,0.00128339926203988
2001-10-17,-0.000889522886536837,-0.00266856865961051
2001-10-18,-0.00263956091465736,-0.00791868274397209
2001-10-19,-0.0047647491724975,-0.0142942475174925
2001-10-22,-0.00828276099194931,-0.0248482829758479
2001-10-23,-0.0014452511020319,-0.00433575330609571
2001-10-24,0.00124166229144478,0.00372498687433435
2001-10-25,0.00440853940924466,0.013225618227734
2001-10-26,-0.000613868460944367,-0.0018416053828331
2001-10-29,0.00450360942079688,0.0135108282623906
2001-10-30,0.00520524883910902,0.0156157465173271
2001-10-31,0.00654700715489174,0.0196410214646752
2001-11-01,0.0038533368988551,0.0115600106965653
2001-11-02,-0.00653633778873573,-0.0196090133662072
2001-11-05,0.00376078506245991,0.0112823551873797
2001-11-06,0.00170721564525769,0.00512164693577308
2001-11-07,0.00585544281338253,0.0175663284401476
2001-11-08,-0.0090142998447952,-0.0270428995343856
2001-11-09,-0.00142308705586072,-0.00426926116758215
2001-11-12,0.00028645417518332,0.000859362525549959
2001-11-13,-0.00557155647644239,-0.0167146694293272
2001-11-14,-0.0081689628557473,-0.0245068885672419
2001-11-15,-0.0134661142759542,-0.0403983428278627
2001-11-16,-0.0123173753451509,-0.0369521260354526
2001-11-19,0.00373355396271596,0.0112006618881479
2001-11-20,-0.00548115563691101,-0.016443466910733
2001-11-21,-0.00623524975040096,-0.0187057492512029
2001-11-23,-0.00178988051635452,-0.00536964154906356
2001-11-26,0.000138794619422059,0.000416383858266176
2001-11-27,0.00268527890590396,0.00805583671771188
2001-11-28,0.00146821954120868,0.00440465862362603
2001-11-29,0.0079906878557222,0.0239720635671666
2001-11-30,0.0059718235162718,0.0179154705488154
2001-12-03,0.000703512713216701,0.0021105381396501
2001-12-04,0.00589711794056061,0.0176913538216818
2001-12-05,-0.007648050772599,-0.022944152317797
2001-12-06,-0.00362718926649875,-0.0108815677994963
2001-12-07,-0.00637267505706027,-0.0191180251711808
2001-12-10,-0.00141035397307009,-0.00423106191921026
2001-12-11,0.00339130159723561,0.0101739047917068
2001-12-12,0.00149876897257185,0.00449630691771554
2001-12-13,-0.00891464637815413,-0.0267439391344624
2001-12-14,-0.000438646624417411,-0.00131593987325223
2001-12-17,-0.00063269114886242,-0.00189807344658726
2001-12-18,0.0023150576392216,0.00694517291766481
2001-12-19,0.00585195528369672,0.0175558658510902
2001-12-20,-0.00320411241839827,-0.00961233725519482
2001-12-21,-1.81543801376417e-05,-5.4463140412925e-05
2001-12-24,0.000253913215511821,0.000761739646535464
2001-12-26,-0.0018005657658945,-0.00540169729768351
2001-12-27,0.00422359012445256,0.0126707703733577
2001-12-28,-0.00057987341834594,-0.00173962025503782
2001-12-31,0.0065205405307819,0.0195616215923457
2002-01-02,-0.00665597031517503,-0.0199679109455251
2002-01-03,0.00687117829777218,0.0206135348933165
2002-01-04,0.00182542746278935,0.00547628238836805
2002-01-07,0.00978496694104378,0.0293549008231313
2002-01-08,-0.005220705838591,-0.015662117515773
2002-01-09,0.00996043220137745,0.0298812966041324
2002-01-10,0.0138888442785676,0.0416665328357028
2002-01-11,0.0031431791513334,0.00942953745400019
2002-01-14,0.00151399444671057,0.00454198334013171
2002-01-15,0.00555860823756821,0.0166758247127046
2002-01-16,0.00947586458526682,0.0284275937558005
2002-01-17,-0.00605016011869553,-0.0181504803560866
2002-01-18,-0.00307569511156386,-0.00922708533469157
2002-01-22,0.00180217503403618,0.00540652510210855
2002-01-23,-0.00691473503199235,-0.020744205095977
2002-01-24,-0.00253071410484167,-0.007592142314525
2002-01-25,0.00191336114461021,0.00574008343383062
2002-01-28,0.00214911975529692,0.00644735926589075
2002-01-29,0.0134086648981403,0.040225994694421
2002-01-30,0.00347956174075822,0.0104386852222747
2002-01-31,0.00539698135185084,0.0161909440555525
2002-02-01,0.0137946641448801,0.0413839924346402
2002-02-04,0.0179579757082678,0.0538739271248034
2002-02-05,0.0164374823150769,0.0493124469452308
2002-02-06,-0.00290204153396988,-0.00870612460190965
2002-02-07,0.00410909809274354,0.0123272942782306
2002-02-08,0.0111305378493559,0.0333916135480676
2002-02-11,-0.0100839572908752,-0.0302518718726257
2002-02-12,0.0052558987655999,0.0157676962967997
2002-02-13,0.0119847804309892,0.0359543412929676
2002-02-14,0.0217270019057298,0.0651810057171893
2002-02-15,0.0011020140074908,0.00330604202247239
2002-02-19,-0.0308029738583165,-0.0924089215749495
2002-02-20,-0.0165002076396785,-0.0495006229190355
2002-02-21,0.0102225938177359,0.0306677814532076
2002-02-22,0.00350099427116045,0.0105029828134814
2002-02-25,-0.00214101709348898,-0.00642305128046694
2002-02-26,0.0100486841081753,0.0301460523245258
2002-02-27,0.0189503752448835,0.0568511257346505
2002-02-28,-0.00117967083338192,-0.00353901250014575
2002-03-01,0.00721809084503534,0.021654272535106
2002-03-04,0.0178812073143547,0.0536436219430642
2002-03-05,-0.00899648558509041,-0.0269894567552712
2002-03-06,0.00812128476484879,0.0243638542945464
2002-03-07,-0.0230981204117458,-0.0692943612352375
2002-03-08,-0.0127716853745133,-0.0383150561235399
2002-03-11,0.0137621703304305,0.0412865109912915
2002-03-12,0.00815870492770084,0.0244761147831025
2002-03-13,-0.00503900922772195,-0.0151170276831659
2002-03-14,-0.00472822603701503,-0.0141846781110451
2002-03-15,-0.0067275345686489,-0.0201826037059467
2002-03-18,0.0171136008602541,0.0513408025807624
2002-03-19,0.00736884446658669,0.0221065333997601
2002-03-20,0.00688054227261771,0.0206416268178531
2002-03-21,0.00433346544400435,0.013000396332013
2002-03-22,0.0188480829080155,0.0565442487240465
2002-03-25,0.0115028568147618,0.0345085704442853
2002-03-26,-0.00528095264465773,-0.0158428579339732
2002-03-27,0.016589190167359,0.0497675705020771
2002-03-28,0.000667974938676352,0.00200392481602906
2002-04-01,0.00603118741053118,0.0180935622315936
2002-04-02,0.00546924175264244,0.0164077252579273
2002-04-03,-0.00469003735965515,-0.0140701120789655
2002-04-04,0.000107357734185679,0.000322073202557036
2002-04-05,0.00543070477108301,0.016292114313249
2002-04-08,0.0027358731162408,0.0082076193487224
2002-04-09,0.00062088203722874,0.00186264611168622
2002-04-10,0.0121741712682886,0.0365225138048657
2002-04-11,-0.000977115470348624,-0.00293134641104587
2002-04-12,0.00615370014045971,0.0184611004213791
2002-04-15,-0.000432952019217712,-0.00129885605765314
2002-04-16,-0.0069932241029873,-0.0209796723089619
2002-04-17,0.00399722441212669,0.0119916732363801
2002-04-18,-0.00119770026307997,-0.0035931007892399
2002-04-19,-0.00262492473329208,-0.00787477419987624
2002-04-22,-0.00418200387215509,-0.0125460116164653
2002-04-23,-0.009157893036162,-0.027473679108486
2002-04-24,0.00399058693795931,0.0119717608138779
2002-04-25,0.000859738435152415,0.00257921530545725
2002-04-26,0.000851163578535609,0.00255349073560683
2002-04-29,-0.00307458990335989,-0.00922376971007967
2002-04-30,0.00185351606735796,0.00556054820207388
2002-05-01,0.00943933264736659,0.0283179979420998
2002-05-02,0.00291790225634186,0.00875370676902557
2002-05-03,0.00540141413502481,0.0162042424050744
2002-05-06,-0.0065476454616974,-0.0196429363850922
2002-05-07,0.00117213399342014,0.00351640198026042
2002-05-08,0.00389541196502967,0.011686235895089
2002-05-09,-0.00710272135194175,-0.0213081640558252
2002-05-10,-0.000876881077780807,-0.00263064323334242
2002-05-13,0.00734812170770207,0.0220443651231062
2002-05-14,-0.00272423420624057,-0.0081727026187217
2002-05-15,0.00376585109958565,0.011297553298757
2002-05-16,0.00132041430292604,0.00396124290877812
2002-05-17,0.00859305916078201,0.025779177482346
2002-05-20,0.00172988330212061,0.00518964990636183
2002-05-21,0.000121670389912912,0.000365011169738737
2002-05-22,0.00527978451300048,0.0158393535390014
2002-05-23,0.0112366334460874,0.0337099003382622
2002-05-24,0.00527134613074995,0.0158140383922499
2002-05-28,0.00369134129188326,0.0110740238756498
2002-05-29,0.00235221306356876,0.00705663919070627
2002-05-30,-0.00669839271763852,-0.0200951781529156
2002-05-31,-0.0031081556429279,-0.0093244669287837
2002-06-03,0,0
2002-06-04,0,0
2002-06-05,0,0
2002-06-06,0,0
2002-06-07,0,0
2002-06-10,0,0
2002-06-11,0,0
2002-06-12,0,0
2002-06-13,0,0
2002-06-14,0,0
2002-06-17,0,0
2002-06-18,0,0
2002-06-19,0,0
2002-06-20,0,0
2002-06-21,0,0
2002-06-24,0,0
2002-06-25,0,0
2002-06-26,0,0
2002-06-27,0,0
2002-06-28,0,0
2002-07-01,-0.00190667687017379,-0.00572003061052136
2002-07-02,-0.0112701375647299,-0.0338104126941898
2002-07-03,-0.0129280341272457,-0.0387841023817371
2002-07-05,0.00268792111169971,0.00806376333509914
2002-07-08,-0.00121142585057378,-0.00363427755172135
2002-07-09,0.000468664335553003,0.00140599300665901
2002-07-10,-0.00695799055633766,-0.020873971669013
2002-07-11,-0.0194109609185898,-0.0582328827557693
2002-07-12,-0.00284425266581909,-0.00853275799745728
2002-07-15,-0.00515989556207171,-0.0154796866862151
2002-07-16,-0.00351262131485343,-0.0105378639445603
2002-07-17,-0.00512707202687841,-0.0153812160806352
2002-07-18,-0.019228594246951,-0.0576857827408529
2002-07-19,-0.0124605700658562,-0.0373817101975687
2002-07-22,-0.0187349266280604,-0.0562047798841812
2002-07-23,-0.0391429361889982,-0.117428808566995
2002-07-24,0.00301752960525306,0.00905258881575918
2002-07-25,0.0181964277660498,0.0545892832981494
2002-07-26,0.00890759649854066,0.026722789495622
2002-07-29,0.0483689742637476,0.145106922791243
2002-07-30,0.0112156600481628,0.0336469801444884
2002-07-31,0.00892152993364488,0.0267645898009346
2002-08-01,0.000538351506954068,0.0016150545208622
2002-08-02,0.00462945196334256,0.0138883558900277
2002-08-05,-0.00108327539276061,-0.00324982617828182
2002-08-06,-0.00536600803817038,-0.0160980241145111
2002-08-07,0.00801530187281153,0.0240459056184346
2002-08-08,-0.00269822737453123,-0.00809468212359368
2002-08-09,0.00527209574325094,0.0158162872297528
2002-08-12,0.00330417353112398,0.00991252059337195
2002-08-13,0.00370175642319983,0.0111052692695995
2002-08-14,-0.0029622216169398,-0.0088866648508194
2002-08-15,-0.000847661984905992,-0.00254298595471798
2002-08-16,-0.00240170606136895,-0.00720511818410686
2002-08-19,-0.00249578529659328,-0.00748735588977983
2002-08-20,0.00511143439687128,0.0153343031906138
2002-08-21,-0.000699559444829557,-0.00209867833448867
2002-08-22,-0.0023800942475329,-0.0071402827425987
2002-08-23,0.00292958442363738,0.00878875327091215
2002-08-26,0.00449801723022218,0.0134940516906665
2002-08-27,0.00107227934242842,0.00321683802728527
2002-08-28,0.00454640564443273,0.0136392169332982
2002-08-29,0.00572215161530192,0.0171664548459058
2002-08-30,0.00138010596383588,0.00414031789150764
2002-09-03,0.0131931932129072,0.0395795796387216
2002-09-04,-0.00138812195169279,-0.00416436585507836
2002-09-05,0.00716369396695599,0.021491081900868
2002-09-06,-0.00746453005254017,-0.0223935901576205
2002-09-09,0.0021536818626946,0.00646104558808381
2002-09-10,9.7073771920381e-05,0.000291221315761143
2002-09-11,-0.00395310576040688,-0.0118593172812207
2002-09-12,0.00951253443142221,0.0285376032942666
2002-09-13,0.00469517601528333,0.01408552804585
2002-09-16,0.00206191073853459,0.00618573221560378
2002-09-17,-0.000496108749309235,-0.00148832624792771
2002-09-18,0.000800093233410024,0.00240027970023007
2002-09-19,0.00692503056878824,0.0207750917063647
2002-09-20,-0.00266064838674554,-0.00798194516023663
2002-09-23,0.00511258262751771,0.0153377478825531
2002-09-24,0.005304017797602,0.015912053392806
2002-09-25,-0.0113122860681746,-0.0339368582045239
2002-09-26,-0.00438485595596526,-0.0131545678678958
2002-09-27,0.00663243196773636,0.0198972959032091
2002-09-30,0.00503426144284217,0.0151027843285265
2002-10-01,-0.0125797695410564,-0.0377393086231691
2002-10-02,0.00287110515527605,0.00861331546582814
2002-10-03,-0.00186989221778215,-0.00560967665334646
2002-10-04,0.00248290606712327,0.0074487182013698
2002-10-07,-0.000920819376901601,-0.0027624581307048
2002-10-08,-0.00627681235613044,-0.0188304370683913
2002-10-09,0.00393566410495845,0.0118069923148753
2002-10-10,-0.00740873530686092,-0.0222262059205828
2002-10-11,-0.0058121870993262,-0.0174365612979786
2002-10-14,0.000835500295265927,0.00250650088579778
2002-10-15,-0.0206138898344485,-0.0618416695033456
2002-10-16,0.00128175470118448,0.00384526410355344
2002-10-17,-0.00885080925891329,-0.0265524277767399
2002-10-18,0.000894225325291788,0.00268267597587537
2002-10-21,-0.00874486853232626,-0.0262346055969788
2002-10-22,0.0042254273453291,0.0126762820359873
2002-10-23,-0.00152463444282384,-0.00457390332847153
2002-10-24,0.00437374275156852,0.0131212282547056
2002-10-25,0.00471204691069849,0.0141361407320955
2002-10-28,0.00543659087412383,0.0163097726223715
2002-10-29,0.0092357388947781,0.0277072166843343
2002-10-30,0.000761147023197238,0.00228344106959171
2002-10-31,0.00174964423985726,0.00524893271957178
2002-11-01,-1.63874444615166e-10,-4.91623333845498e-10
2002-11-04,-1.14782908206186e-10,-3.44348724618558e-10
2002-11-05,-9.8952754157214e-11,-2.96858262471642e-10
2002-11-06,1.13744786958599e-10,3.41234360875797e-10
2002-11-07,5.01524926007785e-10,1.50457477802336e-09
2002-11-08,1.50763314897968e-10,4.52289944693904e-10
2002-11-11,1.18435740351676e-10,3.55307221055027e-10
2002-11-12,-1.3104395548053e-10,-3.9313186644159e-10
2002-11-13,5.02926560736503e-11,1.50877968220951e-10
2002-11-14,-4.99593172345008e-10,-1.49877951703502e-09
2002-11-15,6.61178299565021e-11,1.98353489869506e-10
2002-11-18,7.61834889586843e-11,2.28550466876053e-10
2002-11-19,6.34143667506310e-11,1.90243100251893e-10
2002-11-20,-2.27619389374728e-10,-6.82858168124184e-10
2002-11-21,-2.30847750063242e-10,-6.92543250189725e-10
2002-11-22,-3.30007101644765e-11,-9.90021304934295e-11
2002-11-25,-5.16423688001365e-11,-1.5492710640041e-10
2002-11-26,3.30989919502686e-10,9.92969758508059e-10
2002-11-27,-5.01927183478824e-10,-1.50578155043647e-09
2002-11-29,1.11004644076758e-10,3.33013932230273e-10
2002-12-02,4.51504304093425e-12,1.35451291228027e-11
2002-12-03,1.33581203428979e-11,4.00743610286938e-11
2002-12-04,1.1274599877708e-10,3.38237996331241e-10
2002-12-05,7.38815565760365e-11,2.2164466972811e-10
2002-12-06,8.7623623516776e-11,2.62870870550328e-10
2002-12-09,1.22440925499767e-10,3.673227764993e-10
2002-12-10,1.40860039077758e-11,4.22580117233273e-11
2002-12-11,1.25516449688986e-10,3.76549349066957e-10
2002-12-12,5.66619782938982e-12,1.69985934881694e-11
2002-12-13,-1.60490230119763e-10,-4.8147069035929e-10
2002-12-16,-1.4609543424726e-10,-4.38286302741779e-10
2002-12-17,4.13330241329489e-11,1.23999072398847e-10
2002-12-18,1.85384510933331e-10,5.56153532799992e-10
2002-12-19,1.79944239741378e-10,5.39832719224134e-10
2002-12-20,8.02548394077725e-12,2.40764518223318e-11
2002-12-23,-6.6062660309017e-12,-1.98187980927051e-11
2002-12-24,1.22017018587728e-10,3.66051055763183e-10
2002-12-26,4.65559165931516e-11,1.39667749779455e-10
2002-12-27,2.14606052610464e-10,6.43818157831391e-10
2002-12-30,5.66105470208464e-11,1.69831641062539e-10
2002-12-31,-2.92665238922372e-11,-8.77995716767115e-11
2003-01-02,-0.0154053455572379,-0.0462160366717138
2003-01-03,0.00626222602475026,0.0187866780742508
2003-01-06,-0.00276809421218224,-0.00830428263654672
2003-01-07,-0.00274152606862214,-0.00822457820586642
2003-01-08,0.00730455731572271,0.0219136719471681
2003-01-09,-0.01349812152057,-0.04049436456171
2003-01-10,0.00514829183434626,0.0154448755030388
2003-01-13,-0.000537493688180087,-0.00161248106454026
2003-01-14,-0.0032151374354642,-0.00964541230639259
2003-01-15,0.00217381057124926,0.00652143171374778
2003-01-16,0.00661184133347664,0.0198355240004299
2003-01-17,0.00108837568291917,0.0032651270487575
2003-01-21,0.00460596556235975,0.0138178966870792
2003-01-22,0.00739951484524369,0.0221985445357311
2003-01-23,0.000651676221780286,0.00195502866534086
2003-01-24,0.00591793216777425,0.0177537965033227
2003-01-27,-0.0046588835301529,-0.0139766505904587
2003-01-28,-0.0012928285013399,-0.0038784855040197
2003-01-29,-0.00327294320189409,-0.00981882960568227
2003-01-30,0.00171606494279028,0.00514819482837084
2003-01-31,-5.36082349439693e-05,-0.000160824704831908
2003-02-03,-0.000794485625794149,-0.00238345687738245
2003-02-04,0.0093956189918671,0.0281868569756013
2003-02-05,-0.00903497028590172,-0.0271049108577052
2003-02-06,0.00375110927294458,0.0112533278188338
2003-02-07,-0.000624587572092874,-0.00187376271627862
2003-02-10,-0.00813210125567416,-0.0243963037670225
2003-02-11,0.00317022180855032,0.00951066542565097
2003-02-12,-0.00141680887014524,-0.00425042661043571
2003-02-13,0.00766908840954125,0.0230072652286238
2003-02-14,-0.00780923980033306,-0.0234277194009992
2003-02-18,-0.00176893671433498,-0.00530681014300494
2003-02-19,0.00686660301319033,0.020599809039571
2003-02-20,0.0042464168765632,0.0127392506296896
2003-02-21,-0.00586969439842271,-0.0176090831952681
2003-02-24,0.00445623590588139,0.0133687077176442
2003-02-25,-0.000180241773261703,-0.000540725319785108
2003-02-26,0.00456631266736536,0.0136989380020961
2003-02-27,-0.00141131961924746,-0.00423395885774238
2003-02-28,0.00529052331262977,0.0158715699378893
2003-03-03,-0.000857388598612859,-0.00257216579583858
2003-03-04,0.00198129801069487,0.00594389403208462
2003-03-05,0.00238586285832986,0.00715758857498957
2003-03-06,-0.00303218152082011,-0.00909654456246034
2003-03-07,-0.000353915590195471,-0.00106174677058641
2003-03-10,0.000359970687962707,0.00107991206388812
2003-03-11,-0.00353858815072145,-0.0106157644521643
2003-03-12,-0.00111536039774158,-0.00334608119322475
2003-03-13,-0.0134635206593637,-0.0403905619780911
2003-03-14,0.00658116906087909,0.0197435071826373
2003-03-17,-0.00886514512049357,-0.0265954353614807
2003-03-18,-0.00398577391759387,-0.0119573217527816
2003-03-19,-0.00690287146966554,-0.0207086144089966
2003-03-20,-0.00241584121141281,-0.00724752363423842
2003-03-21,-0.0135075363347812,-0.0405226090043435
2003-03-24,0.0101729677042735,0.0305189031128205
2003-03-25,-0.000560666619402158,-0.00168199985820647
2003-03-26,0.00311227561646912,0.00933682684940736
2003-03-27,-0.000367045281918573,-0.00110113584575572
2003-03-28,0.00749343214627982,0.0224802964388395
2003-03-31,0.0101822531316772,0.0305467593950316
2003-04-01,0.00655315906620222,0.0196594771986067
2003-04-02,0.00678305426494116,0.0203491627948235
2003-04-03,-0.00646859680085731,-0.0194057904025719
2003-04-04,0.00144160356010469,0.00432481068031408
2003-04-07,-7.18893338199245e-06,-2.15668001459774e-05
2003-04-08,0.00141954080990827,0.00425862242972482
2003-04-09,0.00465276106574713,0.0139582831972414
2003-04-10,0.00167208332685004,0.00501624998055013
2003-04-11,-0.00311358882317131,-0.00934076646951392
2003-04-14,0.00872945143053642,0.0261883542916093
2003-04-15,0.00595135830279716,0.0178540749083915
2003-04-16,-0.0013061194541843,-0.00391835836255291
2003-04-17,0.0105372190440827,0.0316116571322482
2003-04-21,0.00819214031919803,0.0245764209575941
2003-04-22,0.0124605827028505,0.0373817481085515
2003-04-23,0.00261837945314866,0.00785513835944599
2003-04-24,-0.0113722560024616,-0.0341167680073848
2003-04-25,-0.0107022423155656,-0.0321067269466968
2003-04-28,0.00223014085055677,0.00669042255167031
2003-04-29,-0.00396460721687653,-0.0118938216506296
2003-04-30,0.00447422533304218,0.0134226759991266
2003-05-01,0.00589781610710022,0.0176934483213007
2003-05-02,0.000916750141685429,0.00275025042505629
2003-05-05,0.00816285395198939,0.0244885618559682
2003-05-06,0.00689062605110623,0.0206718781533187
2003-05-07,0.00143942263165593,0.00431826789496779
2003-05-08,0.00618405910779576,0.0185521773233873
2003-05-09,0.00342038855976233,0.010261165679287
2003-05-12,0.00602621545824791,0.0180786463747437
2003-05-13,0.000961727131000332,0.002885181393001
2003-05-14,0.00679129845105739,0.0203738953531722
2003-05-15,0.0025538517734592,0.0076615553203776
2003-05-16,0.00573278971596644,0.0171983691478993
2003-05-19,0.000650879821540353,0.00195263946462106
2003-05-20,0.0116852353410248,0.0350557060230744
2003-05-21,0.00278022537463271,0.00834067612389814
2003-05-22,0.00522897240169402,0.0156869172050821
2003-05-23,0.00307447180667605,0.00922341542002814
2003-05-27,-0.0106337708980986,-0.0319013126942957
2003-05-28,-0.00813490041221138,-0.0244047012366342
2003-05-29,-0.00372436636129004,-0.0111730990838701
2003-05-30,0.00618402913142513,0.0185520873942754
2003-06-02,0.000243851452003444,0.000731554356010331
2003-06-03,0.00384016008938593,0.0115204802681578
2003-06-04,0.0056019564923561,0.0168058694770683
2003-06-05,0.00240699451450526,0.00722098354351578
2003-06-06,0.00433651192899099,0.013009535786973
2003-06-09,-0.00109972629413602,-0.00329917888240806
2003-06-10,0.00615255937962455,0.0184576781388737
2003-06-11,0.00453263360961298,0.0135979008288389
2003-06-12,-0.000699034836731835,-0.0020971045101955
2003-06-13,0.00164446690158156,0.00493340070474469
2003-06-16,-0.00057497583265336,-0.00172492749796008
2003-06-17,-0.00170182772138389,-0.00510548316415166
2003-06-18,-0.0113129496500484,-0.0339388489501453
2003-06-19,0.000581680688630841,0.00174504206589252
2003-06-20,-0.00460607847200947,-0.0138182354160284
2003-06-23,-0.00443499404628337,-0.0133049821388501
2003-06-24,0.00193730867056214,0.00581192601168641
2003-06-25,-0.0041428420907224,-0.0124285262721672
2003-06-26,-0.00445304918179956,-0.0133591475453987
2003-06-27,0.000847510987960729,0.00254253296388219
2003-06-30,0.00176235627156128,0.00528706881468384
2003-07-01,0.00459986838228302,0.0137996051468491
2003-07-02,0.0115569670731996,0.0346709012195987
2003-07-03,-0.00352632843422598,-0.0105789853026779
2003-07-07,0.00678925838590337,0.0203677751577101
2003-07-08,0.00131578738945915,0.00394736216837744
2003-07-09,-0.00107527435898836,-0.00322582307696507
2003-07-10,-0.00935266496072419,-0.0280579948821726
2003-07-11,0.00686761957871665,0.02060285873615
2003-07-14,0.00229398150596873,0.00688194451790619
2003-07-15,-0.0138148962877763,-0.0414446888633289
2003-07-16,0.0030104701742791,0.00903141052283729
2003-07-17,-0.0122173068275681,-0.0366519204827043
2003-07-18,0.00473651992464412,0.0142095597739323
2003-07-21,-0.0142691446251238,-0.0428074338753713
2003-07-22,0.00637451126875378,0.0191235338062613
2003-07-23,-0.000276962626602432,-0.000830887879807295
2003-07-24,-0.000769372192366151,-0.00230811657709845
2003-07-25,0.00558690447300582,0.0167607134190174
2003-07-28,-0.00646488312058608,-0.0193946493617582
2003-07-29,-0.00460982583234737,-0.0138294774970421
2003-07-30,0.00609138941221611,0.0182741682366483
2003-07-31,-0.00429293661570669,-0.0128788098471201
2003-08-01,-0.0061935029136698,-0.0185805087410094
2003-08-04,-0.00223543421451823,-0.0067063026435547
2003-08-05,-0.00815358694931534,-0.024460760847946
2003-08-06,-0.000137721361512992,-0.000413164084538975
2003-08-07,0.00615355764819855,0.0184606729445956
2003-08-08,0.00199637403267809,0.00598912209803426
2003-08-11,0.00281954043646808,0.00845862130940423
2003-08-12,0.00427258711440886,0.0128177613432266
2003-08-13,0.000234588330522253,0.000703764991566758
2003-08-14,0.00880247457675007,0.0264074237302502
2003-08-15,-0.00419178009714499,-0.012575340291435
2003-08-18,0.0107985058311521,0.0323955174934562
2003-08-19,0.003088077909697,0.00926423372909099
2003-08-20,0.00176901919262534,0.00530705757787603
2003-08-21,0.00750746117803192,0.0225223835340958
2003-08-22,-0.00513844936271486,-0.0154153480881446
2003-08-25,-0.00659796753355435,-0.019793902600663
2003-08-26,0.00133707273327514,0.00401121819982543
2003-08-27,0.00687600175934342,0.0206280052780302
2003-08-28,0.0055872976441309,0.0167618929323927
2003-08-29,0.00466017847790924,0.0139805354337277
2003-09-02,0.0105583455643714,0.0316750366931142
2003-09-03,0.00854888921537708,0.0256466676461312
2003-09-04,0.00365555744042887,0.0109666723212866
2003-09-05,0.000625842343186205,0.00187752702955862
2003-09-08,0.0121832224680232,0.0365496674040695
2003-09-09,-0.00824023894848852,-0.0247207168454656
2003-09-10,-0.0120486898178473,-0.0361460694535418
2003-09-11,0.0026480011866004,0.00794400355980119
2003-09-12,0.0041695989265942,0.0125087967797826
2003-09-15,-0.00392712428148067,-0.011781372844442
2003-09-16,0.0107308462090392,0.0321925386271175
2003-09-17,0.00110423243057919,0.00331269729173757
2003-09-18,0.0107937428138847,0.0323812284416542
2003-09-19,-0.00275555195740707,-0.00826665587222121
2003-09-22,-0.0105961672530325,-0.0317885017590974
2003-09-23,0.00118897628266007,0.0035669288479802
2003-09-24,-0.00577977532567696,-0.0173393259770309
2003-09-25,-0.0079373084357901,-0.0238119253073703
2003-09-26,-0.0083771760630933,-0.0251315281892799
2003-09-29,0.00367027039287351,0.0110108111786205
2003-09-30,-0.00617812337103879,-0.0185343701131164
2003-10-01,0.0112153259979186,0.0336459779937558
2003-10-02,0.00778988899413736,0.0233696669824121
2003-10-03,-0.00166737772405777,-0.00500213317217332
2003-10-06,0.00729328869198946,0.0218798660759684
2003-10-07,0.00316418028121567,0.00949254084364702
2003-10-08,0.00199385295274414,0.00598155885823242
2003-10-09,0.0048388440038605,0.0145165320115815
2003-10-10,0.00450552799145392,0.0135165839743618
2003-10-13,0.00958538551259383,0.0287561565377815
2003-10-14,-0.00454982633573079,-0.0136494790071924
2003-10-15,0.000341640268206003,0.00102492080461801
2003-10-16,0.00492055437295729,0.0147616631188719
2003-10-17,-0.00932517058613428,-0.0279755117584028
2003-10-20,0.00174486104996743,0.0052345831499023
2003-10-21,0.0114382830228681,0.0343148490686044
2003-10-22,-0.00542623015492509,-0.0162786904647753
2003-10-23,-0.0110532304919699,-0.0331596914759098
2003-10-24,0.000261124427435789,0.000783373282307366
2003-10-27,0.00789496913672143,0.0236849074101643
2003-10-28,-0.00175002962899242,-0.00525008888697727
2003-10-29,0.0105822358964401,0.0317467076893204
2003-10-30,0.000946429582356236,0.00283928874706871
2003-10-31,-0.00657393664178536,-0.0197218099253561
2003-11-03,0.00165279417735494,0.00495838253206482
2003-11-04,0.00157924854452601,0.00473774563357804
2003-11-05,-0.00362268676308928,-0.0108680602892679
2003-11-06,-0.00558874585162575,-0.0167662375548773
2003-11-07,0.0109260861598706,0.0327782584796118
2003-11-10,-0.00624523630507545,-0.0187357089152263
2003-11-11,-0.00396592263913286,-0.0118977679173986
2003-11-12,0.0227261205832599,0.0681783617497798
2003-11-13,0.00593528579069235,0.017805857372077
2003-11-14,0.00597694135309811,0.0179308240592943
2003-11-17,-0.0173952812512089,-0.0521858437536268
2003-11-18,0.0157010692282198,0.0471032076846593
2003-11-19,-0.00343240981128373,-0.0102972294338512
2003-11-20,-0.00577577654323879,-0.0173273296297164
2003-11-21,0.00505034313178863,0.0151510293953659
2003-11-24,0.000708197602239118,0.00212459280671735
2003-11-25,0.00437460735780612,0.0131238220734184
2003-11-26,0.0130883299889803,0.0392649899669408
2003-11-28,0.00948065801775414,0.0284419740532624
2003-12-01,0.0199718082613836,0.0599154247841507
2003-12-02,-0.00103040802276587,-0.0030912240682976
2003-12-03,-0.00220309553266668,-0.00660928659800004
2003-12-04,-0.00946470777345723,-0.0283941233203717
2003-12-05,0.00227887451185753,0.00683662353557259
2003-12-08,0.00354771201666639,0.0106431360499992
2003-12-09,-0.00495927907844284,-0.0148778372353285
2003-12-10,-0.0112134724598581,-0.0336404173795744
2003-12-11,0.0113946331702624,0.0341838995107871
2003-12-12,0.00548475347112597,0.0164542604133779
2003-12-15,-0.000310244881286368,-0.000930734643859103
2003-12-16,-0.00243869667646127,-0.00731609002938382
2003-12-17,-0.000968588172367487,-0.00290576451710246
2003-12-18,0.0032384532277247,0.00971535968317409
2003-12-19,-0.00241226945152821,-0.00723680835458463
2003-12-22,0.0065177388666528,0.0195532165999584
2003-12-23,0.00106467070191193,0.0031940121057358
2003-12-24,0.00495688884099713,0.0148706665229914
2003-12-26,0.00339001148301928,0.0101700344490578
2003-12-29,0.0152615206417288,0.0457845619251863
2003-12-30,0.00505642568209553,0.0151692770462866
2003-12-31,0.000448171255026021,0.00134451376507806
2004-01-02,0.0131111574858517,0.0393334724575552
2004-01-05,0.0241301855572933,0.0723905566718798
2004-01-06,-0.00369019771968559,-0.0110705931590568
2004-01-07,-0.00793597697399289,-0.0238079309219787
2004-01-08,0.00837546456378594,0.0251263936913578
2004-01-09,0.00429317577840588,0.0128795273352176
2004-01-12,-0.00424126722750929,-0.0127238016825279
2004-01-13,-0.00425252892147671,-0.0127575867644301
2004-01-14,-0.00551608337903782,-0.0165482501371135
2004-01-15,-0.0169172681306862,-0.0507518043920587
2004-01-16,-0.000379134032177903,-0.00113740209653371
2004-01-20,0.0198402629738434,0.0595207889215303
2004-01-21,0.00412910368757147,0.0123873110627144
2004-01-22,-2.03754110595292e-05,-6.11262331785875e-05
2004-01-23,-0.00477822947102749,-0.0143346884130825
2004-01-26,-0.00595362623428117,-0.0178608787028435
2004-01-27,0.00460095726729221,0.0138028718018766
2004-01-28,-0.00555904941482882,-0.0166771482444865
2004-01-29,-0.0237306159214785,-0.0711918477644355
2004-01-30,0.00116875093305629,0.00350625279916887
2004-02-02,0.000185401697367387,0.000556205092102161
2004-02-03,0.0028908741537775,0.0086726224613325
2004-02-04,-0.00697018801308495,-0.0209105640392549
2004-02-05,0.00275021434502802,0.00825064303508406
2004-02-06,0.0219319754021255,0.0657959262063764
2004-02-09,0.0126299174884034,0.0378897524652102
2004-02-10,-0.000206675857070993,-0.000620027571212979
2004-02-11,0.0141485413619167,0.04244562408575
2004-02-12,-0.000411003451378623,-0.00123301035413587
2004-02-13,-0.00319480483334349,-0.00958441450003048
2004-02-17,0.0177256256869033,0.05317687706071
2004-02-18,-0.0139934920100282,-0.0419804760300847
2004-02-19,0.00200710012381898,0.00602130037145693
2004-02-20,-0.0157875455824356,-0.0473626367473068
2004-02-23,-0.00443969217558746,-0.0133190765267624
2004-02-24,0.00186379396114208,0.00559138188342623
2004-02-25,-0.00191705912432815,-0.00575117737298444
2004-02-26,-0.00142636458636494,-0.00427909375909483
2004-02-27,0.00478845584370877,0.0143653675311263
2004-03-01,0.0140916737940037,0.0422750213820111
2004-03-02,0.000534816959599544,0.00160445087879863
2004-03-03,-0.00317849712507925,-0.00953549137523774
2004-03-04,0.00552778779247784,0.0165833633774335
2004-03-05,0.00834140424288349,0.0250242127286505
2004-03-08,-0.00329616207623626,-0.00988848622870877
2004-03-09,-0.00228111296569695,-0.00684333889709085
2004-03-10,-0.0163515439972817,-0.0490546319918451
2004-03-11,-0.0177637941515475,-0.0532913824546426
2004-03-12,0.00614668547190067,0.018440056415702
2004-03-15,-0.0114192484204977,-0.0342577452614931
2004-03-16,0.00859807400644256,0.0257942220193277
2004-03-17,0.0125347949621956,0.0376043848865868
2004-03-18,0.00335290858301855,0.0100587257490557
2004-03-19,-0.00248623628542892,-0.00745870885628676
2004-03-22,-0.00915462590123203,-0.0274638777036961
2004-03-23,0.00299136084840693,0.0089740825452208
2004-03-24,-0.00589477464575796,-0.0176843239372739
2004-03-25,0.010186607020954,0.0305598210628621
2004-03-26,-0.006150186837697,-0.018450560513091
2004-03-29,0.00846319699460616,0.0253895909838185
2004-03-30,0.00890312167620916,0.0267093650286275
2004-03-31,0.00796087689570019,0.0238826306871006
2004-04-01,0.00903357646156615,0.0271007293846985
2004-04-02,-0.00381834211117198,-0.0114550263335159
2004-04-05,-0.0211989683897464,-0.0635969051692392
2004-04-06,-0.0179068941628677,-0.0537206824886031
2004-04-07,0.00942793135506989,0.0282837940652097
2004-04-08,-0.0109334876302955,-0.0328004628908864
2004-04-12,-0.0226308538312963,-0.067892561493889
2004-04-13,-0.0167593990102673,-0.0502781970308019
2004-04-14,-0.0172760061741114,-0.0518280185223343
2004-04-15,0.00851032150792914,0.0255309645237874
2004-04-16,0.0100596583102573,0.0301789749307718
2004-04-19,0.00179454014704186,0.00538362044112559
2004-04-20,-0.0289295510641633,-0.08678865319249
2004-04-21,-0.00852609898709051,-0.0255782969612715
2004-04-22,0.00739947039090858,0.0221984111727258
2004-04-23,-0.00232151055292909,-0.00696453165878726
2004-04-26,-0.00209278650525946,-0.00627835951577837
2004-04-27,0.00305257514429407,0.00915772543288221
2004-04-28,-0.0257192748922624,-0.0771578246767872
2004-04-29,-0.0168711757962477,-0.0506135273887432
2004-04-30,-0.00660596023151724,-0.0198178806945517
2004-05-03,0.00802213324558267,0.024066399736748
2004-05-04,0.010810957099987,0.032432871299961
2004-05-05,0.00523731925826366,0.015711957774791
2004-05-06,-0.01517358882112,-0.0455207664633599
2004-05-07,-0.0160391877858492,-0.0481175633575477
2004-05-10,-0.0288008705041731,-0.0864026115125192
2004-05-11,0.0134715565648002,0.0404146696944006
2004-05-12,0.000810516212542296,0.00243154863762689
2004-05-13,4.41097344837408e-05,0.000132329203451222
2004-05-14,-0.00854881994843857,-0.0256464598453157
2004-05-17,-0.0157129591394025,-0.0471388774182074
2004-05-18,0.0123597447300949,0.0370792341902848
2004-05-19,0.0148317777386458,0.0444953332159375
2004-05-20,-0.00662723424168482,-0.0198817027250545
2004-05-21,0.00807043303632427,0.0242112991089728
2004-05-24,0.0062002222911953,0.0186006668735859
2004-05-25,0.0147245067124024,0.0441735201372071
2004-05-26,0.00249803054108957,0.00749409162326871
2004-05-27,0.0126546618083215,0.0379639854249646
2004-05-28,-0.00288553788935525,-0.00865661366806575
2004-06-01,-0.00433390500922855,-0.0130017150276856
2004-06-02,0.00772734740584503,0.0231820422175351
2004-06-03,-0.00412594628459748,-0.0123778388537924
2004-06-04,0.00569362065358144,0.0170808619607443
2004-06-07,0.0120321848796081,0.0360965546388244
2004-06-08,-0.000114666524943951,-0.000343999574831852
2004-06-09,-0.00861443687612517,-0.0258433106283755
2004-06-10,-0.00020481979233926,-0.000614459377017781
2004-06-14,-0.013237264876777,-0.0397117946303309
2004-06-15,0.00989836395569083,0.0296950918670725
2004-06-16,0.00245724814535436,0.00737174443606309
2004-06-17,0.00229050916417804,0.00687152749253412
2004-06-18,0.00453275038762271,0.0135982511628681
2004-06-21,0.000156740471037394,0.000470221413112183
2004-06-22,-0.00238321732554113,-0.00714965197662338
2004-06-23,0.00664658828013862,0.0199397648404159
2004-06-24,0.00322277233305857,0.00966831699917572
2004-06-25,-0.00113710042507367,-0.00341130127522101
2004-06-28,0.0029731493316005,0.0089194479948015
2004-06-29,-0.00638086901529663,-0.0191426070458899
2004-06-30,0.00317171261913772,0.00951513785741315
2004-07-01,-0.00483398936628854,-0.0145019680988656
2004-07-02,0.00593079196133108,0.0177923758839932
2004-07-06,-0.0069366983030349,-0.0208100949091047
2004-07-07,0.00567785416815414,0.0170335625044624
2004-07-08,-0.00654767421981111,-0.0196430226594333
2004-07-09,0.00112078162942761,0.00336234488828282
2004-07-12,0.00244637315176241,0.00733911945528723
2004-07-13,-0.00450127243777126,-0.0135038173133138
2004-07-14,0.00154891795918286,0.00464675387754859
2004-07-15,-0.00224478600951786,-0.00673435802855359
2004-07-16,0.0010585275590528,0.00317558267715841
2004-07-19,0.000181215136376397,0.000543645409129192
2004-07-20,0.00255971371148134,0.00767914113444401
2004-07-21,-0.0100373422517611,-0.0301120267552833
2004-07-22,-0.00676564413042959,-0.0202969323912888
2004-07-23,-0.0105302935598382,-0.0315908806795146
2004-07-26,-0.0058725668379555,-0.0176177005138665
2004-07-27,0.00430409520492013,0.0129122856147604
2004-07-28,0.00438838031735893,0.0131651409520768
2004-07-29,0.00628016694354337,0.0188405008306301
2004-07-30,0.00295270629245701,0.00885811887737102
2004-08-02,2.16600192512654e-10,6.49800577537963e-10
2004-08-03,1.17599286350464e-10,3.52797859051393e-10
2004-08-04,1.11916462273049e-10,3.35749386819147e-10
2004-08-05,-1.26572197967294e-10,-3.79716593901883e-10
2004-08-06,3.71893327114117e-10,1.11567998134235e-09
2004-08-09,-7.55880557672222e-11,-2.26764167301667e-10
2004-08-10,-9.05880875404521e-11,-2.71764262621356e-10
2004-08-11,1.07344415165222e-10,3.22033245495667e-10
2004-08-12,-8.75112882722567e-11,-2.6253386481677e-10
2004-08-13,2.91861636118648e-11,8.75584908355943e-11
2004-08-16,1.52974785049721e-10,4.58924355149164e-10
2004-08-17,2.40284657789451e-10,7.20853973368352e-10
2004-08-18,7.65782891148887e-11,2.29734867344666e-10
2004-08-19,-1.08701285639427e-10,-3.26103856918282e-10
2004-08-20,3.1827682266904e-10,9.54830468007119e-10
2004-08-23,-8.37237048355613e-11,-2.51171114506684e-10
2004-08-24,1.57777373660395e-10,4.73332120981184e-10
2004-08-25,-4.84225433548472e-11,-1.45267630064542e-10
2004-08-26,1.67590516336949e-10,5.02771549010848e-10
2004-08-27,-2.7981323573708e-11,-8.39439707211241e-11
2004-08-30,1.72283312085969e-10,5.16849936257906e-10
2004-08-31,1.96599717743329e-10,5.89799153229986e-10
2004-09-01,-7.17906491171289e-11,-2.15371947351387e-10
2004-09-02,-8.42389785870929e-11,-2.52716935761279e-10
2004-09-03,9.61574346485336e-12,2.88472303945601e-11
2004-09-07,1.13569015299187e-10,3.40707045897562e-10
2004-09-08,2.01993042983184e-10,6.05979128949552e-10
2004-09-09,-3.0616933906612e-10,-9.18508017198359e-10
2004-09-10,9.29381325862818e-11,2.78814397758845e-10
2004-09-13,-3.49614749875596e-11,-1.04884424962679e-10
2004-09-14,-1.22069248015657e-10,-3.6620774404697e-10
2004-09-15,1.96642421785413e-11,5.89927265356238e-11
2004-09-16,3.95328500461057e-10,1.18598550138317e-09
2004-09-17,-1.21764748211763e-10,-3.6529424463529e-10
2004-09-20,8.01855700455936e-11,2.40556710136781e-10
2004-09-21,3.38041499612436e-11,1.01412449883731e-10
2004-09-22,8.54800501973450e-11,2.56440150592035e-10
2004-09-23,-1.96752302923472e-10,-5.90256908770415e-10
2004-09-24,2.39652953759362e-11,7.18958861278086e-11
2004-09-27,7.50364988437027e-11,2.25109496531108e-10
2004-09-28,3.24191545405428e-11,9.72574636216283e-11
2004-09-29,-1.92437060456678e-10,-5.77311181370033e-10
2004-09-30,5.75997413514054e-11,1.72799224054216e-10
2004-10-01,0.00143848666011429,0.00431545998034286
2004-10-04,0.00144244510976301,0.00432733532928903
2004-10-05,0.000754175815971701,0.0022625274479151
2004-10-06,-0.00191392307975488,-0.00574176923926464
2004-10-07,-0.00490145687455427,-0.0147043706236628
2004-10-08,0.0101317019894512,0.0303951059683536
2004-10-11,0.000140702406293557,0.000422107218880671
2004-10-12,0.00316899478094017,0.00950698434282052
2004-10-13,0.00218281433054447,0.00654844299163342
2004-10-14,0.00486607080900583,0.0145982124270175
2004-10-15,-2.88922161115264e-05,-8.66766483345793e-05
2004-10-18,0.00219799851134398,0.00659399553403195
2004-10-19,-0.00181611328886369,-0.00544833986659107
2004-10-20,0.00376693717258576,0.0113008115177573
2004-10-21,0.0027195287299885,0.0081585861899655
2004-10-22,0.000462728885559927,0.00138818665667978
2004-10-25,-0.0010858260795145,-0.0032574782385435
2004-10-26,0.00157348994954235,0.00472046984862704
2004-10-27,-0.00350192260269408,-0.0105057678080822
2004-10-28,0.00155163972151596,0.00465491916454787
2004-10-29,0.00247211606209986,0.00741634818629957
2004-11-01,0.00501276169217779,0.0150382850765334
2004-11-02,-0.00853598320166933,-0.025607949605008
2004-11-03,0.0120962957597419,0.0362888872792257
2004-11-04,0.0157220290079372,0.0471660870238116
2004-11-05,-0.00581128318588679,-0.0174338495576604
2004-11-08,-0.000920025902049413,-0.00276007770614824
2004-11-09,0.00385284858141491,0.0115585457442447
2004-11-10,0.00124289379897993,0.0037286813969398
2004-11-11,0.00863816055427853,0.0259144816628356
2004-11-12,0.0200392035941865,0.0601176107825595
2004-11-15,0.00272167682917058,0.00816503048751173
2004-11-16,-0.00276315791449175,-0.00828947374347525
2004-11-17,0.00123414279722593,0.0037024283916778
2004-11-18,-0.0037164031657327,-0.0111492094971981
2004-11-19,-0.00621417376727485,-0.0186425213018245
2004-11-22,0.00339312093865759,0.0101793628159728
2004-11-23,0.00450337136857857,0.0135101141057357
2004-11-24,0.0103718801585355,0.0311156404756065
2004-11-26,0.0050504498767303,0.0151513496301909
2004-11-29,-0.00156282717043083,-0.00468848151129249
2004-11-30,0.000207824893704974,0.000623474681114921
2004-12-01,0.0120892955314805,0.0362678865944416
2004-12-02,-0.0070809165046231,-0.0212427495138693
2004-12-03,0.0128410421217372,0.0385231263652117
2004-12-06,-0.00180324352670289,-0.00540973058010866
2004-12-07,-0.0110387357006086,-0.0331162071018258
2004-12-08,-0.00900563925573701,-0.027016917767211
2004-12-09,-0.00250985216210592,-0.00752955648631775
2004-12-10,0.000424202202452387,0.00127260660735716
2004-12-13,0.00757443139934814,0.0227232941980444
2004-12-14,-0.00146203325649819,-0.00438609976949456
2004-12-15,0.0084197317603442,0.0252591952810326
2004-12-16,-0.00666490014754957,-0.0199947004426487
2004-12-17,0.00647309965454494,0.0194192989636348
2004-12-20,0.00450630653374153,0.0135189196012246
2004-12-21,0.00582326207010252,0.0174697862103075
2004-12-22,0.001034550531639,0.00310365159491699
2004-12-23,0.000496894168209918,0.00149068250462975
2004-12-27,-0.000467471546560323,-0.00140241463968097
2004-12-28,0.00195384950279531,0.00586154850838594
2004-12-29,-0.00130069149120792,-0.00390207447362375
2004-12-30,0.0023299805179558,0.00698994155386741
2004-12-31,0.00118599753074776,0.00355799259224328
2005-01-03,-0.00798336798133025,-0.0239501039439908
2005-01-04,-0.0147579310313444,-0.0442737930940331
2005-01-05,-0.0193592417501528,-0.0580777252504585
2005-01-06,0.00119361711445125,0.00358085134335374
2005-01-07,-0.000908882380768128,-0.00272664714230438
2005-01-10,0.000276185705141685,0.000828557115425054
2005-01-11,-0.00459331893327991,-0.0137799567998397
2005-01-12,0.00182413443231867,0.005472403296956
2005-01-13,-0.000357144334043552,-0.00107143300213066
2005-01-14,0.00681903317750139,0.0204570995325042
2005-01-18,0.00271691761998497,0.00815075285995492
2005-01-19,-0.00198264626701056,-0.00594793880103169
2005-01-20,-0.00937648012763173,-0.0281294403828952
2005-01-21,0.00517564068565522,0.0155269220569657
2005-01-24,-0.00182929180958657,-0.00548787542875971
2005-01-25,-0.00401448734938936,-0.0120434620481681
2005-01-26,0.00724684607202019,0.0217405382160606
2005-01-27,-0.00369609659415761,-0.0110882897824728
2005-01-28,0.000221401799209698,0.000664205397629095
2005-01-31,0.00574947661835538,0.0172484298550661
2005-02-01,0.0036999271383279,0.0110997814149837
2005-02-02,0.00331425214644208,0.00994275643932625
2005-02-03,-0.00721723376641841,-0.0216517012992552
2005-02-04,0.00654288128015337,0.0196286438404601
2005-02-07,-0.00193724315073456,-0.00581172945220369
2005-02-08,-0.000892176176704064,-0.00267652853011219
2005-02-09,-0.000342641960477149,-0.00102792588143145
2005-02-10,0.00778077073604387,0.0233423122081316
2005-02-11,0.00834813459992515,0.0250444037997755
2005-02-14,0.00900094801191733,0.027002844035752
2005-02-15,0.00251176460707627,0.00753529382122882
2005-02-16,-0.00293719650886198,-0.00881158952658593
2005-02-17,0.00398710267483124,0.0119613080244937
2005-02-18,0.00401815904849885,0.0120544771454965
2005-02-22,0.00687827204585496,0.0206348161375649
2005-02-23,-0.00219338894180227,-0.0065801668254068
2005-02-24,0.00508199791676456,0.0152459937502937
2005-02-25,0.00920623873416223,0.0276187162024867
2005-02-28,-2.35187794219242e-05,-7.05563382657725e-05
2005-03-01,-0.000694471869210665,-0.00208341560763199
2005-03-02,-0.00729468145611524,-0.0218840443683457
2005-03-03,5.594508412905e-05,0.00016783525238715
2005-03-04,0.0125331350473619,0.0375994051420856
2005-03-07,9.26891117169955e-05,0.000278067335150987
2005-03-08,0.00485527598221608,0.0145658279466482
2005-03-09,-0.00484980412866175,-0.0145494123859852
2005-03-10,-0.000434522623928121,-0.00130356787178436
2005-03-11,0.000333628955609679,0.00100088686682904
2005-03-14,-0.00537357658121511,-0.0161207297436453
2005-03-15,-0.00727442303733655,-0.0218232691120096
2005-03-16,-0.00184708240203249,-0.00554124720609746
2005-03-17,0.000874803779870734,0.0026244113396122
2005-03-18,-0.00302109163966464,-0.0090632749189939
2005-03-21,-0.0126740699010689,-0.0380222097032068
2005-03-22,-0.0119813835746047,-0.0359441507238141
2005-03-23,-0.00776098311863729,-0.0232829493559119
2005-03-24,0.00115560490415391,0.00346681471246172
2005-03-28,0.00210444354998425,0.00631333064995274
2005-03-29,-0.00639014909024742,-0.0191704472707423
2005-03-30,0.00891852611092853,0.0267555783327856
2005-03-31,0.00246396493020908,0.00739189479062722
2005-04-01,-0.00268090307566794,-0.00804270922700382
2005-04-04,0.00277469746566981,0.00832409239700944
2005-04-05,0.000859051861730266,0.0025771555851908
2005-04-06,0.00989670894974815,0.0296901268492444
2005-04-07,0.00596121533185089,0.0178836459955527
2005-04-08,-0.00227159744452919,-0.00681479233358758
2005-04-11,0.00378450345558158,0.0113535103667447
2005-04-12,0.00441427965775361,0.0132428389732608
2005-04-13,-0.0178161476333116,-0.0534484428999347
2005-04-14,-0.0133792352556169,-0.0401377057668506
2005-04-15,-0.0114654427190951,-0.0343963281572852
2005-04-18,0.00415495889061062,0.0124648766718319
2005-04-19,0.0119290868594587,0.0357872605783762
2005-04-20,-0.0174191894550105,-0.0522575683650316
2005-04-21,0.0191691111117197,0.0575073333351592
2005-04-22,-0.00897748304464549,-0.0269324491339365
2005-04-25,0.0117168772014302,0.0351506316042905
2005-04-26,-0.010058384555251,-0.030175153665753
2005-04-27,-0.00646487756303163,-0.0193946326890949
2005-04-28,-0.0152380791920384,-0.0457142375761151
2005-04-29,0.0139340309851875,0.0418020929555624
2005-05-02,0.00112739161576756,0.00338217484730268
2005-05-03,0.00322410753942194,0.00967232261826583
2005-05-04,0.00578269822753766,0.017348094682613
2005-05-05,0.000731928839336244,0.00219578651800873
2005-05-06,-0.00567818001566793,-0.0170345400470038
2005-05-09,0.00321037452950055,0.00963112358850166
2005-05-10,-0.00609108809199369,-0.0182732642759811
2005-05-11,0.00457587088527734,0.013727612655832
2005-05-12,-0.00497820717897523,-0.0149346215369257
2005-05-13,-0.000966619658210706,-0.00289985897463212
2005-05-16,0.00246005882942062,0.00738017648826187
2005-05-17,0.00287170076844813,0.00861510230534438
2005-05-18,0.0116435261635141,0.0349305784905422
2005-05-19,-0.00103524217971919,-0.00310572653915757
2005-05-20,-0.000798215973114133,-0.0023946479193424
2005-05-23,0.00715131819104814,0.0214539545731444
2005-05-24,-0.00147961348947328,-0.00443884046841985
2005-05-25,-0.00472847042424087,-0.0141854112727226
2005-05-26,0.00282498135602032,0.00847494406806095
2005-05-27,0.00238854220736582,0.00716562662209745
2005-05-31,6.05391387981044e-05,0.000181617416394313
2005-06-01,0.0121471977450918,0.0364415932352754
2005-06-02,0.00155305181396702,0.00465915544190107
2005-06-03,-0.00541497065064033,-0.016244911951921
2005-06-06,0.0071727294895398,0.0215181884686194
2005-06-07,0.00556551614709106,0.0166965484412732
2005-06-08,-0.00203410956103647,-0.00610232868310942
2005-06-09,0.000205514275171968,0.000616542825515903
2005-06-10,-0.00594771890045007,-0.0178431567013502
2005-06-13,-0.000749473687788737,-0.00224842106336621
2005-06-14,-0.000473177875191764,-0.00141953362557529
2005-06-15,0.00209553350934838,0.00628660052804513
2005-06-16,0.00449335489859677,0.0134800646957903
2005-06-17,0.0052877620708214,0.0158632862124642
2005-06-20,-0.00301042908823146,-0.00903128726469439
2005-06-21,0.000631094332142657,0.00189328299642797
2005-06-22,0.00792020330342036,0.0237606099102611
2005-06-23,-0.00501474415628189,-0.0150442324688457
2005-06-24,0.00155787293275208,0.00467361879825624
2005-06-27,0.00213291562765167,0.00639874688295502
2005-06-28,-0.00140577073454485,-0.00421731220363454
2005-06-29,-0.000651479666155236,-0.00195443899846571
2005-06-30,0.00522961338538587,0.0156888401561576
2005-07-01,-0.00193994607066499,-0.00581983821199497
2005-07-05,-0.000295021826246452,-0.000885065478739355
2005-07-06,0.000404530478910664,0.00121359143673199
2005-07-07,0.00226616486415521,0.00679849459246563
2005-07-08,0.00564625049068514,0.0169387514720554
2005-07-11,0.00694236561347549,0.0208270968404265
2005-07-12,0.000794829257600063,0.00238448777280019
2005-07-13,-0.0020184415121509,-0.00605532453645269
2005-07-14,-0.00421745313908056,-0.0126523594172417
2005-07-15,0.000780761946925113,0.00234228584077534
2005-07-18,-0.00253532981778503,-0.00760598945335509
2005-07-19,0.00570996799568579,0.0171299039870574
2005-07-20,0.00573034559601431,0.0171910367880429
2005-07-21,-0.00750995463566436,-0.0225298639069931
2005-07-22,0.00416571361895926,0.0124971408568778
2005-07-25,-0.00158659496272054,-0.00475978488816162
2005-07-26,0.00490229977006728,0.0147068993102018
2005-07-27,0.00263238864814765,0.00789716594444293
2005-07-28,0.0106092844542278,0.0318278533626834
2005-07-29,-0.00516327991001917,-0.0154898397300575
2005-08-01,0.0053491969190504,0.0160475907571512
2005-08-02,0.0131317370075213,0.0393952110225638
2005-08-03,-0.0013730734702153,-0.0041192204106459
2005-08-04,-0.01349500918501,-0.04048502755503
2005-08-05,-0.0265223840203287,-0.0795671520609861
2005-08-08,-0.0154660133228135,-0.0463980399684404
2005-08-09,0.014558336464753,0.043675009394259
2005-08-10,0.00855716624696739,0.0256714987409022
2005-08-11,0.00257566076107236,0.00772698228321708
2005-08-12,-0.0033205643926488,-0.00996169317794639
2005-08-15,0.00754180485086273,0.0226254145525882
2005-08-16,-0.00521711433632146,-0.0156513430089644
2005-08-17,-0.00364933068899177,-0.0109479920669753
2005-08-18,-0.0135958903308726,-0.0407876709926179
2005-08-19,-0.00297784633908345,-0.00893353901725036
2005-08-22,0.00782313994239179,0.0234694198271754
2005-08-23,-0.0025153423758161,-0.00754602712744828
2005-08-24,-0.00611010316781539,-0.0183303095034462
2005-08-25,0.00728772722250123,0.0218631816675037
2005-08-26,-0.00519260995636255,-0.0155778298690877
2005-08-29,0.0030776289173726,0.00923288675211781
2005-08-30,-0.00546869604361015,-0.0164060881308305
2005-08-31,0.0228005856178082,0.0684017568534245
2005-09-01,0.00125418944484862,0.00376256833454586
2005-09-02,0.00263993706880273,0.00791981120640821
2005-09-06,0.00448829076552368,0.013464872296571
2005-09-07,-0.0065905547621031,-0.0197716642863093
2005-09-08,-0.000442975480935369,-0.00132892644280611
2005-09-09,0.00706524212737875,0.0211957263821362
2005-09-12,-0.00464229122711526,-0.0139268736813458
2005-09-13,-0.00218902440441972,-0.00656707321325915
2005-09-14,-0.0027599857100492,-0.00827995713014759
2005-09-15,-0.00191781207135579,-0.00575343621406738
2005-09-16,0.000451964816020327,0.00135589444806098
2005-09-19,-0.000478631940675076,-0.00143589582202523
2005-09-20,0.000373455572187709,0.00112036671656313
2005-09-21,0.00326643759674318,0.00979931279022955
2005-09-22,-0.00267017729255323,-0.00801053187765968
2005-09-23,-0.00346880350321324,-0.0104064105096397
2005-09-26,0.00048642995180701,0.00145928985542103
2005-09-27,-0.00188950818417478,-0.00566852455252433
2005-09-28,0.00600097567197569,0.0180029270159271
2005-09-29,0.00556182901431136,0.0166854870429341
2005-09-30,0.000735753152165497,0.00220725945649649
2005-10-03,-0.00014032906731823,-0.000420987201954689
2005-10-04,-0.00665668851668611,-0.0199700655500583
2005-10-05,-0.0156464436056523,-0.0469393308169569
2005-10-06,-0.00263097743257996,-0.00789293229773987
2005-10-07,0.00597046955070334,0.01791140865211
2005-10-10,-0.00478662280679757,-0.0143598684203927
2005-10-11,-0.000306478847989369,-0.000919436543968108
2005-10-12,-0.0180831619003395,-0.0542494857010185
2005-10-13,-0.00232599205939237,-0.0069779761781771
2005-10-14,0.00482385083453475,0.0144715525036043
2005-10-17,0.00838163055336742,0.0251448916601022
2005-10-18,-0.0123326897273161,-0.0369980691819482
2005-10-19,0.00370744766576764,0.0111223429973029
2005-10-20,-0.0194953837690706,-0.0584861513072119
2005-10-21,0.0154523219824465,0.0463569659473396
2005-10-24,0.0123775640167916,0.0371326920503749
2005-10-25,-0.00287856425592927,-0.00863569276778781
2005-10-26,-0.0005195452628593,-0.0015586357885779
2005-10-27,-0.00789092718865064,-0.0236727815659519
2005-10-28,0.0163273637888495,0.0489820913665486
2005-10-31,0.000948484790655366,0.0028454543719661
2005-11-01,-0.0120134477420481,-0.0360403432261444
2005-11-02,0.00902970842638016,0.0270891252791405
2005-11-03,-0.00304951530536426,-0.00914854591609279
2005-11-04,-0.00641356480480615,-0.0192406944144185
2005-11-07,0.00460160866240961,0.0138048259872288
2005-11-08,-0.00137274257001537,-0.0041182277100461
2005-11-09,0.0126374486882041,0.0379123460646122
2005-11-10,0.00853538771851382,0.0256061631555415
2005-11-11,0.00671972352244915,0.0201591705673475
2005-11-14,-0.00348701206565831,-0.0104610361969749
2005-11-15,-0.000471148082256539,-0.00141344424676962
2005-11-16,0.0121526794530948,0.0364580383592844
2005-11-17,0.0151064120739083,0.0453192362217248
2005-11-18,0.0023133025406876,0.0069399076220628
2005-11-21,0.00631612822351,0.01894838467053
2005-11-22,0.00826707730113722,0.0248012319034117
2005-11-23,0.00123371988109542,0.00370115964328625
2005-11-25,0.00388877615814667,0.01166632847444
2005-11-28,-0.000974075550309634,-0.0029222266509289
2005-11-29,-4.18498168349181e-05,-0.000125549450504754
2005-11-30,-0.0085728724418672,-0.0257186173256016
2005-12-01,0.0201516623162618,0.0604549869487855
2005-12-02,0.000380406119284154,0.00114121835785246
2005-12-05,0.00493601025093788,0.0148080307528136
2005-12-06,0.00207425299741843,0.0062227589922553
2005-12-07,0.000366804546175033,0.0011004136385251
2005-12-08,0.00640396369538595,0.0192118910861579
2005-12-09,0.00813841787642307,0.0244152536292692
2005-12-12,0.00278123626738454,0.00834370880215361
2005-12-13,-0.00329978175989886,-0.00989934527969659
2005-12-14,-0.0133766488341378,-0.0401299465024133
2005-12-15,-0.00406313654612682,-0.0121894096383805
2005-12-16,-0.00165666524825355,-0.00496999574476066
2005-12-19,-0.001989071402998,-0.005967214208994
2005-12-20,-0.0104040201892536,-0.0312120605677609
2005-12-21,0.00924379843848902,0.0277313953154671
2005-12-22,0.00951191285757834,0.028535738572735
2005-12-23,0.00204274474605932,0.00612823423817797
2005-12-27,0.00237668421915139,0.00713005265745418
2005-12-28,0.00688341465506366,0.020650243965191
2005-12-29,-0.00086945347818605,-0.00260836043455815
2005-12-30,0.000387374380045109,0.00116212314013533
2006-01-03,0.034506616344993,0.103519849034979
2006-01-04,0.00767022140895507,0.0230106642268652
2006-01-05,-0.00451512027156846,-0.0135453608147054
2006-01-06,0.0189941545644276,0.0569824636932829
2006-01-09,0.00575396253345731,0.0172618876003719
2006-01-10,-0.00936865771836762,-0.0281059731551029
2006-01-11,0.00987805552010991,0.0296341665603297
2006-01-12,-0.00879733552302323,-0.0263920065690697
2006-01-13,0.00708008695570418,0.0212402608671126
2006-01-17,-0.00991200007626681,-0.0297360002288004
2006-01-18,-0.00807482268711653,-0.0242244680613496
2006-01-19,0.0185477905373815,0.0556433716121444
2006-01-20,-0.0151164408518318,-0.0453493225554953
2006-01-23,0.0186349812932354,0.0559049438797062
2006-01-24,0.00497592223544167,0.014927766706325
2006-01-25,0.00462973631499987,0.0138892089449996
2006-01-26,0.0098620953961143,0.0295862861883429
2006-01-27,0.00265588549968767,0.00796765649906301
2006-01-30,0.00453546952338158,0.0136064085701447
2006-01-31,0.00473902414692892,0.0142170724407868
2006-02-01,0.00453544425267912,0.0136063327580373
2006-02-02,-0.00870784223827609,-0.0261235267148283
2006-02-03,-0.0133920216642453,-0.040176064992736
2006-02-06,0.00952325788593482,0.0285697736578045
2006-02-07,-0.0196905197079501,-0.0590715591238502
2006-02-08,-0.00137977313664717,-0.0041393194099415
2006-02-09,0.0107046448607396,0.0321139345822188
2006-02-10,-0.00745806148941899,-0.022374184468257
2006-02-13,-0.00876402445987614,-0.0262920733796284
2006-02-14,0.0116055736636125,0.0348167209908375
2006-02-15,-0.000919429581011546,-0.00275828874303464
2006-02-16,0.0140548448569414,0.0421645345708243
2006-02-17,0.00544128500750085,0.0163238550225025
2006-02-21,0.000902889719864199,0.0027086691595926
2006-02-22,0.00789245734192898,0.0236773720257869
2006-02-23,-0.00483352676818547,-0.0145005803045564
2006-02-24,0.00311356768885471,0.00934070306656412
2006-02-27,-0.000900915358608418,-0.00270274607582525
2006-02-28,-0.00203331259166727,-0.00609993777500181
2006-03-01,0.00824606926171481,0.0247382077851444
2006-03-02,0.00264955828849441,0.00794867486548323
2006-03-03,-0.00816533729216356,-0.0244960118764907
2006-03-06,0.00312114985837955,0.00936344957513864
2006-03-07,-0.0154382070997283,-0.0463146212991851
2006-03-08,-0.00125012745511644,-0.00375038236534932
2006-03-09,0.00321639975204031,0.00964919925612093
2006-03-10,0.00985709598371452,0.0295712879511436
2006-03-13,-0.00162453289526458,-0.00487359868579374
2006-03-14,0.0130127387738972,0.0390382163216917
2006-03-15,0.015521487285644,0.046564461856932
2006-03-16,0.00217719532705168,0.00653158598115505
2006-03-17,0.00660588034178056,0.0198176410253417
2006-03-20,-0.00709834193301594,-0.0212950257990478
2006-03-21,-0.0126379258089876,-0.0379137774269629
2006-03-22,0.00241304006412949,0.00723912019238847
2006-03-23,-0.00153279512692784,-0.00459838538078352
2006-03-24,0.00518801624124339,0.0155640487237302
2006-03-27,-0.00185716781152758,-0.00557150343458275
2006-03-28,0.00256308464460356,0.00768925393381069
2006-03-29,0.0212878153887113,0.063863446166134
2006-03-30,-9.71932536105872e-05,-0.000291579760831761
2006-03-31,-0.00182664570959232,-0.00547993712877695
2006-04-03,-0.000978679974239134,-0.0029360399227174
2006-04-04,-0.00260978817626745,-0.00782936452880236
2006-04-05,0.00763933130743086,0.0229179939222926
2006-04-06,-0.000219918341115065,-0.000659755023345196
2006-04-07,-0.0123362746752754,-0.0370088240258261
2006-04-10,-0.00124693726659165,-0.00374081179977496
2006-04-11,-0.0068420660020357,-0.0205261980061071
2006-04-12,0.00313347696873169,0.00940043090619508
2006-04-13,-0.00369726843742044,-0.0110918053122613
2006-04-17,0.00798644628841502,0.0239593388652451
2006-04-18,0.0251416988008829,0.0754250964026487
2006-04-19,0.0161219593443477,0.0483658780330432
2006-04-20,-0.0143364493451898,-0.0430093480355695
2006-04-21,0.0148848892674347,0.0446546678023042
2006-04-24,-0.013768894299576,-0.041306682898728
2006-04-25,-0.000334859997489983,-0.00100457999246995
2006-04-26,0.00713093650545729,0.0213928095163719
2006-04-27,-0.00284464037382934,-0.00853392112148801
2006-04-28,0.0142552488214392,0.0427657464643176
2006-05-01,-0.00110491240763773,-0.00331473722291319
2006-05-02,0.0173282555201993,0.0519847665605979
2006-05-03,-0.00429373157513412,-0.0128811947254024
2006-05-04,0.00999428576410083,0.0299828572923025
2006-05-05,0.0161520272840232,0.0484560818520695
2006-05-08,-0.00027336834322349,-0.000820105029670471
2006-05-09,0.0110869658244945,0.0332608974734835
2006-05-10,0.000137295423517791,0.000411886270553373
2006-05-11,-0.00796828542057524,-0.0239048562617257
2006-05-12,-0.0135685400542661,-0.0407056201627983
2006-05-15,-0.0282210199850309,-0.0846630599550929
2006-05-16,0.00934340381872978,0.0280302114561893
2006-05-17,-0.0285280368868942,-0.0855841106606825
2006-05-18,-0.00742270053776385,-0.0222681016132915
2006-05-19,-9.74816672552994e-05,-0.000292445001765898
2006-05-22,-0.0226436124638757,-0.0679308373916271
2006-05-23,0.00923788392423856,0.0277136517727157
2006-05-24,-0.0154596496307852,-0.0463789488923557
2006-05-25,0.0221395968183573,0.066418790455072
2006-05-26,0.0050073044738705,0.0150219134216115
2006-05-30,-0.0166543647515856,-0.0499630942547568
2006-05-31,0.00236315059045498,0.00708945177136495
2006-06-01,0.00226135417776447,0.0067840625332934
2006-06-02,0.0117130986122504,0.0351392958367513
2006-06-05,-0.0211339169204901,-0.0634017507614702
2006-06-06,-0.0101935686255217,-0.0305807058765651
2006-06-07,-0.0101628781154646,-0.0304886343463939
2006-06-08,-0.0240257892509994,-0.0720773677529981
2006-06-09,-0.00881388288176604,-0.0264416486452981
2006-06-12,-0.0130687815830704,-0.0392063447492111
2006-06-13,-0.0385798992973118,-0.115739697891936
2006-06-14,0.0136900514142333,0.0410701542426998
2006-06-15,0.0385969201813376,0.115790760544013
2006-06-16,-0.00237775355318352,-0.00713326065955055
2006-06-19,-0.0198828872470654,-0.0596486617411961
2006-06-20,0.0117410172692066,0.0352230518076196
2006-06-21,0.0201724877394919,0.0605174632184758
2006-06-22,-0.0122108598936439,-0.0366325796809317
2006-06-23,0.000187266656337361,0.000561799969012084
2006-06-26,0.00352085118899165,0.0105625535669749
2006-06-27,-0.0141507634448376,-0.0424522903345127
2006-06-28,0.013422627816551,0.040267883449653
2006-06-29,0.0403040380197652,0.120912114059296
2006-06-30,0.0150005877686104,0.0450017633058311
2006-07-03,0.0120562385906256,0.0361687157718768
2006-07-05,-0.0026015086688854,-0.00780452600665621
2006-07-06,0.00637865512993553,0.0191359653898066
2006-07-07,-0.00493643772966478,-0.0148093131889943
2006-07-10,0.00329302149135513,0.00987906447406539
2006-07-11,0.0075584595581902,0.0226753786745706
2006-07-12,0.00339595721583661,0.0101878716475098
2006-07-13,-0.00955904939539102,-0.0286771481861731
2006-07-14,-0.0075009262707438,-0.0225027788122314
2006-07-17,-0.0120163901142261,-0.0360491703426782
2006-07-18,0.000191479182354935,0.000574437547064804
2006-07-19,0.023239003768984,0.069717011306952
2006-07-20,-0.0104966845517005,-0.0314900536551016
2006-07-21,-0.0120758549088766,-0.0362275647266297
2006-07-24,0.0105501576936496,0.0316504730809487
2006-07-25,0.00377831547525545,0.0113349464257664
2006-07-26,0.00640857584232261,0.0192257275269678
2006-07-27,0.00339756193972693,0.0101926858191808
2006-07-28,0.0134994181427457,0.0404982544282372
2006-07-31,-0.0026542126287879,-0.0079626378863637
2006-08-01,0.00199421766271561,0.00598265298814682
2006-08-02,0.00200264430105015,0.00600793290315044
2006-08-03,0.00175184722379755,0.00525554167139266
2006-08-04,0.0106702261723035,0.0320106785169105
2006-08-07,-0.00606523038060695,-0.0181956911418208
2006-08-08,-0.0120290472857636,-0.0360871418572909
2006-08-09,0.00393751431319136,0.0118125429395741
2006-08-10,-0.00774674926158726,-0.0232402477847618
2006-08-11,-0.0068310591479023,-0.0204931774437069
2006-08-14,0.00290400273275936,0.00871200819827808
2006-08-15,0.0112885343455519,0.0338656030366556
2006-08-16,0.00493632699515896,0.0148089809854769
2006-08-17,-0.00589283879787653,-0.0176785163936296
2006-08-18,0.000980017073609921,0.00294005122082976
2006-08-21,0.00880591229969734,0.026417736899092
2006-08-22,0.000359841362772367,0.0010795240883171
2006-08-23,-0.00382197655618393,-0.0114659296685518
2006-08-24,0.000471631397299711,0.00141489419189913
2006-08-25,0.000346572723926619,0.00103971817177986
2006-08-28,0.00345664626938987,0.0103699388081696
2006-08-29,0.00136099029515359,0.00408297088546078
2006-08-30,0.00574186641409485,0.0172255992422846
2006-08-31,0.00404693338418524,0.0121408001525557
2006-09-01,-0.00163410870066325,-0.00490232610198976
2006-09-05,0.00965535503409487,0.0289660651022846
2006-09-06,-0.00846162424702546,-0.0253848727410764
2006-09-07,-0.0138909144238509,-0.0416727432715526
2006-09-08,0.000413387642432769,0.00124016292729831
2006-09-11,-0.00928845338462582,-0.0278653601538775
2006-09-12,0.0084077597278233,0.0252232791834699
2006-09-13,0.00394113768756355,0.0118234130626907
2006-09-14,-0.00884055892080984,-0.0265216767624295
2006-09-15,0.00188081017361463,0.00564243052084388
2006-09-18,0.00313840737845127,0.00941522213535381
2006-09-19,-0.00643732940090479,-0.0193119882027144
2006-09-20,0.00414621380663347,0.0124386414199004
2006-09-21,0.00131561584469383,0.00394684753408149
2006-09-22,0.00358664057521424,0.0107599217256427
2006-09-25,0.000703761908277868,0.0021112857248336
2006-09-26,0.00258657218218598,0.00775971654655794
2006-09-27,0.00972283056957287,0.0291684917087186
2006-09-28,-0.000534777277761079,-0.00160433183328324
2006-09-29,-0.00202651585794024,-0.00607954757382073
2006-10-02,0.00101991967677748,0.00305975903033243
2006-10-03,0.00168496566682297,0.0050548970004689
2006-10-04,0.00910334184166865,0.0273100255250059
2006-10-05,-0.00210746406322118,-0.00632239218966353
2006-10-06,-0.00836525316322771,-0.0250957594896831
2006-10-09,0.00360055218177066,0.010801656545312
2006-10-10,-0.00394595531417001,-0.01183786594251
2006-10-11,-0.00182699443822363,-0.00548098331467088
2006-10-12,0.0051203895858163,0.0153611687574489
2006-10-13,1.37341744053536e-05,4.12025232160608e-05
2006-10-16,0.00392203657407628,0.0117661097222288
2006-10-17,-0.00222888229036749,-0.00668664687110248
2006-10-18,0.00266770515809161,0.00800311547427482
2006-10-19,0.00106868030812455,0.00320604092437366
2006-10-20,0.000705132495750832,0.0021153974872525
2006-10-23,-0.00077902276937413,-0.00233706830812239
2006-10-24,-0.00128477583740321,-0.00385432751220964
2006-10-25,0.00738241488393617,0.0221472446518085
2006-10-26,0.00752723236916132,0.022581697107484
2006-10-27,-0.000548169012944492,-0.00164450703883348
2006-10-30,0.00200128217399416,0.00600384652198248
2006-10-31,0.00301792206543184,0.00905376619629551
2006-11-01,0.00399871971942117,0.0119961591582635
2006-11-02,-0.00744640989247061,-0.0223392296774118
2006-11-03,-0.0106089561644957,-0.0318268684934871
2006-11-06,0.00452484181662948,0.0135745254498884
2006-11-07,-2.57685005977705e-05,-7.73055017933115e-05
2006-11-08,0.00264718620008659,0.00794155860025978
2006-11-09,0.000782655303638082,0.00234796591091424
2006-11-10,0.003365610861791,0.010096832585373
2006-11-13,3.13551188330755e-05,9.40653564992265e-05
2006-11-14,0.0057126447514462,0.0171379342543386
2006-11-15,-0.00213692523790336,-0.00641077571371009
2006-11-16,-0.000335533997617414,-0.00100660199285224
2006-11-17,0.00221302449476265,0.00663907348428794
2006-11-20,0.0110703742321942,0.0332111226965826
2006-11-21,0.00661823537370693,0.0198547061211208
2006-11-22,0.00213799297650927,0.00641397892952782
2006-11-24,0.00244290006380636,0.00732870019141909
2006-11-27,-0.0059865105268828,-0.0179595315806484
2006-11-28,0.00174643099610868,0.00523929298832605
2006-11-29,0.00245938873164759,0.00737816619494276
2006-11-30,0.00682163789258246,0.0204649136777474
2006-12-01,-0.00328165658435808,-0.00984496975307423
2006-12-04,0.011700366600177,0.0351010998005311
2006-12-05,0.00576185958800613,0.0172855787640184
2006-12-06,-0.00614861946677604,-0.0184458584003281
2006-12-07,0.00111351959963062,0.00334055879889185
2006-12-08,-0.00162573399663552,-0.00487720198990657
2006-12-11,0.00400964293728408,0.0120289288118522
2006-12-12,-0.00342625505037953,-0.0102787651511386
2006-12-13,0.00321730449721767,0.009651913491653
2006-12-14,0.00629535270243273,0.0188860581072982
2006-12-15,-0.00462060176327955,-0.0138618052898386
2006-12-18,-0.00207011352163974,-0.00621034056491923
2006-12-19,-0.00142067447079544,-0.00426202341238632
2006-12-20,0.00255640339216161,0.00766921017648482
2006-12-21,-0.00434815977187087,-0.0130444793156126
2006-12-22,-0.00311959549484917,-0.0093587864845475
2006-12-26,0.00432360699848392,0.0129708209954518
2006-12-27,0.0112986109624594,0.0338958328873782
2006-12-28,0.00314813467014332,0.00944440401042996
2006-12-29,-0.00170120130456588,-0.00510360391369764
2007-01-03,0.00541003252602569,0.0162300975780771
2007-01-04,-0.00454490026204392,-0.0136347007861318
2007-01-05,-0.0183841451625683,-0.055152435487705
2007-01-08,0.000770089036397249,0.00231026710919175
2007-01-09,-0.00406178429884131,-0.0121853528965239
2007-01-10,0.000571977403647668,0.00171593221094301
2007-01-11,0.0141348445671138,0.0424045337013414
2007-01-12,0.00881965138460029,0.0264589541538009
2007-01-16,0.00684811048800843,0.0205443314640253
2007-01-17,-0.0033702294292885,-0.0101106882878655
2007-01-18,-0.00420401432401794,-0.0126120429720538
2007-01-19,0.0127898207774283,0.0383694623322848
2007-01-22,-0.0046513482572081,-0.0139540447716243
2007-01-23,0.0103337572457683,0.031001271737305
2007-01-24,0.00999243839162837,0.0299773151748851
2007-01-25,-0.0137140986575294,-0.0411422959725881
2007-01-26,0.00305660958889401,0.00916982876668202
2007-01-29,-0.00240601222428639,-0.00721803667285918
2007-01-30,0.00911302331082286,0.0273390699324686
2007-01-31,0.00700706999153865,0.0210212099746159
2007-02-01,0.00634746544432743,0.0190423963329823
2007-02-02,-0.000288569358371012,-0.000865708075113037
2007-02-05,-0.000598704721951139,-0.00179611416585342
2007-02-06,0.0116214468305117,0.034864340491535
2007-02-07,0.00938994661886361,0.0281698398565908
2007-02-08,-0.00584889815707483,-0.0175466944712245
2007-02-09,-0.0106430336356822,-0.0319291009070465
2007-02-12,-0.0104837352270725,-0.0314512056812175
2007-02-13,0.014656045057959,0.0439681351738771
2007-02-14,0.00894711505226656,0.0268413451567997
2007-02-15,0.00329578754009549,0.00988736262028646
2007-02-16,-0.001310241349914,-0.00393072404974201
2007-02-20,0.00371594510774163,0.0111478353232249
2007-02-21,-0.00327818228325339,-0.00983454684976016
2007-02-22,-0.000938224119745719,-0.00281467235923716
2007-02-23,-0.00715826906146281,-0.0214748071843884
2007-02-26,-0.00179408251641446,-0.00538224754924337
2007-02-27,-0.0503704705660494,-0.151111411698148
2007-02-28,0.0121977190929035,0.0365931572787104
2007-03-01,-0.0102266821122939,-0.0306800463368817
2007-03-02,-0.0127562128739918,-0.0382686386219754
2007-03-05,-0.0306326494275278,-0.0918979482825833
2007-03-06,0.0362049530409742,0.108614859122923
2007-03-07,-0.00527923192247464,-0.0158376957674239
2007-03-08,0.0162379925772168,0.0487139777316505
2007-03-09,0.00592875747411198,0.0177862724223359
2007-03-12,0.00489560473601184,0.0146868142080355
2007-03-13,-0.0265124985916547,-0.0795374957749641
2007-03-14,0.00458641345191757,0.0137592403557527
2007-03-15,0.00767528986141014,0.0230258695842304
2007-03-16,-0.00386258032442855,-0.0115877409732856
2007-03-19,0.0135165495354688,0.0405496486064065
2007-03-20,0.00540382636049345,0.0162114790814803
2007-03-21,0.0233378328200365,0.0700134984601094
2007-03-22,-0.00430486187871295,-0.0129145856361388
2007-03-23,0.003831126826007,0.011493380478021
2007-03-26,-0.00666318269148126,-0.0199895480744438
2007-03-27,-0.00731799518159244,-0.0219539855447773
2007-03-28,-0.00939672129473942,-0.0281901638842183
2007-03-29,0.00817090658374642,0.0245127197512393
2007-03-30,0.00567357427652459,0.0170207228295738
2007-04-02,0.00610916303888369,0.0183274891166511
2007-04-03,0.00511426130878919,0.0153427839263676
2007-04-04,0.00820072963736381,0.0246021889120914
2007-04-05,0.00451128862996738,0.0135338658899022
2007-04-09,-0.00295629681948596,-0.00886889045845788
2007-04-10,0.00827432578285757,0.0248229773485727
2007-04-11,-0.00435967509423292,-0.0130790252826987
2007-04-12,0.00655665601448216,0.0196699680434465
2007-04-13,0.00860524620426103,0.0258157386127831
2007-04-16,0.00991861578048566,0.029755847341457
2007-04-17,-0.00368105902682053,-0.0110431770804616
2007-04-18,0.000309942472938442,0.000929827418815327
2007-04-19,-0.00771322622341087,-0.0231396786702326
2007-04-20,0.0144793921222327,0.0434381763666982
2007-04-23,-0.00659689429760445,-0.0197906828928134
2007-04-24,-0.00240748211749297,-0.00722244635247891
2007-04-25,0.00692222426008786,0.0207666727802636
2007-04-26,-0.00855286803127671,-0.0256586040938301
2007-04-27,0.0035971619111208,0.0107914857333624
2007-04-30,-0.00883586754603369,-0.0265076026381011
2007-05-01,0.001871988466763,0.00561596540028899
2007-05-02,0.00992270751598327,0.0297681225479498
2007-05-03,0.00365544715430657,0.0109663414629197
2007-05-04,0.00545704153196211,0.0163711245958863
2007-05-07,0.00235426263027421,0.00706278789082264
2007-05-08,-0.00677809647293808,-0.0203342894188142
2007-05-09,0.0059153969294505,0.0177461907883515
2007-05-10,-0.0188856116251006,-0.0566568348753019
2007-05-11,0.0172712706629491,0.0518138119888473
2007-05-14,-0.00552017424026332,-0.01656052272079
2007-05-15,-0.000100715758960162,-0.000302147276880487
2007-05-16,0.00810969257107553,0.0243290777132266
2007-05-17,-0.00254330865951902,-0.00762992597855706
2007-05-18,0.00865731915265059,0.0259719574579518
2007-05-21,-0.000930002742910116,-0.00279000822873035
2007-05-22,0.000171222306724951,0.000513666920174853
2007-05-23,0.00116470996512611,0.00349412989537832
2007-05-24,-0.0132592399300775,-0.0397777197902325
2007-05-25,0.00780015673911535,0.0234004702173461
2007-05-29,0.000163661322090618,0.000490983966271855
2007-05-30,0.00838262728634369,0.0251478818590311
2007-05-31,0.00214635163761466,0.00643905491284398
2007-06-01,0.00943628207555568,0.028308846226667
2007-06-04,0.00177947939353234,0.00533843818059702
2007-06-05,-0.00618025816400145,-0.0185407744920043
2007-06-06,-0.0150841122409887,-0.0452523367229661
2007-06-07,-0.020057437911471,-0.0601723137344131
2007-06-08,0.0145738305514268,0.0437214916542805
2007-06-11,0.00300556198391713,0.0090166859517514
2007-06-12,-0.0148187010851991,-0.0444561032555972
2007-06-13,0.0165914268504511,0.0497742805513533
2007-06-14,0.00923821121553157,0.0277146336465947
2007-06-15,0.0124701193662243,0.037410358098673
2007-06-18,-0.000234368940033313,-0.000703106820099938
2007-06-19,0.00288513582586513,0.00865540747759538
2007-06-20,-0.00675732687860354,-0.0202719806358106
2007-06-21,0.00146882524851946,0.00440647574555837
2007-06-22,-0.0110104333829181,-0.0330313001487542
2007-06-25,-0.00514630088615815,-0.0154389026584745
2007-06-26,-0.0066579349675085,-0.0199738049025255
2007-06-27,0.011843660135538,0.0355309804066139
2007-06-28,0.000978719641281611,0.00293615892384483
2007-06-29,0.00189487732243474,0.00568463196730421
2007-07-02,0.0136432063343142,0.0409296190029427
2007-07-03,0.00612611848891129,0.0183783554667339
2007-07-05,-8.41962821080627e-05,-0.000252588846324188
2007-07-06,0.00867015020169839,0.0260104506050952
2007-07-09,0.00359279257691628,0.0107783777307488
2007-07-10,-0.0157333385758959,-0.0472000157276876
2007-07-11,0.00960715759240226,0.0288214727772068
2007-07-12,0.0173449954747422,0.0520349864242266
2007-07-13,0.0034965121290705,0.0104895363872115
2007-07-16,-0.00471161491752797,-0.0141348447525839
2007-07-17,-9.70007718707156e-05,-0.000291002315612147
2007-07-18,-0.00565394222726375,-0.0169618266817912
2007-07-19,0.00386706328884316,0.0116011898665295
2007-07-20,-0.00813268200185148,-0.0243980460055544
2007-07-23,0.00930987127043824,0.0279296138113147
2007-07-24,-0.0224081712361347,-0.0672245137084041
2007-07-25,0.000963578989065172,0.00289073696719551
2007-07-26,-0.0329359159650597,-0.0988077478951792
2007-07-27,-0.016959957190554,-0.0508798715716621
2007-07-30,0.0180653127051214,0.0541959381153642
2007-07-31,-0.00891198069382051,-0.0267359420814615
2007-08-01,-0.00138575113897844,-0.00415725341693531
2007-08-02,0.00195762547233365,0.00587287641700094
2007-08-03,-0.0033053996661833,-0.00991619899854991
2007-08-06,0.00128631075631065,0.00385893226893196
2007-08-07,0.00137902874527159,0.00413708623581476
2007-08-08,0.0019834047752744,0.00595021432582321
2007-08-09,-0.00661427513683935,-0.0198428254105181
2007-08-10,-0.00491970199400984,-0.0147591059820295
2007-08-13,0.00251934579879336,0.00755803739638009
2007-08-14,-0.00251603233259827,-0.0075480969977948
2007-08-15,-0.00707672698241009,-0.0212301809472303
2007-08-16,-0.000460693173144382,-0.00138207951943314
2007-08-17,0.0082512627204417,0.0247537881613251
2007-08-20,0.000827420286607259,0.00248226085982178
2007-08-21,0.00239259911990807,0.00717779735972421
2007-08-22,0.00710860712689021,0.0213258213806706
2007-08-23,0.000636744067123186,0.00191023220136956
2007-08-24,0.00635805560623958,0.0190741668187187
2007-08-27,0.00168139815140065,0.00504419445420195
2007-08-28,-0.00525302195317753,-0.0157590658595326
2007-08-29,0.0062763363692442,0.0188290091077326
2007-08-30,0.00210602539873357,0.00631807619620071
2007-08-31,0.00637647615146127,0.0191294284543838
2007-09-04,0.011174594999068,0.033523784997204
2007-09-05,-0.0118304351560921,-0.0354913054682763
2007-09-06,0.00477872631036838,0.0143361789311051
2007-09-07,-0.016420734429559,-0.049262203288677
2007-09-10,-0.00439495714405505,-0.0131848714321651
2007-09-11,0.0184781828182203,0.0554345484546608
2007-09-12,0.00163178570683846,0.00489535712051539
2007-09-13,0.00679932365694658,0.0203979709708397
2007-09-14,-0.00251738204865915,-0.00755214614597744
2007-09-17,-0.00784599053437699,-0.023537971603131
2007-09-18,0.0351096209890002,0.105328862967001
2007-09-19,0.00613095487791927,0.0183928646337578
2007-09-20,-0.00200692842921492,-0.00602078528764475
2007-09-21,0.00653783720552369,0.0196135116165711
2007-09-24,0.00122352308157931,0.00367056924473793
2007-09-25,-0.00149418665071549,-0.00448255995214646
2007-09-26,0.0054634103850478,0.0163902311551434
2007-09-27,0.0098286523698493,0.0294859571095479
2007-09-28,-0.000991290052808921,-0.00297387015842676
2007-10-01,0.0113972124085221,0.0341916372255662
2007-10-02,-0.0106667865020904,-0.0320003595062711
2007-10-03,-0.0121137433806073,-0.0363412301418218
2007-10-04,0.0111776165806854,0.0335328497420563
2007-10-05,0.0116648749838116,0.0349946249514349
2007-10-08,-0.0105545480377545,-0.0316636441132636
2007-10-09,0.0100483298469212,0.0301449895407635
2007-10-10,0.00314584225087459,0.00943752675262378
2007-10-11,0.00365464879527017,0.0109639463858105
2007-10-12,0.00944250195403164,0.0283275058620949
2007-10-15,0.000296166053741917,0.00088849816122575
2007-10-16,-0.00654009506650535,-0.0196202851995161
2007-10-17,0.00265485163959561,0.00796455491878683
2007-10-18,0.0129643231423418,0.0388929694270254
2007-10-19,-0.0156097135781461,-0.0468291407344382
2007-10-22,-0.00775066640686155,-0.0232519992205847
2007-10-23,0.0133720498382547,0.040116149514764
2007-10-24,-0.000342938082154748,-0.00102881424646424
2007-10-25,0.00761828433387669,0.0228548530016301
2007-10-26,0.0224066905486097,0.067220071645829
2007-10-29,0.00952347498590379,0.0285704249577114
2007-10-30,-0.0101946169350445,-0.0305838508051335
2007-10-31,0.0168477837013317,0.0505433511039951
2007-11-01,-0.0203244903859457,-0.0609734711578372
2007-11-02,0.0141056136647804,0.0423168409943411
2007-11-05,-0.0114022695442408,-0.0342068086327223
2007-11-06,0.0219301680530982,0.0657905041592947
2007-11-07,-0.00749341257211678,-0.0224802377163503
2007-11-08,0.00415563465937162,0.0124669039781149
2007-11-09,-0.0129737556955508,-0.0389212670866524
2007-11-12,-0.0386651447613867,-0.11599543428416
2007-11-13,0.0284581383860123,0.0853744151580369
2007-11-14,0.0047377624720215,0.0142132874160645
2007-11-15,-0.0226250844560913,-0.0678752533682738
2007-11-16,0.00314245809981069,0.00942737429943207
2007-11-19,-0.0230233303878349,-0.0690699911635046
2007-11-20,0.0255223484977413,0.0765670454932239
2007-11-21,-0.0163651201644911,-0.0490953604934732
2007-11-23,0.0254595020637508,0.0763785061912524
2007-11-26,-0.0152968967593445,-0.0458906902780334
2007-11-27,0.00610332106823722,0.0183099632047117
2007-11-28,0.0188362863682135,0.0565088591046405
2007-11-29,-0.0135599375575894,-0.0406798126727682
2007-11-30,-0.00222787596668263,-0.0066836279000479
2007-12-03,0.00656178237603155,0.0196853471280947
2007-12-04,0.00199351672139477,0.00598055016418432
2007-12-05,-0.00442584825238725,-0.0132775447571618
2007-12-06,-0.00261356522308381,-0.00784069566925143
2007-12-07,-0.0110374144285578,-0.0331122432856733
2007-12-10,-0.00120557226092229,-0.00361671678276686
2007-12-11,0.00606442768446603,0.0181932830533981
2007-12-12,1.79657168168828e-05,5.38971504506483e-05
2007-12-13,-0.0152918227075397,-0.045875468122619
2007-12-14,-0.00622929401409478,-0.0186878820422843
2007-12-17,8.40352343859849e-05,0.000252105703157955
2007-12-18,0.0104319011978577,0.0312957035935729
2007-12-19,0.0101615573060728,0.0304846719182185
2007-12-20,-0.00202964252002893,-0.00608892756008679
2007-12-21,-0.00345601845702709,-0.0103680553710813
2007-12-24,-0.0011146854360981,-0.0033440563082943
2007-12-26,-0.00264622493214654,-0.00793867479643963
2007-12-27,0.00482481536293621,0.0144744460888086
2007-12-28,0.0144426745960242,0.0433280237880726
2007-12-31,0.00169970273584973,0.0050991082075492
2008-01-02,0.0125535658886523,0.0376606976659569
2008-01-03,0.00219828294632139,0.00659484883896418
2008-01-04,-0.00555370736938516,-0.0166611221081555
2008-01-07,0.00307674363412135,0.00923023090236404
2008-01-08,0.00284408647517982,0.00853225942553946
2008-01-09,0.00576389552730436,0.0172916865819131
2008-01-10,-0.00289273350312959,-0.00867820050938877
2008-01-11,0.00142273905963626,0.00426821717890879
2008-01-14,0.00685686070483611,0.0205705821145083
2008-01-15,-0.00329250260000804,-0.00987750780002411
2008-01-16,-0.0140469994654062,-0.0421409983962185
2008-01-17,0.00335859281954917,0.0100757784586475
2008-01-18,0.00126748029400661,0.00380244088201983
2008-01-22,0.0047137157115355,0.0141411471346065
2008-01-23,-0.00112142405062238,-0.00336427215186715
2008-01-24,-0.00484633214801998,-0.0145389964440599
2008-01-25,0.00897395925202559,0.0269218777560768
2008-01-28,0.0046639812419369,0.0139919437258107
2008-01-29,-0.00645348854272644,-0.0193604656281793
2008-01-30,-0.00421993978234303,-0.0126598193470291
2008-01-31,0.00622282575050307,0.0186684772515092
2008-02-01,-0.003471373362764,-0.010414120088292
2008-02-04,-0.00599443414296566,-0.017983302428897
2008-02-05,0.000552339243115415,0.00165701772934624
2008-02-06,0.00259328373415618,0.00777985120246853
2008-02-07,-0.00774750191814713,-0.0232425057544414
2008-02-08,0.0104822313386127,0.031446694015838
2008-02-11,0.00313825565307967,0.00941476695923901
2008-02-12,-0.00883758791673656,-0.0265127637502097
2008-02-13,-0.00431190798649132,-0.012935723959474
2008-02-14,-0.00542926129158987,-0.0162877838747696
2008-02-15,0.00115976066423496,0.00347928199270487
2008-02-19,0.00200733419464684,0.00602200258394053
2008-02-20,0.006641919426932,0.019925758280796
2008-02-21,0.00743276684478182,0.0222983005343455
2008-02-22,-0.00232090689764806,-0.00696272069294419
2008-02-25,-0.00766290790266838,-0.0229887237080051
2008-02-26,0.00423172248641786,0.0126951674592536
2008-02-27,0.00459856751787076,0.0137957025536123
2008-02-28,0.0135980342053234,0.0407941026159702
2008-02-29,0.00937325288879326,0.0281197586663798
2008-03-03,0.00148291801917295,0.00444875405751884
2008-03-04,-0.0105016935714451,-0.0315050807143352
2008-03-05,0.00287234767335006,0.00861704302005017
2008-03-06,0.00123984477085589,0.00371953431256766
2008-03-07,0.000593823404899284,0.00178147021469785
2008-03-10,0.00635257433529594,0.0190577230058878
2008-03-11,-0.00666895834445928,-0.0200068750333778
2008-03-12,0.0133124028698271,0.0399372086094813
2008-03-13,-0.000299624953107008,-0.000898874859321024
2008-03-14,0.00892416876895042,0.0267725063068512
2008-03-17,0.00561041964226193,0.0168312589267858
2008-03-18,-0.0120212304220986,-0.0360636912662958
2008-03-19,-0.0024973212018566,-0.00749196360556979
2008-03-20,-0.00837415957065142,-0.0251224787119543
2008-03-24,-0.0122225729067045,-0.0366677187201136
2008-03-25,0.011320504203459,0.033961512610377
2008-03-26,0.00266789456486659,0.00800368369459976
2008-03-27,-0.00350051368370406,-0.0105015410511122
2008-03-28,-0.000729224251123443,-0.00218767275337033
2008-03-31,-0.00304713360913881,-0.00914140082741643
2008-04-01,-0.019389290271213,-0.0581678708136391
2008-04-02,0.00690150849932937,0.0207045254979881
2008-04-03,0.00109726567951699,0.00329179703855096
2008-04-04,0.00855396775918017,0.0256619032775405
2008-04-07,-0.00154372296416356,-0.00463116889249069
2008-04-08,-0.00347049310924095,-0.0104114793277228
2008-04-09,0.0115683222876859,0.0347049668630577
2008-04-10,-0.00424699543961508,-0.0127409863188452
2008-04-11,0.00240396156603619,0.00721188469810858
2008-04-14,-0.00338058481832489,-0.0101417544549747
2008-04-15,-0.0039064494558522,-0.0117193483675566
2008-04-16,-0.000900610034679999,-0.00270183010404
2008-04-17,-0.00362111683628217,-0.0108633505088465
2008-04-18,-0.00649863374024692,-0.0194959012207408
2008-04-21,8.61527835933637e-05,0.000258458350780091
2008-04-22,0.00140593573497493,0.0042178072049248
2008-04-23,-0.00463193441177939,-0.0138958032353382
2008-04-24,-0.012067809516624,-0.0362034285498721
2008-04-25,-0.00213779790750339,-0.00641339372251018
2008-04-28,0.00300528177841858,0.00901584533525573
2008-04-29,-0.00405808609718131,-0.0121742582915439
2008-04-30,0.00617855004878686,0.0185356501463606
2008-05-01,-0.00696580320633425,-0.0208974096190027
2008-05-02,-0.00611338694230923,-0.0183401608269277
2008-05-05,0.00518082199759973,0.0155424659927992
2008-05-06,-0.00278745772485358,-0.00836237317456073
2008-05-07,0.00107090664220479,0.00321271992661437
2008-05-08,0.00952304534611962,0.0285691360383589
2008-05-09,0.00214458065487352,0.00643374196462055
2008-05-12,-0.00235970556760324,-0.00707911670280971
2008-05-13,-0.0114171994624756,-0.0342515983874269
2008-05-14,-0.000520084525416937,-0.00156025357625081
2008-05-15,0.0101793318362098,0.0305379955086295
2008-05-16,0.00336388521918566,0.010091655657557
2008-05-19,0.00219080955950169,0.00657242867850508
2008-05-20,0.00684492294793737,0.0205347688438121
2008-05-21,0.00161155477898016,0.0048346643369405
2008-05-22,-0.00912167090494385,-0.0273650127148315
2008-05-23,0.00403224879949864,0.0120967463984959
2008-05-27,-0.00898110896358708,-0.0269433268907613
2008-05-28,-0.00679804452881264,-0.0203941335864379
2008-05-29,-0.011072169736689,-0.033216509210067
2008-05-30,0.00605359551128995,0.0181607865338699
2008-06-02,0.00045478351597486,0.00136435054792458
2008-06-03,0.00295968639853266,0.00887905919559797
2008-06-04,-0.00130777362753776,-0.00392332088261329
2008-06-05,0.00227225775903731,0.00681677327711194
2008-06-06,-0.000393959141417654,-0.00118187742425296
2008-06-09,-0.0110033535006716,-0.0330100605020149
2008-06-10,-0.00678288261005831,-0.0203486478301749
2008-06-11,-0.00105996899200563,-0.0031799069760169
2008-06-12,-0.00543376862522529,-0.0163013058756759
2008-06-13,0.00362345959663873,0.0108703787899162
2008-06-16,0.00485332250158794,0.0145599675047638
2008-06-17,-0.00480218567585952,-0.0144065570275786
2008-06-18,0.00216694689708021,0.00650084069124063
2008-06-19,0.00192063313427976,0.00576189940283927
2008-06-20,-0.00255679838402336,-0.00767039515207008
2008-06-23,-0.0082367530668212,-0.0247102592004636
2008-06-24,0.00497735104840481,0.0149320531452144
2008-06-25,0.00371986535852033,0.011159596075561
2008-06-26,0.000638071607850537,0.00191421482355161
2008-06-27,0.00260861066030145,0.00782583198090436
2008-06-30,0.000651351429942045,0.00195405428982614
2008-07-01,0.000509193276602726,0.00152757982980818
2008-07-02,-0.00179357177976333,-0.00538071533928999
2008-07-03,-0.00332600347583378,-0.00997801042750134
2008-07-07,-0.00455945389444929,-0.0136783616833479
2008-07-08,0.0188277605564761,0.0564832816694284
2008-07-09,-0.0141583720988704,-0.0424751162966113
2008-07-10,0.00926935518462583,0.0278080655538775
2008-07-11,-0.00284530119531737,-0.00853590358595212
2008-07-14,-0.00392328758012798,-0.0117698627403839
2008-07-15,0.000562022335072942,0.00168606700521883
2008-07-16,0.0083879410728959,0.0251638232186877
2008-07-17,0.0010104131925084,0.00303123957752519
2008-07-18,-0.00163020966940941,-0.00489062900822823
2008-07-21,0.00400728769579777,0.0120218630873933
2008-07-22,0.00149436400077819,0.00448309200233457
2008-07-23,0.000500314462331408,0.00150094338699423
2008-07-24,-0.0101761142420705,-0.0305283427262116
2008-07-25,0.00234413591169266,0.00703240773507799
2008-07-28,-0.00259928806119415,-0.00779786418358246
2008-07-29,0.0098844514227853,0.0296533542683559
2008-07-30,-0.00158718992430061,-0.00476156977290184
2008-07-31,0.00173252969791997,0.00519758909375991
2008-08-01,0.000903454861288528,0.00271036458386558
2008-08-04,-0.00309859853511774,-0.00929579560535321
2008-08-05,0.00174072927373753,0.00522218782121259
2008-08-06,-0.00173175180402826,-0.00519525541208479
2008-08-07,0.00671084450880107,0.0201325335264032
2008-08-08,0.00590086486702611,0.0177025946010783
2008-08-11,-0.00199032850843399,-0.00597098552530197
2008-08-12,0.00294149328536585,0.00882447985609756
2008-08-13,-0.00482371640161419,-0.0144711492048426
2008-08-14,0.00601942295879182,0.0180582688763755
2008-08-15,0.00483381155871107,0.0145014346761332
2008-08-18,8.86748391753967e-05,0.00026602451752619
2008-08-19,-0.00530743998680047,-0.0159223199604014
2008-08-20,0.0027791591474383,0.0083374774423149
2008-08-21,-0.00375480919476672,-0.0112644275843002
2008-08-22,0.0029034681514467,0.0087104044543401
2008-08-25,0.00261247548781288,0.00783742646343863
2008-08-26,0.00181478547538265,0.00544435642614794
2008-08-27,0.00227557376555426,0.00682672129666277
2008-08-28,0.00381794422259695,0.0114538326677908
2008-08-29,-0.00351911656301377,-0.0105573496890413
2008-09-02,0.00632802176239086,0.0189840652871726
2008-09-03,0.00411352586196531,0.0123405775858959
2008-09-04,-0.00378096921491648,-0.0113429076447495
2008-09-05,0.000747569826992403,0.00224270948097721
2008-09-08,0.0114369185702674,0.0343107557108022
2008-09-09,-0.00411472832477,-0.01234418497431
2008-09-10,-0.00315139932993965,-0.00945419798981895
2008-09-11,0.00351611444510688,0.0105483433353206
2008-09-12,-0.00647288636758401,-0.019418659102752
2008-09-15,0.00678818143912347,0.0203645443173704
2008-09-16,0.00573409470114452,0.0172022841034336
2008-09-17,-0.0111074445185892,-0.0333223335557675
2008-09-18,0.00583454981299829,0.0175036494389949
2008-09-19,-0.00821526748155968,-0.0246458024446791
2008-09-22,-0.0167627509173788,-0.0502882527521365
2008-09-23,-0.00485313690818179,-0.0145594107245454
2008-09-24,0.0013538367743613,0.0040615103230839
2008-09-25,0.00405880934658869,0.0121764280397661
2008-09-26,0.00789128820480759,0.0236738646144228
2008-09-29,-0.00154689798661728,-0.00464069395985184
2008-09-30,-0.00490322554580757,-0.0147096766374227
2008-10-01,3.91374429991382e-10,1.17412328997415e-09
2008-10-02,2.81180597242301e-10,8.43541791726903e-10
2008-10-03,2.43762803832012e-10,7.31288411496035e-10
2008-10-06,5.09839470625726e-10,1.52951841187718e-09
2008-10-07,-6.79226802555307e-11,-2.03768040766592e-10
2008-10-08,-5.75272766138651e-10,-1.72581829841595e-09
2008-10-09,-4.06423851621769e-10,-1.21927155486531e-09
2008-10-10,-4.30495503914909e-10,-1.29148651174473e-09
2008-10-13,-3.88773694344455e-10,-1.16632108303336e-09
2008-10-14,-2.29507993810798e-10,-6.88523981432395e-10
2008-10-15,3.76075055302629e-10,1.12822516590789e-09
2008-10-16,-7.45476981947334e-11,-2.236430945842e-10
2008-10-17,6.4164122239025e-11,1.92492366717075e-10
2008-10-20,1.55407909717956e-10,4.66223729153868e-10
2008-10-21,3.73104108979066e-10,1.1193123269372e-09
2008-10-22,5.30870930718042e-10,1.59261279215413e-09
2008-10-23,1.54979597489949e-10,4.64938792469848e-10
2008-10-24,-2.82962910600058e-10,-8.48888731800173e-10
2008-10-27,-2.82028534766657e-12,-8.46085604299971e-12
2008-10-28,-4.4963185484818e-10,-1.34889556454454e-09
2008-10-29,-3.85880401114803e-11,-1.15764120334441e-10
2008-10-30,-3.51654607775618e-10,-1.05496382332685e-09
2008-10-31,-2.60132904267128e-10,-7.80398712801383e-10
2008-11-03,1.0590835446001e-10,3.17725063380031e-10
2008-11-04,7.60481308000525e-10,2.28144392400158e-09
2008-11-05,4.06898969584814e-10,1.22069690875444e-09
2008-11-06,-2.39674245836669e-10,-7.19022737510007e-10
2008-11-07,-2.44816898385286e-10,-7.34450695155859e-10
2008-11-10,1.3008068566728e-10,3.90242057001839e-10
2008-11-11,1.80441929880309e-10,5.41325789640926e-10
2008-11-12,3.2862529978045e-10,9.85875899341351e-10
2008-11-13,-7.06643996595804e-10,-2.11993198978741e-09
2008-11-14,7.1347150404082e-10,2.14041451212246e-09
2008-11-17,2.25709445022036e-10,6.77128335066107e-10
2008-11-18,5.07071984427751e-10,1.52121595328325e-09
2008-11-19,8.56280926676263e-10,2.56884278002879e-09
2008-11-20,1.67355392372711e-09,5.02066177118133e-09
2008-11-21,-5.82504435894358e-10,-1.74751330768308e-09
2008-11-24,-6.12069653821069e-10,-1.83620896146321e-09
2008-11-25,1.13940650561437e-09,3.41821951684311e-09
2008-11-26,2.25941458144361e-10,6.77824374433083e-10
2008-11-28,3.09776819524355e-10,9.29330458573066e-10
2008-12-01,1.09339794873692e-09,3.28019384621077e-09
2008-12-02,2.36985241339295e-10,7.10955724017886e-10
2008-12-03,1.00212493502858e-10,3.00637480508573e-10
2008-12-04,5.41934842673599e-10,1.6258045280208e-09
2008-12-05,-6.19668508197794e-10,-1.85900552459338e-09
2008-12-08,-1.58456064447642e-10,-4.75368193342926e-10
2008-12-09,6.16350122025173e-10,1.84905036607552e-09
2008-12-10,-7.06234112225984e-11,-2.11870233667795e-10
2008-12-11,2.30759664998507e-10,6.92278994995522e-10
2008-12-12,9.17338983094518e-11,2.75201694928355e-10
2008-12-15,2.66895063546735e-10,8.00685190640204e-10
2008-12-16,9.40353372109831e-10,2.82106011632949e-09
2008-12-17,6.87278614075211e-10,2.06183584222563e-09
2008-12-18,5.8021493594761e-10,1.74064480784283e-09
2008-12-19,-8.78945497822487e-11,-2.63683649346746e-10
2008-12-22,-2.15683947450438e-10,-6.47051842351313e-10
2008-12-23,-3.7970824876654e-11,-1.13912474629962e-10
2008-12-24,-6.85177589375424e-11,-2.05553276812627e-10
2008-12-26,2.3118844825011e-10,6.93565344750331e-10
2008-12-29,5.1770636008005e-11,1.55311908024015e-10
2008-12-30,2.10101132997601e-10,6.30303398992803e-10
2008-12-31,-7.1606932351305e-10,-2.14820797053915e-09
2009-01-02,-8.60293006918977e-10,-2.58087902075693e-09
2009-01-05,-4.51374486697616e-10,-1.35412346009285e-09
2009-01-06,-1.73321681220577e-10,-5.1996504366173e-10
2009-01-07,6.78027889895224e-11,2.03408366968567e-10
2009-01-08,7.8255253636641e-11,2.34765760909923e-10
2009-01-09,1.78505375569871e-10,5.35516126709613e-10
2009-01-12,3.67965468196994e-10,1.10389640459098e-09
2009-01-13,4.08619231642888e-11,1.22585769492866e-10
2009-01-14,4.39529694068701e-10,1.3185890822061e-09
2009-01-15,-9.36467466528101e-13,-2.8094023995843e-12
2009-01-16,-5.41842642431028e-10,-1.62552792729309e-09
2009-01-20,-5.27864079728075e-11,-1.58359223918423e-10
2009-01-21,-7.78616030295402e-10,-2.33584809088621e-09
2009-01-22,-5.13478822304884e-10,-1.54043646691465e-09
2009-01-23,-1.1173497560039e-10,-3.35204926801171e-10
2009-01-26,-2.15556854678603e-10,-6.46670564035809e-10
2009-01-27,5.79174507299327e-10,1.73752352189798e-09
2009-01-28,-5.93774776101936e-10,-1.78132432830581e-09
2009-01-29,-7.8569685595489e-10,-2.35709056786467e-09
2009-01-30,-6.15289254109621e-11,-1.84586776232886e-10
2009-02-02,0.00148344175225228,0.00445032525675685
2009-02-03,-0.0109168131441225,-0.0327504394323675
2009-02-04,-0.00137813983625506,-0.00413441950876517
2009-02-05,0.00410519817558492,0.0123155945267548
2009-02-06,-0.00534678968473465,-0.0160403690542039
2009-02-09,-0.00394346977105163,-0.0118304093131549
2009-02-10,0.0173222432449753,0.0519667297349259
2009-02-11,0.0128231761241137,0.038469528372341
2009-02-12,0.000142089163000323,0.00042626748900097
2009-02-13,-0.0117997076041383,-0.0353991228124148
2009-02-17,0.0237663539344775,0.0712990618034326
2009-02-18,-0.00179518158427326,-0.00538554475281977
2009-02-19,-0.00972910411679207,-0.0291873123503762
2009-02-20,0.00908653879777417,0.0272596163933225
2009-02-23,0.00239731354614089,0.00719194063842268
2009-02-24,-0.010036047027795,-0.0301081410833849
2009-02-25,-0.0115692543805063,-0.0347077631415189
2009-02-26,-0.00395890003112878,-0.0118767000933863
2009-02-27,-0.00291664157899478,-0.00874992473698433
2009-03-02,0.0042472704411438,0.0127418113234314
2009-03-03,-0.0047113298763022,-0.0141339896289066
2009-03-04,-0.00665584070617134,-0.019967522118514
2009-03-05,0.0210899535128518,0.0632698605385553
2009-03-06,-0.00312951357357865,-0.00938854072073596
2009-03-09,-0.00592030991808852,-0.0177609297542656
2009-03-10,-0.0150717218871117,-0.0452151656613351
2009-03-11,0.00930636857146093,0.0279191057143828
2009-03-12,0.0079698205942673,0.0239094617828019
2009-03-13,-0.00101372441273535,-0.00304117323820605
2009-03-16,-0.00795667519942948,-0.0238700255982884
2009-03-17,-0.00438705883070827,-0.0131611764921248
2009-03-18,0.0350056823113584,0.105017046934075
2009-03-19,0.00202299052858719,0.00606897158576157
2009-03-20,-0.00335475356657824,-0.0100642606997347
2009-03-23,-0.00789005346381096,-0.0236701603914329
2009-03-24,-0.00158134620616005,-0.00474403861848016
2009-03-25,-0.00340088437918596,-0.0102026531375579
2009-03-26,0.00389069398176018,0.0116720819452805
2009-03-27,-0.00205185627181348,-0.00615556881544043
2009-03-30,0.00106591181840132,0.00319773545520396
2009-03-31,0.00341696435512976,0.0102508930653893
2009-04-01,0.00578833983739972,0.0173650195121992
2009-04-02,-0.0127754380472988,-0.0383263141418966
2009-04-03,-0.0144771061829468,-0.0434313185488403
2009-04-06,-0.0091743887846531,-0.0275231663539593
2009-04-07,0.00638366481626473,0.0191509944487942
2009-04-08,0.00432737518546937,0.0129821255564081
2009-04-09,-0.0070564093364784,-0.0211692280094352
2009-04-13,0.0100129178237756,0.0300387534713269
2009-04-14,0.00230127527019952,0.00690382581059856
2009-04-15,0.000356477269108918,0.00106943180732675
2009-04-16,-0.00905241057823152,-0.0271572317346946
2009-04-17,-0.00854709959413458,-0.0256412987824037
2009-04-20,0.0126771521871749,0.0380314565615247
2009-04-21,-0.00467529245949817,-0.0140258773784945
2009-04-22,-0.00130226433859058,-0.00390679301577174
2009-04-23,0.00412659921135326,0.0123797976340598
2009-04-24,-0.00183957221538829,-0.00551871664616488
2009-04-27,0.00101900975970743,0.00305702927912228
2009-04-28,-0.0104075886094019,-0.0312227658282056
2009-04-29,-0.00320033244003217,-0.00960099732009651
2009-04-30,-0.00501176527415203,-0.0150352958224561
2009-05-01,-0.000256263499394193,-0.000768790498182578
2009-05-04,0.0174328441971025,0.0522985325913075
2009-05-05,-0.0028286558733332,-0.00848596761999961
2009-05-06,0.00694514306543646,0.0208354291963094
2009-05-07,-0.00933462605470514,-0.0280038781641154
2009-05-08,0.00795678572897609,0.0238703571869283
2009-05-11,0.000526350837080053,0.00157905251124016
2009-05-12,0.00374877450744199,0.011246323522326
2009-05-13,-0.00255910087101245,-0.00767730261303734
2009-05-14,0.00235724789330519,0.00707174367991557
2009-05-15,-0.00151735123870311,-0.00455205371610932
2009-05-18,0.00282872984556903,0.00848618953670709
2009-05-19,0.00285220776735531,0.00855662330206592
2009-05-20,0.00596221269826236,0.0178866380947871
2009-05-21,-0.00500076057295444,-0.0150022817188633
2009-05-22,-0.00176869918040961,-0.00530609754122883
2009-05-26,-0.00281623980664893,-0.00844871941994678
2009-05-27,-0.00929539152310635,-0.027886174569319
2009-05-28,0.0104525235049238,0.0313575705147713
2009-05-29,0.0144092075706463,0.0432276227119389
2009-06-01,0.0107148308134975,0.0321444924404924
2009-06-02,0.00394176458990277,0.0118252937697083
2009-06-03,-0.0259630848297885,-0.0778892544893654
2009-06-04,0.0162357173650105,0.0487071520950315
2009-06-05,-0.0180276649972452,-0.0540829949917356
2009-06-08,-0.00442088283272823,-0.0132626484981847
2009-06-09,0.00437281795698649,0.0131184538709595
2009-06-10,0.00273819175219154,0.00821457525657463
2009-06-11,0.00656256414762386,0.0196876924428716
2009-06-12,-0.0135351421487586,-0.0406054264462757
2009-06-15,-0.0225526372180272,-0.0676579116540817
2009-06-16,0.000733868410215263,0.00220160523064579
2009-06-17,-7.06118383375402e-05,-0.000211835515012621
2009-06-18,-0.00505736319770102,-0.0151720895931031
2009-06-19,0.00590272337205156,0.0177081701161547
2009-06-22,-0.0233726449666724,-0.0701179349000172
2009-06-23,0.00661089640173939,0.0198326892052182
2009-06-24,0.00832808023898682,0.0249842407169605
2009-06-25,0.0149133492914639,0.0447400478743917
2009-06-26,0.000290226019062629,0.000870678057187886
2009-06-29,0.0027979745718481,0.0083939237155443
2009-06-30,-0.00976869540378776,-0.0293060862113633
2009-07-01,0.0159244979331886,0.0477734937995657
2009-07-02,-0.0195898449981719,-0.0587695349945156
2009-07-06,-0.00504986510094631,-0.0151495953028389
2009-07-07,-0.0114167056149156,-0.0342501168447467
2009-07-08,-0.0127529704702437,-0.0382589114107311
2009-07-09,0.00978070084615154,0.0293421025384546
2009-07-10,-0.00571984374249649,-0.0171595312274895
2009-07-13,0.0116746601875093,0.035023980562528
2009-07-14,0.00727512307825445,0.0218253692347633
2009-07-15,0.0296910013239373,0.0890730039718119
2009-07-16,0.00225338238451204,0.00676014715353611
2009-07-17,0.000493459161145908,0.00148037748343773
2009-07-20,0.0211069649612142,0.0633208948836427
2009-07-21,-0.00076664274193937,-0.00229992822581811
2009-07-22,0.00165945187296436,0.00497835561889307
2009-07-23,0.00945379252546655,0.0283613775763997
2009-07-24,0.00167534385659006,0.00502603156977017
2009-07-27,0.00458196451287048,0.0137458935386114
2009-07-28,-0.0132759860967718,-0.0398279582903155
2009-07-29,-0.0120016942678657,-0.0360050828035971
2009-07-30,0.0124680156328725,0.0374040468986174
2009-07-31,0.0156574317170704,0.0469722951512112
2009-08-03,0.025533028986494,0.0765990869594819
2009-08-04,-0.00106219241435549,-0.00318657724306648
2009-08-05,-0.00400546374745585,-0.0120163912423675
2009-08-06,-0.00811507973887992,-0.0243452392166398
2009-08-07,0.0097649183720413,0.0292947551161239
2009-08-10,-0.00707590724874801,-0.021227721746244
2009-08-11,-0.0133752828809106,-0.0401258486427317
2009-08-12,0.0108380089002656,0.0325140267007969
2009-08-13,0.0139269344006475,0.0417808032019426
2009-08-14,-0.0124141763614097,-0.0372425290842291
2009-08-17,-0.0323660397991522,-0.0970981193974565
2009-08-18,0.0163111584907602,0.0489334754722807
2009-08-19,0.00760223989586458,0.0228067196875938
2009-08-20,0.0124154909015556,0.0372464727046668
2009-08-21,0.0201492198572476,0.0604476595717429
2009-08-24,0.000997272447768834,0.0029918173433065
2009-08-25,0.00363711641195948,0.0109113492358784
2009-08-26,-0.0039398402791895,-0.0118195208375685
2009-08-27,0.0041667981693052,0.0125003945079156
2009-08-28,-0.00142642688151398,-0.00427928064454194
2009-08-31,-0.0113861183507869,-0.0341583550523608
2009-09-01,-0.0339823471166344,-0.101947041349903
2009-09-02,-0.000729937603502896,-0.00218981281050869
2009-09-03,0.0158963065916491,0.0476889197749472
2009-09-04,0.015455965677371,0.046367897032113
2009-09-08,0.0263798063601812,0.0791394190805436
2009-09-09,0.0134281955154586,0.0402845865463759
2009-09-10,0.0117701840922996,0.0353105522768987
2009-09-11,-0.00170785864967788,-0.00512357594903365
2009-09-14,0.0100178438813891,0.0300535316441672
2009-09-15,0.0101467081356003,0.0304401244068008
2009-09-16,0.028198127317035,0.084594381951105
2009-09-17,-0.00383750065768671,-0.0115125019730601
2009-09-18,0.00048503413238735,0.00145510239716205
2009-09-21,-0.0108844610408442,-0.0326533831225326
2009-09-22,0.01925369094254,0.0577610728276201
2009-09-23,-0.0189432747211046,-0.0568298241633139
2009-09-24,-0.0251836161007451,-0.0755508483022354
2009-09-25,0.00124272998686698,0.00372818996060093
2009-09-28,0.0214047151998432,0.0642141455995296
2009-09-29,-0.0052791055564188,-0.0158373166692564
2009-09-30,0.00154305105618572,0.00462915316855717
2009-10-01,-0.0341233707361889,-0.102370112208567
2009-10-02,-0.00496446012517329,-0.0148933803755199
2009-10-05,0.0216079562905613,0.064823868871684
2009-10-06,0.0137560365358918,0.0412681096076755
2009-10-07,-0.000996374399097871,-0.00298912319729361
2009-10-08,0.0149922084817562,0.0449766254452686
2009-10-09,0.000478758394464406,0.00143627518339322
2009-10-12,0.00533255579101626,0.0159976673730488
2009-10-13,-0.00117420772143205,-0.00352262316429615
2009-10-14,0.0316164865944457,0.0948494597833371
2009-10-15,-0.0014420233657728,-0.00432607009731839
2009-10-16,-0.0157931102639895,-0.0473793307919684
2009-10-19,0.0170342924681309,0.0511028774043926
2009-10-20,-0.0117040361205172,-0.0351121083615515
2009-10-21,-0.00581180660263746,-0.0174354198079124
2009-10-22,0.0145311157732011,0.0435933473196034
2009-10-23,-0.0126585057269407,-0.037975517180822
2009-10-26,-0.0135325633968687,-0.040597690190606
2009-10-27,-0.0127564677923165,-0.0382694033769494
2009-10-28,-0.0376993009549739,-0.113097902864922
2009-10-29,0.0417888109508095,0.125366432852429
2009-10-30,-0.0383718735579375,-0.115115620673813
2009-11-02,0.010942583706315,0.0328277511189451
2009-11-03,0.00184932954232448,0.00554798862697345
2009-11-04,0.00731990082847974,0.0219597024854392
2009-11-05,0.0197698060535112,0.0593094181605337
2009-11-06,-0.00513956760195986,-0.0154187028058796
2009-11-09,0.0385798861351216,0.115739658405365
2009-11-10,-0.00378999171587753,-0.0113699751476326
2009-11-11,0.00756570900537829,0.0226971270161349
2009-11-12,-0.0138928664282651,-0.0416785992847953
2009-11-13,0.0136406037215019,0.0409218111645056
2009-11-16,0.021826405120995,0.065479215362985
2009-11-17,-0.00747440236732665,-0.0224232071019799
2009-11-18,0.00222694347171451,0.00668083041514353
2009-11-19,-0.020054615893737,-0.060163847681211
2009-11-20,-0.00771273468639071,-0.0231382040591721
2009-11-23,0.0184914189090083,0.0554742567270249
2009-11-24,-0.0070663435968595,-0.0211990307905785
2009-11-25,0.0114197970034611,0.0342593910103832
2009-11-27,-0.0357447653363288,-0.107234296008987
2009-11-30,0.0130178654197138,0.0390535962591414
2009-12-01,0.0176656150200402,0.0529968450601206
2009-12-02,0.0126084835719253,0.0378254507157758
2009-12-03,-0.00659613944869046,-0.0197884183460714
2009-12-04,-0.0139843329303225,-0.0419529987909674
2009-12-07,-0.0101405490081285,-0.0304216470243854
2009-12-08,-0.0165861554211238,-0.0497584662633715
2009-12-09,0.000529793899840869,0.00158938169952261
2009-12-10,0.00125148566583461,0.00375445699750382
2009-12-11,-0.00319731807599711,-0.00959195422799133
2009-12-14,0.0102213164852884,0.0306639494558652
2009-12-15,-0.00505554878710099,-0.015166646361303
2009-12-16,0.010398884326509,0.0311966529795269
2009-12-17,-0.0290476871687896,-0.0871430615063687
2009-12-18,0.0102760588971658,0.0308281766914973
2009-12-21,-0.00728554256206316,-0.0218566276861895
2009-12-22,0.00130407989591891,0.00391223968775672
2009-12-23,0.00516159318445518,0.0154847795533655
2009-12-24,0.016589450772122,0.049768352316366
2009-12-28,0.00233192214977951,0.00699576644933853
2009-12-29,-0.00956615327315707,-0.0286984598194712
2009-12-30,-0.0013984401317617,-0.00419532039528511
2009-12-31,-0.00194073042739847,-0.0058221912821954
2010-01-04,0.0186063233511996,0.0558189700535987
2010-01-05,0.00299413989045339,0.00898241967136016
2010-01-06,0.00218266144532109,0.00654798433596327
2010-01-07,-0.00146944487212581,-0.00440833461637743
2010-01-08,0.00389645254821978,0.0116893576446593
2010-01-11,0.00416237406052596,0.0124871221815779
2010-01-12,-0.0160344508850498,-0.0481033526551494
2010-01-13,0.0126154931773316,0.0378464795319948
2010-01-14,-0.00215054028193749,-0.00645162084581248
2010-01-15,-0.0140963658576525,-0.0422890975729575
2010-01-19,0.021047451003755,0.0631423530112649
2010-01-20,-0.0234421336020199,-0.0703264008060598
2010-01-21,-0.0302811039917857,-0.0908433119753572
2010-01-22,-0.0222599255522386,-0.0667797766567158
2010-01-25,0.0104153423527685,0.0312460270583056
2010-01-26,-0.0124901759428945,-0.0374705278286836
2010-01-27,0.00295474961513374,0.00886424884540121
2010-01-28,-0.0139909510089827,-0.0419728530269482
2010-01-29,-0.00972612261076604,-0.0291783678322981
2010-02-01,0.0188491818755243,0.0565475456265728
2010-02-02,0.0114909332669475,0.0344727998008426
2010-02-03,-0.00741225231872404,-0.0222367569561721
2010-02-04,-0.0355908254575849,-0.106772476372755
2010-02-05,0.00657819976769017,0.0197345993030705
2010-02-08,-0.0108489524576649,-0.0325468573729947
2010-02-09,0.00893844773776129,0.0268153432132839
2010-02-10,-0.000894750684098747,-0.00268425205229624
2010-02-11,0.0121575233031495,0.0364725699094484
2010-02-12,0.00227422413206645,0.00682267239619936
2010-02-16,0.0220606206783569,0.0661818620350708
2010-02-17,0.0038642284589471,0.0115926853768413
2010-02-18,0.00823947841662957,0.0247184352498887
2010-02-19,0.000876673686962914,0.00263002106088874
2010-02-22,-0.000969854541058423,-0.00290956362317527
2010-02-23,-0.0105212664754742,-0.0315637994264225
2010-02-24,0.00479340954160643,0.0143802286248193
2010-02-25,0.00418272371726923,0.0125481711518077
2010-02-26,0.00254213730650457,0.00762641191951371
2010-03-01,0.00760186146439204,0.0228055843931761
2010-03-02,0.0063213064217517,0.0189639192652551
2010-03-03,0.00177579548236136,0.00532738644708407
2010-03-04,-0.000134442078278174,-0.000403326234834522
2010-03-05,0.0139711470285335,0.0419134410856004
2010-03-08,7.1309093559729e-05,0.000213927280679187
2010-03-09,0.0015790299310105,0.00473708979303151
2010-03-10,0.000117327687299027,0.000351983061897081
2010-03-11,0.00382508494892534,0.011475254846776
2010-03-12,0.000639777919588365,0.00191933375876509
2010-03-15,0.000243932863176184,0.000731798589528553
2010-03-16,0.0166645979215215,0.0499937937645646
2010-03-17,0.00424146429814641,0.0127243928944392
2010-03-18,0.000603897725175756,0.00181169317552727
2010-03-19,-0.0117209552622446,-0.0351628657867339
2010-03-22,0.00418082951286365,0.012542488538591
2010-03-23,0.00383951246140015,0.0115185373842005
2010-03-24,-0.0071905203574314,-0.0215715610722942
2010-03-25,0.00221006581677193,0.0066301974503158
2010-03-26,0.0039522422651418,0.0118567267954254
2010-03-29,0.00265854807895907,0.0079756442368772
2010-03-30,-0.00243729330379168,-0.00731187991137504
2010-03-31,-0.00097941623519321,-0.00293824870557963
2010-04-01,0.0109906589312974,0.0329719767938922
2010-04-05,0.0138586095940947,0.041575828782284
2010-04-06,0.00926308747836697,0.0277892624351009
2010-04-07,-0.0125543181666017,-0.0376629544998052
2010-04-08,0.00171324860934909,0.00513974582804726
2010-04-09,0.0103913759060939,0.0311741277182816
2010-04-12,-0.00335310244328704,-0.0100593073298611
2010-04-13,0.00796017043445519,0.0238805113033656
2010-04-14,0.00826817149261397,0.0248045144778419
2010-04-15,-0.0100464903679941,-0.0301394711039822
2010-04-16,-0.0213013772836944,-0.0639041318510831
2010-04-19,0.00131305045960628,0.00393915137881883
2010-04-20,0.0123407668613289,0.0370223005839868
2010-04-21,0.00465161893914334,0.01395485681743
2010-04-22,0.00895573935247636,0.0268672180574291
2010-04-23,0.00907864812499526,0.0272359443749858
2010-04-26,0.000809714608873733,0.0024291438266212
2010-04-27,-0.0295715936586205,-0.0887147809758615
2010-04-28,0.00618634633452351,0.0185590390035705
2010-04-29,0.0243758613251256,0.0731275839753768
2010-04-30,-0.0205189148904332,-0.0615567446712997
2010-05-03,0.0159318070410524,0.0477954211231571
2010-05-04,-0.0298354871031137,-0.089506461309341
2010-05-05,-0.0128796532841299,-0.0386389598523898
2010-05-06,-0.0368123574736246,-0.110437072420874
2010-05-07,-0.0115988629033832,-0.0347965887101497
2010-05-10,0.0598038009749628,0.179411402924888
2010-05-11,-0.00525160662645681,-0.0157548198793704
2010-05-12,0.0147384195968547,0.044215258790564
2010-05-13,-0.0119711807407156,-0.0359135422221467
2010-05-14,-0.0222760759600093,-0.0668282278800278
2010-05-17,-0.00153480315016098,-0.00460440945048293
2010-05-18,-0.0187540941656438,-0.0562622824969315
2010-05-19,-0.00815973990113654,-0.0244792197034096
2010-05-20,-0.0448685729854632,-0.13460571895639
2010-05-21,0.024347967230208,0.0730439016906239
2010-05-24,-0.0141174527702315,-0.0423523583106945
2010-05-25,-0.000857896925132763,-0.00257369077539829
2010-05-26,-0.00334353180206645,-0.0100305954061994
2010-05-27,0.0477712073420062,0.143313622026019
2010-05-28,-0.0127652333075984,-0.0382956999227952
2010-06-01,-0.00117816555922359,-0.00353449667767078
2010-06-02,-0.00196411514739941,-0.00589234544219823
2010-06-03,-0.00322637420432119,-0.00967912261296356
2010-06-04,0.00411838106672854,0.0123551432001856
2010-06-07,0.0034102618423816,0.0102307855271448
2010-06-08,0.000387183814981841,0.00116155144494552
2010-06-09,0.00151057362366081,0.00453172087098242
2010-06-10,-0.00161555394293221,-0.00484666182879663
2010-06-11,0.00877048749006436,0.0263114624701931
2010-06-14,0.000241998008349039,0.000725994025047118
2010-06-15,0.00099989224781865,0.00299967674345595
2010-06-16,0.0014888570137718,0.00446657104131539
2010-06-17,0.00525761558902257,0.0157728467670677
2010-06-18,-0.00230726496698825,-0.00692179490096475
2010-06-21,-0.00237542437293737,-0.00712627311881212
2010-06-22,0.000526655130880724,0.00157996539264217
2010-06-23,0.00458811429871113,0.0137643428961334
2010-06-24,-0.00652540659580452,-0.0195762197874136
2010-06-25,0.0069043904872357,0.0207131714617071
2010-06-28,0.00391754386489143,0.0117526315946743
2010-06-29,-0.000502415169826203,-0.00150724550947861
2010-06-30,0.000136745608173428,0.000410236824520283
2010-07-01,-0.0109260970281769,-0.0327782910845308
2010-07-02,0.000983857559043034,0.0029515726771291
2010-07-06,-0.00186655651174839,-0.00559966953524516
2010-07-07,-0.00105311456631288,-0.00315934369893863
2010-07-08,-0.00385325415898775,-0.0115597624769633
2010-07-09,0.000305911361606202,0.000917734084818607
2010-07-12,-0.00175005590619362,-0.00525016771858086
2010-07-13,-0.00178387432557554,-0.00535162297672662
2010-07-14,0.00449244150391582,0.0134773245117475
2010-07-15,0.00453808502396301,0.013614255071889
2010-07-16,8.313636032869e-05,0.00024940908098607
2010-07-19,-0.00495406564900548,-0.0148621969470164
2010-07-20,0.0031441690892917,0.00943250726787511
2010-07-21,0.00482803726123858,0.0144841117837158
2010-07-22,-0.00268689631004673,-0.00806068893014019
2010-07-23,-0.00581178253423017,-0.0174353476026905
2010-07-26,-0.00194683001872205,-0.00584049005616616
2010-07-27,-0.00883565997461358,-0.0265069799238407
2010-07-28,0.003519644657148,0.010558933971444
2010-07-29,0.00226174737391589,0.00678524212174768
2010-07-30,0.00930591859193771,0.0279177557758131
2010-08-02,0.00216501985498844,0.00649505956496532
2010-08-03,0.000534344132852981,0.00160303239855894
2010-08-04,-0.00359333207775727,-0.0107799962332718
2010-08-05,0.000221351860186227,0.000664055580558681
2010-08-06,0.00595187726126542,0.0178556317837963
2010-08-09,0.00086689798313664,0.00260069394940992
2010-08-10,-0.0031559147824365,-0.0094677443473095
2010-08-11,-0.00193710307477384,-0.00581130922432151
2010-08-12,-0.00337208045162286,-0.0101162413548686
2010-08-13,0.00903495285292793,0.0271048585587838
2010-08-16,0.0177889697459136,0.0533669092377407
2010-08-17,0.00246777492596906,0.00740332477790717
2010-08-18,0.00194299260707749,0.00582897782123247
2010-08-19,0.00410403410815784,0.0123121023244735
2010-08-20,-0.00166168624912445,-0.00498505874737334
2010-08-23,-0.00234635004819948,-0.00703905014459845
2010-08-24,0.00662997837220486,0.0198899351166146
2010-08-25,-0.000717237064390344,-0.00215171119317103
2010-08-26,0.00385984505354943,0.0115795351606483
2010-08-27,-0.0111411766495926,-0.0334235299487778
2010-08-30,0.0074715998874846,0.0224147996624538
2010-08-31,0.00982661036809477,0.0294798311042843
2010-09-01,-0.00811908187785478,-0.0243572456335643
2010-09-02,-0.00190693735262472,-0.00572081205787417
2010-09-03,-0.00610261461222195,-0.0183078438366658
2010-09-07,0.00980706816830394,0.0294212045049118
2010-09-08,-0.00262884034172108,-0.00788652102516323
2010-09-09,-0.0105899157929181,-0.0317697473787543
2010-09-10,-0.00157940336981927,-0.00473821010945781
2010-09-13,0.00265767506233253,0.0079730251869976
2010-09-14,0.0114047424692436,0.0342142274077308
2010-09-15,-0.00448583789788264,-0.0134575136936479
2010-09-16,-0.00124148889298316,-0.00372446667894948
2010-09-17,0.00147317398272144,0.00441952194816432
2010-09-20,0.00340662985978778,0.0102198895793633
2010-09-21,0.0100800108760523,0.0302400326281569
2010-09-22,0.00286896515177176,0.00860689545531527
2010-09-23,0.00144984469796086,0.00434953409388258
2010-09-24,-0.00347475545634335,-0.01042426636903
2010-09-27,0.00666532601394384,0.0199959780418315
2010-09-28,0.0060698858282739,0.0182096574848217
2010-09-29,-0.00152700277200836,-0.00458100831602508
2010-09-30,-0.000773291963520833,-0.0023198758905625
2010-10-01,0.0030253917260194,0.0090761751780582
2010-10-04,0.000149342909460491,0.000448028728381472
2010-10-05,0.00817202395292213,0.0245160718587664
2010-10-06,0.00735074090843387,0.0220522227253016
2010-10-07,-0.00599612019644609,-0.0179883605893383
2010-10-08,0.00399651567956537,0.0119895470386961
2010-10-11,0.00261887434174967,0.007856623025249
2010-10-12,-0.00384669156986462,-0.0115400747095939
2010-10-13,0.00710987894699351,0.0213296368409805
2010-10-14,-0.00224194833940024,-0.00672584501820073
2010-10-15,-0.00726363168895445,-0.0217908950668634
2010-10-18,0.00516983641375066,0.015509509241252
2010-10-19,-0.0120246859512169,-0.0360740578536506
2010-10-20,0.00440229953415142,0.0132068986024543
2010-10-21,-0.010491747184566,-0.0314752415536981
2010-10-22,0.00212941532964479,0.00638824598893437
2010-10-25,0.00432131544390995,0.0129639463317299
2010-10-26,-0.00490968438700842,-0.0147290531610253
2010-10-27,-0.00839517293796407,-0.0251855188138922
2010-10-28,0.00875744930008852,0.0262723479002656
2010-10-29,0.00804202677564823,0.0241260803269447
2010-11-01,-0.000570887594328961,-0.00171266278298688
2010-11-02,0.010982572141015,0.0329477164230449
2010-11-03,-3.72318923064696e-06,-1.11695676919409e-05
2010-11-04,0.0283931934689956,0.0851795804069867
2010-11-05,-0.00259455227802351,-0.00778365683407053
2010-11-08,0.00128622317869662,0.00385866953608986
2010-11-09,-0.0132655556168668,-0.0397966668506005
2010-11-10,0.0079366802724239,0.0238100408172717
2010-11-11,-0.00480548654464071,-0.0144164596339221
2010-11-12,-0.0210281653598921,-0.0630844960796762
2010-11-15,-0.00468432007719208,-0.0140529602315763
2010-11-16,-0.0198278126781006,-0.0594834380343017
2010-11-17,0.00121943315276411,0.00365829945829233
2010-11-18,0.0192274270762514,0.0576822812287541
2010-11-19,0.00127282184154476,0.00381846552463427
2010-11-22,-0.000481353203407098,-0.00144405961022129
2010-11-23,-0.0151485897887618,-0.0454457693662853
2010-11-24,0.00948981035127111,0.0284694310538133
2010-11-26,-0.0157905855093209,-0.0473717565279626
2010-11-29,0.00027867605555911,0.000836028166677329
2010-11-30,-0.00015589363989852,-0.00046768091969556
2010-12-01,0.0266905088637689,0.0800715265913067
2010-12-02,0.0174358273395011,0.0523074820185034
2010-12-03,0.00554390685438251,0.0166317205631475
2010-12-06,-0.002875081919264,-0.008625245757792
2010-12-07,0.000418246289564561,0.00125473886869368
2010-12-08,0.00138441282665869,0.00415323847997608
2010-12-09,0.000932976991453494,0.00279893097436048
2010-12-10,0.00538354576929027,0.0161506373078708
2010-12-13,0.0046103295068131,0.0138309885204393
2010-12-14,0.00049641614982855,0.00148924844948565
2010-12-15,-0.0105989623512472,-0.0317968870537415
2010-12-16,0.00547034711793207,0.0164110413537962
2010-12-17,-0.0011796529636588,-0.00353895889097639
2010-12-20,0.00043075191073822,0.00129225573221466
2010-12-21,0.00948727065522755,0.0284618119656827
2010-12-22,0.00283399778537045,0.00850199335611136
2010-12-23,-0.0010012827798468,-0.00300384833954041
2010-12-27,-0.00216877792392038,-0.00650633377176115
2010-12-28,0.000167021966090172,0.000501065898270515
2010-12-29,0.0067087266652528,0.0201261799957584
2010-12-30,-0.000444061382792499,-0.0013321841483775
2010-12-31,0.00453360899193234,0.013600826975797
2011-01-03,0.00886975572024256,0.0266092671607277
2011-01-04,-0.000325540306240999,-0.000976620918722996
2011-01-05,-0.000217626817219122,-0.000652880451657365
2011-01-06,-0.0070585791245305,-0.0211757373735915
2011-01-07,-0.00553943377398637,-0.0166183013219591
2011-01-10,-0.00359318625247282,-0.0107795587574185
2011-01-11,0.00745888003579121,0.0223766401073736
2011-01-12,0.0173057987973296,0.0519173963919887
2011-01-13,-0.0020615129057272,-0.00618453871718161
2011-01-14,0.00624156426384075,0.0187246927915222
2011-01-18,0.00277246497754743,0.0083173949326423
2011-01-19,-0.010423479989144,-0.0312704399674319
2011-01-20,-0.0060468517742843,-0.0181405553228529
2011-01-21,0.00178891378833193,0.00536674136499578
2011-01-24,0.0069572654249975,0.0208717962749925
2011-01-25,-0.00194229709395663,-0.0058268912818699
2011-01-26,0.00673407467695892,0.0202022240308768
2011-01-27,0.00216495946979474,0.00649487840938423
2011-01-28,-0.0236346933150696,-0.0709040799452089
2011-01-31,0.00982891054416808,0.0294867316325042
2011-02-01,0.0138547999245231,0.0415643997735692
2011-02-02,-0.00245323643918435,-0.00735970931755305
2011-02-03,0.00106587842517951,0.00319763527553853
2011-02-04,-0.0025525854036896,-0.00765775621106879
2011-02-07,0.00767884551376061,0.0230365365412818
2011-02-08,0.00488135049802034,0.014644051494061
2011-02-09,-0.000279346448189752,-0.000838039344569256
2011-02-10,-6.32557392689904e-05,-0.000189767217806971
2011-02-11,0.00596821890179707,0.0179046567053912
2011-02-14,0.000267620376574536,0.000802861129723607
2011-02-15,-0.00298293509349185,-0.00894880528047554
2011-02-16,0.0070014384639431,0.0210043153918293
2011-02-17,0.00266370797082065,0.00799112391246194
2011-02-18,0.00293877377533813,0.00881632132601439
2011-02-22,-0.0196370014092113,-0.058911004227634
2011-02-23,-0.00514619105702304,-0.0154385731710691
2011-02-24,-0.00186454345003033,-0.005593630350091
2011-02-25,0.0151350918232426,0.0454052754697278
2011-02-28,0.0120309222473808,0.0360927667421423
2011-03-01,-0.0221377840123476,-0.0664133520370427
2011-03-02,0.000568508476345206,0.00170552542903562
2011-03-03,0.0161418783532801,0.0484256350598403
2011-03-04,-0.00971218437005332,-0.02913655311016
2011-03-07,-0.00778050967954838,-0.0233415290386451
2011-03-08,0.00945458226913334,0.0283637468074
2011-03-09,-0.000399549903672512,-0.00119864971101753
2011-03-10,-0.019758001757974,-0.0592740052739221
2011-03-11,0.00884207388229468,0.026526221646884
2011-03-14,-0.00748708350827909,-0.0224612505248373
2011-03-15,-0.0130351570528849,-0.0391054711586547
2011-03-16,-0.0199580895467561,-0.0598742686402684
2011-03-17,0.0174945394769476,0.0524836184308427
2011-03-18,0.00717337083351477,0.0215201125005443
2011-03-21,0.0166805868867832,0.0500417606603496
2011-03-22,-0.00640555973552506,-0.0192166792065752
2011-03-23,-0.00240182848262454,-0.00720548544787362
2011-03-24,0.0100598050702245,0.0301794152106735
2011-03-25,0.00125359271365913,0.00376077814097738
2011-03-28,-0.00133501764244772,-0.00400505292734316
2011-03-29,0.00642501300596,0.01927503901788
2011-03-30,0.0104829794635877,0.0314489383907631
2011-03-31,0.00169283537319413,0.00507850611958238
2011-04-01,0.00605661149519542,0.0181698344855863
2011-04-04,0.000885739983543408,0.00265721995063022
2011-04-05,0.000838017079276376,0.00251405123782913
2011-04-06,0.00438530744433374,0.0131559223330012
2011-04-07,-0.00626917207854246,-0.0188075162356274
2011-04-08,-0.00191022005884181,-0.00573066017652543
2011-04-11,-0.0018169891547071,-0.00545096746412129
2011-04-12,-0.00653251511084412,-0.0195975453325323
2011-04-13,0.00101350101806251,0.00304050305418754
2011-04-14,0.00651525398929334,0.01954576196788
2011-04-15,0.00512256887989682,0.0153677066396905
2011-04-18,-0.0147466172847771,-0.0442398518543312
2011-04-19,0.00880528320933673,0.0264158496280102
2011-04-20,0.017176383349647,0.0515291500489411
2011-04-21,0.00567483154457764,0.0170244946337329
2011-04-25,0.00310387709657311,0.00931163128971934
2011-04-26,0.00930094295815535,0.027902828874466
2011-04-27,0.00940945317848468,0.028228359535454
2011-04-28,0.00660505376373352,0.0198151612912006
2011-04-29,-0.000357606130198375,-0.00107281839059513
2011-05-02,-0.0052331510111194,-0.0156994530333582
2011-05-03,-0.00562884853317423,-0.0168865455995227
2011-05-04,-0.00952110150628346,-0.0285633045188504
2011-05-05,-0.0148515158690769,-0.0445545476072308
2011-05-06,0.00444761372069515,0.0133428411620855
2011-05-09,0.00892973451502302,0.0267892035450691
2011-05-10,0.0087409903431975,0.0262229710295925
2011-05-11,-0.0101322674238658,-0.0303968022715973
2011-05-12,0.0012875290394962,0.0038625871184886
2011-05-13,-0.00790575924236557,-0.0237172777270967
2011-05-16,-0.00201974479756916,-0.00605923439270747
2011-05-17,-0.00214825916383567,-0.00644477749150702
2011-05-18,0.00833605381087225,0.0250081614326168
2011-05-19,0.00213309534555506,0.00639928603666518
2011-05-20,-0.000352518357988434,-0.0010575550739653
2011-05-23,-0.00600211052576675,-0.0180063315773003
2011-05-24,0.0032097747050074,0.00962932411502221
2011-05-25,0.00244834362534424,0.00734503087603272
2011-05-26,0.00446848193384354,0.0134054458015306
2011-05-27,0.00689377561481206,0.0206813268444362
2011-05-31,0.00781192177980578,0.0234357653394174
2011-06-01,-0.0256314963284513,-0.0768944889853539
2011-06-02,-0.00252200261840496,-0.00756600785521487
2011-06-03,-0.0019901427456826,-0.0059704282370478
2011-06-06,-0.0137156085637198,-0.0411468256911595
2011-06-07,0.00648691033013253,0.0194607309903976
2011-06-08,-0.00714419764859602,-0.0214325929457881
2011-06-09,0.00201936691360956,0.00605810074082869
2011-06-10,-0.0214001051461399,-0.0642003154384198
2011-06-13,0.00321599542948989,0.00964798628846968
2011-06-14,0.0145798258176225,0.0437394774528675
2011-06-15,-0.0223427120955525,-0.0670281362866574
2011-06-16,0.00294167884203637,0.00882503652610912
2011-06-17,0.0087408244703735,0.0262224734111205
2011-06-20,0.00526024922689735,0.015780747680692
2011-06-21,0.0144411935689355,0.0433235807068065
2011-06-22,-0.00640811682913376,-0.0192243504874013
2011-06-23,-0.0115069207043318,-0.0345207621129955
2011-06-24,-0.0077812250756223,-0.0233436752268669
2011-06-27,0.00878789911982202,0.026363697359466
2011-06-28,0.0112497419286612,0.0337492257859835
2011-06-29,0.012146104305886,0.0364383129176579
2011-06-30,0.00777594051659922,0.0233278215497977
2011-07-01,0.00453520963574334,0.01360562890723
2011-07-05,0.00983656715096525,0.0295097014528958
2011-07-06,0.00406797857676669,0.0122039357303001
2011-07-07,0.00671543703712433,0.020146311111373
2011-07-08,-0.000949295491241858,-0.00284788647372558
2011-07-11,-0.00919162120497521,-0.0275748636149256
2011-07-12,0.00339461936493439,0.0101838580948032
2011-07-13,0.0043501911679433,0.0130505735038299
2011-07-14,-0.00353581765115329,-0.0106074529534599
2011-07-15,0.00581402202472864,0.0174420660741859
2011-07-18,-0.00210002039422394,-0.00630006118267183
2011-07-19,0.00307947759173157,0.00923843277519472
2011-07-20,0.00994324183711644,0.0298297255113493
2011-07-21,0.00471949556363459,0.0141584866909038
2011-07-22,0.00563547584713939,0.0169064275414182
2011-07-25,-0.000638825005741643,-0.00191647501722493
2011-07-26,0.00352354564220391,0.0105706369266117
2011-07-27,-0.0163400860070494,-0.0490202580211481
2011-07-28,0.000122355678897629,0.000367067036692886
2011-07-29,0.00295938925706293,0.00887816777118879
2011-08-01,-0.00243090362511767,-0.007292710875353
2011-08-02,0.011634274433462,0.034902823300386
2011-08-03,-0.00114410663105359,-0.00343231989316076
2011-08-04,-0.00303622930178826,-0.00910868790536479
2011-08-05,-0.0130050161467217,-0.0390150484401651
2011-08-08,0.00155923203836238,0.00467769611508714
2011-08-09,0.0299553302604749,0.0898659907814248
2011-08-10,0.0178121232868133,0.0534363698604399
2011-08-11,-0.0116717052871675,-0.0350151158615026
2011-08-12,0.00411819060594911,0.0123545718178473
2011-08-15,0.0100988710472128,0.0302966131416385
2011-08-16,0.00925636799393906,0.0277691039818172
2011-08-17,0.00803557131820188,0.0241067139546056
2011-08-18,0.00309233346973138,0.00927700040919413
2011-08-19,0.00317133400070856,0.00951400200212568
2011-08-22,0.0103016113647189,0.0309048340941566
2011-08-23,-0.0137669300515878,-0.0413007901547634
2011-08-24,-0.0200068243865646,-0.0600204731596937
2011-08-25,4.54182652084504e-05,0.000136254795625351
2011-08-26,0.0190284964692843,0.057085489407853
2011-08-29,-0.00435244863871258,-0.0130573459161377
2011-08-30,0.0183746902781616,0.0551240708344848
2011-08-31,-0.00556293531837613,-0.0166888059551284
2011-09-01,0.00881237454989631,0.0264371236496889
2011-09-02,0.0195848444091167,0.0587545332273501
2011-09-06,0.00238047773182822,0.00714143319548466
2011-09-07,-0.0152185564429336,-0.0456556693288008
2011-09-08,0.0115220428456857,0.0345661285370571
2011-09-09,0.00317094064252016,0.00951282192756047
2011-09-12,-0.00729176428919054,-0.0218752928675716
2011-09-13,-0.0017158463779997,-0.0051475391339991
2011-09-14,9.06744812023602e-05,0.000272023443607081
2011-09-15,-0.0113118353504897,-0.033935506051469
2011-09-16,0.00500326797405832,0.015009803922175
2011-09-19,0.00418209204166471,0.0125462761249941
2011-09-20,0.0053515762112232,0.0160547286336696
2011-09-21,0.00584147138879168,0.017524414166375
2011-09-22,0.00579113302192145,0.0173733990657644
2011-09-23,-0.0227206544612626,-0.0681619633837879
2011-09-26,-0.0092170639439648,-0.0276511918318944
2011-09-27,-0.00156905712864212,-0.00470717138592636
2011-09-28,-0.00724161277944672,-0.0217248383383402
2011-09-29,0.00394891397841383,0.0118467419352415
2011-09-30,0.00916168282930612,0.0274850484879184
2011-10-03,0.0150462168392829,0.0451386505178486
2011-10-04,-0.0101503472212767,-0.0304510416638301
2011-10-05,-0.00127195677345872,-0.00381587032037617
2011-10-06,-0.0063152067656859,-0.0189456202970577
2011-10-07,-0.00630948308490415,-0.0189284492547125
2011-10-10,-0.00312799889723892,-0.00938399669171675
2011-10-11,-0.000408497772522884,-0.00122549331756865
2011-10-12,-0.00332736184800674,-0.00998208554402022
2011-10-13,0.00300748240043027,0.0090224472012908
2011-10-14,-0.00429246597458998,-0.0128773979237699
2011-10-17,0.00621526129531192,0.0186457838859358
2011-10-18,-0.00296674166557997,-0.00890022499673992
2011-10-19,-0.00192433448402358,-0.00577300345207074
2011-10-20,-0.00558086614688951,-0.0167425984406685
2011-10-21,-0.000739018252214535,-0.00221705475664361
2011-10-24,0.0021837038208469,0.0065511114625407
2011-10-25,0.0165002478931285,0.0495007436793854
2011-10-26,-0.00532150930017009,-0.0159645279005103
2011-10-27,-0.01044346632936,-0.0313303989880801
2011-10-28,0.00516362692207982,0.0154908807662395
2011-10-31,0.0127868587257021,0.0383605761771062
2011-11-01,0.0129881755705262,0.0389645267115785
2011-11-02,-0.00107640917514115,-0.00322922752542344
2011-11-03,-0.00110642863229378,-0.00331928589688133
2011-11-04,0.000557290763127191,0.00167187228938157
2011-11-07,0.00811651149357313,0.0243495344807194
2011-11-08,-0.00706182576920192,-0.0211854773076058
2011-11-09,0.0066314117598135,0.0198942352794405
2011-11-10,-0.00691222798397246,-0.0207366839519174
2011-11-11,0.00058396164001743,0.00175188492005229
2011-11-14,0.00536786821119206,0.0161036046335762
2011-11-15,-0.000757245966564338,-0.00227173789969301
2011-11-16,0.000966557205989941,0.00289967161796982
2011-11-17,-0.00404938948812843,-0.0121481684643853
2011-11-18,-0.00128910373109739,-0.00386731119329216
2011-11-21,-0.00372434748408342,-0.0111730424522503
2011-11-22,0.00667473404758802,0.0200242021427641
2011-11-23,0.00299312446141036,0.00897937338423107
2011-11-25,-0.00850828361818509,-0.0255248508545553
2011-11-28,0.00509126366841033,0.015273791005231
2011-11-29,-0.00221731502703849,-0.00665194508111547
2011-11-30,-0.00111888934772236,-0.00335666804316709
2011-12-01,-0.0019750597789841,-0.0059251793369523
2011-12-02,0.00507426546430726,0.0152227963929218
2011-12-05,-0.00536949098013512,-0.0161084729404054
2011-12-06,-0.00134788479838229,-0.00404365439514686
2011-12-07,0.00523419361967303,0.0157025808590191
2011-12-08,-0.00171418055529519,-0.00514254166588558
2011-12-09,-0.00627836776307068,-0.018835103289212
2011-12-12,-0.00478624098127319,-0.0143587229438196
2011-12-13,-0.00304739931887557,-0.0091421979566267
2011-12-14,-0.00579535719801802,-0.0173860715940541
2011-12-15,-0.00226160448915471,-0.00678481346746413
2011-12-16,0.0106067220822959,0.0318201662468878
2011-12-19,0.00321367972882148,0.00964103918646443
2011-12-20,-0.00459782392429512,-0.0137934717728854
2011-12-21,-0.00372382417974304,-0.0111714725392291
2011-12-22,-0.000917949567656261,-0.00275384870296878
2011-12-23,-0.0034748582020924,-0.0104245746062772
2011-12-27,-0.00174729543584576,-0.00524188630753727
2011-12-28,-0.00157824391441212,-0.00473473174323637
2011-12-29,-0.000520593664015569,-0.00156178099204671
2011-12-30,0.0058573837876145,0.0175721513628435
2012-01-03,0.000886393241010948,0.00265917972303284
2012-01-04,-0.00258804910421263,-0.0077641473126379
2012-01-05,0.00164536112117362,0.00493608336352086
2012-01-06,0.00259424629077561,0.00778273887232683
2012-01-09,-0.00148421464648848,-0.00445264393946544
2012-01-10,0.00241250378175986,0.00723751134527958
2012-01-11,0.00742365468138138,0.0222709640441441
2012-01-12,-0.000141678420291008,-0.000425035260873024
2012-01-13,0.00236716681721284,0.00710150045163852
2012-01-17,0.00357076527104707,0.0107122958131412
2012-01-18,-0.00212077845412146,-0.00636233536236437
2012-01-19,-0.00650086037934998,-0.0195025811380499
2012-01-20,-0.00257164187009378,-0.00771492561028134
2012-01-23,-0.000535993111167043,-0.00160797933350113
2012-01-24,-0.000995616119277457,-0.00298684835783237
2012-01-25,0.00960056086977355,0.0288016826093206
2012-01-26,0.0068351092269309,0.0205053276807927
2012-01-27,0.00503550440802548,0.0151065132240764
2012-01-30,0.00256329473989839,0.00768988421969517
2012-01-31,0.00637060478018351,0.0191118143405505
2012-02-01,9.75869429072991e-05,0.000292760828721897
2012-02-02,0.000810202805723498,0.00243060841717049
2012-02-03,-0.00253655039958233,-0.00760965119874701
2012-02-06,0.0037414842007681,0.0112244526023043
2012-02-07,-0.00517806938717366,-0.015534208161521
2012-02-08,0.00122434033102012,0.00367302099306035
2012-02-09,-0.00458104969776634,-0.013743149093299
2012-02-10,0.00179971085054798,0.00539913255164393
2012-02-13,0.0056285767637542,0.0168857302912626
2012-02-14,-0.000410950257495651,-0.00123285077248695
2012-02-15,-0.00300002571133102,-0.00900007713399306
2012-02-16,0.00202210776553818,0.00606632329661454
2012-02-17,0.000628938884033427,0.00188681665210028
2012-02-21,-0.0085636830230222,-0.0256910490690666
2012-02-22,0.00321319206674603,0.00963957620023808
2012-02-23,0.00427951505025159,0.0128385451507548
2012-02-24,0.00385941053372483,0.0115782316011745
2012-02-27,0.00434177279271569,0.0130253183781471
2012-02-28,-0.00204753522511146,-0.00614260567533437
2012-02-29,-0.00539408579830117,-0.0161822573949035
2012-03-01,0.00843022616735631,0.0252906785020689
2012-03-02,-0.00534310897010125,-0.0160293269103037
2012-03-05,-9.96851557472696e-06,-2.99055467241809e-05
2012-03-06,-0.0205183943578976,-0.0615551830736928
2012-03-07,0.00967945127215328,0.0290383538164599
2012-03-08,0.00833466479625993,0.0250039943887798
2012-03-09,0.00185703519362922,0.00557110558088767
2012-03-12,0.00260613028596033,0.00781839085788098
2012-03-13,0.0194209069936159,0.0582627209808476
2012-03-14,-0.00399446990081991,-0.0119834097024597
2012-03-15,0.00442026124680898,0.0132607837404269
2012-03-16,0.00510307062843366,0.015309211885301
2012-03-19,0.00525069982959976,0.0157520994887993
2012-03-20,-0.0049077996091235,-0.0147233988273705
2012-03-21,-0.00272402871582149,-0.00817208614746447
2012-03-22,-0.010970485858055,-0.0329114575741651
2012-03-23,0.00589962097839644,0.0176988629351893
2012-03-26,0.0134409014075172,0.0403227042225517
2012-03-27,-0.00421541179765947,-0.0126462353929784
2012-03-28,-0.00555302166617049,-0.0166590649985115
2012-03-29,-0.00200508084382503,-0.0060152425314751
2012-03-30,0.00718324923176183,0.0215497476952855
2012-04-02,0.00817687581370542,0.0245306274411162
2012-04-03,-0.00400923694378088,-0.0120277108313426
2012-04-04,-0.0133243443568365,-0.0399730330705094
2012-04-05,-0.000371546994371284,-0.00111464098311385
2012-04-09,-0.0115775805177593,-0.0347327415532779
2012-04-10,-0.0197558512973388,-0.0592675538920165
2012-04-11,0.0105508094091317,0.0316524282273952
2012-04-12,0.0170799256011727,0.0512397768035181
2012-04-13,-0.0102668281484709,-0.0308004844454128
2012-04-16,0.00402286114523878,0.0120685834357163
2012-04-17,0.0119731671059592,0.0359195013178776
2012-04-18,-0.0050178278524361,-0.0150534835573083
2012-04-19,-0.00350627459331658,-0.0105188237799497
2012-04-20,0.00692424966456959,0.0207727489937088
2012-04-23,-0.0120319800319714,-0.0360959400959141
2012-04-24,0.00772138553865767,0.023164156615973
2012-04-25,0.0121677717014728,0.0365033151044185
2012-04-26,0.00553368399052765,0.0166010519715829
2012-04-27,0.0034548490985743,0.0103645472957229
2012-04-30,-0.00343423364216505,-0.0103027009264952
2012-05-01,0.00911477220589785,0.0273443166176936
2012-05-02,-0.00169501601497271,-0.00508504804491814
2012-05-03,-0.00714132081772021,-0.0214239624531606
2012-05-04,-0.0127317769206772,-0.0381953307620316
2012-05-07,0.00439485100807887,0.0131845530242366
2012-05-08,-0.00325765684096108,-0.00977297052288325
2012-05-09,-0.0042165806593583,-0.0126497419780749
2012-05-10,0.00146901157117212,0.00440703471351635
2012-05-11,-0.000264390767176812,-0.000793172301530437
2012-05-14,-0.0123389536192274,-0.0370168608576822
2012-05-15,-0.00544348827392148,-0.0163304648217644
2012-05-16,-0.00848999341621441,-0.0254699802486432
2012-05-17,-0.0225400078057574,-0.0676200234172722
2012-05-18,-0.0102822242781949,-0.0308466728345846
2012-05-21,0.0209980290184304,0.0629940870552913
2012-05-22,0.000981955200001317,0.00294586560000395
2012-05-23,0.00181455033415681,0.00544365100247042
2012-05-24,0.00264957205610971,0.00794871616832914
2012-05-25,-0.00331554587037956,-0.00994663761113868
2012-05-29,0.013804391169918,0.0414131735097539
2012-05-30,-0.0202166775888012,-0.0606500327664037
2012-05-31,0.00227859986877016,0.00683579960631048
2012-06-01,0.00224435847547183,0.00673307542641548
2012-06-04,-0.00643584249380452,-0.0193075274814135
2012-06-05,0.000715897849117517,0.00214769354735255
2012-06-06,-0.00134864537955601,-0.00404593613866803
2012-06-07,1.31406941968962e-05,3.94220825906887e-05
2012-06-08,0.00406664276404987,0.0121999282921496
2012-06-11,-0.00377118334124379,-0.0113135500237314
2012-06-12,-0.00228255051775588,-0.00684765155326763
2012-06-13,0.00351417974586464,0.0105425392375939
2012-06-14,0.00269244187052184,0.00807732561156552
2012-06-15,0.00521582452479431,0.0156474735743829
2012-06-18,0.00339407705799836,0.0101822311739951
2012-06-19,-0.00386246004100663,-0.0115873801230199
2012-06-20,-0.000275199741655397,-0.000825599224966192
2012-06-21,-0.00201081469984069,-0.00603244409952206
2012-06-22,-0.0051786650918403,-0.0155359952755209
2012-06-25,0.00432593395717673,0.0129778018715302
2012-06-26,-0.000597119484380899,-0.0017913584531427
2012-06-27,0.00191911107086039,0.00575733321258118
2012-06-28,0.00485345673927551,0.0145603702178265
2012-06-29,0.00221938315971518,0.00665814947914554
2012-07-02,0.00807617027564567,0.024228510826937
2012-07-03,-0.000723345227214329,-0.00217003568164299
2012-07-05,0.000466400503877529,0.00139920151163259
2012-07-06,0.00271207793452388,0.00813623380357164
2012-07-09,0.0044093857264321,0.0132281571792963
2012-07-10,-0.00387468302465207,-0.0116240490739562
2012-07-11,0.00102952789346483,0.00308858368039448
2012-07-12,0.00318595182459143,0.00955785547377429
2012-07-13,0.00558099019901858,0.0167429705970557
2012-07-16,0.00213636027947662,0.00640908083842987
2012-07-17,-0.000440761477637703,-0.00132228443291311
2012-07-18,0.00108083132563887,0.00324249397691661
2012-07-19,-0.0030966998709837,-0.00929009961295111
2012-07-20,0.00275689883422977,0.00827069650268932
2012-07-23,-0.00121704978981608,-0.00365114936944825
2012-07-24,0.000909831857671815,0.00272949557301545
2012-07-25,0.00169915615968997,0.00509746847906991
2012-07-26,0.00124103583815484,0.00372310751446451
2012-07-27,-0.00243557224093165,-0.00730671672279494
2012-07-30,0.00434719419688502,0.013041582590655
2012-07-31,-0.000737728037150315,-0.00221318411145094
2012-08-01,-0.0036618908696236,-0.0109856726088708
2012-08-02,0.00304270490722359,0.00912811472167077
2012-08-03,-0.00345740205413765,-0.010372206162413
2012-08-06,-0.000464220790656862,-0.00139266237197059
2012-08-07,-0.00891540167709556,-0.0267462050312867
2012-08-08,-0.00438452600013059,-0.0131535780003918
2012-08-09,-0.00151941456881451,-0.00455824370644353
2012-08-10,0.00290145664870051,0.00870436994610153
2012-08-13,-0.000971632185991237,-0.00291489655797371
2012-08-14,-0.00593298005840254,-0.0177989401752076
2012-08-15,-0.00409115678256431,-0.0122734703476929
2012-08-16,-0.000825135121727975,-0.00247540536518393
2012-08-17,0.00160000774763165,0.00480002324289495
2012-08-20,-0.0005360132799372,-0.0016080398398116
2012-08-21,0.00183607081118761,0.00550821243356284
2012-08-22,0.00730582856248789,0.0219174856874637
2012-08-23,0.00127987606795973,0.00383962820387919
2012-08-24,0.000896305689460397,0.00268891706838119
2012-08-27,0.00318655458119599,0.00955966374358796
2012-08-28,0.00167961089329753,0.0050388326798926
2012-08-29,-0.00153866586246511,-0.00461599758739534
2012-08-30,0.00157626775253063,0.0047288032575919
2012-08-31,0.00703823555983611,0.0211147066795083
2012-09-04,0.00153033332201747,0.00459099996605242
2012-09-05,-0.00170525654444165,-0.00511576963332494
2012-09-06,-0.00301382521123434,-0.00904147563370303
2012-09-07,5.45032199233764e-05,0.000163509659770129
2012-09-10,-0.00277641877268306,-0.00832925631804917
2012-09-11,-0.000885717140446914,-0.00265715142134074
2012-09-12,-0.00412479992371387,-0.0123743997711416
2012-09-13,0.00534664414189915,0.0160399324256975
2012-09-14,-0.00746425621286897,-0.0223927686386069
2012-09-17,0.00195852435666665,0.00587557306999995
2012-09-18,-0.00214716511322534,-0.00644149533967602
2012-09-19,0.00057649163641049,0.00172947490923147
2012-09-20,-0.00483684408209568,-0.014510532246287
2012-09-21,0.000876893130657809,0.00263067939197343
2012-09-24,0.00136484123825998,0.00409452371477995
2012-09-25,-0.00202816571276665,-0.00608449713829994
2012-09-26,0.00406982758247122,0.0122094827474137
2012-09-27,-0.000264445256191061,-0.000793335768573183
2012-09-28,-0.000414752542305552,-0.00124425762691666
2012-10-01,-0.00122592701030358,-0.00367778103091074
2012-10-02,0.00217040357876864,0.00651121073630592
2012-10-03,0.00174476968813338,0.00523430906440014
2012-10-04,-0.00314510600494083,-0.00943531801482248
2012-10-05,-0.00480933210257772,-0.0144279963077332
2012-10-08,0.000618345984753216,0.00185503795425965
2012-10-09,-0.00365514480753368,-0.0109654344226011
2012-10-10,0.00377890846139157,0.0113367253841747
2012-10-11,0.0028258291974105,0.00847748759223151
2012-10-12,-0.00285063945580331,-0.00855191836740994
2012-10-15,-0.000626946049184541,-0.00188083814755362
2012-10-16,-0.000227997051682301,-0.000683991155046904
2012-10-17,-0.00420177543831311,-0.0126053263149393
2012-10-18,0.00133913618311733,0.004017408549352
2012-10-19,-0.0019902513501929,-0.00597075405057869
2012-10-22,-0.00348431122018399,-0.010452933660552
2012-10-23,-0.00341289980570471,-0.0102386994171141
2012-10-24,-0.00446607116872474,-0.0133982135061742
2012-10-25,-0.00124368390395251,-0.00373105171185754
2012-10-26,0.00182419803723761,0.00547259411171282
2012-10-31,0.00673198800868769,0.0201959640260631
2012-11-01,-0.000884769576340704,-0.00265430872902211
2012-11-02,-0.00916573550357184,-0.0274972065107155
2012-11-05,0.00247606230382294,0.00742818691146881
2012-11-06,0.00428969910058389,0.0128690973017517
2012-11-07,0.00345238486539373,0.0103571545961812
2012-11-08,0.00604536853689449,0.0181361056106835
2012-11-09,-0.00023194969114312,-0.00069584907342936
2012-11-12,0.000665526260952321,0.00199657878285696
2012-11-13,-0.000555901712272441,-0.00166770513681732
2012-11-14,-0.00200551928088715,-0.00601655784266146
2012-11-15,-0.00276485477355244,-0.00829456432065733
2012-11-16,-0.00249662196305744,-0.00748986588917232
2012-11-19,0.00794276632209868,0.0238282989662961
2012-11-20,-0.00421466875177078,-0.0126440062553123
2012-11-21,0.000839016598320686,0.00251704979496206
2012-11-23,0.010017067642358,0.030051202927074
2012-11-26,0.000705546556233144,0.00211663966869943
2012-11-27,-0.0010403016412395,-0.00312090492371849
2012-11-28,-0.00165279085927482,-0.00495837257782445
2012-11-29,0.00383153982900096,0.0114946194870029
2012-11-30,-0.00298471934487355,-0.00895415803462064
2012-12-03,-0.000644979712542843,-0.00193493913762853
2012-12-04,0.00192817787767532,0.00578453363302598
2012-12-05,0.0049884185208712,0.0149652555626136
2012-12-06,0.0035393146241828,0.0106179438725484
2012-12-07,0.000956638630906037,0.00286991589271811
2012-12-10,0.00318481962052044,0.00955445886156131
2012-12-11,0.00613494117152486,0.0184048235145746
2012-12-12,0.00237539345222862,0.00712618035668585
2012-12-13,-0.00456431805846301,-0.013692954175389
2012-12-14,0.00165755595282652,0.00497266785847957
2012-12-17,0.00657109742237684,0.0197132922671305
2012-12-18,0.0096464141767619,0.0289392425302857
2012-12-19,-0.00203473510622489,-0.00610420531867467
2012-12-20,0.00529400136961997,0.0158820041088599
2012-12-21,-0.00966733352026818,-0.0290020005608045
2012-12-24,-0.00271144290544337,-0.00813432871633012
2012-12-26,-0.000510900731821951,-0.00153270219546585
2012-12-27,0.00273259511912047,0.00819778535736141
2012-12-28,-0.0066874526726696,-0.0200623580180088
2012-12-31,0.0174484274438553,0.0523452823315659
2013-01-02,0.0191682923379356,0.0575048770138069
2013-01-03,-0.00673086961988496,-0.0201926088596549
2013-01-04,0.00507737058184501,0.015232111745535
2013-01-07,-0.00494541330093955,-0.0148362399028187
2013-01-08,-0.00511460503543109,-0.0153438151062933
2013-01-09,0.00350824237123365,0.010524727113701
2013-01-10,0.0104311314116998,0.0312933942350995
2013-01-11,-0.00148191064993692,-0.00444573194981076
2013-01-14,0.000941684928911209,0.00282505478673363
2013-01-15,-0.0020586468852455,-0.00617594065573649
2013-01-16,-0.00203206521960824,-0.00609619565882472
2013-01-17,0.00760332177444706,0.0228099653233412
2013-01-18,0.000988795874050191,0.00296638762215057
2013-01-22,0.00183320845456184,0.00549962536368551
2013-01-23,-0.00138417207485976,-0.00415251622457928
2013-01-24,0.000904006549113896,0.00271201964734169
2013-01-25,0.00483744024415316,0.0145123207324595
2013-01-28,-0.00404931164780115,-0.0121479349434034
2013-01-29,0.00690426008782585,0.0207127802634775
2013-01-30,-0.00312714705172935,-0.00938144115518804
2013-01-31,-0.00149298311927274,-0.00447894935781821
2013-02-01,0.00883910977753031,0.0265173293325909
2013-02-04,-0.0169292961096113,-0.050787888328834
2013-02-05,0.00614866282073665,0.0184459884622099
2013-02-06,-0.00116547476778745,-0.00349642430336234
2013-02-07,-0.00730668399806589,-0.0219200519941977
2013-02-08,0.00701772314821606,0.0210531694446482
2013-02-11,-0.00221162021252912,-0.00663486063758737
2013-02-12,0.00470040486146756,0.0141012145844027
2013-02-13,0.00381993213441904,0.0114597964032571
2013-02-14,-0.00248979634189295,-0.00746938902567884
2013-02-15,-0.00257079930253624,-0.00771239790760871
2013-02-19,0.00697191323414087,0.0209157397024226
2013-02-20,-0.0118915546836119,-0.0356746640508356
2013-02-21,-0.0119194841833234,-0.0357584525499703
2013-02-22,0.00952994505695363,0.0285898351708609
2013-02-25,-0.0209876988667519,-0.0629630966002556
2013-02-26,0.00720771284717749,0.0216231385415325
2013-02-27,0.0126949150556886,0.0380847451670659
2013-02-28,-0.00364803984095141,-0.0109441195228542
2013-03-01,0.00109754439275578,0.00329263317826735
2013-03-04,-0.000445138697674902,-0.00133541609302471
2013-03-05,0.0111805585124298,0.0335416755372893
2013-03-06,0.00194482440395401,0.00583447321186203
2013-03-07,0.00390451256672173,0.0117135377001652
2013-03-08,0.00495828187433789,0.0148748456230137
2013-03-11,-0.000201092371683953,-0.000603277115051858
2013-03-12,-0.00577138565844315,-0.0173141569753294
2013-03-13,-0.00382339926761477,-0.0114701978028443
2013-03-14,0.0073300558653273,0.0219901675959819
2013-03-15,-0.00413187626529961,-0.0123956287958988
2013-03-18,-0.010031556582332,-0.0300946697469961
2013-03-19,-0.00479116759194972,-0.0143735027758491
2013-03-20,0.00700182197094006,0.0210054659128202
2013-03-21,-0.0101715623139899,-0.0305146869419696
2013-03-22,0.00635276036218493,0.0190582810865548
2013-03-25,-0.00565448334294045,-0.0169634500288213
2013-03-26,0.00946398688872684,0.0283919606661805
2013-03-27,-0.00116466089452874,-0.00349398268358622
2013-03-28,0.00440953926611529,0.0132286177983459
2013-04-01,-0.00178472444107918,-0.00535417332323754
2013-04-02,0.00590501326464091,0.0177150397939227
2013-04-03,-0.00637195586963374,-0.0191158676089012
2013-04-04,0.00889731108948384,0.0266919332684515
2013-04-05,-0.00142178624882086,-0.00426535874646257
2013-04-08,0.00669078785178641,0.0200723635553592
2013-04-09,0.00233039889500132,0.00699119668500396
2013-04-10,0.0109740680801004,0.0329222042403012
2013-04-11,0.00491710930020159,0.0147513279006048
2013-04-12,-0.0010231230800481,-0.0030693692401443
2013-04-15,-0.0217167699818972,-0.0651503099456917
2013-04-16,0.0160008062113953,0.0480024186341858
2013-04-17,-0.0165579032020967,-0.0496737096062902
2013-04-18,-0.00267331181234502,-0.00801993543703506
2013-04-19,0.0113273092763269,0.0339819278289807
2013-04-22,0.00148281694308149,0.00444845082924446
2013-04-23,0.0101403579316017,0.030421073794805
2013-04-24,0.00344920306046819,0.0103476091814046
2013-04-25,0.000384314792835585,0.00115294437850675
2013-04-26,-0.00107100366752129,-0.00321301100256386
2013-04-29,0.00905989747370473,0.0271796924211142
2013-04-30,0.00585769108830736,0.0175730732649221
2013-05-01,-0.00731097568066704,-0.0219329270420011
2013-05-02,0.00701424247638268,0.021042727429148
2013-05-03,0.00709666186469264,0.0212899855940779
2013-05-06,0.00278165462168602,0.00834496386505807
2013-05-07,0.00440272700366987,0.0132081810110096
2013-05-08,0.00405809995956284,0.0121742998786885
2013-05-09,-0.00624578768113583,-0.0187373630434075
2013-05-10,0.00435435728717455,0.0130630718615236
2013-05-13,0.000431153204693305,0.00129345961407992
2013-05-14,0.00597674480523319,0.0179302344156996
2013-05-15,0.00532821113087258,0.0159846333926177
2013-05-16,-0.00421364852276824,-0.0126409455683047
2013-05-17,0.00758197100021906,0.0227459130006572
2013-05-20,0.00178885688868481,0.00536657066605444
2013-05-21,0.00377469305803528,0.0113240791741058
2013-05-22,-0.0157907894517227,-0.0473723683551682
2013-05-23,-0.00920042733893727,-0.0276012820168118
2013-05-24,-0.00137371309758693,-0.00412113929276079
2013-05-28,-0.000684310275093904,-0.00205293082528171
2013-05-29,-0.0114825949198215,-0.0344477847594645
2013-05-30,-0.000481365834078058,-0.00144409750223417
2013-05-31,-0.0150063506092948,-0.0450190518278844
2013-06-03,0.0063070927270787,0.0189212781812361
2013-06-04,-0.0076591462837468,-0.0229774388512404
2013-06-05,-0.0123173943798539,-0.0369521831395616
2013-06-06,0.0117192911359033,0.0351578734077097
2013-06-07,0.00624184575903014,0.0187255372770904
2013-06-10,-0.00284028495339369,-0.00852085486018108
2013-06-11,-0.0120994140326187,-0.0362982420978562
2013-06-12,-0.00720701788757059,-0.0216210536627118
2013-06-13,0.0187587240021695,0.0562761720065086
2013-06-14,-0.00351335925282438,-0.0105400777584732
2013-06-17,0.00657543435403339,0.0197263030621002
2013-06-18,0.00467045110745486,0.0140113533223646
2013-06-19,-0.021742790986228,-0.0652283729586839
2013-06-20,-0.0328655107341816,-0.0985965322025447
2013-06-21,0.00439579057904479,0.0131873717371344
2013-06-24,-0.0100760436586184,-0.0302281309758552
2013-06-25,0.0125802897881736,0.0377408693645207
2013-06-26,0.0104872880040759,0.0314618640122278
2013-06-27,0.0113704101399534,0.0341112304198603
2013-06-28,-0.00553356917854252,-0.0166007075356276
2013-07-01,0.00597492417999921,0.0179247725399976
2013-07-02,0.000241841920813938,0.000725525762441814
2013-07-03,-0.00143932705982139,-0.00431798117946418
2013-07-05,0.00413489306717972,0.0124046792015391
2013-07-08,0.0065658049162919,0.0196974147488757
2013-07-09,0.00736092528687435,0.0220827758606231
2013-07-10,0.00231659743592371,0.00694979230777114
2013-07-11,0.0221703640946958,0.0665110922840875
2013-07-12,-0.00469876058088894,-0.0140962817426668
2013-07-15,0.00470177438187443,0.0141053231456233
2013-07-16,-0.00154054105399138,-0.00462162316197414
2013-07-17,0.00298506097742426,0.00895518293227278
2013-07-18,0.00734748277793447,0.0220424483338034
2013-07-19,0.000895516548114221,0.00268654964434266
2013-07-22,0.00361329576663053,0.0108398872998916
2013-07-23,-0.000467637074774181,-0.00140291122432254
2013-07-24,-0.00639541971725884,-0.0191862591517765
2013-07-25,0.00373641859866184,0.0112092557959855
2013-07-26,-0.00104443947305961,-0.00313331841917882
2013-07-29,-0.00464652374452586,-0.0139395712335776
2013-07-30,-0.00159593286197485,-0.00478779858592454
2013-07-31,-0.00170651397008927,-0.00511954191026782
2013-08-01,0.00749174487128586,0.0224752346138576
2013-08-02,0.000882368233003721,0.00264710469901116
2013-08-05,-0.0010050148867374,-0.00301504466021219
2013-08-06,-0.00445918830143121,-0.0133775649042936
2013-08-07,-0.00189091522942223,-0.00567274568826669
2013-08-08,0.00512791365916564,0.0153837409774969
2013-08-09,0.00195073010382624,0.00585219031147873
2013-08-12,-0.00433685857727822,-0.0130105757318347
2013-08-13,-0.000648736857243089,-0.00194621057172927
2013-08-14,-0.00277992547045504,-0.00833977641136512
2013-08-15,-0.0126274084680589,-0.0378822254041766
2013-08-16,-0.00664838393046956,-0.0199451517914087
2013-08-19,-0.00862064851005665,-0.02586194553017
2013-08-20,0.00959092062148819,0.0287727618644646
2013-08-21,-0.00623519203073474,-0.0187055760922042
2013-08-22,0.00928278511754227,0.0278483553526268
2013-08-23,0.0060946839941345,0.0182840519824035
2013-08-26,-0.00339161008439417,-0.0101748302531825
2013-08-27,-0.0152597559820965,-0.0457792679462894
2013-08-28,8.15191900417705e-05,0.000244557570125312
2013-08-29,6.75914218085683e-05,0.000202774265425705
2013-08-30,-0.00711086082062489,-0.0213325824618747
2013-09-03,2.70407546140439e-10,8.11222638421318e-10
2013-09-04,2.16772980755509e-10,6.50318942266527e-10
2013-09-05,1.21977255118918e-11,3.65931765356755e-11
2013-09-06,9.8773696504719e-11,2.96321089514157e-10
2013-09-09,3.12937164636431e-10,9.38811493909293e-10
2013-09-10,2.88039863496924e-10,8.64119590490773e-10
2013-09-11,1.35031447884207e-10,4.05094343652621e-10
2013-09-12,-1.05917272790217e-10,-3.17751818370651e-10
2013-09-13,9.42798101028605e-11,2.82839430308582e-10
2013-09-16,1.90213187933734e-10,5.70639563801203e-10
2013-09-17,9.34487599531481e-11,2.80346279859444e-10
2013-09-18,5.1535954190445e-10,1.54607862571335e-09
2013-09-19,-8.67695124229191e-11,-2.60308537268757e-10
2013-09-20,-1.90349906501297e-10,-5.7104971950389e-10
2013-09-23,-8.90187414217763e-11,-2.67056224265329e-10
2013-09-24,-5.98854669133851e-11,-1.79656400740155e-10
2013-09-25,7.45766215565875e-12,2.23729864669762e-11
2013-09-26,5.82248632073827e-11,1.74674589622148e-10
2013-09-27,-6.48950063550427e-11,-1.94685019065128e-10
2013-09-30,-1.49410242759846e-10,-4.48230728279538e-10
2013-10-01,2.12655092305459e-10,6.37965276916376e-10
2013-10-02,-2.24648525939918e-11,-6.73945577819755e-11
2013-10-03,-1.91963256861896e-10,-5.75889770585688e-10
2013-10-04,1.05019796694613e-10,3.15059390083838e-10
2013-10-07,-1.92676627516877e-10,-5.7802988255063e-10
2013-10-08,-3.2779400881592e-10,-9.83382026447761e-10
2013-10-09,-4.8053388928877e-11,-1.44160166786631e-10
2013-10-10,5.97624797616212e-10,1.79287439284863e-09
2013-10-11,1.76565391309899e-10,5.29696173929698e-10
2013-10-14,9.74416973662497e-11,2.92325092098749e-10
2013-10-15,-1.5870570965909e-10,-4.76117128977271e-10
2013-10-16,2.97531333435501e-10,8.92594000306504e-10
2013-10-17,3.13831019853842e-10,9.41493059561527e-10
2013-10-18,1.85139211115596e-10,5.55417633346788e-10
2013-10-21,2.49510111971591e-11,7.48530335914772e-11
2013-10-22,2.22785475190082e-10,6.68356425570246e-10
2013-10-23,-1.25380941587649e-10,-3.76142824762947e-10
2013-10-24,1.38110631670511e-10,4.14331895011534e-10
2013-10-25,5.78092934240604e-11,1.73427880272181e-10
2013-10-28,-4.44106357462663e-11,-1.33231907238799e-10
2013-10-29,9.7968909913057e-11,2.93906729739171e-10
2013-10-30,-1.34390538436143e-10,-4.0317161530843e-10
2013-10-31,-1.08386222500219e-10,-3.25158667500657e-10
2013-11-01,-6.14466109307337e-11,-1.84339832792201e-10
2013-11-04,1.40682195290831e-10,4.22046585872493e-10
2013-11-05,-1.56126809096887e-10,-4.6838042729066e-10
2013-11-06,1.58991722317974e-10,4.76975166953922e-10
2013-11-07,-3.8383411591206e-10,-1.15150234773618e-09
2013-11-08,2.53515253889472e-10,7.60545761668417e-10
2013-11-11,4.87794664356266e-11,1.4633839930688e-10
2013-11-12,-9.50325552686923e-11,-2.85097665806077e-10
2013-11-13,1.7287632688069e-10,5.18628980642071e-10
2013-11-14,1.00598122857334e-10,3.01794368572001e-10
2013-11-15,1.29845958563552e-10,3.89537875690657e-10
2013-11-18,-4.68710827080873e-11,-1.40613248124262e-10
2013-11-19,-6.49281148688319e-11,-1.94784344606496e-10
2013-11-20,-1.59680227610003e-10,-4.79040682830008e-10
2013-11-21,2.36473741092639e-10,7.09421223277919e-10
2013-11-22,1.39056136288266e-10,4.17168408864798e-10
2013-11-25,-3.84477485541892e-11,-1.15343245662568e-10
2013-11-26,1.64879884280367e-11,4.94639652841101e-11
2013-11-27,1.06052311168263e-10,3.18156933504789e-10
2013-11-29,3.13155813772592e-11,9.39467441317777e-11
2013-12-02,-0.00973090425362549,-0.0291927127608765
2013-12-03,-0.00550031562966257,-0.0165009468889877
2013-12-04,-0.00282284996198089,-0.00846854988594267
2013-12-05,-0.00418513218806081,-0.0125553965641824
2013-12-06,0.0146543836518765,0.0439631509556294
2013-12-09,0.00159596302144186,0.00478788906432557
2013-12-10,-0.00229819727911808,-0.00689459183735424
2013-12-11,-0.0132365992033325,-0.0397097976099976
2013-12-12,-0.00605049826191391,-0.0181514947857417
2013-12-13,0.000521737197666479,0.00156521159299944
2013-12-16,0.00909505101794337,0.0272851530538301
2013-12-17,-0.00549349556448827,-0.0164804866934648
2013-12-18,0.0169201008343833,0.05076030250315
2013-12-19,-0.004402705959183,-0.013208117877549
2013-12-20,0.0038679387253372,0.0116038161760116
2013-12-23,0.00761668667858037,0.0228500600357411
2013-12-24,0.00511217932249755,0.0153365379674926
2013-12-26,0.000937386231098159,0.00281215869329448
2013-12-27,0.00587709329346718,0.0176312798804015
2013-12-30,0.00283625612012909,0.00850876836038726
2013-12-31,0.00463515081241698,0.0139054524372509
2014-01-02,-0.0198048032108477,-0.059414409632543
2014-01-03,-0.000437300919713774,-0.00131190275914132
2014-01-06,-0.00304892786758281,-0.00914678360274844
2014-01-07,0.0060459357967761,0.0181378073903283
2014-01-08,-0.000609452111056363,-0.00182835633316909
2014-01-09,-0.000572560697535544,-0.00171768209260663
2014-01-10,0.00860863554718653,0.0258259066415596
2014-01-13,-0.0109820875981578,-0.0329462627944733
2014-01-14,0.0111851930270807,0.033555579081242
2014-01-15,0.00342718233115434,0.010281546993463
2014-01-16,-0.00130232952875171,-0.00390698858625513
2014-01-17,-0.00497953554074896,-0.0149386066222469
2014-01-21,0.0033202869333882,0.00996086080016459
2014-01-22,0.00396438179807272,0.0118931453942182
2014-01-23,-0.00956272184822896,-0.0286881655446869
2014-01-24,-0.0260857975668368,-0.0782573927005103
2014-01-27,-0.00527790108095902,-0.0158337032428771
2014-01-28,0.00767242290378721,0.0230172687113616
2014-01-29,-0.0119174502558935,-0.0357523507676806
2014-01-30,0.00816544121364885,0.0244963236409466
2014-01-31,-0.00716069080573254,-0.0214820724171976
2014-02-03,-0.00513423740583131,-0.0154027122174939
2014-02-04,-0.000697982488237054,-0.00209394746471116
2014-02-05,-0.00428414446650433,-0.012852433399513
2014-02-06,0.00577256653451837,0.0173176996035551
2014-02-07,0.00694871464989626,0.0208461439496888
2014-02-10,0.00111072123668769,0.00333216371006307
2014-02-11,0.00392125586217109,0.0117637675865133
2014-02-12,-0.00180835774024519,-0.00542507322073558
2014-02-13,0.00600966622901293,0.0180289986870388
2014-02-14,0.00267660205182124,0.00802980615546373
2014-02-18,0.00340042465820112,0.0102012739746034
2014-02-19,-0.00546640548909708,-0.0163992164672913
2014-02-20,0.00210771248734248,0.00632313746202743
2014-02-21,0.00249021636482705,0.00747064909448116
2014-02-24,0.00208391761268864,0.00625175283806593
2014-02-25,0.00402341596296879,0.0120702478889064
2014-02-26,0.00207681539592215,0.00623044618776645
2014-02-27,0.00521040093685894,0.0156312028105768
2014-02-28,0.00170055669963347,0.00510167009890042
2014-03-03,-0.00904773469953855,-0.0271432040986157
2014-03-04,0.0167810922810954,0.0503432768432862
2014-03-05,-0.00106649376916434,-0.00319948130749303
2014-03-06,0.000197978777787261,0.000593936333361784
2014-03-07,-0.00665964374755669,-0.0199789312426701
2014-03-10,-0.00422018467770455,-0.0126605540331137
2014-03-11,-8.7032815294013e-05,-0.000261098445882039
2014-03-12,0.000405589563184561,0.00121676868955368
2014-03-13,-0.0116038766742264,-0.0348116300226793
2014-03-14,0.00108225813875804,0.00324677441627411
2014-03-17,0.00721719539997643,0.0216515861999293
2014-03-18,0.00647413650800114,0.0194224095240034
2014-03-19,-0.0142317800138781,-0.0426953400416342
2014-03-20,0.00325873956796458,0.00977621870389374
2014-03-21,0.0017809700309931,0.00534291009297931
2014-03-24,-0.00425515677434685,-0.0127654703230406
2014-03-25,0.00854232118211075,0.0256269635463322
2014-03-26,-0.00733267830982364,-0.0219980349294709
2014-03-27,0.0029969285746147,0.00899078572384409
2014-03-28,0.00633123672713888,0.0189937101814166
2014-03-31,0.0078261464448672,0.0234784393346016
2014-04-01,0.00663419821203565,0.0199025946361069
2014-04-02,0.00125361656165434,0.00376084968496302
2014-04-03,-0.00242956425103041,-0.00728869275309124
2014-04-04,-0.00370205608886082,-0.0111061682665825
2014-04-07,-0.0033706069304993,-0.0101118207914979
2014-04-08,0.00528450563110674,0.0158535168933202
2014-04-09,0.00620360578336396,0.0186108173500919
2014-04-10,-0.016213312347323,-0.048639937041969
2014-04-11,-0.00699719274193724,-0.0209915782258117
2014-04-14,0.00529038515798659,0.0158711554739598
2014-04-15,0.00622392308134164,0.0186717692440249
2014-04-16,0.00938899656965298,0.028166989708959
2014-04-17,0.000213095385801617,0.000639286157404852
2014-04-21,0.00354387601132493,0.0106316280339748
2014-04-22,0.00370321322603719,0.0111096396781116
2014-04-23,-0.00319278141618843,-0.00957834424856529
2014-04-24,0.00295440974536734,0.00886322923610201
2014-04-25,-0.00598919781620711,-0.0179675934486213
2014-04-28,0.00520176526032824,0.0156052957809847
2014-04-29,0.00399279582676636,0.0119783874802991
2014-04-30,0.00433497570373,0.01300492711119
2014-05-01,0.00301418209880118,0.00904254629640355
2014-05-02,-0.001871964645549,-0.005615893936647
2014-05-05,0.0020191943675532,0.00605758310265959
2014-05-06,-0.00486738909207486,-0.0146021672762246
2014-05-07,0.00723801231419332,0.02171403694258
2014-05-08,0.00116827019600243,0.00350481058800728
2014-05-09,-0.00091077078829666,-0.00273231236488998
2014-05-12,0.00737028633306319,0.0221108589991896
2014-05-13,-0.00363939416612127,-0.0109181824983638
2014-05-14,-0.00144354139145214,-0.00433062417435641
2014-05-15,-0.00407729785147554,-0.0122318935544266
2014-05-16,0.00530479997571592,0.0159143999271478
2014-05-19,-0.000502719813024268,-0.00150815943907281
2014-05-20,-0.0050059005229624,-0.0150177015688872
2014-05-21,0.00238488982246889,0.00715466946740666
2014-05-22,-0.000621521152461648,-0.00186456345738494
2014-05-23,0.00487440031661394,0.0146232009498418
2014-05-27,0.00644880253749092,0.0193464076124728
2014-05-28,-0.00461501937605322,-0.0138450581281597
2014-05-29,0.00417088117639006,0.0125126435291702
2014-05-30,0.00233770380993638,0.00701311142980915
2014-06-02,-0.00225126841442479,-0.00675380524327438
2014-06-03,-0.00646439162391169,-0.0193931748717351
2014-06-04,4.38594383629747e-05,0.000131578315088924
2014-06-05,0.00836494281331201,0.025094828439936
2014-06-06,0.00124554900511828,0.00373664701535485
2014-06-09,-0.00501904259969787,-0.0150571277990936
2014-06-10,-0.00362517827608549,-0.0108755348282565
2014-06-11,-0.00211924222247569,-0.00635772666742707
2014-06-12,0.00259892937534134,0.00779678812602401
2014-06-13,-1.86741935044798e-05,-5.60225805134393e-05
2014-06-16,-2.48080219207258e-06,-7.44240657621774e-06
2014-06-17,-0.0028567474373625,-0.00857024231208751
2014-06-18,0.00791395511051942,0.0237418653315583
2014-06-19,-0.00249093462968616,-0.00747280388905848
2014-06-20,0.00323328847777569,0.00969986543332708
2014-06-23,-0.00278413964846653,-0.0083524189453996
2014-06-24,0.00134462501761063,0.0040338750528319
2014-06-25,-0.000324171124504467,-0.000972513373513401
2014-06-26,0.00125149450513589,0.00375448351540768
2014-06-27,0.00197959666673246,0.00593879000019738
2014-06-30,0.000409889185257712,0.00122966755577314
2014-07-01,0.00151001331072546,0.00453003993217639
2014-07-02,-0.0022276015667137,-0.0066828047001411
2014-07-03,-0.00133567212328079,-0.00400701636984237
2014-07-07,0.00353412417199749,0.0106023725159925
2014-07-08,0.00342243662386192,0.0102673098715858
2014-07-09,0.00280698660987796,0.00842095982963388
2014-07-10,-8.07854058898984e-05,-0.000242356217669695
2014-07-11,0.00175387003610316,0.00526161010830948
2014-07-14,0.00267203137099514,0.00801609411298542
2014-07-15,-0.000348661191004627,-0.00104598357301388
2014-07-16,0.00372235158285271,0.0111670547485581
2014-07-17,-0.00332240804310161,-0.00996722412930483
2014-07-18,0.00689350268820087,0.0206805080646026
2014-07-21,0.00171126969286949,0.00513380907860847
2014-07-22,0.0053381016160197,0.0160143048480591
2014-07-23,0.000288846470528688,0.000866539411586065
2014-07-24,-0.00102494370640647,-0.00307483111921942
2014-07-25,0.000347669896550885,0.00104300968965266
2014-07-28,0.0043797002467472,0.0131391007402416
2014-07-29,-0.00234994766299229,-0.00704984298897686
2014-07-30,-0.00687535147474324,-0.0206260544242297
2014-07-31,-0.0116309198273933,-0.0348927594821798
2014-08-01,-9.98289800819791e-05,-0.000299486940245937
2014-08-04,0.00730868286587135,0.0219260485976141
2014-08-05,-0.0112349294953065,-0.0337047884859194
2014-08-06,-0.00249809986747503,-0.00749429960242509
2014-08-07,-0.00274778040558418,-0.00824334121675253
2014-08-08,0.00915067247652075,0.0274520174295622
2014-08-11,0.00700070269717905,0.0210021080915372
2014-08-12,-0.000908997905073953,-0.00272699371522186
2014-08-13,0.00963242226592626,0.0288972667977788
2014-08-14,0.00156018549734703,0.00468055649204108
2014-08-15,-0.000992027091437015,-0.00297608127431105
2014-08-18,0.00957708132601609,0.0287312439780483
2014-08-19,0.00385020802050778,0.0115506240615233
2014-08-20,0.00191501879763244,0.00574505639289732
2014-08-21,-0.000974143432383371,-0.00292243029715011
2014-08-22,-0.00440393275470168,-0.013211798264105
2014-08-25,0.00435944086032024,0.0130783225809607
2014-08-26,0.00145750029141324,0.00437250087423973
2014-08-27,0.00188247248012074,0.00564741744036222
2014-08-28,-0.00311852226743554,-0.00935556680230663
2014-08-29,0.00231914128111874,0.00695742384335622
2014-09-02,-0.00780899877518223,-0.0234269963255467
2014-09-03,0.0067133187896534,0.0201399563689602
2014-09-04,-0.00671753655939845,-0.0201526096781954
2014-09-05,0.00487486510480046,0.0146245953144014
2014-09-08,-0.00333105562449527,-0.0099931668734858
2014-09-09,-0.00525397977630724,-0.0157619393289217
2014-09-10,-0.0093635131574054,-0.0280905394722162
2014-09-11,-0.00291848783762257,-0.00875546351286771
2014-09-12,-0.0174332323031894,-0.0522996969095683
2014-09-15,-0.00142212335911774,-0.00426637007735321
2014-09-16,0.00443338575551674,0.0133001572665502
2014-09-17,-0.00374224596484465,-0.011226737894534
2014-09-18,-0.00131323128718212,-0.00393969386154636
2014-09-19,0.00417366188819968,0.012520985664599
2014-09-22,-0.00579633827918212,-0.0173890148375464
2014-09-23,-0.000792022624544143,-0.00237606787363243
2014-09-24,0.000468636043974559,0.00140590813192368
2014-09-25,-0.00207783257575025,-0.00623349772725074
2014-09-26,0.00435107758517986,0.0130532327555396
2014-09-29,-0.00212048556554904,-0.00636145669664713
2014-09-30,-0.00334139546715755,-0.0100241864014727
2014-10-01,0.00310984119774254,0.00932952359322762
2014-10-02,-0.00284254554229439,-0.00852763662688318
2014-10-03,0.00441988859084211,0.0132596657725263
2014-10-06,0.000225902492259665,0.000677707476778994
2014-10-07,4.71712948796627e-05,0.000141513884638988
2014-10-08,0.00735311017522853,0.0220593305256856
2014-10-09,-0.00857041999301812,-0.0257112599790544
2014-10-10,-0.000518106827675179,-0.00155432048302554
2014-10-13,-0.00177937906115313,-0.00533813718345939
2014-10-14,0.00319579451240789,0.00958738353722367
2014-10-15,0.0022613903996118,0.00678417119883541
2014-10-16,-0.00172329654460484,-0.00516988963381452
2014-10-17,0.00127542806052697,0.00382628418158092
2014-10-20,0.00471232805014057,0.0141369841504217
2014-10-21,0.00391583771465404,0.0117475131439621
2014-10-22,-0.00257309445041859,-0.00771928335125578
2014-10-23,0.000474966939993746,0.00142490081998124
2014-10-24,0.00294542390645812,0.00883627171937436
2014-10-27,0.000367305723345395,0.00110191717003619
2014-10-28,0.00206056019819298,0.00618168059457895
2014-10-29,-0.00167895356054455,-0.00503686068163365
2014-10-30,0.00273733767697479,0.00821201303092436
2014-10-31,0.00275939372795196,0.00827818118385587
2014-11-03,0.00244889600849546,0.00734668802548637
2014-11-04,0.000857475058803445,0.00257242517641033
2014-11-05,0.000267156047469459,0.000801468142408378
2014-11-06,-0.00339685435259064,-0.0101905630577719
2014-11-07,0.0052355684282192,0.0157067052846576
2014-11-10,-0.00135184639605586,-0.00405553918816758
2014-11-11,-0.000349356491231294,-0.00104806947369388
2014-11-12,-0.0022335174493411,-0.00670055234802329
2014-11-13,0.00244779502053803,0.0073433850616141
2014-11-14,0.000705539142188935,0.00211661742656681
2014-11-17,-1.4934364230496e-05,-4.48030926914879e-05
2014-11-18,0.00400314896441966,0.012009446893259
2014-11-19,-0.00498220247905014,-0.0149466074371504
2014-11-20,0.00353651735353498,0.0106095520606049
2014-11-21,0.00634400995813164,0.0190320298743949
2014-11-24,0.00193014035625684,0.00579042106877051
2014-11-25,0.00433644328972882,0.0130093298691865
2014-11-26,0.00396258746660664,0.0118877623998199
2014-11-28,0.00332958118010028,0.00998874354030084
2014-12-01,-0.00493516001948238,-0.0148054800584471
2014-12-02,-0.00119182652283674,-0.00357547956851023
2014-12-03,0.00275073074480951,0.00825219223442853
2014-12-04,0.00410660053230461,0.0123198015969138
2014-12-05,-0.00369599962151895,-0.0110879988645568
2014-12-08,0.00542122675590566,0.016263680267717
2014-12-09,0.00386509425949325,0.0115952827784798
2014-12-10,-0.0011923954355674,-0.00357718630670219
2014-12-11,0.00339900872368517,0.0101970261710555
2014-12-12,-0.000481894899862029,-0.00144568469958609
2014-12-15,-0.0058186625137114,-0.0174559875411342
2014-12-16,0.00276889707559586,0.00830669122678758
2014-12-17,0.00786256682290085,0.0235877004687025
2014-12-18,0.000688993709895163,0.00206698112968549
2014-12-19,0.00802176389510045,0.0240652916853013
2014-12-22,0.00567276120054258,0.0170182836016277
2014-12-23,-0.010078840852776,-0.030236522558328
2014-12-24,0.00106710427459932,0.00320131282379795
2014-12-26,0.00352324637527787,0.0105697391258336
2014-12-29,0.00523016381847407,0.0156904914554222
2014-12-30,-0.00066883362626055,-0.00200650087878165
2014-12-31,-0.00620745097593344,-0.0186223529278003
2015-01-02,0.00801392114344278,0.0240417634303283
2015-01-05,0.00202980734793669,0.00608942204381006
2015-01-06,0.00656649718365044,0.0196994915509513
2015-01-07,0.00728850876015057,0.0218655262804517
2015-01-08,0.00125289900012724,0.00375869700038171
2015-01-09,0.0022375699017608,0.0067127097052824
2015-01-12,0.00167201004734636,0.00501603014203908
2015-01-13,-0.00130785782170525,-0.00392357346511576
2015-01-14,0.00331313215659079,0.00993939646977238
2015-01-15,0.00381007536450089,0.0114302260935027
2015-01-16,0.00102460733600484,0.00307382200801453
2015-01-20,0.00451198231622051,0.0135359469486615
2015-01-21,-0.00351237251906642,-0.0105371175571992
2015-01-22,0.00808828272883104,0.0242648481864931
2015-01-23,0.00372958483665585,0.0111887545099675
2015-01-26,0.00206539854557023,0.00619619563671068
2015-01-27,-0.00352679877246334,-0.01058039631739
2015-01-28,0.000446590303083519,0.00133977090925056
2015-01-29,0.00108265950316806,0.00324797850950418
2015-01-30,-0.00231932346981812,-0.00695797040945437
2015-02-02,-0.00143037231888415,-0.00429111695665245
2015-02-03,-0.00561172461914808,-0.0168351738574442
2015-02-04,-0.000586203561114086,-0.00175861068334226
2015-02-05,0.000685380030538154,0.00205614009161446
2015-02-06,-0.0189214148191896,-0.0567642444575687
2015-02-09,-0.0023453361785428,-0.00703600853562839
2015-02-10,-0.001100203225826,-0.003300609677478
2015-02-11,-0.000947649170032977,-0.00284294751009893
2015-02-12,0.00360018196258145,0.0108005458877444
2015-02-13,-0.00691848049535127,-0.0207554414860538
2015-02-17,-0.00689819376393116,-0.0206945812917935
2015-02-18,0.00688348554142656,0.0206504566242797
2015-02-19,-0.0110649291980273,-0.0331947875940818
2015-02-20,0.00445503985721236,0.0133651195716371
2015-02-23,0.00708032995193602,0.0212409898558081
2015-02-24,-0.00196033497295993,-0.00588100491887979
2015-02-25,0.000915780279033398,0.00274734083710019
2015-02-26,-0.00935712241617092,-0.0280713672485128
2015-02-27,0.00633993191533927,0.0190197957460178
2015-03-02,-0.00345574614822381,-0.0103672384446714
2015-03-03,-0.0034541902274581,-0.0103625706823743
2015-03-04,-0.00343524901920206,-0.0103057470576062
2015-03-05,0.00131800757143402,0.00395402271430205
2015-03-06,-0.0203185293335407,-0.0609555880006222
2015-03-09,0.00685278577367529,0.0205583573210259
2015-03-10,-0.00183032117776206,-0.00549096353328619
2015-03-11,0.0023729179980982,0.00711875399429459
2015-03-12,0.00819306097679192,0.0245791829303758
2015-03-13,-0.00362351310478112,-0.0108705393143434
2015-03-16,0.0113501206133289,0.0340503618399868
2015-03-17,0.00190537796253224,0.00571613388759672
2015-03-18,0.0162414910732542,0.0487244732197626
2015-03-19,-0.00360915411679158,-0.0108274623503747
2015-03-20,0.00984795803335745,0.0295438741000723
2015-03-23,-0.00126898624758816,-0.00380695874276448
2015-03-24,2.59102718641073e-05,7.77308155923218e-05
2015-03-25,-0.0132652840319401,-0.0397958520958203
2015-03-26,-0.00789339112388182,-0.0236801733716455
2015-03-27,0.00628984241747463,0.0188695272524239
2015-03-30,0.00638061359532405,0.0191418407859722
2015-03-31,-0.00503243521643468,-0.015097305649304
2015-04-01,0.00315136991689849,0.00945410975069548
2015-04-02,-0.000744294970227155,-0.00223288491068146
2015-04-06,0.00318593255407627,0.00955779766222881
2015-04-07,-0.00189534883435672,-0.00568604650307015
2015-04-08,0.00227210873666391,0.00681632620999173
2015-04-09,-0.00745853369525863,-0.0223756010857759
2015-04-10,0.00229497136742541,0.00688491410227624
2015-04-13,-0.00186066620897807,-0.00558199862693421
2015-04-14,0.00408940377382625,0.0122682113214787
2015-04-15,0.000306776579725049,0.000920329739175147
2015-04-16,-0.00109022792792663,-0.00327068378377989
2015-04-17,-0.00173172410996095,-0.00519517232988285
2015-04-20,0.000525751498800578,0.00157725449640173
2015-04-21,-0.00125275703134105,-0.00375827109402314
2015-04-22,-0.00351419197699631,-0.0105425759309889
2015-04-23,0.00329627079876132,0.00988881239628397
2015-04-24,0.00323659848391557,0.00970979545174671
2015-04-27,-0.00237338948737592,-0.00712016846212777
2015-04-28,-0.00451494863581562,-0.0135448459074469
2015-04-29,-0.0107513864296801,-0.0322541592890404
2015-04-30,-0.00730153745362482,-0.0219046123608745
2015-05-01,0.000783146224841022,0.00234943867452307
2015-05-04,-0.00201025214685846,-0.00603075644057538
2015-05-05,-0.00924826180192105,-0.0277447854057632
2015-05-06,-0.00550733731594294,-0.0165220119478288
2015-05-07,0.005360760876838,0.016082282630514
2015-05-08,0.0119199302480939,0.0357597907442816
2015-05-11,-0.0113046640019666,-0.0339139920058999
2015-05-12,-0.00114059103127773,-0.00342177309383319
2015-05-13,-0.000890758487318463,-0.00267227546195539
2015-05-14,0.00903927486885575,0.0271178246065673
2015-05-15,0.00733435264182325,0.0220030579254697
2015-05-18,-0.00604758825671745,-0.0181427647701523
2015-05-19,-0.00421387156922938,-0.0126416147076881
2015-05-20,0.00122363911470123,0.0036709173441037
2015-05-21,0.00742367593837437,0.0222710278151231
2015-05-22,-0.00317528925184168,-0.00952586775552505
2015-05-26,-0.00325960886165625,-0.00977882658496874
2015-05-27,0.00777516202922919,0.0233254860876876
2015-05-28,-0.00140458175573746,-0.00421374526721237
2015-05-29,-0.00455906665999761,-0.0136771999799928
2015-06-01,-0.00408262536516295,-0.0122478760954888
2015-06-02,-0.00270997845638492,-0.00812993536915477
2015-06-03,-0.00190531373245263,-0.0057159411973579
2015-06-04,-0.00212521740654441,-0.00637565221963324
2015-06-05,-0.0078520561106226,-0.0235561683318678
2015-06-08,-0.0030658889773173,-0.0091976669319519
2015-06-09,-0.00392197352233511,-0.0117659205670053
2015-06-10,0.00837155543024456,0.0251146662907337
2015-06-11,0.00865279708286993,0.0259583912486098
2015-06-12,-0.00523046985698578,-0.0156914095709573
2015-06-15,-0.00405623270715348,-0.0121686981214604
2015-06-16,0.00506980767122754,0.0152094230136826
2015-06-17,-0.00212123635797926,-0.00636370907393777
2015-06-18,0.00571757251551363,0.0171527175465409
2015-06-19,0.00125866803359546,0.00377600410078638
2015-06-22,0.00160463557091089,0.00481390671273267
2015-06-23,-0.00192765487476174,-0.00578296462428522
2015-06-24,-0.00234848128878567,-0.007045443866357
2015-06-25,-0.00254204179725553,-0.0076261253917666
2015-06-26,-0.00344585735870167,-0.010337572076105
2015-06-29,-0.00891631549877195,-0.0267489464963159
2015-06-30,-0.00225826808138711,-0.00677480424416132
2015-07-01,0.00369866146406003,0.0110959843921801
2015-07-02,0.0011769891586002,0.00353096747580061
2015-07-06,-0.0160629704380576,-0.0481889113141729
2015-07-07,-0.00287802532763213,-0.00863407598289638
2015-07-08,-0.0219741399927164,-0.0659224199781491
2015-07-09,0.011612976576021,0.0348389297280631
2015-07-10,0.0237706383881632,0.0713119151644896
2015-07-13,0.00711806498591726,0.0213541949577518
2015-07-14,0.004593432136447,0.013780296409341
2015-07-15,-0.00544779338266508,-0.0163433801479952
2015-07-16,0.00926140397744009,0.0277842119323203
2015-07-17,-0.00101492962738554,-0.00304478888215661
2015-07-20,-0.00143656527514792,-0.00430969582544377
2015-07-21,-0.00259297071030766,-0.00777891213092299
2015-07-22,-0.00711142496649836,-0.0213342748994951
2015-07-23,-0.00646127393017907,-0.0193838217905372
2015-07-24,-0.0119506884066287,-0.0358520652198862
2015-07-27,-0.0109380007704601,-0.0328140023113803
2015-07-28,0.0116622765951259,0.0349868297853778
2015-07-29,0.00680972414606477,0.0204291724381943
2015-07-30,-0.00304445347996372,-0.00913336043989115
2015-07-31,0.00470285335246411,0.0141085600573923
2015-08-03,-8.09504652066903e-11,-2.42851395620071e-10
2015-08-04,-6.19551649229334e-11,-1.858654947688e-10
2015-08-05,1.69985417740457e-10,5.09956253221372e-10
2015-08-06,-2.17761945780068e-10,-6.53285837340205e-10
2015-08-07,-1.1197433159683e-10,-3.35922994790491e-10
2015-08-10,4.37972715786098e-10,1.31391814735830e-09
2015-08-11,-3.81287701682162e-10,-1.14386310504649e-09
2015-08-12,-5.64087863788064e-11,-1.69226359136419e-10
2015-08-13,-7.02774525280053e-11,-2.10832357584016e-10
2015-08-14,1.19563658853704e-10,3.58690976561113e-10
2015-08-17,9.8100940531096e-11,2.94302821593288e-10
2015-08-18,-1.29761925722564e-10,-3.89285777167691e-10
2015-08-19,-3.35865338022083e-10,-1.00759601406625e-09
2015-08-20,-8.0578672102005e-10,-2.41736016306015e-09
2015-08-21,-9.65607356556443e-10,-2.89682206966933e-09
2015-08-24,-1.29219214533592e-09,-3.87657643600775e-09
2015-08-25,-1.9258083004353e-10,-5.77742490130589e-10
2015-08-26,1.08365717670433e-09,3.25097153011298e-09
2015-08-27,7.06873090966572e-10,2.12061927289972e-09
2015-08-28,-2.91679969325647e-11,-8.75039907976941e-11
2015-08-31,-2.23637792190848e-10,-6.70913376572543e-10
2015-09-01,-2.75733609060336e-10,-8.27200827181008e-10
2015-09-02,1.17509394263184e-10,3.52528182789553e-10
2015-09-03,1.78921980226803e-10,5.36765940680407e-10
2015-09-04,-1.96705319556432e-10,-5.90115958669295e-10
2015-09-08,3.16001907577918e-10,9.48005722733755e-10
2015-09-09,-9.58623825895287e-11,-2.87587147768586e-10
2015-09-10,6.16386020651407e-11,1.84915806195422e-10
2015-09-11,1.46965703033493e-10,4.40897109100478e-10
2015-09-14,-1.59056244898063e-10,-4.77168734694188e-10
2015-09-15,-3.8035845691153e-10,-1.14107537073459e-09
2015-09-16,2.95962157984063e-10,8.87886473952188e-10
2015-09-17,6.40787294683839e-10,1.92236188405152e-09
2015-09-18,-2.14194134223653e-10,-6.42582402670958e-10
2015-09-21,-4.2561673035054e-10,-1.27685019105162e-09
2015-09-22,-2.88027663149229e-10,-8.64082989447687e-10
2015-09-23,-1.59792119567184e-10,-4.79376358701552e-10
2015-09-24,5.11640962802638e-11,1.53492288840791e-10
2015-09-25,-3.71691855871046e-11,-1.11507556761314e-10
2015-09-28,-2.16515064000356e-11,-6.49545192001068e-11
2015-09-29,3.03791092751249e-10,9.11373278253746e-10
2015-09-30,4.07999753072288e-10,1.22399925921687e-09
2015-10-01,6.21774357111619e-11,1.86532307133486e-10
2015-10-02,1.81433612343973e-10,5.44300837031918e-10
2015-10-05,-2.70621168832898e-10,-8.11863506498693e-10
2015-10-06,9.44346820942991e-11,2.83304046282897e-10
2015-10-07,-9.43316539794489e-11,-2.82994961938347e-10
2015-10-08,-1.46057895330051e-10,-4.38173685990152e-10
2015-10-09,4.06295564352754e-11,1.21888669305826e-10
2015-10-12,1.59435131632435e-10,4.78305394897304e-10
2015-10-13,4.09535104414227e-11,1.22860531324268e-10
2015-10-14,2.23877570355723e-10,6.71632711067169e-10
2015-10-15,-1.32570887586458e-10,-3.97712662759375e-10
2015-10-16,-1.68019526503922e-11,-5.04058579511765e-11
2015-10-19,-3.73816002226091e-11,-1.12144800667827e-10
2015-10-20,-1.45154677027993e-10,-4.3546403108398e-10
2015-10-21,1.84315443040856e-10,5.52946329122569e-10
2015-10-22,4.31327200122131e-11,1.29398160036639e-10
2015-10-23,-2.24147275649554e-10,-6.72441826948661e-10
2015-10-26,1.31418359975703e-10,3.94255079927108e-10
2015-10-27,8.84118658402191e-11,2.65235597520657e-10
2015-10-28,-1.68640917459852e-10,-5.05922752379557e-10
2015-10-29,-3.07787242617376e-10,-9.23361727852127e-10
2015-10-30,1.23240864294117e-10,3.6972259288235e-10
2015-11-02,0.00484797334187676,0.0145439200256303
2015-11-03,-0.0070678115035784,-0.0212034345107352
2015-11-04,-0.0013281964364584,-0.00398458930937519
2015-11-05,0.000305981223886051,0.000917943671658154
2015-11-06,-0.0169997303521988,-0.0509991910565965
2015-11-09,-0.0071422238738736,-0.0214266716216208
2015-11-10,0.00519624085539957,0.0155887225661987
2015-11-11,3.81755564049245e-05,0.000114526669214774
2015-11-12,-0.000299027920794328,-0.000897083762382984
2015-11-13,-0.000463089597516889,-0.00138926879255067
2015-11-16,0.00396280899668803,0.0118884269900641
2015-11-17,0.000691691724499802,0.0020750751734994
2015-11-18,0.0032214038555776,0.00966421156673281
2015-11-19,0.00427784164006285,0.0128335249201886
2015-11-20,0.00241470515380127,0.00724411546140382
2015-11-23,0.00173952178087651,0.00521856534262953
2015-11-24,-0.00168917397403862,-0.00506752192211587
2015-11-25,0.00237224071467842,0.00711672214403527
2015-11-27,0.00294391905920458,0.00883175717761373
2015-11-30,-0.00144994100724356,-0.00434982302173069
2015-12-01,0.00958576386693862,0.0287572916008159
2015-12-02,-0.00555938938364304,-0.0166781681509291
2015-12-03,-0.015772890703538,-0.0473186721106141
2015-12-04,0.00879289044357613,0.0263786713307284
2015-12-07,0.00386208826823617,0.0115862648047085
2015-12-08,0.000536232132027001,0.001608696396081
2015-12-09,-0.000823926580512756,-0.00247177974153827
2015-12-10,-0.00274292726601641,-0.00822878179804924
2015-12-11,0.0086123426920593,0.0258370280761779
2015-12-14,-0.00552517394513156,-0.0165755218353947
2015-12-15,-0.00108889317887948,-0.00326667953663845
2015-12-16,0.00217732468468177,0.00653197405404531
2015-12-17,0.00406672805710069,0.0122001841713021
2015-12-18,0.000973576862166858,0.00292073058650057
2015-12-21,0.00120166270822915,0.00360498812468745
2015-12-22,-0.00278326762876338,-0.00834980288629015
2015-12-23,-0.000804816546508683,-0.00241444963952605
2015-12-24,0.00235609966735058,0.00706829900205173
2015-12-28,0.00238983094624353,0.00716949283873058
2015-12-29,-0.00482574923944665,-0.0144772477183399
2015-12-30,-0.000752264001948326,-0.00225679200584498
2015-12-31,0.000139652578882248,0.000418957736646745
2016-01-04,0.00126319014383541,0.00378957043150624
2016-01-05,0.00321025673484031,0.00963077020452092
2016-01-06,0.00576984913492805,0.0173095474047841
2016-01-07,-0.00204212674957758,-0.00612638024873273
2016-01-08,-3.9833691190807e-05,-0.000119501073572421
2016-01-11,-0.00286511071094576,-0.00859533213283728
2016-01-12,0.00481946705917766,0.014458401177533
2016-01-13,0.00188950305290771,0.00566850915872314
2016-01-14,-0.00372079217014472,-0.0111623765104342
2016-01-15,0.00509459103988358,0.0152837731196507
2016-01-19,-0.000275809577482203,-0.000827428732446609
2016-01-20,-0.00147194238409513,-0.0044158271522854
2016-01-21,-0.00166400935577856,-0.00499202806733568
2016-01-22,0.00359582887762031,0.0107874866328609
2016-01-25,0.00207167477230123,0.00621502431690368
2016-01-26,0.00450737210024534,0.013522116300736
2016-01-27,-0.0039082158337499,-0.0117246475012497
2016-01-28,-0.00136597727218595,-0.00409793181655786
2016-01-29,0.00866372738584312,0.0259911821575294
2016-02-01,0.000734716464646409,0.00220414939393923
2016-02-02,0.00794949951846417,0.0238484985553925
2016-02-03,0.000297768676017512,0.000893306028052536
2016-02-04,0.00540050519331664,0.0162015155799499
2016-02-05,0.00495403907146319,0.0148621172143896
2016-02-08,0.0121435881139722,0.0364307643419165
2016-02-09,-0.000225531177054803,-0.000676593531164409
2016-02-10,0.00550401725987536,0.0165120517796261
2016-02-11,0.0141906094183192,0.0425718282549576
2016-02-12,-0.0091954188476888,-0.0275862565430664
2016-02-16,-0.011644034053184,-0.0349321021595519
2016-02-17,-0.00108237772261873,-0.0032471331678562
2016-02-18,0.0113668437420627,0.0341005312261881
2016-02-19,-0.00133842109673225,-0.00401526329019674
2016-02-22,-0.00516091480882999,-0.01548274442649
2016-02-23,0.00575808331214251,0.0172742499364275
2016-02-24,0.00040261291951235,0.00120783875853705
2016-02-25,0.00302949321679946,0.00908847965039839
2016-02-26,-0.00644902283019946,-0.0193470684905984
2016-02-29,0.00515447433244391,0.0154634229973317
2016-03-01,0.00104703607714335,0.00314110823143005
2016-03-02,0.00599992273285598,0.0179997681985679
2016-03-03,0.00701648465534901,0.021049453966047
2016-03-04,-0.00300940901360456,-0.00902822704081368
2016-03-07,0.00157224258153482,0.00471672774460445
2016-03-08,0.000417992507535473,0.00125397752260642
2016-03-09,-0.00270380165211847,-0.0081114049563554
2016-03-10,0.00191939271527531,0.00575817814582593
2016-03-11,7.35973893583146e-05,0.000220792168074944
2016-03-14,-0.0021211031242603,-0.0063633093727809
2016-03-15,0.00125582137222986,0.00376746411668957
2016-03-16,0.0109055207207273,0.032716562162182
2016-03-17,0.00559714581962662,0.0167914374588799
2016-03-18,-0.00179190862739825,-0.00537572588219476
2016-03-21,-0.00818330261562885,-0.0245499078468865
2016-03-22,0.000526687384659979,0.00158006215397994
2016-03-23,-0.00270088278296004,-0.00810264834888011
2016-03-24,-0.000735897931308462,-0.00220769379392539
2016-03-28,0.00458512107269235,0.013755363218077
2016-03-29,0.0159527527076437,0.0478582581229311
2016-03-30,-0.00907424119095613,-0.0272227235728684
2016-03-31,0.00613140166516291,0.0183942049954887
2016-04-01,1.17036869761745e-05,3.51110609285236e-05
2016-04-04,-0.00180002016107882,-0.00540006048323647
2016-04-05,0.00553496394617126,0.0166048918385138
2016-04-06,-0.00364879501621201,-0.010946385048636
2016-04-07,0.00608321822352577,0.0182496546705773
2016-04-08,-0.00116821168616303,-0.00350463505848908
2016-04-11,0.00113129441612917,0.00339388324838751
2016-04-12,-0.000278137297433349,-0.000834411892300047
2016-04-13,-0.0033363590334033,-0.0100090771002099
2016-04-14,-0.00783887125650044,-0.0235166137695013
2016-04-15,0.00787634652202707,0.0236290395660812
2016-04-18,0.000193656216417233,0.000580968649251699
2016-04-19,0.00198455572584225,0.00595366717752675
2016-04-20,-0.0118051564039016,-0.0354154692117049
2016-04-21,-0.00813331988867325,-0.0243999596660197
2016-04-22,-6.11619595865811e-05,-0.000183485878759743
2016-04-25,0.00235379368473304,0.00706138105419911
2016-04-26,-0.000301297456687151,-0.000903892370061454
2016-04-27,0.00382132528381797,0.0114639758514539
2016-04-28,0.00469154958761357,0.0140746487628407
2016-04-29,0.00232294193606299,0.00696882580818898
2016-05-02,-0.00482230016703568,-0.014466900501107
2016-05-03,0.0061240843270083,0.0183722529810249
2016-05-04,0.00128662394311223,0.00385987182933669
2016-05-05,0.00302180268575093,0.00906540805725278
2016-05-06,-0.000711821574836425,-0.00213546472450928
2016-05-09,-0.0019640633345233,-0.00589219000356989
2016-05-10,0.000429625663733063,0.00128887699119919
2016-05-11,0.00407157771262789,0.0122147331378837
2016-05-12,-0.00414752981341435,-0.012442589440243
2016-05-13,0.00546113326222425,0.0163833997866728
2016-05-16,-0.00409034919393854,-0.0122710475818156
2016-05-17,0.000322819377512485,0.000968458132537454
2016-05-18,-0.0113905235624369,-0.0341715706873107
2016-05-19,0.00131755676519025,0.00395267029557074
2016-05-20,0.000304287775385234,0.000912863326155703
2016-05-23,0.000400069989706486,0.00120020996911946
2016-05-24,-0.00529438899428221,-0.0158831669828466
2016-05-25,-0.00173685915562528,-0.00521057746687583
2016-05-26,0.00242390929338435,0.00727172788015304
2016-05-27,-0.00297531537660663,-0.0089259461298199
2016-05-31,0.00198502775737484,0.00595508327212452
2016-06-01,0.000677606957139087,0.00203282087141726
2016-06-02,0.00366700921783089,0.0110010276534927
2016-06-03,0.0140731067630317,0.042219320289095
2016-06-06,-0.00543923633732827,-0.0163177090119848
2016-06-07,0.00244345808167269,0.00733037424501807
2016-06-08,0.00771751390317465,0.023152541709524
2016-06-09,0.00475129463060554,0.0142538838918166
2016-06-10,0.00159335429055776,0.00478006287167327
2016-06-13,0.0043634182497111,0.0130902547491333
2016-06-14,-0.000872275558754176,-0.00261682667626253
2016-06-15,0.00714775873262762,0.0214432761978829
2016-06-16,0.00129473564845189,0.00388420694535566
2016-06-17,0.000480515657340946,0.00144154697202284
2016-06-20,-0.00574782059494336,-0.0172434617848301
2016-06-21,-0.00534377968565852,-0.0160313390569755
2016-06-22,0.000326509210185543,0.00097952763055663
2016-06-23,-0.00443771644737124,-0.0133131493421137
2016-06-24,0.0208665819014193,0.0625997457042578
2016-06-27,0.0115079734520986,0.0345239203562958
2016-06-28,0.00502731906593287,0.0150819571977986
2016-06-29,0.00263062734803416,0.00789188204410247
2016-06-30,0.00596378602964857,0.0178913580889457
2016-07-01,0.0128873506269287,0.0386620518807861
2016-07-05,0.00100727334448167,0.00302182003344501
2016-07-06,0.00129309268883468,0.00387927806650404
2016-07-07,-0.0017429437132929,-0.0052288311398787
2016-07-08,0.0114709907353481,0.0344129722060443
2016-07-11,-0.00323414208771963,-0.00970242626315888
2016-07-12,-0.00699543176182651,-0.0209862952854795
2016-07-13,0.0069912838646142,0.0209738515938426
2016-07-14,-0.00393055363577239,-0.0117916609073172
2016-07-15,-0.00550415846541825,-0.0165124753962547
2016-07-18,0.00268456848757595,0.00805370546272786
2016-07-19,-0.000270048855456065,-0.000810146566368196
2016-07-20,-0.00428316997346716,-0.0128495099204015
2016-07-21,0.00350962723102222,0.0105288816930667
2016-07-22,0.00133331622572843,0.00399994867718529
2016-07-25,-0.00507403608318962,-0.0152221082495689
2016-07-26,0.00415582095434576,0.0124674628630373
2016-07-27,0.0104866166297816,0.0314598498893448
2016-07-28,-0.00143371841783835,-0.00430115525351504
2016-07-29,0.00781356331473736,0.0234406899442121
2016-08-01,0.00174530839492034,0.00523592518476102
2016-08-02,-0.0123629817739042,-0.0370889453217127
2016-08-03,-0.00104875649186304,-0.00314626947558911
2016-08-04,0.000232746913902252,0.000698240741706756
2016-08-05,0.00466648350998744,0.0139994505299623
2016-08-08,0.00253589065594631,0.00760767196783893
2016-08-09,0.00429342378439376,0.0128802713531813
2016-08-10,-0.00136139572822879,-0.00408418718468638
2016-08-11,-0.0019155780929936,-0.00574673427898081
2016-08-12,0.000917988394796282,0.00275396518438885
2016-08-15,0.00253437295033344,0.00760311885100032
2016-08-16,-0.00793749219152722,-0.0238124765745817
2016-08-17,0.000981288634383011,0.00294386590314903
2016-08-18,0.00174653456414607,0.00523960369243822
2016-08-19,-0.00585604503903464,-0.0175681351171039
2016-08-22,-0.000246125825826948,-0.000738377477480843
2016-08-23,-0.000407106787989461,-0.00122132036396838
2016-08-24,-0.00347149991879601,-0.010414499756388
2016-08-25,0.00221760232813472,0.00665280698440416
2016-08-26,-0.00713248325914777,-0.0213974497774433
2016-08-29,0.00837373611154527,0.0251212083346358
2016-08-30,-0.00253787527127984,-0.00761362581383953
2016-08-31,-0.00236101049227739,-0.00708303147683218
2016-09-01,0.00111434770855549,0.00334304312566646
2016-09-02,0.0085124982268176,0.0255374946804528
2016-09-06,0.00905170956288229,0.0271551286886469
2016-09-07,0.001537582128581,0.00461274638574301
2016-09-08,-0.00603259808193862,-0.0180977942458159
2016-09-09,-0.0314187804681365,-0.0942563414044096
2016-09-12,0.0120022905451234,0.0360068716353702
2016-09-13,-0.0209841054480478,-0.0629523163441435
2016-09-14,0.00197552281736347,0.00592656845209042
2016-09-15,0.0100823105644239,0.0302469316932716
2016-09-16,-0.0034220982521994,-0.0102662947565982
2016-09-19,0.00566701882690095,0.0170010564807029
2016-09-20,-0.00038232127683446,-0.00114696383050338
2016-09-21,0.0156466808112956,0.0469400424338868
2016-09-22,0.0108633421660586,0.0325900264981757
2016-09-23,-0.00447586701308176,-0.0134276010392453
2016-09-26,-0.00610275498052807,-0.0183082649415842
2016-09-27,0.00291891436282074,0.00875674308846223
2016-09-28,0.00697896140935673,0.0209368842280702
2016-09-29,-0.0128510410594133,-0.0385531231782398
2016-09-30,0.00203929379814938,0.00611788139444814
2016-10-03,-0.00107883967096319,-0.00323651901288956
2016-10-04,-0.00904826831400163,-0.0271448049420049
2016-10-05,0.00233422196442832,0.00700266589328497
2016-10-06,-0.00215945914142597,-0.0064783774242779
2016-10-07,-0.00197103941891854,-0.00591311825675562
2016-10-10,0.00157972628032277,0.00473917884096831
2016-10-11,-0.0104857068942111,-0.0314571206826334
2016-10-12,0.000456334953482069,0.00136900486044621
2016-10-13,-0.00144494631908425,-0.00433483895725274
2016-10-14,-0.00592091725530297,-0.0177627517659089
2016-10-17,0.00158461237125325,0.00475383711375974
2016-10-18,0.00716614905675424,0.0214984471702627
2016-10-19,0.00276409563669571,0.00829228691008713
2016-10-20,-0.000815477495886697,-0.00244643248766009
2016-10-21,0.00047741949570132,0.00143225848710396
2016-10-24,0.000734929393649773,0.00220478818094932
2016-10-25,-0.000118695576936452,-0.000356086730809357
2016-10-26,-0.0062344704266427,-0.0187034112799281
2016-10-27,-0.00776186226280911,-0.0232855867884273
2016-10-28,-0.00297828207038041,-0.00893484621114122
2016-10-31,0.00410762519984342,0.0123228755995303
2016-11-01,-0.00767046232350514,-0.0230113869705154
2016-11-02,-0.00875476106199042,-0.0262642831859713
2016-11-03,-0.00378703956413627,-0.0113611186924088
2016-11-04,-0.00411521535785774,-0.0123456460735732
2016-11-07,0.027208178620827,0.0816245358624811
2016-11-08,0.00508250873216014,0.0152475261964804
2016-11-09,-0.00369332898213008,-0.0110799869463902
2016-11-10,-0.00828122604763672,-0.0248436781429101
2016-11-11,-0.00667247908804599,-0.020017437264138
2016-11-14,-0.000966393786791051,-0.00289918136037315
2016-11-15,0.0122610847857469,0.0367832543572406
2016-11-16,-0.00391248327800951,-0.0117374498340285
2016-11-17,0.00375388927932033,0.011261667837961
2016-11-18,-0.00285478889737363,-0.00856436669212089
2016-11-21,0.00836895394697849,0.0251068618409355
2016-11-22,0.00735533799102991,0.0220660139730897
2016-11-23,-0.00299297226287076,-0.00897891678861227
2016-11-25,0.00421513464528291,0.0126454039358487
2016-11-28,-0.00223058736780229,-0.00669176210340686
2016-11-29,0.0014077536057726,0.0042232608173178
2016-11-30,-0.000894339774680667,-0.002683019324042
2016-12-01,-3.50779997353459e-10,-1.05233999206038e-09
2016-12-02,2.03305995650963e-11,6.09917986952889e-11
2016-12-05,3.96203043195218e-10,1.18860912958565e-09
2016-12-06,2.7804094651568e-10,8.3412283954704e-10
2016-12-07,7.39985724916891e-10,2.21995717475067e-09
2016-12-08,2.08353829532254e-10,6.25061488596762e-10
2016-12-09,1.10331652501167e-10,3.30994957503502e-10
2016-12-12,-2.05228970174176e-10,-6.15686910522527e-10
2016-12-13,4.02757128225628e-10,1.20827138467688e-09
2016-12-14,-8.33114231540618e-10,-2.49934269462185e-09
2016-12-15,1.80716683593661e-10,5.42150050780983e-10
2016-12-16,-1.3215928185932e-10,-3.9647784557796e-10
2016-12-19,-1.13024064537248e-11,-3.39072193611744e-11
2016-12-20,2.14637424358264e-10,6.43912273074792e-10
2016-12-21,-1.71950522139696e-10,-5.15851566419089e-10
2016-12-22,-2.94759341499383e-10,-8.84278024498148e-10
2016-12-23,1.57173732143069e-10,4.71521196429206e-10
2016-12-27,1.66365562310888e-10,4.99096686932663e-10
2016-12-28,-1.75216250015555e-10,-5.25648750046666e-10
2016-12-29,2.82720649694055e-10,8.48161949082164e-10
2016-12-30,-2.55186111844784e-10,-7.65558335534352e-10
2017-01-03,0.00712260556041009,0.0213678166812303
2017-01-04,0.00787005929437909,0.0236101778831373
2017-01-05,0.00444146396324071,0.0133243918897221
2017-01-06,-0.00107332038292357,-0.00321996114877072
2017-01-09,-0.00308734365599748,-0.00926203096799245
2017-01-10,0.00151876619531298,0.00455629858593894
2017-01-11,0.00567646402199231,0.0170293920659769
2017-01-12,6.43559399850251e-05,0.000193067819955075
2017-01-13,0.00239010555186561,0.00717031665559682
2017-01-17,-0.0021340716744898,-0.00640221502346941
2017-01-18,-0.0014610415884806,-0.0043831247654418
2017-01-19,-0.00311055258738073,-0.00933165776214219
2017-01-20,0.00381711807551249,0.0114513542265375
2017-01-23,0.00301780121493671,0.00905340364481014
2017-01-24,0.00561377611535132,0.016841328346054
2017-01-25,0.0102357744415127,0.030707323324538
2017-01-26,-0.0036926850809571,-0.0110780552428713
2017-01-27,-0.000628427947764646,-0.00188528384329394
2017-01-30,-0.00697005211351369,-0.0209101563405411
2017-01-31,0.00241415381373793,0.00724246144121378
2017-02-01,0.0010757273848621,0.00322718215458631
2017-02-02,0.00105081759421444,0.00315245278264331
2017-02-03,0.0059542193054658,0.0178626579163974
2017-02-06,-0.00467388762294581,-0.0140216628688374
2017-02-07,-0.00109996287178693,-0.00329988861536078
2017-02-08,0.00253006188613457,0.0075901856584037
2017-02-09,0.00508034107951074,0.0152410232385322
2017-02-10,0.00409679492199661,0.0122903847659898
2017-02-13,0.00412604975507754,0.0123781492652326
2017-02-14,0.00191892326785592,0.00575676980356775
2017-02-15,0.00581686168012266,0.017450585040368
2017-02-16,4.60694483506422e-05,0.000138208345051927
2017-02-17,-0.00149732368070121,-0.00449197104210362
2017-02-21,0.00525939690701716,0.0157781907210515
2017-02-22,9.21194600952165e-05,0.00027635838028565
2017-02-23,0.000517184244320238,0.00155155273296071
2017-02-24,-0.00499627996648127,-0.0149888398994438
2017-02-27,0.00101786607141811,0.00305359821425434
2017-02-28,-0.00422540650543524,-0.0126762195163057
2017-03-01,0.0129822162975364,0.0389466488926092
2017-03-02,-0.00832135486046383,-0.0249640645813915
2017-03-03,0.00490899287437069,0.0147269786231121
2017-03-06,-0.00309194658694915,-0.00927583976084745
2017-03-07,-0.00273437272493641,-0.00820311817480923
2017-03-08,-0.00484237651149588,-0.0145271295344876
2017-03-09,0.000784279611186128,0.00235283883355838
2017-03-10,0.00728501977436394,0.0218550593230918
2017-03-13,0.00496240880074801,0.014887226402244
2017-03-14,-0.00561957729549734,-0.016858731886492
2017-03-15,0.0151708245778735,0.0455124737336205
2017-03-16,0.00446549563511188,0.0133964869053356
2017-03-17,-0.000226672039237411,-0.000680016117712234
2017-03-20,0.0013108195664959,0.00393245869948771
2017-03-21,-0.00973151852991173,-0.0291945555897352
2017-03-22,0.00192602603101787,0.0057780780930536
2017-03-23,0.00103169099116556,0.00309507297349668
2017-03-24,0.0012522721291297,0.0037568163873891
2017-03-27,0.000251673736736011,0.000755021210208033
2017-03-28,0.00393949014263345,0.0118184704279003
2017-03-29,0.000811787216360721,0.00243536164908216
2017-03-30,-0.000658635241214791,-0.00197590572364437
2017-03-31,-0.00163643354097962,-0.00490930062293887
2017-04-03,-0.00132435339344541,-0.00397306018033623
2017-04-04,0.000603182853823027,0.00180954856146908
2017-04-05,-0.00427556734792328,-0.0128267020437698
2017-04-06,0.00215031072860492,0.00645093218581475
2017-04-07,-0.00127085009430681,-0.00381255028292044
2017-04-10,-0.000878570921678698,-0.00263571276503609
2017-04-11,0.00191596005251484,0.00574788015754454
2017-04-12,-0.000838321620413538,-0.00251496486124061
2017-04-13,-0.00641091152386299,-0.019232734571589
2017-04-17,0.00839164282603887,0.0251749284781166
2017-04-18,-0.00535815684626891,-0.0160744705388067
2017-04-19,-0.00261634643597807,-0.00784903930793421
2017-04-20,0.00868396902982639,0.0260519070894792
2017-04-21,-0.00175651850939942,-0.00526955552819827
2017-04-24,0.0210525194783141,0.0631575584349424
2017-04-25,0.00760307812962123,0.0228092343888637
2017-04-26,-0.00202341259486151,-0.00607023778458452
2017-04-27,0.000826319153237463,0.00247895745971239
2017-04-28,-0.00173924755005365,-0.00521774265016096
2017-05-01,0.00382944888204473,0.0114883466461342
2017-05-02,0.00451081902415166,0.013532457072455
2017-05-03,-0.00376245703881326,-0.0112873711164398
2017-05-04,0.00171924852208788,0.00515774556626364
2017-05-05,0.00822175629800164,0.0246652688940049
2017-05-08,-0.0041716145812405,-0.0125148437437215
2017-05-09,0.0030018032227007,0.0090054096681021
2017-05-10,0.00342146473024421,0.0102643941907326
2017-05-11,-0.00139782272944622,-0.00419346818833867
2017-05-12,0.00246982720295874,0.00740948160887622
2017-05-15,0.00666440989585604,0.0199932296875681
2017-05-16,0.00284735927303822,0.00854207781911465
2017-05-17,-0.0164115570052064,-0.0492346710156192
2017-05-18,-0.0029880938748253,-0.0089642816244759
2017-05-19,0.0129783171998418,0.0389349515995253
2017-05-22,0.00342801543755185,0.0102840463126555
2017-05-23,0.000738719674582727,0.00221615902374818
2017-05-24,0.00272804884457537,0.00818414653372611
2017-05-25,0.00306558633620751,0.00919675900862252
2017-05-26,-0.000437689144063836,-0.00131306743219151
2017-05-30,-0.00263128725956374,-0.00789386177869123
2017-05-31,-0.0011706444246224,-0.0035119332738672
2017-06-01,0.00842176845473535,0.0252653053642061
2017-06-02,0.00467017422274067,0.014010522668222
2017-06-05,-0.00272460243951202,-0.00817380731853605
2017-06-06,-0.00205974296328389,-0.00617922888985168
2017-06-07,0.000304070248111361,0.000912210744334083
2017-06-08,0.00151178198133357,0.00453534594400071
2017-06-09,-0.00348447948419965,-0.010453438452599
2017-06-12,-0.00312521873296803,-0.00937565619890408
2017-06-13,0.00582110354893029,0.0174633106467909
2017-06-14,-0.000995336112678836,-0.00298600833803651
2017-06-15,-0.00756353929443188,-0.0226906178832957
2017-06-16,0.00374616609954501,0.011238498298635
2017-06-19,0.00740614802531387,0.0222184440759416
2017-06-20,-0.00924393611104824,-0.0277318083331447
2017-06-21,0.000338100987452593,0.00101430296235778
2017-06-22,0.00127713230785678,0.00383139692357035
2017-06-23,0.00355755611965507,0.0106726683589652
2017-06-26,0.00369154912822962,0.0110746473846889
2017-06-27,-0.00627387742641865,-0.0188216322792559
2017-06-28,0.00869444184512417,0.0260833255353725
2017-06-29,-0.0104183446320465,-0.0312550338961396
2017-06-30,0.00225930359301624,0.00677791077904872
2017-07-03,0.00249845075972655,0.00749535227917964
2017-07-05,-3.09938765747928e-05,-9.29816297243785e-05
2017-07-06,-0.00848916100154729,-0.0254674830046419
2017-07-07,0.00431770752886475,0.0129531225865942
2017-07-10,0.00348927815502959,0.0104678344650888
2017-07-11,0.00228597130361418,0.00685791391084253
2017-07-12,0.0107922998288019,0.0323768994864056
2017-07-13,0.00326176801930159,0.00978530405790478
2017-07-14,0.0076108030237675,0.0228324090713025
2017-07-17,-0.00176870432223171,-0.00530611296669512
2017-07-18,0.000952813704206649,0.00285844111261995
2017-07-19,0.00531125615712558,0.0159337684713767
2017-07-20,0.00162201794098471,0.00486605382295413
2017-07-21,-0.00234232909045643,-0.0070269872713693
2017-07-24,-0.00033916550213068,-0.00101749650639204
2017-07-25,0.00146127125397974,0.00438381376193921
2017-07-26,0.00420039404985204,0.0126011821495561
2017-07-27,-0.00349125285459521,-0.0104737585637856
2017-07-28,-0.000491691207962911,-0.00147507362388873
2017-07-31,0.00094846093344992,0.00284538280034976
2017-08-01,0.0035131839153304,0.0105395517459912
2017-08-02,0.00010970484948398,0.000329114548451939
2017-08-03,-0.00169312064034417,-0.00507936192103251
2017-08-04,0.00249632560135227,0.0074889768040568
2017-08-07,0.00274836384663136,0.00824509153989408
2017-08-08,-0.00329228135284759,-0.00987684405854278
2017-08-09,-0.00286792670773478,-0.00860378012320433
2017-08-10,-0.0172224442163659,-0.0516673326490976
2017-08-11,0.000773514211846604,0.00232054263553981
2017-08-14,0.00952347384482864,0.0285704215344859
2017-08-15,-0.00064462266242264,-0.00193386798726792
2017-08-16,0.00531105953610669,0.0159331786083201
2017-08-17,-0.0138539184457462,-0.0415617553372386
2017-08-18,0.00167857603759571,0.00503572811278714
2017-08-21,0.00169484074622686,0.00508452223868059
2017-08-22,0.00872976160919415,0.0261892848275825
2017-08-23,-4.49687519113689e-06,-1.34906255734107e-05
2017-08-24,-0.000488466090486422,-0.00146539827145927
2017-08-25,0.00513956883470902,0.0154187065041271
2017-08-28,-0.000880626113265978,-0.00264187833979793
2017-08-29,-0.00171854397107059,-0.00515563191321178
2017-08-30,0.00210149659758146,0.00630448979274437
2017-08-31,0.00591078630274477,0.0177323589082343
2017-09-01,-0.00113495082620897,-0.00340485247862692
2017-09-05,0.00226957771936816,0.00680873315810448
2017-09-06,0.00126672634288572,0.00380017902865716
2017-09-07,0.00928611187027918,0.0278583356108376
2017-09-08,-0.00262628550865568,-0.00787885652596704
2017-09-11,0.000333168967154751,0.000999506901464254
2017-09-12,-0.00135142470178364,-0.00405427410535092
2017-09-13,-0.00509434623452543,-0.0152830387035763
2017-09-14,0.00374553834013138,0.0112366150203941
2017-09-15,0.00179260111970522,0.00537780335911567
2017-09-18,-0.0012816864545711,-0.00384505936371329
2017-09-19,0.00102758663686059,0.00308275991058176
2017-09-20,-0.00159854212643757,-0.00479562637931272
2017-09-21,-0.000305514761604261,-0.000916544284812782
2017-09-22,0.000968908824872343,0.00290672647461703
2017-09-25,-0.00347750447335872,-0.0104325134200762
2017-09-26,-0.00260728861150444,-0.00782186583451332
2017-09-27,-0.00715081456478056,-0.0214524436943417
2017-09-28,-5.25554706865551e-05,-0.000157666412059665
2017-09-29,0.00619439316562779,0.0185831794968834
2017-10-02,0.0010985514490308,0.00329565434709239
2017-10-03,0.00617800000938594,0.0185340000281578
2017-10-04,-0.000327675436455498,-0.000983026309366493
2017-10-05,0.00354349192666616,0.0106304757799985
2017-10-06,-0.0019595075699981,-0.00587852270999431
2017-10-09,-0.00113015636846258,-0.00339046910538774
2017-10-10,0.0072520367528908,0.0217561102586724
2017-10-11,0.00247259001354798,0.00741777004064395
2017-10-12,-0.00106955510150705,-0.00320866530452116
2017-10-13,0.00295060971865721,0.00885182915597162
2017-10-16,-0.000852206831932661,-0.00255662049579798
2017-10-17,-0.00268227325416801,-0.00804681976250404
2017-10-18,0.00292178008521251,0.00876534025563753
2017-10-19,-0.00321527760792556,-0.00964583282377669
2017-10-20,0.0022123033578649,0.0066369100735947
2017-10-23,-0.0048946483022259,-0.0146839449066777
2017-10-24,0.000688379462483543,0.00206513838745063
2017-10-25,-0.00285356512026361,-0.00856069536079083
2017-10-26,-0.00198536412550909,-0.00595609237652727
2017-10-27,0.0063802526064458,0.0191407578193374
2017-10-30,-0.00117643728197725,-0.00352931184593174
2017-10-31,0.00492780218254091,0.0147834065476227
2017-11-01,0.000976937745990872,0.00293081323797262
2017-11-02,0.00124391569306209,0.00373174707918626
2017-11-03,-0.000377761143988267,-0.0011332834319648
2017-11-06,0.00347365755478879,0.0104209726643664
2017-11-07,-0.00497758829910686,-0.0149327648973206
2017-11-08,0.00181761099778148,0.00545283299334445
2017-11-09,-0.00556291888952628,-0.0166887566685788
2017-11-10,-0.00132837234803274,-0.00398511704409821
2017-11-13,-0.00204310681490248,-0.00612932044470744
2017-11-14,-0.000844471811335803,-0.00253341543400741
2017-11-15,-0.0051803732153071,-0.0155411196459213
2017-11-16,0.0107558381424574,0.0322675144273721
2017-11-17,-0.00106634324338832,-0.00319902973016496
2017-11-20,0.00268174739367079,0.00804524218101238
2017-11-21,0.00786892412742119,0.0236067723822636
2017-11-22,0.0012683830616198,0.00380514918485939
2017-11-24,0.00390020805250081,0.0117006241575024
2017-11-27,-0.00563536486270516,-0.0169060945881155
2017-11-28,0.00815144449884515,0.0244543334965355
2017-11-29,-0.0041655716399849,-0.0124967149199547
2017-11-30,0.00234640141351393,0.00703920424054178
2017-12-01,-0.00343882294544587,-0.0103164688363376
2017-12-04,-0.000661061138176821,-0.00198318341453046
2017-12-05,-0.00334760936010675,-0.0100428280803203
2017-12-06,-0.00361700959144169,-0.0108510287743251
2017-12-07,0.00333413144228653,0.0100023943268596
2017-12-08,0.00666658814409711,0.0199997644322913
2017-12-11,0.00230214493227238,0.00690643479681714
2017-12-12,-0.00045809073923586,-0.00137427221770758
2017-12-13,0.00281538469299903,0.00844615407899708
2017-12-14,-0.00527143714407141,-0.0158143114322142
2017-12-15,0.00416624644082642,0.0124987393224792
2017-12-18,0.00995986489178532,0.029879594675356
2017-12-19,-0.00301489351170546,-0.00904468053511637
2017-12-20,-0.00102781736769184,-0.00308345210307551
2017-12-21,0.00392808075539892,0.0117842422661968
2017-12-22,0.00179742556860584,0.00539227670581752
2017-12-26,-0.000705654298790122,-0.00211696289637037
2017-12-27,0.00188747886166975,0.00566243658500926
2017-12-28,0.00313229400814377,0.00939688202443132
2017-12-29,-0.000592648059567907,-0.00177794417870372
2018-01-02,0.00937803032967882,0.0281340909890365
2018-01-03,0.00579909186669081,0.0173972756000724
2018-01-04,0.00678796605597258,0.0203638981679177
2018-01-05,0.00676495791790293,0.0202948737537088
2018-01-08,4.54772663191543e-05,0.000136431798957463
2018-01-09,0.00105083445448311,0.00315250336344932
2018-01-10,-0.00332703048602041,-0.00998109145806122
2018-01-11,0.00750475012537829,0.0225142503761349
2018-01-12,0.00903421908143276,0.0271026572442983
2018-01-16,-0.00265218088896387,-0.0079565426668916
2018-01-17,0.00831196053272708,0.0249358815981812
2018-01-18,-7.65257804788134e-05,-0.00022957734143644
2018-01-19,0.00574009588137138,0.0172202876441141
2018-01-22,0.00694173879180006,0.0208252163754002
2018-01-23,0.00286471496740858,0.00859414490222573
2018-01-24,0.00254830553731079,0.00764491661193236
2018-01-25,-0.00136347646755234,-0.00409042940265702
2018-01-26,0.0105667348464719,0.0317002045394157
2018-01-29,-0.00951676026661918,-0.0285502807998575
2018-01-30,-0.00980020391641467,-0.029400611749244
2018-01-31,0.00219664327382197,0.0065899298214659
2018-02-01,-0.00278970335132781,-0.00836911005398343
2018-02-02,-0.0235765917950291,-0.0707297753850873
2018-02-05,-0.0393396488126416,-0.118018946437925
2018-02-06,0.0226502436361258,0.0679507309083775
2018-02-07,-0.0138688685274827,-0.0416066055824482
2018-02-08,-0.0313708165943037,-0.0941124497829112
2018-02-09,0.0107189944758724,0.0321569834276171
2018-02-12,0.0138303225576999,0.0414909676730997
2018-02-13,0.00219938477721545,0.00659815433164636
2018-02-14,0.0189980675024552,0.0569942025073655
2018-02-15,0.0122401843645491,0.0367205530936472
2018-02-16,-0.000229061013171611,-0.000687183039514834
2018-02-20,-0.00922018644761125,-0.0276605593428337
2018-02-21,-0.00388929134588911,-0.0116678740376673
2018-02-22,0.00194253524732014,0.00582760574196043
2018-02-23,0.0130318889877155,0.0390956669631465
2018-02-26,0.00856867792550164,0.0257060337765049
2018-02-27,-0.0179568002957115,-0.0538704008871346
2018-02-28,-0.0117966872776184,-0.0353900618328553
2018-03-01,-0.00879727056743793,-0.0263918117023138
2018-03-02,0.00387928143157976,0.0116378442947393
2018-03-05,0.00701193520873603,0.0210358056262081
2018-03-06,0.00666565411905166,0.019996962357155
2018-03-07,0.00151443521238546,0.00454330563715638
2018-03-08,0.00192469181046033,0.00577407543138098
2018-03-09,0.0139070724519493,0.0417212173558479
2018-03-12,0.000941085177055939,0.00282325553116782
2018-03-13,-0.00783126571245001,-0.02349379713735
2018-03-14,-0.000670108046507621,-0.00201032413952286
2018-03-15,-0.00142082373087695,-0.00426247119263084
2018-03-16,1.13452228292612e-05,3.40356684877835e-05
2018-03-19,-0.00946553275820171,-0.0283965982746051
2018-03-20,0.00295969474826971,0.00887908424480912
2018-03-21,0.00191034590159583,0.00573103770478748
2018-03-22,-0.0261182598402102,-0.0783547795206306
2018-03-23,-0.0153865756128859,-0.0461597268386577
2018-03-26,0.025739299765754,0.077217899297262
2018-03-27,-0.0157297905483329,-0.0471893716449987
2018-03-28,0.000113011023151474,0.000339033069454421
2018-03-29,0.0132375995357041,0.0397127986071123
2018-04-02,-0.00190440402821631,-0.00571321208464892
2018-04-03,0.000379593949470615,0.00113878184841184
2018-04-04,0.00347879166426363,0.0104363749927909
2018-04-05,-0.000853392193657755,-0.00256017658097327
2018-04-06,-0.00581645123855654,-0.0174493537156696
2018-04-09,0.00297690356140903,0.00893071068422708
2018-04-10,0.00875780250579594,0.0262734075173878
2018-04-11,0.00348515143786481,0.0104554543135944
2018-04-12,-0.00487784142529894,-0.0146335242758968
2018-04-13,0.00134823428272057,0.0040447028481617
2018-04-16,0.00305944393584941,0.00917833180754824
2018-04-17,0.00346061050612508,0.0103818315183752
2018-04-18,0.00230937442949424,0.00692812328848273
2018-04-19,-0.00348526019859027,-0.0104557805957708
2018-04-20,-0.0085586998780541,-0.0256760996341623
2018-04-23,-0.00614988586947474,-0.0184496576084242
2018-04-24,-0.000909229610108476,-0.00272768883032543
2018-04-25,-0.00487778544248856,-0.0146333563274657
2018-04-26,0.0028208043465068,0.00846241303952041
2018-04-27,0.00371874698835416,0.0111562409650625
2018-04-30,-0.00724834013250383,-0.0217450203975115
2018-05-01,-0.00449827099876424,-0.0134948129962927
2018-05-02,-0.00327388827559591,-0.00982166482678772
2018-05-03,0.00171693009968341,0.00515079029905023
2018-05-04,0.00526858559709182,0.0158057567912755
2018-05-07,6.96558779103604e-05,0.000208967633731081
2018-05-08,0.00129359618621926,0.00388078855865778
2018-05-09,0.0015720046223786,0.0047160138671358
2018-05-10,0.0100734823426846,0.0302204470280539
2018-05-11,-0.000633790906816021,-0.00190137272044806
2018-05-14,-0.00188498467591158,-0.00565495402773474
2018-05-15,-0.0145273787677417,-0.043582136303225
2018-05-16,0.00332939788194499,0.00998819364583498
2018-05-17,-0.00263193054569977,-0.0078957916370993
2018-05-18,-0.0019827789009157,-0.00594833670274711
2018-05-21,0.00337969489738459,0.0101390846921538
2018-05-22,-0.000547940299087152,-0.00164382089726145
2018-05-23,0.00115608395325561,0.00346825185976682
2018-05-24,0.00327560574042789,0.00982681722128366
2018-05-25,-0.0013655833827486,-0.00409675014824579
2018-05-29,-0.00714837086428941,-0.0214451125928682
2018-05-30,0.00559184754059816,0.0167755426217945
2018-05-31,-0.00300724313518273,-0.0090217294055482
2018-06-01,0.00328524511959005,0.00985573535877014
2018-06-04,0.00287429047697542,0.00862287143092626
2018-06-05,0.000898759242205168,0.0026962777266155
2018-06-06,0.00586191326540886,0.0175857397962266
2018-06-07,-0.00371684378801174,-0.0111505313640352
2018-06-08,0.00122825366992018,0.00368476100976055
2018-06-11,0.00133659115328018,0.00400977345984054
2018-06-12,-0.0016111782932745,-0.00483353487982349
2018-06-13,-0.000883144601678723,-0.00264943380503617
2018-06-14,0.000268479651236967,0.0008054389537109
2018-06-15,-0.0102979531527484,-0.0308938594582452
2018-06-18,-0.00371293450307036,-0.0111388035092111
2018-06-19,-0.00445998383386809,-0.0133799515016043
2018-06-20,-0.000753159808998785,-0.00225947942699635
2018-06-21,-0.00569038406831559,-0.0170711522049468
2018-06-22,0.00370933181922458,0.0111279954576737
2018-06-25,-0.00865928761720464,-0.0259778628516139
2018-06-26,-0.00280411334566702,-0.00841234003700106
2018-06-27,-0.00944317748793497,-0.0283295324638049
2018-06-28,0.00195413379631573,0.00586240138894719
2018-06-29,0.00505133554548221,0.0151540066364466
2018-07-02,-3.81085702087692e-11,-1.14325710626308e-10
2018-07-03,3.81125635691333e-11,1.143376907074e-10
2018-07-05,3.41158813782943e-10,1.02347644134883e-09
2018-07-06,2.11901490426606e-10,6.35704471279817e-10
2018-07-09,4.94077530643538e-11,1.48223259193062e-10
2018-07-10,9.28018496801948e-11,2.78405549040585e-10
2018-07-11,-1.64321736290272e-10,-4.92965208870816e-10
2018-07-12,1.9067252273249e-10,5.7201756819747e-10
2018-07-13,-4.76594373690785e-11,-1.42978312107235e-10
2018-07-16,-1.03794603639321e-10,-3.11383810917964e-10
2018-07-17,-3.66939039714474e-11,-1.10081711914342e-10
2018-07-18,8.66096955358482e-14,2.59829086607545e-13
2018-07-19,1.02465755135073e-10,3.07397265405218e-10
2018-07-20,-1.64470685243486e-10,-4.93412055730457e-10
2018-07-23,1.15166888459361e-11,3.45500665378084e-11
2018-07-24,-8.60017558999309e-12,-2.58005267699793e-11
2018-07-25,2.87300012101002e-10,8.61900036303006e-10
2018-07-26,3.6997026632252e-12,1.10991079896756e-11
2018-07-27,-2.58427040955856e-10,-7.75281122867568e-10
2018-07-30,-1.32916334497637e-10,-3.98749003492911e-10
2018-07-31,3.89233048053216e-10,1.16769914415965e-09
2018-08-01,-0.00236320359354304,-0.00708961078062913
2018-08-02,0.00190933503969769,0.00572800511909306
2018-08-03,0.00604177918092463,0.0181253375427739
2018-08-06,0.00188276267433644,0.00564828802300933
2018-08-07,-0.0014279902043838,-0.00428397061315141
2018-08-08,-0.000820372127278381,-0.00246111638183514
2018-08-09,0.00311488618748512,0.00934465856245536
2018-08-10,-0.0012243959123182,-0.00367318773695461
2018-08-13,-0.00220464533702147,-0.0066139360110644
2018-08-14,0.00212131621154215,0.00636394863462644
2018-08-15,0.00138369800344865,0.00415109401034594
2018-08-16,0.00459517483296516,0.0137855244988955
2018-08-17,0.00390991622655864,0.0117297486796759
2018-08-20,0.00345389892424763,0.0103616967727429
2018-08-21,-0.00175268363402087,-0.00525805090206261
2018-08-22,0.000422447573537825,0.00126734272061347
2018-08-23,-0.000463395155730852,-0.00139018546719255
2018-08-24,0.00444944014062319,0.0133483204218696
2018-08-27,6.06891766901342e-05,0.000182067530070402
2018-08-28,0.000156260598186571,0.000468781794559713
2018-08-29,0.00232694268764266,0.00698082806292797
2018-08-30,-0.00159218553772742,-0.00477655661318228
2018-08-31,-3.85340479806526e-05,-0.000115602143941958
2018-09-04,-0.0048891077908824,-0.0146673233726472
2018-09-05,-0.000723845511530979,-0.00217153653459294
2018-09-06,0.000972835912477628,0.00291850773743289
2018-09-07,-0.00678686100338191,-0.0203605830101457
2018-09-10,0.00352060705360274,0.0105618211608082
2018-09-11,-0.00176763641604114,-0.00530290924812342
2018-09-12,0.00108497113814571,0.00325491341443713
2018-09-13,0.00363911215519361,0.0109173364655808
2018-09-14,-0.00320877929443093,-0.0096263378832928
2018-09-17,-0.00132126753475638,-0.00396380260426915
2018-09-18,-0.00337176974203885,-0.0101153092261166
2018-09-19,-0.00462191075292436,-0.0138657322587731
2018-09-20,0.00653422040591703,0.0196026612177511
2018-09-21,-0.000406273830056892,-0.00121882149017068
2018-09-24,-0.00704432645812384,-0.0211329793743715
2018-09-25,-0.000591112872236218,-0.00177333861670865
2018-09-26,-0.00131081162268569,-0.00393243486805707
2018-09-27,0.00203334897149988,0.00610004691449964
2018-09-28,0.0022102027495361,0.00663060824860829
2018-10-01,-7.84221656978209e-11,-2.35266497093463e-10
2018-10-02,-7.47607137666239e-11,-2.24282141299872e-10
2018-10-03,-1.05254217859772e-10,-3.15762653579316e-10
2018-10-04,-3.58842982762354e-10,-1.07652894828706e-09
2018-10-05,-1.90791565061838e-10,-5.72374695185515e-10
2018-10-08,1.88433831701893e-10,5.6530149510568e-10
2018-10-09,1.175769532313e-11,3.527308596939e-11
2018-10-10,-1.19006953560572e-09,-3.57020860681717e-09
2018-10-11,-1.11696082852119e-09,-3.35088248556357e-09
2018-10-12,4.02518415366451e-10,1.20755524609935e-09
2018-10-15,-5.48954246292627e-11,-1.64686273887788e-10
2018-10-16,9.89319742647753e-10,2.96795922794326e-09
2018-10-17,-4.70322344525524e-11,-1.41096703357657e-10
2018-10-18,-4.34862318629991e-10,-1.30458695588997e-09
2018-10-19,5.93391453950711e-11,1.78017436185213e-10
2018-10-22,-3.44592256299064e-10,-1.03377676889719e-09
2018-10-23,-7.55626617049624e-11,-2.26687985114887e-10
2018-10-24,-7.35853646706287e-10,-2.20756094011886e-09
2018-10-25,7.58728139190056e-10,2.27618441757017e-09
2018-10-26,-8.99742676310946e-10,-2.69922802893284e-09
2018-10-29,5.67454386234295e-11,1.70236315870289e-10
2018-10-30,6.72221881043069e-10,2.01666564312921e-09
2018-10-31,8.87436222914233e-11,2.6623086687427e-10
2018-11-01,1.15426548868422e-10,3.46279646605265e-10
2018-11-02,-5.98637811631353e-10,-1.79591343489406e-09
2018-11-05,3.45206469788836e-10,1.03561940936651e-09
2018-11-06,2.29988840413294e-11,6.89966521239883e-11
2018-11-07,2.12723564356121e-10,6.38170693068363e-10
2018-11-08,-7.61484087187377e-11,-2.28445226156213e-10
2018-11-09,3.29463312258144e-10,9.88389936774431e-10
2018-11-12,2.83354098358818e-10,8.50062295076454e-10
2018-11-13,9.40709904676902e-11,2.82212971403071e-10
2018-11-14,1.51497538377935e-10,4.54492615133804e-10
2018-11-15,-9.89503690836863e-11,-2.96851107251059e-10
2018-11-16,4.49344672992698e-10,1.3480340189781e-09
2018-11-19,1.66870285583583e-10,5.0061085675075e-10
2018-11-20,-1.77728513652277e-10,-5.33185540956832e-10
2018-11-21,-2.72273977477786e-11,-8.16821932433359e-11
2018-11-23,-3.90563522767834e-12,-1.1716905683035e-11
2018-11-26,-3.91583637242479e-11,-1.17475091172744e-10
2018-11-27,1.59279693512713e-10,4.7783908053814e-10
2018-11-28,1.2682866386206e-10,3.8048599158618e-10
2018-11-29,2.17218446991966e-10,6.51655340975898e-10
2018-11-30,2.94642866103363e-10,8.8392859831009e-10
2018-12-03,3.4368054059072e-10,1.03104162177216e-09
2018-12-04,1.15993168890944e-10,3.47979506672831e-10
2018-12-06,7.51987818263707e-10,2.25596345479112e-09
2018-12-07,4.54484276924963e-12,1.36345283077489e-11
2018-12-10,-8.56478594639734e-11,-2.5694357839192e-10
2018-12-11,-1.85326533308023e-10,-5.55979599924068e-10
2018-12-12,-6.67938912759644e-10,-2.00381673827893e-09
2018-12-13,1.73980793655201e-10,5.21942380965602e-10
2018-12-14,1.05575152650533e-10,3.16725457951598e-10
2018-12-17,-4.89261495994208e-10,-1.46778448798262e-09
2018-12-18,4.27234753607452e-10,1.28170426082236e-09
2018-12-19,1.16499104531452e-10,3.49497313594356e-10
2018-12-20,-3.72393016067586e-10,-1.11717904820276e-09
2018-12-21,-1.68066863475316e-10,-5.04200590425948e-10
2018-12-24,-6.3197464026236e-10,-1.89592392078708e-09
2018-12-26,2.41214705972314e-10,7.23644117916943e-10
2018-12-27,2.76125768393896e-10,8.28377305181687e-10
2018-12-28,5.30800110577543e-10,1.59240033173263e-09
2018-12-31,3.88806085226834e-10,1.1664182556805e-09
2019-01-02,0.00243712197248362,0.00731136591745085
2019-01-03,0.00905950021360299,0.027178500640809
2019-01-04,-0.00889192675011748,-0.0266757802503524
2019-01-07,-0.00106685763873921,-0.00320057291621762
2019-01-08,-0.00258692532429562,-0.00776077597288687
2019-01-09,0.00171934724527208,0.00515804173581625
2019-01-10,-0.00338153050391798,-0.0101445915117539
2019-01-11,0.0028448099829862,0.00853442994895859
2019-01-14,-0.000476763842235965,-0.00143029152670789
2019-01-15,-0.00179910059733983,-0.0053973017920195
2019-01-16,0.000849564215929592,0.00254869264778878
2019-01-17,-0.00119935416201631,-0.00359806248604892
2019-01-18,-0.00527223776962504,-0.0158167133088751
2019-01-22,0.00426638865596406,0.0127991659678922
2019-01-23,-0.000724007734704214,-0.00217202320411264
2019-01-24,0.00263483608862323,0.00790450826586968
2019-01-25,0.00186730786384448,0.00560192359153345
2019-01-28,0.000891786255142576,0.00267535876542773
2019-01-29,0.00415459974213957,0.0124637992264187
2019-01-30,0.0025566919419215,0.00767007582576449
2019-01-31,0.00437215040477628,0.0131164512143289
2019-02-01,-0.00460083422961131,-0.0138025026888339
2019-02-04,-0.00124317985461055,-0.00372953956383166
2019-02-05,0.00262837824658169,0.00788513473974508
2019-02-06,-0.00269890274639836,-0.00809670823919508
2019-02-07,0.00396304056929823,0.0118891217078947
2019-02-08,0.0020742855077407,0.0062228565232221
2019-02-11,-0.00194030634282861,-0.00582091902848583
2019-02-12,-0.00134410301793742,-0.00403230905381226
2019-02-13,-0.00162812760829909,-0.00488438282489726
2019-02-14,0.00508958182185434,0.015268745465563
2019-02-15,0.00207200937130642,0.00621602811391927
2019-02-19,0.0058372283671852,0.0175116851015556
2019-02-20,-0.00187468315768565,-0.00562404947305694
2019-02-21,-0.00466059846635441,-0.0139817953990632
2019-02-22,0.00369408673450324,0.0110822602035097
2019-02-25,-0.00229524590861332,-0.00688573772583995
2019-02-26,0.00191313415138856,0.00573940245416567
2019-02-27,-0.00485193109028075,-0.0145557932708422
2019-02-28,-0.0024512926835583,-0.00735387805067491
2019-03-01,-0.00661394957715475,-0.0198418487314642
2019-03-04,0.00190852936513818,0.00572558809541454
2019-03-05,0.00152377572481966,0.00457132717445898
2019-03-06,0.000222847863695052,0.000668543591085156
2019-03-07,0.00110363056762995,0.00331089170288986
2019-03-08,0.0038194308496755,0.0114582925490265
2019-03-11,0.00175732469821405,0.00527197409464215
2019-03-12,0.00434921355187254,0.0130476406556176
2019-03-13,0.00268583731076072,0.00805751193228217
2019-03-14,-0.00309707412253954,-0.00929122236761863
2019-03-15,0.0014412556484457,0.00432376694533711
2019-03-18,-0.00202308011920587,-0.0060692403576176
2019-03-19,-0.000578292964009739,-0.00173487889202922
2019-03-20,0.0063728438771872,0.0191185316315616
2019-03-21,0.00302288642395421,0.00906865927186264
2019-03-22,0.00347371668253123,0.0104211500475937
2019-03-25,0.00344215296640699,0.010326458899221
2019-03-26,4.6496358028544e-05,0.000139489074085632
2019-03-27,-0.000886215021886794,-0.00265864506566038
2019-03-28,-0.00163059666732218,-0.00489179000196654
2019-03-29,-0.00118237345261701,-0.00354712035785104
2019-04-01,-0.00616744467324798,-0.0185023340197439
2019-04-02,0.00492921160676138,0.0147876348202842
2019-04-03,-0.00406290347486994,-0.0121887104246098
2019-04-04,0.000742730298017122,0.00222819089405137
2019-04-05,0.00249837298549317,0.0074951189564795
2019-04-08,-0.00172898637332373,-0.0051869591199712
2019-04-09,0.000883357077545733,0.0026500712326372
2019-04-10,0.00491997237893982,0.0147599171368195
2019-04-11,-0.00615019128578149,-0.0184505738573445
2019-04-12,-0.000550100975430841,-0.00165030292629252
2019-04-15,-0.00151015776707288,-0.00453047330121862
2019-04-16,-0.0139376937157549,-0.0418130811472648
2019-04-17,-0.00420581655195003,-0.0126174496558501
2019-04-18,0.00538910626076505,0.0161673187822952
2019-04-22,-0.00589680840727679,-0.0176904252218304
2019-04-23,0.0044799931564913,0.0134399794694739
2019-04-24,0.00696676683101267,0.020900300493038
2019-04-25,0.00025828885842186,0.000774866575265581
2019-04-26,0.00492200327113627,0.0147660098134088
2019-04-29,-0.00721901056123884,-0.0216570316837165
2019-04-30,0.00675961056498538,0.0202788316949561
2019-05-01,0.000321342939376725,0.000964028818130174
2019-05-02,-0.00122168076877177,-0.00366504230631532
2019-05-03,0.00670639596670401,0.020119187900112
2019-05-06,-0.00631264591045874,-0.0189379377313762
2019-05-07,-0.00710614485798379,-0.0213184345739514
2019-05-08,-0.00267636272333897,-0.0080290881700169
2019-05-09,-0.002232358900366,-0.00669707670109799
2019-05-10,0.00382433116602998,0.0114729934980899
2019-05-13,-0.00692600511230838,-0.0207780153369251
2019-05-14,0.0040245664953123,0.0120736994859369
2019-05-15,0.00507244020769357,0.0152173206230807
2019-05-16,-0.00168203229884495,-0.00504609689653484
2019-05-17,-0.00491887583255012,-0.0147566274976504
2019-05-20,-0.00505237784371333,-0.01515713353114
2019-05-21,0.00506060658792274,0.0151818197637682
2019-05-22,0.0018822705296772,0.0056468115890316
2019-05-23,0.00190415102767824,0.00571245308303472
2019-05-24,0.00125792357494924,0.00377377072484773
2019-05-28,0.00206375508805001,0.00619126526415002
2019-05-29,0.000438196922279012,0.00131459076683704
2019-05-30,0.00644770923109578,0.0193431276932873
2019-05-31,0.00843725927962577,0.0253117778388773
2019-06-03,0.00480730554250519,0.0144219166275156
2019-06-04,-0.0065365273968015,-0.0196095821904045
2019-06-05,0.00352181946737127,0.0105654584021138
2019-06-06,0.00117192573823771,0.00351577721471314
2019-06-07,0.00499682404903455,0.0149904721471036
2019-06-10,-0.00583306463654159,-0.0174991939096248
2019-06-11,0.000370153527054459,0.00111046058116338
2019-06-12,0.00222285610217441,0.00666856830652323
2019-06-13,0.00294512693736906,0.00883538081210719
2019-06-14,0.00163588815692828,0.00490766447078483
2019-06-17,0.00241959338032786,0.00725878014098359
2019-06-18,0.00141147279297066,0.00423441837891198
2019-06-19,0.00318170680470869,0.00954512041412607
2019-06-20,0.00260168659392814,0.00780505978178441
2019-06-21,-0.00766999188000578,-0.0230099756400173
2019-06-24,0.00276757454262065,0.00830272362786195
2019-06-25,-0.00102300332436252,-0.00306900997308756
2019-06-26,-0.00809933303455405,-0.0242979991036622
2019-06-27,0.00539425338061972,0.0161827601418592
2019-06-28,0.000904744224851976,0.00271423267455593
2019-07-01,0.0025413980558917,0.00762419416767511
2019-07-02,0.00828363865960923,0.0248509159788277
2019-07-03,0.0103118138670485,0.0309354416011455
2019-07-05,-0.005402540746244,-0.016207622238732
2019-07-08,-0.0013427559800999,-0.00402826794029971
2019-07-09,0.00164287646452325,0.00492862939356976
2019-07-10,0.00445683183533922,0.0133704955060177
2019-07-11,-0.00431071897817003,-0.0129321569345101
2019-07-12,0.000419531890516459,0.00125859567154938
2019-07-15,5.52437451620461e-05,0.000165731235486138
2019-07-16,-0.00208764482807047,-0.00626293448421141
2019-07-17,-0.00400653393542092,-0.0120196018062627
2019-07-18,0.00291545814382804,0.00874637443148411
2019-07-19,-0.0102720574764853,-0.0308161724294558
2019-07-22,0.000441549892472912,0.00132464967741874
2019-07-23,0.00795096653593986,0.0238528996078196
2019-07-24,0.00106234457509309,0.00318703372527927
2019-07-25,-0.00672380779257462,-0.0201714233777239
2019-07-26,0.00400216271546341,0.0120064881463902
2019-07-29,0.00195099912867386,0.00585299738602158
2019-07-30,-0.00303408860545933,-0.009102265816378
2019-07-31,-0.00629270367948181,-0.0188781110384454
2019-08-01,0.00414871809343939,0.0124461542803182
2019-08-02,0.00188608758898696,0.00565826276696087
2019-08-05,-0.00884977069656666,-0.0265493120897
2019-08-06,0.0105464467152029,0.0316393401456087
2019-08-07,0.00265683400928946,0.00797050202786838
2019-08-08,0.0115026536647582,0.0345079609942745
2019-08-09,-0.00345401758543321,-0.0103620527562996
2019-08-12,0.00290641145040913,0.00871923435122738
2019-08-13,0.00432268572822906,0.0129680571846872
2019-08-14,-0.00523418919583661,-0.0157025675875098
2019-08-15,0.00774304586934563,0.0232291376080369
2019-08-16,0.00442879243567952,0.0132863773070386
2019-08-19,0.000709211409659986,0.00212763422897996
2019-08-20,-0.000665054742232133,-0.0019951642266964
2019-08-21,0.00142796550198022,0.00428389650594067
2019-08-22,-0.00189611443298768,-0.00568834329896306
2019-08-23,-0.006121769296927,-0.018365307890781
2019-08-26,0.00398864935575212,0.0119659480672564
2019-08-27,0.00383691455531299,0.011510743665939
2019-08-28,0.0037418774529112,0.0112256323587336
2019-08-29,0.00541909744667953,0.0162572923400386
2019-08-30,0.000152526093323492,0.000457578279970476
2019-09-03,0.00917033984528595,0.0275110195358579
2019-09-04,0.00520227043925842,0.0156068113177752
2019-09-05,-0.0161210364902053,-0.0483631094706159
2019-09-06,0.00159355446313995,0.00478066338941986
2019-09-09,-0.00974891904346744,-0.0292467571304023
2019-09-10,-0.0135934957193833,-0.0407804871581499
2019-09-11,-0.000179854273464799,-0.000539562820394396
2019-09-12,0.0010277752597327,0.00308332577919809
2019-09-13,-0.0134003346615687,-0.0402010039847061
2019-09-16,0.0107659788133792,0.0322979364401376
2019-09-17,0.00781610170897619,0.0234483051269286
2019-09-18,-0.00169540336822343,-0.00508621010467028
2019-09-19,0.00305124253010117,0.0091537275903035
2019-09-20,0.00636056200009418,0.0190816860002825
2019-09-23,0.00291995148459657,0.0087598544537897
2019-09-24,0.00448706707370665,0.01346120122112
2019-09-25,-0.0088904648859432,-0.0266713946578296
2019-09-26,0.00582279814129603,0.0174683944238881
2019-09-27,-0.00246790992904709,-0.00740372978714127
2019-09-30,-0.00244604956096398,-0.00733814868289195
2019-10-01,-0.00212757246884983,-0.00638271740654948
2019-10-02,0.00172779005948069,0.00518337017844208
2019-10-03,0.00942044654630985,0.0282613396389295
2019-10-04,0.00483645951911854,0.0145093785573556
2019-10-07,-0.00631264847232768,-0.018937945416983
2019-10-08,0.000726648044878494,0.00217994413463548
2019-10-09,0.000457493457248432,0.0013724803717453
2019-10-10,-0.00586457877019526,-0.0175937363105858
2019-10-11,-0.00628824858046575,-0.0188647457413972
2019-10-14,0.00364003961459819,0.0109201188437946
2019-10-15,-0.00432879493560043,-0.0129863848068013
2019-10-16,0.0014711363439772,0.00441340903193161
2019-10-17,0.0016676199850767,0.00500285995523011
2019-10-18,0.00323004663960619,0.00969013991881858
2019-10-21,-0.000300700215579983,-0.000902100646739948
2019-10-22,0.00108600050113725,0.00325800150341174
2019-10-23,0.00193752136884211,0.00581256410652634
2019-10-24,0.000834439253826243,0.00250331776147873
2019-10-25,-0.00617578631471022,-0.0185273589441307
2019-10-28,-0.00950749450926461,-0.0285224835277938
2019-10-29,0.000160465967853951,0.000481397903561853
2019-10-30,0.00844468433588864,0.0253340530076659
2019-10-31,0.0049408599310429,0.0148225797931287
2019-11-01,-0.00212550867665488,-0.00637652602996463
2019-11-04,-0.00833536673382206,-0.0250061002014662
2019-11-05,-0.015229798290261,-0.0456893948707829
2019-11-06,0.00459079605329308,0.0137723881598792
2019-11-07,-0.0141784384446652,-0.0425353153339956
2019-11-08,-0.00398035375625789,-0.0119410612687737
2019-11-11,0.000295647174212521,0.000886941522637564
2019-11-12,-0.00115284685607212,-0.00345854056821636
2019-11-13,0.00743271284568281,0.0222981385370484
2019-11-14,0.00731517313214814,0.0219455193964444
2019-11-15,0.00114472765209773,0.00343418295629318
2019-11-18,0.00344323287680957,0.0103296986304287
2019-11-19,0.00378695309789664,0.0113608592936899
2019-11-20,0.00210555531521238,0.00631666594563714
2019-11-21,-0.00944020060542478,-0.0283206018162743
2019-11-22,-0.00160312943395803,-0.00480938830187409
2019-11-25,-0.00051293146901178,-0.00153879440703534
2019-11-26,0.00882241329366,0.02646723988098
2019-11-27,-0.000239022192696732,-0.000717066578090197
2019-11-29,-0.000460067883563515,-0.00138020365069054
2019-12-02,-0.00724934633547245,-0.0217480390064174
2019-12-03,0.00495397057403149,0.0148619117220945
2019-12-04,0.000342892338896898,0.00102867701669069
2019-12-05,-0.000216826765833623,-0.000650480297500869
2019-12-06,-0.000323878048864856,-0.000971634146594568
2019-12-09,-0.00107925158757728,-0.00323775476273185
2019-12-10,0.00052309745618384,0.00156929236855152
2019-12-11,0.00502956976002123,0.0150887092800637
2019-12-12,-0.000983516408860114,-0.00295054922658034
2019-12-13,0.00397706929072409,0.0119312078721723
2019-12-16,0.00136413342632022,0.00409240027896066
2019-12-17,-0.000202317786169241,-0.000606953358507723
2019-12-18,-0.00158188101131544,-0.00474564303394632
2019-12-19,0.00318716257241193,0.0095614877172358
2019-12-20,0.00297483028686165,0.00892449086058495
2019-12-23,0.000947800176517196,0.00284340052955159
2019-12-24,0.00375557020227078,0.0112667106068124
2019-12-26,0.00527241764902388,0.0158172529470717
2019-12-27,-0.000292336010848829,-0.000877008032546487
2019-12-30,-0.00261517162882955,-0.00784551488648864
2019-12-31,-0.000331684622883157,-0.000995053868649472
2020-01-02,0.0114137140792577,0.034241142237773
2020-01-03,-0.0116479393117567,-0.03494381793527
2020-01-06,0.00202783231368791,0.00608349694106374
2020-01-07,-0.00282854395953782,-0.00848563187861347
2020-01-08,0.00433958035392025,0.0130187410617607
2020-01-09,0.00453996282272264,0.0136198884681679
2020-01-10,-0.0014412553782699,-0.0043237661348097
2020-01-13,0.0084412918398818,0.0253238755196454
2020-01-14,-0.00142312393587341,-0.00426937180762024
2020-01-15,-0.000923726626791065,-0.00277117988037319
2020-01-16,0.00668083681699544,0.0200425104509863
2020-01-17,0.00380057200531719,0.0114017160159516
2020-01-21,-0.00989276269475684,-0.0296782880842705
2020-01-22,0.00270600619200523,0.0081180185760157
2020-01-23,-0.00364057670923532,-0.010921730127706
2020-01-24,-0.00705765983567792,-0.0211729795070338
2020-01-27,-0.0219864722384031,-0.0659594167152091
2020-01-28,0.00956224165351617,0.0286867249605485
2020-01-29,0.00140664849785665,0.00421994549356996
2020-01-30,-0.00306834797095515,-0.00920504391286545
2020-01-31,-0.0175517071054671,-0.0526551213164013
2020-02-03,0.0063675141149469,0.0191025423448407
2020-02-04,0.0184572048817965,0.0553716146453895
2020-02-05,0.00889014435117468,0.026670433053524
2020-02-06,0.00196490902459237,0.0058947270737771
2020-02-07,-0.00899212094771012,-0.0269763628431304
2020-02-10,0.00542620153645726,0.0162786046093718
2020-02-11,0.00681807918928286,0.0204542375678486
2020-02-12,0.00794397277098764,0.0238319183129629
2020-02-13,-0.0055947633834769,-0.0167842901504307
2020-02-14,0.000840119886193369,0.00252035965858011
2020-02-18,-0.00400783497009839,-0.0120235049102952
2020-02-19,0.00610796807731814,0.0183239042319544
2020-02-20,-0.00700721386921899,-0.021021641607657
2020-02-21,-0.00672591699189294,-0.0201777509756788
2020-02-24,-0.0375543127035212,-0.112662938110564
2020-02-25,-0.0224759338937185,-0.0674278016811555
2020-02-26,-8.59801164544373e-05,-0.000257940349363312
2020-02-27,-0.0346827570734542,-0.104048271220363
2020-02-28,-0.00619273243352188,-0.0185781973005657
2020-03-02,-0.000398912589793461,-0.00119673776938038
2020-03-03,0.0178752222414652,0.0536256667243957
2020-03-04,-0.00290648361606488,-0.00871945084819465
2020-03-05,0.0157730808616591,0.0473192425849772
2020-03-06,0.0163899791251652,0.0491699373754957
2020-03-09,0.0108242504366855,0.0324727513100565
2020-03-10,-0.0261082900720856,-0.0783248702162567
2020-03-11,-0.0139278272869888,-0.0417834818609664
2020-03-12,-0.00934026457496153,-0.0280207937248846
2020-03-13,-0.0165103824470132,-0.0495311473410395
2020-03-16,0.0242106020322504,0.0726318060967511
2020-03-17,-0.0233509517827672,-0.0700528553483016
2020-03-18,-0.0245835963078138,-0.0737507889234413
2020-03-19,0.00230200947981319,0.00690602843943958
2020-03-20,0.0331861638543205,0.0995584915629614
2020-03-23,0.0269391357690114,0.0808174073070343
2020-03-24,0.0058323166212521,0.0174969498637563
2020-03-25,-0.00393065942986531,-0.0117919782895959
2020-03-26,0.00580033159043751,0.0174009947713125
2020-03-27,0.00771605142310398,0.0231481542693119
2020-03-30,0.000642330410781903,0.00192699123234571
2020-03-31,-0.00951359878157382,-0.0285407963447215
2020-04-01,0.00751231536757163,0.0225369461027149
2020-04-02,0.00657921925405681,0.0197376577621704
2020-04-03,0.00240527236904359,0.00721581710713077
2020-04-06,0.00649227436768933,0.019476823103068
2020-04-07,-0.00575553888968007,-0.0172666166690402
2020-04-08,-0.00479216105756226,-0.0143764831726868
2020-04-09,0.0100467232328333,0.0301401696985
2020-04-13,0.00308110083116564,0.00924330249349692
2020-04-14,0.00323299554863414,0.00969898664590244
2020-04-15,0.00721379834964979,0.0216413950489494
2020-04-16,0.00214532602078628,0.00643597806235884
2020-04-17,-0.00999339948213733,-0.029980198446412
2020-04-20,0.00502506629810982,0.0150751988943295
2020-04-21,0.00123683124027678,0.00371049372083034
2020-04-22,0.00326008217971702,0.00978024653915105
2020-04-23,0.00451699895908939,0.0135509968772682
2020-04-24,-0.000905881124399435,-0.0027176433731983
2020-04-27,-0.00798024393088561,-0.0239407317926568
2020-04-28,0.00263246774926921,0.00789740324780762
2020-04-29,0.000721459548905844,0.00216437864671753
2020-04-30,-0.00915115262247147,-0.0274534578674144
2020-05-01,0.00411647829864313,0.0123494348959294
2020-05-04,0.000433305735816933,0.0012999172074508
2020-05-05,-7.33074066507408e-05,-0.000219922219952222
2020-05-06,-0.00871699164942436,-0.0261509749482731
2020-05-07,0.0108473628260512,0.0325420884781536
2020-05-08,-0.00577479303037267,-0.017324379091118
2020-05-11,-0.0047372318404884,-0.0142116955214652
2020-05-12,0.00464659134122955,0.0139397740236887
2020-05-13,0.00531641927587919,0.0159492578276376
2020-05-14,0.00527665630522646,0.0158299689156794
2020-05-15,0.00105756585331752,0.00317269755995256
2020-05-18,-0.00923013855935354,-0.0276904156780606
2020-05-19,0.00516805914225967,0.015504177426779
2020-05-20,0.00138902454292206,0.00416707362876619
2020-05-21,-0.00394933961118114,-0.0118480188335434
2020-05-22,0.00387397854789951,0.0116219356436985
2020-05-26,-0.00815344090800396,-0.0244603227240119
2020-05-27,0.00069706610691427,0.00209119832074281
2020-05-28,6.89361656043335e-06,2.06808496813001e-05
2020-05-29,0.00519981754900727,0.0155994526470218
2020-06-01,-0.000501518288183663,-0.00150455486455099
2020-06-02,-0.00292359221506977,-0.0087707766452093
2020-06-03,-0.00961989096744097,-0.0288596729023229
2020-06-04,-0.00294614414655164,-0.00883843243965493
2020-06-05,-0.00832506549354715,-0.0249751964806414
2020-06-08,0.00345104397835385,0.0103531319350616
2020-06-09,0.00609239013180192,0.0182771703954058
2020-06-10,0.0100666711689018,0.0302000135067055
2020-06-11,0.00407639652326851,0.0122291895698055
2020-06-12,-0.00277993566405514,-0.00833980699216543
2020-06-15,-0.000774997042731765,-0.00232499112819529
2020-06-16,-0.00402355575100132,-0.012070667253004
2020-06-17,0.00207305806068256,0.00621917418204767
2020-06-18,0.00283924710551966,0.00851774131655899
2020-06-19,0.00249245260035481,0.00747735780106443
2020-06-22,0.000704039036714277,0.00211211711014283
2020-06-23,0.000261478133962922,0.000784434401888765
2020-06-24,0.00235690908682349,0.00707072726047047
2020-06-25,0.000479611970899245,0.00143883591269773
2020-06-26,0.00441861178380641,0.0132558353514192
2020-06-29,0.00019187093240233,0.000575612797206989
2020-06-30,-0.00110913626925711,-0.00332740880777133
2020-07-01,-0.00230976770216344,-0.00692930310649032
2020-07-02,0.00141322539317032,0.00423967617951096
2020-07-06,-0.000230780675875472,-0.000692342027626417
2020-07-07,0.00595491886423708,0.0178647565927112
2020-07-08,-0.000206326343948927,-0.000618979031846782
2020-07-09,0.00420393938702697,0.0126118181610809
2020-07-10,-0.00268249973723078,-0.00804749921169235
2020-07-13,0.00152533071131792,0.00457599213395376
2020-07-14,0.0013053296174818,0.0039159888524454
2020-07-15,-0.000856715864221718,-0.00257014759266515
2020-07-16,-0.000882780484073336,-0.00264834145222001
2020-07-17,0.00138200317912603,0.0041460095373781
2020-07-20,0.00196053302348695,0.00588159907046086
2020-07-21,0.00353232222034517,0.0105969666610355
2020-07-22,0.00428314675915082,0.0128494402774525
2020-07-23,0.00480280748175336,0.0144084224452601
2020-07-24,0.00169923986606749,0.00509771959820246
2020-07-27,0.00299872843023577,0.0089961852907073
2020-07-28,0.00461002780245653,0.0138300834073696
2020-07-29,0.00218745938463856,0.00656237815391567
2020-07-30,0.000290715528612874,0.000872146585838622
2020-07-31,0.00215889551530615,0.00647668654591845
2020-08-03,-0.00100452881751087,-0.00301358645253261
2020-08-04,0.00872856299248129,0.0261856889774439
2020-08-05,-0.00148746684554945,-0.00446240053664835
2020-08-06,0.00480341374772815,0.0144102412431844
2020-08-07,-0.00617606339952259,-0.0185281901985678
2020-08-10,-0.00228069957578498,-0.00684209872735493
2020-08-11,-0.0166589711799907,-0.0499769135399721
2020-08-12,-0.0045430876565932,-0.0136292629697796
2020-08-13,0.00216337166368324,0.00649011499104973
2020-08-14,-0.00147239546643213,-0.00441718639929638
2020-08-17,0.00642996314135866,0.019289889424076
2020-08-18,0.00446404560924165,0.013392136827725
2020-08-19,-0.00924182678870846,-0.0277254803661254
2020-08-20,0.0050116478627095,0.0150349435881285
2020-08-21,-0.000247467341147569,-0.000742402023442707
2020-08-24,-0.00241941477833574,-0.00725824433500722
2020-08-25,-0.0026070214106832,-0.0078210642320496
2020-08-26,0.0017565377440293,0.00526961323208791
2020-08-27,-0.00801965360287628,-0.0240589608086288
2020-08-28,0.00480184489046047,0.0144055346713814
2020-08-31,0.0024637302486064,0.00739119074581919
2020-09-01,0.00885968932433415,0.0265790679730025
2020-09-02,0.00210196228833654,0.00630588686500964
2020-09-03,-0.0235282936471676,-0.0705848809415028
2020-09-04,-0.0031769605545214,-0.00953088166356421
2020-09-08,-0.0182561424165973,-0.054768427249792
2020-09-09,0.0157133076953048,0.0471399230859145
2020-09-10,-0.0127382530522089,-0.0382147591566267
2020-09-11,0.00260571476483049,0.00781714429449147
2020-09-14,0.0136550157268853,0.040965047180656
2020-09-15,0.00473210248512097,0.0141963074553629
2020-09-16,-0.00113387631142771,-0.00340162893428314
2020-09-17,-0.00641875261939179,-0.0192562578581754
2020-09-18,-0.00623798864382743,-0.0187139659314823
2020-09-21,-0.0135174788585747,-0.0405524365757241
2020-09-22,0.00149841595601545,0.00449524786804635
2020-09-23,-0.0212579566505856,-0.0637738699517568
2020-09-24,0.000839461409399013,0.00251838422819704
2020-09-25,0.00706661922977058,0.0211998576893117
2020-09-28,0.0141816999127561,0.0425450997382682
2020-09-29,-0.000537599791956897,-0.00161279937587069
2020-09-30,0.00603255937808037,0.0180976781342411
2020-10-01,0.00850224997256416,0.0255067499176925
2020-10-02,-0.00663477322236879,-0.0199043196671064
2020-10-05,0.016403174945737,0.0492095248372109
2020-10-06,-0.00788449616085694,-0.0236534884825708
2020-10-07,0.012246371749893,0.0367391152496791
2020-10-08,0.0087626668492613,0.0262880005477839
2020-10-09,0.00825736284612339,0.0247720885383702
2020-10-12,0.0100607668421217,0.0301823005263652
2020-10-13,-0.00835072142216047,-0.0250521642664814
2020-10-14,-0.0054047490499106,-0.0162142471497318
2020-10-15,-0.00747373693522448,-0.0224212108056734
2020-10-16,0.00306590795444324,0.00919772386332971
2020-10-19,-0.00715167589597214,-0.0214550276879164
2020-10-20,0.007556730733839,0.022670192201517
2020-10-21,-0.00367771033920054,-0.0110331310176016
2020-10-22,0.00233576009885934,0.00700728029657802
2020-10-23,0.00614393224312165,0.0184317967293649
2020-10-26,-0.018177506962095,-0.0545325208862851
2020-10-27,-0.00399654400150651,-0.0119896320045195
2020-10-28,-0.0321107241469881,-0.0963321724409643
2020-10-29,0.00767890848637269,0.0230367254591181
2020-10-30,-0.00840930629290282,-0.0252279188787084
2020-11-02,0.0108210529393267,0.03246315881798
2020-11-03,0.00850401353612242,0.0255120406083673
2020-11-04,0.0147091855816719,0.0441275567450156
2020-11-05,0.0205874103095624,0.0617622309286873
2020-11-06,0.00195506591269128,0.00586519773807383
2020-11-09,-0.0150090979054093,-0.0450272937162278
2020-11-10,-0.00244076276488374,-0.00732228829465121
2020-11-11,0.00199887259080235,0.00599661777240705
2020-11-12,-0.00194158483717637,-0.00582475451152911
2020-11-13,0.0108166727713235,0.0324500183139704
2020-11-16,0.00674073067037966,0.020222192011139
2020-11-17,-0.00251188853059753,-0.00753566559179259
2020-11-18,-0.00618234264204061,-0.0185470279261218
2020-11-19,0.000987010680026076,0.00296103204007823
2020-11-20,0.00183210912246637,0.00549632736739911
2020-11-23,-0.00611481226247369,-0.0183444367874211
2020-11-24,0.000937672579028977,0.00281301773708693
2020-11-25,-0.00204735290238939,-0.00614205870716816
2020-11-27,-0.00079422725193638,-0.00238268175580914
2020-11-30,-0.0130199271389707,-0.0390597814169121
2020-12-01,0.0190133303215954,0.0570399909647863
2020-12-02,0.000561310942931315,0.00168393282879394
2020-12-03,0.00585201349220454,0.0175560404766136
2020-12-04,0.00981931042261005,0.0294579312678302
2020-12-07,-0.0020787047851602,-0.0062361143554806
2020-12-08,0.00262312933266284,0.00786938799798852
2020-12-09,-0.0066557581550497,-0.0199672744651491
2020-12-10,0.00502424970245193,0.0150727491073558
2020-12-11,-0.00520084531626646,-0.0156025359487994
2020-12-14,-0.00252566628381166,-0.00757699885143499
2020-12-15,0.0126109142150338,0.0378327426451013
2020-12-16,0.00366283752980018,0.0109885125894005
2020-12-17,0.00747068603556544,0.0224120581066963
2020-12-18,-0.00110313629002406,-0.00330940887007219
2020-12-21,-0.0122818709947688,-0.0368456129843065
2020-12-22,-0.00345800554261222,-0.0103740166278367
2020-12-23,0.00831117486971689,0.0249335246091507
2020-12-24,-0.000352125753228831,-0.00105637725968649
2020-12-28,0.0051446908208948,0.0154340724626844
2020-12-29,0.00633300655819234,0.018999019674577
2020-12-30,0.00550425620658887,0.0165127686197666
2020-12-31,-0.00215407203934771,-0.00646221611804314
2021-01-04,0.000261579823835197,0.000784739471505592
2021-01-05,0.0134252076056063,0.0402756228168189
2021-01-06,0.00428512896364353,0.0128553868909306
2021-01-07,0.0101564419270558,0.0304693257811674
2021-01-08,0.0116534579424623,0.0349603738273869
2021-01-11,-0.0112350926340932,-0.0337052779022795
2021-01-12,0.00587112592339839,0.0176133777701952
2021-01-13,0.00023775327965342,0.000713259838960259
2021-01-14,0.00467236396363606,0.0140170918909082
2021-01-15,-0.012952843645079,-0.0388585309352369
2021-01-19,0.0114495266793611,0.0343485800380834
2021-01-20,0.0123472998711195,0.0370418996133586
2021-01-21,0.00135512306324461,0.00406536918973384
2021-01-22,-0.00551109796822062,-0.0165332939046619
2021-01-25,0.00161289297287493,0.00483867891862479
2021-01-26,-0.00254446796008685,-0.00763340388026056
2021-01-27,-0.0251348180268296,-0.0754044540804887
2021-01-28,0.0078076500460364,0.0234229501381092
2021-01-29,-0.0203568850278731,-0.0610706550836193
2021-02-01,0.0183394681208238,0.0550184043624714
2021-02-02,0.0127774110377453,0.0383322331132358
2021-02-03,0.00224729569380074,0.00674188708140222
2021-02-04,0.00568005535548273,0.0170401660664482
2021-02-05,0.00668280837690558,0.0200484251307167
2021-02-08,0.00511368139572242,0.0153410441871672
2021-02-09,0.00478451014974758,0.0143535304492427
2021-02-10,-0.000729168299979651,-0.00218750489993895
2021-02-11,0.00630196186198722,0.0189058855859617
2021-02-12,0.00436352513135138,0.0130905753940541
2021-02-16,0.00295506784510666,0.00886520353531999
2021-02-17,-0.00413915212820952,-0.0124174563846286
2021-02-18,-0.00690138179645032,-0.0207041453893509
2021-02-19,0.00329920520825761,0.00989761562477283
2021-02-22,-0.0125466441452049,-0.0376399324356148
2021-02-23,0.00124691126275657,0.00374073378826971
2021-02-24,0.0056917283610492,0.0170751850831476
2021-02-25,-0.0222216465683153,-0.0666649397049459
2021-02-26,-0.00876841264521349,-0.0263052379356405
2021-03-01,0.0229143737083509,0.0687431211250527
2021-03-02,-0.00474509212426983,-0.0142352763728095
2021-03-03,-0.00836396820868288,-0.0250919046260486
2021-03-04,-0.0162253395471525,-0.0486760186414574
2021-03-05,0.0121008706546937,0.036302611964081
2021-03-08,-0.00920728813999083,-0.0276218644199725
2021-03-09,0.0171837889646856,0.0515513668940569
2021-03-10,0.0039953427687754,0.0119860283063262
2021-03-11,0.0163623882284029,0.0490871646852087
2021-03-12,-0.00407588173084382,-0.0122276451925315
2021-03-15,0.00268415184780408,0.00805245554341225
2021-03-16,6.82168460658061e-05,0.000204650538197418
2021-03-17,0.0036706544049228,0.0110119632147684
2021-03-18,-0.0160665544364572,-0.0481996633093715
2021-03-19,0.00387775462973465,0.011633263889204
2021-03-22,0.00254758138924671,0.00764274416774012
2021-03-23,-0.0145517513510808,-0.0436552540532424
2021-03-24,-0.00960300924110252,-0.0288090277233076
2021-03-25,0.00584435884633506,0.0175330765390052
2021-03-26,0.0176854184123721,0.0530562552371164
2021-03-29,-0.00493783127412145,-0.0148134938223643
2021-03-30,0.00107115292718154,0.00321345878154461
2021-03-31,0.00297223273814226,0.00891669821442679
2021-04-01,0.0133978556219168,0.0401935668657505
2021-04-05,0.0122248072773391,0.0366744218320172
2021-04-06,-0.00251520616624722,-0.00754561849874167
2021-04-07,-0.00283366098220546,-0.00850098294661638
2021-04-08,0.00688577020879287,0.0206573106263786
2021-04-09,0.00047564221863109,0.00142692665589327
2021-04-12,-0.00334390721524697,-0.0100317216457409
2021-04-13,0.00458817417036964,0.0137645225111089
2021-04-14,0.000678764202045882,0.00203629260613765
2021-04-15,0.00944129968344821,0.0283238990503446
2021-04-16,0.00661308896752314,0.0198392669025694
2021-04-19,-0.0027380942228061,-0.0082142826684183
2021-04-20,-0.0125808734203916,-0.0377426202611748
2021-04-21,0.00933852819975045,0.0280155845992514
2021-04-22,-0.00489456982101226,-0.0146837094630368
2021-04-23,0.0116950339976011,0.0350851019928032
2021-04-26,0.0027994576123356,0.00839837283700681
2021-04-27,-0.000148719618098375,-0.000446158854295125
2021-04-28,0.00311643521038483,0.0093493056311545
2021-04-29,0.000805184925228978,0.00241555477568693
2021-04-30,-0.0131031870945074,-0.0393095612835223
2021-05-03,0.00292617218860414,0.00877851656581241
2021-05-04,-0.0105392723602933,-0.0316178170808798
2021-05-05,-0.000723153859393994,-0.00216946157818198
2021-05-06,0.00597044194811119,0.0179113258443336
2021-05-07,0.0119130892103003,0.0357392676309008
2021-05-10,-0.00490904325617,-0.01472712976851
2021-05-11,-0.0104234387470084,-0.0312703162410252
2021-05-12,-0.0185968615705727,-0.0557905847117182
2021-05-13,0.0102229002478149,0.0306687007434446
2021-05-14,0.0152363471268504,0.0457090413805511
2021-05-17,-0.000646265853617311,-0.00193879756085193
2021-05-18,-0.00105207167226666,-0.00315621501679998
2021-05-19,-0.00598610144213075,-0.0179583043263922
2021-05-20,0.0132355927898493,0.0397067783695478
2021-05-21,-0.000619087360292575,-0.00185726208087773
2021-05-24,0.00941484619549665,0.0282445385864899
2021-05-25,0.000472956975111322,0.00141887092533397
2021-05-26,0.000815054484809602,0.00244516345442881
2021-05-27,0.000518422664380166,0.0015552679931405
2021-05-28,0.00416343169805405,0.0124902950941621
2021-06-01,0.0085914987009124,0.0257744961027372
2021-06-02,0.00623844478772919,0.0187153343631876
2021-06-03,-0.0038339904242883,-0.0115019712728649
2021-06-04,0.00575391467086205,0.0172617440125862
2021-06-07,0.00561578827262979,0.0168473648178894
2021-06-08,0.00284594920607737,0.00853784761823212
2021-06-09,-0.00088960687114437,-0.00266882061343311
2021-06-10,0.00565044315795454,0.0169513294738636
2021-06-11,-6.13004098319193e-05,-0.000183901229495758
2021-06-14,0.00377279885157633,0.011318396554729
2021-06-15,-0.00497324030694482,-0.0149197209208345
2021-06-16,-0.00757521190762152,-0.0227256357228646
2021-06-17,-0.00190866218975913,-0.00572598656927739
2021-06-18,-0.0155030508482034,-0.0465091525446103
2021-06-21,0.0160384109079729,0.0481152327239186
2021-06-22,0.000771223823523096,0.00231367147056929
2021-06-23,-0.00303701447159576,-0.00911104341478729
2021-06-24,0.0029825589377177,0.00894767681315311
2021-06-25,0.00454244975606684,0.0136273492682005
2021-06-28,-0.00207930086887012,-0.00623790260661036
2021-06-29,-0.00024984648850262,-0.000749539465507861
2021-06-30,-0.00540891811506916,-0.0162267543452075
2021-07-01,0.00503279200318581,0.0150983760095574
2021-07-02,0.00466611144680265,0.0139983343404079
2021-07-06,0.000591252618787019,0.00177375785636106
2021-07-07,0.00378011812263657,0.0113403543679097
2021-07-08,-0.00755573504026984,-0.0226672051208095
2021-07-09,0.0137965576859324,0.0413896730577971
2021-07-12,0.00541225130307741,0.0162367539092322
2021-07-13,-0.0079768382879017,-0.0239305148637051
2021-07-14,0.00287522391434673,0.0086256717430402
2021-07-15,-0.00390749498010362,-0.0117224849403109
2021-07-16,-0.00452164530208824,-0.0135649359062647
2021-07-19,-0.0168196809236115,-0.0504590427708345
2021-07-20,0.0148592501192903,0.0445777503578708
2021-07-21,0.00799697539315013,0.0239909261794504
2021-07-22,-0.00159552287089587,-0.0047865686126876
2021-07-23,0.0092431850493443,0.0277295551480329
2021-07-26,0.00152747592832705,0.00458242778498115
2021-07-27,2.03015225258364e-05,6.09045675775093e-05
2021-07-28,0.000428930924441216,0.00128679277332365
2021-07-29,0.00233701474305126,0.00701104422915378
2021-07-30,-0.00228502812711588,-0.00685508438134765
2021-08-02,0.000534106860237819,0.00160232058071346
2021-08-03,0.00604936931064207,0.0181481079319262
2021-08-04,-0.00295777600778349,-0.00887332802335047
2021-08-05,0.00687188025028518,0.0206156407508555
2021-08-06,-0.00220811076965343,-0.00662433230896029
2021-08-09,-0.00135610496972742,-0.00406831490918226
2021-08-10,-0.00296177689089114,-0.00888533067267343
2021-08-11,0.00439119214247168,0.0131735764274151
2021-08-12,0.00206143610814683,0.00618430832444048
2021-08-13,0.0049092555928046,0.0147277667784138
2021-08-16,-0.00104242948210143,-0.00312728844630429
2021-08-17,-0.00423944235524889,-0.0127183270657467
2021-08-18,-0.00800209331435297,-0.0240062799430589
2021-08-19,-0.00102202340068548,-0.00306607020205643
2021-08-20,0.00639852838195419,0.0191955851458626
2021-08-23,0.0046036457183138,0.0138109371549414
2021-08-24,-0.000382133748322482,-0.00114640124496745
2021-08-25,0.000653085307836807,0.00195925592351042
2021-08-26,-0.00370383751122054,-0.0111115125336616
2021-08-27,0.0100337216624863,0.0301011649874588
2021-08-30,0.00500362607599696,0.0150108782279909
2021-08-31,0.000671359709501908,0.00201407912850573
2021-09-01,0.0088558037865868,0.0265674113597604
2021-09-02,0.00416458335319987,0.0124937500595996
2021-09-03,-0.00121827494007902,-0.00365482482023705
2021-09-07,-0.00692089087692708,-0.0207626726307812
2021-09-08,-0.00140060268288164,-0.00420180804864493
2021-09-09,-0.0100654238702944,-0.0301962716108833
2021-09-10,-0.00821499822526061,-0.0246449946757818
2021-09-13,0.00405243471589626,0.0121573041476888
2021-09-14,-0.00303704531025914,-0.00911113593077743
2021-09-15,0.00378330645190419,0.0113499193557126
2021-09-16,0.000170355489926629,0.000511066469779887
2021-09-17,-0.0116114264588436,-0.0348342793765308
2021-09-20,-0.0131933110389,-0.0395799331167
2021-09-21,0.00326393206109787,0.00979179618329361
2021-09-22,0.00930235646517404,0.0279070693955221
2021-09-23,0.00654476680856244,0.0196343004256873
2021-09-24,-0.00774205024281009,-0.0232261507284303
2021-09-27,-0.00761434880454622,-0.0228430464136387
2021-09-28,-0.0163261628569897,-0.048978488570969
2021-09-29,0.00192098191628192,0.00576294574884575
2021-09-30,-0.0100835567929992,-0.0302506703789976
2021-10-01,0.0110244426566117,0.0330733279698352
2021-10-04,-0.0065373722103087,-0.0196121166309261
2021-10-05,-0.00205220034862509,-0.00615660104587528
2021-10-06,0.00653025720894006,0.0195907716268202
2021-10-07,0.00030941918051292,0.000928257541538759
2021-10-08,-0.00607281747195089,-0.0182184524158527
2021-10-11,-0.00331760563370526,-0.00995281690111577
2021-10-12,0.009528505239665,0.028585515718995
2021-10-13,0.00676824328718105,0.0203047298615432
2021-10-14,0.0111800547012528,0.0335401641037585
2021-10-15,8.32325166065765e-05,0.00024969754981973
2021-10-18,0.00364341238867413,0.0109302371660224
2021-10-19,-0.00128679174755166,-0.00386037524265498
2021-10-20,0.00317490033057501,0.00952470099172503
2021-10-21,0.00136964243056367,0.00410892729169101
2021-10-22,0.00475606567804465,0.0142681970341339
2021-10-25,0.00229539358164596,0.00688618074493789
2021-10-26,0.00409575818968801,0.012287274569064
2021-10-27,0.00207579508413592,0.00622738525240777
2021-10-28,0.00673434306381063,0.0202030291914319
2021-10-29,-0.00117063764073296,-0.00351191292219887
2021-11-01,-0.000173616937404242,-0.000520850812212727
2021-11-02,0.00528395324673451,0.0158518597402035
2021-11-03,-0.000237896458276495,-0.000713689374829486
2021-11-04,0.00219803727398565,0.00659411182195695
2021-11-05,0.00739755239796558,0.0221926571938967
2021-11-08,-0.000129847141069191,-0.000389541423207572
2021-11-09,0.00462335267217605,0.0138700580165282
2021-11-10,-0.011264598529655,-0.033793795588965
2021-11-11,0.000138505369854516,0.000415516109563547
2021-11-12,0.00124698787895711,0.00374096363687133
2021-11-15,-0.00269065104984758,-0.00807195314954275
2021-11-16,-0.000640689132022376,-0.00192206739606713
2021-11-17,0.00340033835066765,0.010201015052003
2021-11-18,0.00206750980048514,0.00620252940145542
2021-11-19,0.00097973909171731,0.00293921727515193
2021-11-22,-0.00771309372004007,-0.0231392811601202
2021-11-23,-0.00244254943839122,-0.00732764831517366
2021-11-24,0.0105869605965795,0.0317608817897386
2021-11-26,-0.0056058954306129,-0.0168176862918387
2021-11-29,0.00376529428874396,0.0112958828662319
2021-11-30,-0.00748822239741607,-0.0224646671922482
2021-12-01,-0.00716654209101604,-0.0214996262730481
2021-12-02,0.0135756490966543,0.0407269472899628
2021-12-03,-0.000908749488878215,-0.00272624846663465
2021-12-06,0.00373746041683407,0.0112123812505022
2021-12-07,0.0092758509081036,0.0278275527243108
2021-12-08,-0.00276720869361487,-0.00830162608084461
2021-12-09,-0.00526509139125685,-0.0157952741737706
2021-12-10,0.00245053368207373,0.00735160104622118
2021-12-13,0.00601173287124125,0.0180351986137237
2021-12-14,-0.00692547108818601,-0.020776413264558
2021-12-15,0.00624429452647893,0.0187328835794368
2021-12-16,-0.00341000568881986,-0.0102300170664596
2021-12-17,0.00204814252694071,0.00614442758082214
2021-12-20,-0.00933181144739835,-0.0279954343421951
2021-12-21,0.00724358479963568,0.021730754398907
2021-12-22,0.00795133535068424,0.0238540060520527
2021-12-23,-0.0012534483929976,-0.00376034517899281
2021-12-27,0.0108146431674352,0.0324439295023056
2021-12-28,-0.00103724568867239,-0.00311173706601717
2021-12-29,-0.00197053519291339,-0.00591160557874018
2021-12-30,0.00349663343013078,0.0104899002903924
2021-12-31,0.000457488646983098,0.00137246594094929
2022-01-03,-0.00154921969966741,-0.00464765909900223
2022-01-04,-0.00226135594689783,-0.0067840678406935
2022-01-05,-0.0258736589716912,-0.0776209769150736
2022-01-06,0.000333458268485422,0.00100037480545627
2022-01-07,-0.00553393706496286,-0.0166018111948886
2022-01-10,-0.00409879777622634,-0.012296393328679
2022-01-11,0.00475152438874418,0.0142545731662325
2022-01-12,0.00194575794076286,0.00583727382228858
2022-01-13,-0.00910913346664758,-0.0273274003999427
2022-01-14,-0.00450920822879199,-0.013527624686376
2022-01-18,-0.0132442188665707,-0.039732656599712
2022-01-19,-0.0112393832146686,-0.0337181496440059
2022-01-20,-0.0110815439945163,-0.033244631983549
2022-01-21,-0.0108599499834834,-0.0325798499504503
2022-01-24,0.0031130063664066,0.0093390190992198
2022-01-25,-0.00814205265696978,-0.0244261579709093
2022-01-26,-0.0105661376597674,-0.0316984129793022
2022-01-27,-0.0113367827539716,-0.0340103482619149
2022-01-28,0.0282665468881669,0.0847996406645008
2022-01-31,0.0171742502099216,0.0515227506297647
2022-02-01,-1.10876140439299e-10,-3.32628421317896e-10
2022-02-02,4.2926968381658e-10,1.28780905144974e-09
2022-02-03,-2.55827744256967e-10,-7.67483232770902e-10
2022-02-04,-1.68817100713001e-10,-5.06451302139002e-10
2022-02-07,1.91333148046075e-10,5.73999444138226e-10
2022-02-08,-9.37160624107523e-11,-2.81148187232257e-10
2022-02-09,5.85257504839605e-10,1.75577251451881e-09
2022-02-10,-6.54974124828489e-10,-1.96492237448547e-09
2022-02-11,3.9930836100546e-10,1.19792508301638e-09
2022-02-14,1.74930247285616e-11,5.24790741856848e-11
2022-02-15,-2.53521241524086e-10,-7.60563724572257e-10
2022-02-16,3.77990124371499e-10,1.1339703731145e-09
2022-02-17,2.91131041568712e-10,8.73393124706136e-10
2022-02-18,-1.34929617101013e-10,-4.04788851303039e-10
2022-02-22,1.95742630100108e-11,5.87227890300324e-11
2022-02-23,-9.0641341871379e-11,-2.71924025614137e-10
2022-02-24,1.15690982177309e-10,3.47072946531928e-10
2022-02-25,3.4892155931409e-10,1.04676467794227e-09
2022-02-28,-6.3969251111163e-12,-1.91907753333489e-11
2022-03-01,4.95216762374656e-10,1.48565028712397e-09
2022-03-02,-5.07100696048773e-10,-1.52130208814632e-09
2022-03-03,1.89612295942311e-10,5.68836887826934e-10
2022-03-04,4.67418616345994e-10,1.40225584903798e-09
2022-03-07,1.14896790764804e-10,3.44690372294412e-10
2022-03-08,2.42337309187681e-10,7.27011927563042e-10
2022-03-09,-5.75571325728697e-10,-1.72671397718609e-09
2022-03-10,-6.30749177048877e-11,-1.89224753114663e-10
2022-03-11,-1.07099509267313e-10,-3.21298527801939e-10
2022-03-14,-5.18293506412273e-10,-1.55488051923682e-09
2022-03-15,-2.80436730597586e-10,-8.41310191792759e-10
2022-03-16,5.88420873417105e-11,1.76526262025131e-10
2022-03-17,2.58489708738709e-11,7.75469126216128e-11
2022-03-18,-5.61187008995463e-11,-1.68356102698639e-10
2022-03-21,-1.98248679872613e-10,-5.94746039617839e-10
2022-03-22,-2.34269261584589e-10,-7.02807784753766e-10
2022-03-23,3.58570989453471e-10,1.07571296836041e-09
2022-03-24,-2.64436097733701e-11,-7.93308293201102e-11
2022-03-25,-3.02418280233641e-10,-9.07254840700922e-10
2022-03-28,-2.08453616246558e-10,-6.25360848739674e-10
2022-03-29,1.26066387105462e-10,3.78199161316387e-10
2022-03-30,2.1078269690016e-10,6.3234809070048e-10
2022-03-31,5.09665578423625e-11,1.52899673527088e-10
2022-04-01,0.00294578997735039,0.00883736993205116
2022-04-04,0.00372332534892106,0.0111699760467632
2022-04-05,-0.00691160448035996,-0.0207348134410799
2022-04-06,0.00196235493557993,0.00588706480673978
2022-04-07,0.000810936120172487,0.00243280836051746
2022-04-08,0.00320716027742924,0.00962148083228771
2022-04-11,-0.00506858465386851,-0.0152057539616055
2022-04-12,0.00246927239491519,0.00740781718474558
2022-04-13,0.00703605243690969,0.0211081573107291
2022-04-14,-0.00585015044029344,-0.0175504513208803
2022-04-18,0.000194693979097578,0.000584081937292734
2022-04-19,0.00231292835711144,0.00693878507133431
2022-04-20,0.00645859415179696,0.0193757824553909
2022-04-21,-0.00746910403198325,-0.0224073120959497
2022-04-22,-0.0163784897543053,-0.0491354692629158
2022-04-25,-0.00849330888626987,-0.0254799266588096
2022-04-26,-0.0102907522930307,-0.0308722568790921
2022-04-27,-0.00525484516832872,-0.0157645355049862
2022-04-28,0.0131787434228342,0.0395362302685025
2022-04-29,-0.021604248138452,-0.0648127444153559
2022-05-02,-8.75486919939158e-10,-2.62646075981747e-09
2022-05-03,2.69789930225116e-10,8.09369790675348e-10
2022-05-04,4.05300419395909e-10,1.21590125818773e-09
2022-05-05,-5.08776002338586e-10,-1.52632800701576e-09
2022-05-06,-1.60227703132101e-10,-4.80683109396304e-10
2022-05-09,-1.17601933829812e-09,-3.52805801489437e-09
2022-05-10,-5.68597382037858e-10,-1.70579214611357e-09
2022-05-11,1.99561001901812e-10,5.98683005705436e-10
2022-05-12,-2.28506842143551e-10,-6.85520526430653e-10
2022-05-13,2.82535885855427e-10,8.4760765756628e-10
2022-05-16,9.71277196727376e-11,2.91383159018213e-10
2022-05-17,1.81089521592256e-11,5.43268564776767e-11
2022-05-18,-4.68728362415409e-10,-1.40618508724623e-09
2022-05-19,3.05490917111653e-10,9.16472751334958e-10
2022-05-20,2.26784629180644e-10,6.80353887541933e-10
2022-05-23,3.19068868418418e-10,9.57206605255253e-10
2022-05-24,4.00199403564153e-10,1.20059821069246e-09
2022-05-25,-2.01481007980505e-11,-6.04443023941516e-11
2022-05-26,-9.42440150444964e-11,-2.82732045133489e-10
2022-05-27,5.06871434828631e-10,1.52061430448589e-09
2022-05-31,-4.59818202510907e-10,-1.37945460753272e-09
2022-06-01,6.58260214379451e-11,1.97478064313835e-10
2022-06-02,5.12999993880893e-10,1.53899998164268e-09
2022-06-03,-4.47831144884512e-10,-1.34349343465354e-09
2022-06-06,-1.68057480353717e-10,-5.04172441061151e-10
2022-06-07,3.32172868055214e-10,9.96518604165641e-10
2022-06-08,-3.3328872036753e-10,-9.99866161102589e-10
2022-06-09,-3.66139273710168e-10,-1.0984178211305e-09
2022-06-10,9.89218711220292e-11,2.96765613366087e-10
2022-06-13,-1.31628560331538e-09,-3.94885680994615e-09
2022-06-14,-3.18006086498579e-10,-9.54018259495736e-10
2022-06-15,6.52825493256051e-10,1.95847647976815e-09
2022-06-16,3.55591192678895e-11,1.06677357803668e-10
2022-06-17,-1.39362108560052e-10,-4.18086325680156e-10
2022-06-21,1.07303775671362e-10,3.21911327014085e-10
2022-06-22,3.10157165785255e-10,9.30471497355766e-10
2022-06-23,9.81251922482337e-11,2.94375576744701e-10
2022-06-24,2.24292955771e-10,6.72878867312999e-10
2022-06-27,-5.39189234532439e-11,-1.61756770359732e-10
2022-06-28,-2.01210208204256e-10,-6.03630624612768e-10
2022-06-29,-1.15035935677194e-10,-3.45107807031583e-10
2022-06-30,-1.62600608721169e-10,-4.87801826163508e-10
2022-07-01,1.62882926138283e-10,4.8864877841485e-10
2022-07-05,-2.00208663345618e-10,-6.00625990036854e-10
2022-07-06,-3.29963705858505e-10,-9.89891117575514e-10
2022-07-07,-9.07365748395708e-11,-2.72209724518712e-10
2022-07-08,-9.12878252651416e-11,-2.73863475795425e-10
2022-07-11,6.18813691202204e-11,1.85644107360661e-10
2022-07-12,-6.91808496550182e-12,-2.07542548965055e-11
2022-07-13,1.28742145062855e-10,3.86226435188565e-10
2022-07-14,-2.60403585308297e-10,-7.81210755924891e-10
2022-07-15,3.12773336774146e-11,9.38320010322438e-11
2022-07-18,-3.43440901905787e-11,-1.03032270571736e-10
2022-07-19,-4.34211546639413e-11,-1.30263463991824e-10
2022-07-20,-1.30176595751119e-10,-3.90529787253358e-10
2022-07-21,3.57205194293136e-10,1.07161558287941e-09
2022-07-22,2.15687025524259e-10,6.47061076572777e-10
2022-07-25,-8.96745396078356e-11,-2.69023618823507e-10
2022-07-26,-7.36624167661807e-12,-2.20987250298542e-11
2022-07-27,1.58514598877823e-10,4.7554379663347e-10
2022-07-28,3.09601382020458e-10,9.28804146061375e-10
2022-07-29,4.16226868354292e-11,1.24868060506288e-10
2022-08-01,1.61237474162889e-11,4.83712422488667e-11
2022-08-02,-4.12797133812202e-10,-1.23839140143661e-09
2022-08-03,1.43220128995292e-10,4.29660386985877e-10
2022-08-04,5.55024838234277e-10,1.66507451470283e-09
2022-08-05,-3.28668870101084e-10,-9.86006610303252e-10
2022-08-08,4.04445539328043e-10,1.21333661798413e-09
2022-08-09,2.36943793277584e-10,7.10831379832752e-10
2022-08-10,1.82533818605594e-10,5.47601455816781e-10
2022-08-11,-1.91403671309124e-10,-5.74211013927371e-10
2022-08-12,6.04616139933913e-10,1.81384841980174e-09
2022-08-15,-3.27714536590726e-10,-9.83143609772179e-10
2022-08-16,-1.1608655950952e-10,-3.48259678528561e-10
2022-08-17,-2.52948138080616e-10,-7.58844414241848e-10
2022-08-18,-2.48812440790848e-10,-7.46437322372545e-10
2022-08-19,-3.80980919673265e-10,-1.14294275901979e-09
2022-08-22,-5.84732776463776e-10,-1.75419832939133e-09
2022-08-23,-5.03476409428985e-11,-1.51042922828695e-10
2022-08-24,2.08200029291256e-10,6.24600087873768e-10
2022-08-25,3.80180584464958e-10,1.14054175339488e-09
2022-08-26,-8.18311631714289e-10,-2.45493489514287e-09
2022-08-29,-1.49894227238095e-10,-4.49682681714286e-10
2022-08-30,-5.11033095067971e-10,-1.53309928520391e-09
2022-08-31,-3.17414811607332e-10,-9.52244434821997e-10
2022-09-01,5.24876947690228e-11,1.57463084307068e-10
2022-09-02,-3.78053923892007e-10,-1.13416177167602e-09
2022-09-06,1.23031323070438e-10,3.69093969211313e-10
2022-09-07,5.72643878908369e-10,1.71793163672511e-09
2022-09-08,1.37662228250938e-10,4.12986684752815e-10
2022-09-09,3.71692515704702e-10,1.11507754711411e-09
2022-09-12,3.00770641730871e-10,9.02311925192613e-10
2022-09-13,-1.19660554152394e-09,-3.58981662457182e-09
2022-09-14,-1.28895781983096e-10,-3.86687345949288e-10
2022-09-15,-4.99621475509938e-10,-1.49886442652981e-09
2022-09-16,-1.38489947489383e-10,-4.1546984246815e-10
2022-09-19,4.87585520772919e-11,1.46275656231876e-10
2022-09-20,-5.22684072718444e-10,-1.56805221815533e-09
2022-09-21,-4.70674335160071e-10,-1.41202300548021e-09
2022-09-22,-3.01826674905147e-10,-9.0548002471544e-10
2022-09-23,-4.28076219268397e-10,-1.28422865780519e-09
2022-09-26,-5.3716867616825e-10,-1.61150602850475e-09
2022-09-27,-2.38517980459614e-10,-7.15553941378842e-10
2022-09-28,6.0496851442473e-10,1.81490554327419e-09
2022-09-29,-7.21873916927817e-10,-2.16562175078345e-09
2022-09-30,-2.20205658676462e-11,-6.60616976029385e-11
2022-10-03,4.785323397766e-10,1.4355970193298e-09
2022-10-04,2.07470847781231e-10,6.22412543343693e-10
2022-10-05,-2.11115552372183e-10,-6.33346657116549e-10
2022-10-06,-9.67814407479413e-11,-2.90344322243824e-10
2022-10-07,-2.07822053625025e-10,-6.23466160875076e-10
2022-10-10,-2.74378620029629e-10,-8.23135860088886e-10
2022-10-11,1.45384533445137e-11,4.36153600335412e-11
2022-10-12,1.16165022659018e-10,3.48495067977054e-10
2022-10-13,-1.47649323472433e-10,-4.429479704173e-10
2022-10-14,-2.36442809127647e-10,-7.09328427382942e-10
2022-10-17,5.23088705599088e-11,1.56926611679727e-10
2022-10-18,6.60618480648649e-11,1.98185544194595e-10
2022-10-19,-3.22249412721193e-10,-9.66748238163579e-10
2022-10-20,-1.32370035179402e-10,-3.97110105538206e-10
2022-10-21,2.5321306758625e-10,7.59639202758751e-10
2022-10-24,-5.8269823827216e-11,-1.74809471481648e-10
2022-10-25,2.19051230317517e-10,6.57153690952552e-10
2022-10-26,1.56469658457884e-10,4.69408975373653e-10
2022-10-27,9.00564532431597e-11,2.70169359729479e-10
2022-10-28,-2.02118502931019e-10,-6.06355508793057e-10
2022-10-31,-1.67843741896767e-10,-5.03531225690301e-10
2022-11-01,-4.15313452535442e-11,-1.24594035760633e-10
2022-11-02,-3.64957099971378e-10,-1.09487129991413e-09
2022-11-03,-2.35164436874144e-10,-7.05493310622432e-10
2022-11-04,9.80935936763002e-11,2.94280781028901e-10
2022-11-07,1.39588706589936e-11,4.18766119769808e-11
2022-11-08,2.48309568514813e-10,7.4492870554444e-10
2022-11-09,-1.66120303529992e-10,-4.98360910589975e-10
2022-11-10,1.30603523760201e-09,3.91810571280603e-09
2022-11-11,6.72474214940023e-11,2.01742264482007e-10
2022-11-14,-1.74782134327896e-10,-5.24346402983688e-10
2022-11-15,3.28500321610439e-10,9.85500964831316e-10
2022-11-16,8.06399239687793e-11,2.41919771906338e-10
2022-11-17,-2.37176104892907e-10,-7.11528314678722e-10
2022-11-18,-3.91076788077474e-11,-1.17323036423242e-10
2022-11-21,-6.75528227585666e-11,-2.026584682757e-10
2022-11-22,3.17872510718504e-10,9.53617532155511e-10
2022-11-23,2.23356388540758e-10,6.70069165622275e-10
2022-11-25,1.51369222938728e-12,4.54107668816183e-12
2022-11-28,-1.84392266449184e-10,-5.53176799347551e-10
2022-11-29,-1.34366654069326e-10,-4.03099962207977e-10
2022-11-30,6.22726303515736e-10,1.86817891054721e-09
2022-12-01,1.81083618037549e-10,5.43250854112648e-10
2022-12-02,1.71374653028525e-11,5.14123959085575e-11
2022-12-05,-4.89417487330198e-10,-1.46825246199059e-09
2022-12-06,-3.37791465331771e-10,-1.01337439599531e-09
2022-12-07,-3.83761920470111e-11,-1.15128576141033e-10
2022-12-08,1.98431560887282e-10,5.95294682661845e-10
2022-12-09,-1.33916410554542e-10,-4.01749231663627e-10
2022-12-12,2.96052206181172e-10,8.88156618543517e-10
2022-12-13,3.38700824509972e-10,1.01610247352992e-09
2022-12-14,-7.33399025302639e-11,-2.20019707590792e-10
2022-12-15,-8.05362485256186e-10,-2.41608745576856e-09
2022-12-16,-3.71581755451807e-10,-1.11474526635542e-09
2022-12-19,-1.80662735138696e-10,-5.41988205416087e-10
2022-12-20,6.18733528470177e-11,1.85620058541053e-10
2022-12-21,4.5277761701987e-10,1.35833285105961e-09
2022-12-22,-3.57172375539367e-10,-1.0715171266181e-09
2022-12-23,1.38306050459877e-10,4.14918151379631e-10
2022-12-27,-3.69039666197274e-11,-1.10711899859182e-10
2022-12-28,-3.38359470493364e-10,-1.01507841148009e-09
2022-12-29,5.37554008490757e-10,1.61266202547227e-09
2022-12-30,-2.20820431272466e-10,-6.62461293817399e-10
2023-01-03,0.00586376199263546,0.0175912859779064
2023-01-04,0.0118930510700376,0.0356791532101129
2023-01-05,-0.0113138521168673,-0.0339415563506018
2023-01-06,0.0218679932156536,0.0656039796469608
2023-01-09,0.0028296841480789,0.00848905244423671
2023-01-10,0.00521830217670202,0.0156549065301061
2023-01-11,0.00554428352929922,0.0166328505878977
2023-01-12,0.00978979291687903,0.0293693787506371
2023-01-13,0.00771454388262218,0.0231436316478665
2023-01-17,-0.00254190650255615,-0.00762571950766844
2023-01-18,-0.00670362475694022,-0.0201108742708206
2023-01-19,0.00308681220129756,0.00926043660389267
2023-01-20,0.00654249390895474,0.0196274817268642
2023-01-23,0.00582376500391953,0.0174712950117586
2023-01-24,0.000312568767760862,0.000937706303282586
2023-01-25,0.00321764596494622,0.00965293789483867
2023-01-26,-0.000557230506712983,-0.00167169152013895
2023-01-27,-0.000309539641144602,-0.000928618923433806
2023-01-30,-0.00672288009641165,-0.0201686402892349
2023-01-31,0.00823844912082293,0.0247153473624688
2023-02-01,0.0121817045109521,0.0365451135328563
2023-02-02,-0.00932826529134096,-0.0279847958740229
2023-02-03,-0.0181215556431687,-0.054364666929506
2023-02-06,-0.00689799722806591,-0.0206939916841977
2023-02-07,0.00382111403717906,0.0114633421115372
2023-02-08,-0.000687700925419922,-0.00206310277625977
2023-02-09,-0.00120261215046348,-0.00360783645139044
2023-02-10,-0.00461555479159787,-0.0138466643747936
2023-02-13,0.00486604083512896,0.0145981225053869
2023-02-14,0.00128453176748346,0.00385359530245039
2023-02-15,-0.00668305488273656,-0.0200491646482097
2023-02-16,-0.00204682607212687,-0.0061404782163806
2023-02-17,-0.000290168475745158,-0.000870505427235475
2023-02-21,-0.00876201897922882,-0.0262860569376865
2023-02-22,-0.00555378672157247,-0.0166613601647174
2023-02-23,0.00321022252824697,0.00963066758474091
2023-02-24,-0.0148205311491553,-0.0444615934474659
2023-02-27,0.00772508712500768,0.023175261375023
2023-02-28,-0.00339908722299188,-0.0101972616689756
2023-03-01,0.00494813203689735,0.0148443961106921
2023-03-02,0.000421330040620387,0.00126399012186116
2023-03-03,0.012993112485067,0.038979337455201
2023-03-06,-0.00297596885610647,-0.00892790656831942
2023-03-07,-0.0177305891185696,-0.0531917673557088
2023-03-08,0.00119329887267865,0.00357989661803595
2023-03-09,-0.00471636174070347,-0.0141490852221104
2023-03-10,0.00137161494522293,0.0041148448356688
2023-03-13,0.00594175607066095,0.0178252682119829
2023-03-14,0.00846473013293063,0.0253941903987919
2023-03-15,-0.0103591319062538,-0.0310773957187614
2023-03-16,0.0104371731580083,0.0313115194740249
2023-03-17,0.0035047164929701,0.0105141494789103
2023-03-20,0.00854076601073292,0.0256222980321988
2023-03-21,0.00228600432432802,0.00685801297298407
2023-03-22,-0.000125520876866616,-0.000376562630599848
2023-03-23,0.00567244600349631,0.0170173380104889
2023-03-24,-0.00502187364053794,-0.0150656209216138
2023-03-27,0.000472333366560565,0.0014170000996817
2023-03-28,0.00264559581283646,0.00793678743850937
2023-03-29,0.00706601533104242,0.0211980459931273
2023-03-30,0.0097897992297437,0.0293693976892311
2023-03-31,0.00314869996812461,0.00944609990437382
2023-04-03,0.0071325890377652,0.0213977671132956
2023-04-04,0.00975800148278799,0.029274004448364
2023-04-05,-0.00307681228069848,-0.00923043684209543
2023-04-06,0.000390142309121799,0.0011704269273654
2023-04-10,-0.00384252466171641,-0.0115275739851492
2023-04-11,0.00515596670905968,0.015467900127179
2023-04-12,0.00634769282437526,0.0190430784731258
2023-04-13,0.0135000395722994,0.0405001187168983
2023-04-14,-0.00995780213803949,-0.0298734064141185
2023-04-17,-0.00460043437711835,-0.0138013031313551
2023-04-18,0.00530994037451677,0.0159298211235503
2023-04-19,-0.00354675752846036,-0.0106402725853811
2023-04-20,0.00135860087490706,0.00407580262472119
2023-04-21,-0.00154456064098788,-0.00463368192296363
2023-04-24,0.00354937978496982,0.0106481393549094
2023-04-25,-0.00543769858420747,-0.0163130957526224
2023-04-26,-0.00243951650166143,-0.00731854950498429
2023-04-27,0.005629592470958,0.016888777412874
2023-04-28,0.000823172933313742,0.00246951879994122
2023-05-01,-0.00269200408211311,-0.00807601224633933
2023-05-02,0.000955780121936736,0.00286734036581021
2023-05-03,0.00382726224915441,0.0114817867474632
2023-05-04,0.00355598243122558,0.0106679472936767
2023-05-05,0.00259670452222158,0.00779011356666475
2023-05-08,0.000678233088066268,0.0020346992641988
2023-05-09,-0.00151825089239913,-0.00455475267719738
2023-05-10,-0.00110390291214778,-0.00331170873644335
2023-05-11,-0.00574503102924127,-0.0172350930877238
2023-05-12,-0.00503866412078766,-0.015115992362363
2023-05-15,0.00868669765506003,0.0260600929651801
2023-05-16,-0.0102614424594073,-0.0307843273782219
2023-05-17,0.00138512442067417,0.0041553732620225
2023-05-18,-0.00724821460928,-0.02174464382784
2023-05-19,0.00637537355433283,0.0191261206629985
2023-05-22,0.00114947660519434,0.00344842981558302
2023-05-23,-0.00873854056920052,-0.0262156217076016
2023-05-24,-0.0102617886356448,-0.0307853659069345
2023-05-25,-0.0051824242435326,-0.0155472727305978
2023-05-26,0.0102976536511831,0.0308929609535493
2023-05-30,-0.00428876277426001,-0.01286628832278
2023-05-31,-0.00552553662772161,-0.0165766098831648
2023-06-01,0.00964191301034911,0.0289257390310473
2023-06-02,0.00278831107028104,0.00836493321084312
2023-06-05,-0.00039731190427387,-0.00119193571282161
2023-06-06,0.00296712833718992,0.00890138501156976
2023-06-07,-0.00662797238650233,-0.019883917159507
2023-06-08,0.00995757330444278,0.0298727199133283
2023-06-09,-0.00232664044008188,-0.00697992132024565
2023-06-12,0.00380871228730258,0.0114261368619077
2023-06-13,0.00159988738030178,0.00479966214090534
2023-06-14,0.0011740730003005,0.00352221900090149
2023-06-15,0.0105132803967253,0.031539841190176
2023-06-16,-0.00207685458453386,-0.00623056375360159
2023-06-20,-0.00951581503557945,-0.0285474451067384
2023-06-21,-0.00292805651307656,-0.00878416953922968
2023-06-22,-0.00412656355838148,-0.0123796906751445
2023-06-23,-0.00490889981013576,-0.0147266994304073
2023-06-26,-0.000104519249120723,-0.00031355774736217
2023-06-27,0.00493742641244867,0.014812279237346
2023-06-28,-0.000866370463329762,-0.00259911138998929
2023-06-29,0.000762435885060641,0.00228730765518192
2023-06-30,0.0103116555165931,0.0309349665497794
2023-07-03,0.000209164161809325,0.000627492485427974
2023-07-05,-0.00773198035806518,-0.0231959410741955
2023-07-06,-0.0130872336431865,-0.0392617009295596
2023-07-07,0.00242802859837346,0.00728408579512038
2023-07-10,0.00512992549860488,0.0153897764958146
2023-07-11,0.00922530201372149,0.0276759060411645
2023-07-12,0.0152439395275262,0.0457318185825786
2023-07-13,0.0118603644247325,0.0355810932741976
2023-07-14,-0.00300556965238613,-0.0090167089571584
2023-07-17,0.00133522257870844,0.00400566773612533
2023-07-18,0.00697429463316903,0.0209228838995071
2023-07-19,0.00130237266221859,0.00390711798665578
2023-07-20,-0.00559964611468228,-0.0167989383440468
2023-07-21,0.00159370401818092,0.00478111205454276
2023-07-24,-0.000502529116231944,-0.00150758734869583
2023-07-25,0.00222785556208003,0.0066835666862401
2023-07-26,0.00129072043653768,0.00387216130961305
2023-07-27,-0.00682790585534962,-0.0204837175660488
2023-07-28,0.0095560264461928,0.0286680793385784
2023-07-31,0.00145399845358445,0.00436199536075334
2023-08-01,-0.00765836073344022,-0.0229750822003207
2023-08-02,-0.0114804027051129,-0.0344412081153387
2023-08-03,-0.00187009015979985,-0.00561027047939956
2023-08-04,0.000240173758589367,0.000720521275768102
2023-08-07,0.00427184108816994,0.0128155232645098
2023-08-08,-0.00545437010624393,-0.0163631103187318
2023-08-09,-0.00398367552871824,-0.0119510265861547
2023-08-10,0.000575480791818451,0.00172644237545535
2023-08-11,-0.00238255866927681,-0.00714767600783042
2023-08-14,0.000215265610177361,0.000645796830532083
2023-08-15,-0.00833309668082219,-0.0249992900424666
2023-08-16,-0.00677946560561235,-0.0203383968168371
2023-08-17,-0.00571179592253956,-0.0171353877676187
2023-08-18,0.000100462023083779,0.000301386069251338
2023-08-21,0.00457126888041897,0.0137138066412569
2023-08-22,-0.00122693787986861,-0.00368081363960583
2023-08-23,0.0100189632142954,0.0300568896428861
2023-08-24,-0.00841677915776992,-0.0252503374733098
2023-08-25,0.00376977267652122,0.0113093180295637
2023-08-28,0.00601056942427819,0.0180317082728346
2023-08-29,0.0126080855993726,0.0378242567981179
2023-08-30,0.00251373158078535,0.00754119474235606
2023-08-31,-0.00317643729947827,-0.0095293118984348
2023-09-01,0.000450457894320923,0.00135137368296277
2023-09-05,-0.00839058955468877,-0.0251717686640663
2023-09-06,-0.00489254873723928,-0.0146776462117178
2023-09-07,-0.00175280565647294,-0.00525841696941882
2023-09-08,0.000874279293942957,0.00262283788182887
2023-09-11,0.00542551334129794,0.0162765400238938
2023-09-12,-0.00538075426550053,-0.0161422627965016
2023-09-13,-0.00196475778408886,-0.00589427335226658
2023-09-14,0.00598647920743645,0.0179594376223094
2023-09-15,-0.00145596989291176,-0.00436790967873528
2023-09-18,0.000799056184447737,0.00239716855334321
2023-09-19,-0.00107082887358145,-0.00321248662074435
2023-09-20,-0.00215542916227494,-0.00646628748682481
2023-09-21,-0.0121407004219809,-0.0364221012659426
2023-09-22,0.000114358679268379,0.000343076037805136
2023-09-25,-0.0025342899880184,-0.0076028699640552
2023-09-26,-0.0112285068066818,-0.0336855204200453
2023-09-27,-0.00596071774408128,-0.0178821532322439
2023-09-28,0.00248388869720618,0.00745166609161854
2023-09-29,-0.00496515047737627,-0.0148954514321288
2023-10-02,-7.44238533563897e-11,-2.23271560069169e-10
2023-10-03,-3.47936093695761e-10,-1.04380828108728e-09
2023-10-04,6.48996643221273e-11,1.94698992966382e-10
2023-10-05,3.7254803340862e-11,1.11764410022586e-10
2023-10-06,3.29069850891062e-10,9.87209552673186e-10
2023-10-09,3.15249232823497e-11,9.45747698470491e-11
2023-10-10,2.49986492695196e-10,7.49959478085587e-10
2023-10-11,1.266574376295e-10,3.79972312888501e-10
2023-10-12,-2.36535890809261e-10,-7.09607672427783e-10
2023-10-13,-1.17690559408755e-10,-3.53071678226266e-10
2023-10-16,2.43365790874536e-10,7.30097372623609e-10
2023-10-17,-1.15887622371422e-11,-3.47662867114265e-11
2023-10-18,-3.74729586189626e-10,-1.12418875856888e-09
2023-10-19,-1.94303966146067e-10,-5.82911898438201e-10
2023-10-20,-3.05440073808318e-10,-9.16320221424954e-10
2023-10-23,-4.54139290080108e-11,-1.36241787024033e-10
2023-10-24,2.50309310443428e-10,7.50927931330285e-10
2023-10-25,-3.51452761279414e-10,-1.05435828383824e-09
2023-10-26,-1.95809450507775e-10,-5.87428351523324e-10
2023-10-27,-8.13990109688074e-11,-2.44197032906422e-10
2023-10-30,2.76664801853776e-10,8.29994405561327e-10
2023-10-31,2.32676241304863e-11,6.9802872391459e-11
2023-11-01,1.22605111581778e-10,3.67815334745333e-10
2023-11-02,4.05232032735583e-10,1.21569609820675e-09
2023-11-03,2.60041394473942e-10,7.80124183421826e-10
2023-11-06,-1.24183877400934e-10,-3.72551632202802e-10
2023-11-07,-1.75061931991995e-11,-5.25185795975984e-11
2023-11-08,-1.70906052741525e-10,-5.12718158224575e-10
2023-11-09,-8.02743125534378e-11,-2.40822937660313e-10
2023-11-10,7.60368816644212e-11,2.28110644993264e-10
2023-11-13,8.52555349105711e-11,2.55766604731713e-10
2023-11-14,5.40761323126963e-10,1.62228396938089e-09
2023-11-15,-4.86895384389315e-13,-1.46068615316795e-12
2023-11-16,1.81106037789922e-10,5.43318113369767e-10
2023-11-17,4.31829376792699e-11,1.2954881303781e-10
2023-11-20,1.04999415903568e-10,3.14998247710703e-10
2023-11-21,1.37104105998418e-10,4.11312317995255e-10
2023-11-22,3.46946975598937e-12,1.04084092679681e-11
2023-11-24,1.08095011827654e-10,3.24285035482962e-10
2023-11-27,9.30437002415702e-11,2.79131100724711e-10
2023-11-28,2.38562073774073e-10,7.15686221322218e-10
2023-11-29,3.39241909910407e-11,1.01772572973122e-10
2023-11-30,2.35914975462511e-12,7.07744926387532e-12
2023-12-01,0.0127221677941947,0.0381665033825841
2023-12-04,-0.0122118492432872,-0.0366355477298617
2023-12-05,-0.00250899193434426,-0.00752697580303277
2023-12-06,0.000507144503052383,0.00152143350915715
2023-12-07,0.00395862917905935,0.0118758875371781
2023-12-08,-0.00319658164836318,-0.00958974494508953
2023-12-11,-0.00342902025462639,-0.0102870607638792
2023-12-12,0.0012950995962174,0.00388529878865221
2023-12-13,0.0183049962649214,0.0549149887947643
2023-12-14,0.00738571076825779,0.0221571323047734
2023-12-15,-0.00746162368669504,-0.0223848710600851
2023-12-18,0.00406003606523407,0.0121801081957022
2023-12-19,0.00792370287074905,0.0237711086122471
2023-12-20,-0.009802373133737,-0.029407119401211
2023-12-21,0.0102690751400028,0.0308072254200085
2023-12-22,0.00281167138310565,0.00843501414931695
2023-12-26,0.00649559175840751,0.0194867752752225
2023-12-27,0.00406727112155011,0.0122018133646503
2023-12-28,-0.00457034425710687,-0.0137110327713206
2023-12-29,-0.00153922498871319,-0.00461767496613958
2024-01-02,-0.00461043829911968,-0.013831314897359
2024-01-03,-0.0114318271049339,-0.0342954813148016
2024-01-04,0.000618364657121212,0.00185509397136364
2024-01-05,-0.000643880894766564,-0.00193164268429969
2024-01-08,0.0131776305926839,0.0395328917780516
2024-01-09,-0.00574391627543568,-0.017231748826307
2024-01-10,0.00440617833148301,0.013218534994449
2024-01-11,-0.00382027141225965,-0.011460814236779
2024-01-12,0.00281489902610638,0.00844469707831915
2024-01-16,-0.00980713737163772,-0.0294214121149132
2024-01-17,-0.00912957511101409,-0.0273887253330423
2024-01-18,0.00533501048763348,0.0160050314629004
2024-01-19,0.00750983311446534,0.022529499343396
2024-01-22,0.00235651484311781,0.00706954452935343
2024-01-23,-0.000940326248616585,-0.00282097874584975
2024-01-24,0.000893950529516471,0.00268185158854941
2024-01-25,0.00694162811261162,0.0208248843378349
2024-01-26,0.00196819042830974,0.00590457128492922
2024-01-29,0.00579834554322887,0.0173950366296866
2024-01-30,-0.00191409723143662,-0.00574229169430985
2024-01-31,-0.0110027706222525,-0.0330083118667576
2024-02-01,0.0112297083825811,0.0336891251477433
2024-02-02,-0.0021818825799126,-0.00654564773973779
2024-02-05,-0.00491772212496995,-0.0147531663749099
2024-02-06,0.00524397586104658,0.0157319275831397
2024-02-07,0.00196017810906804,0.00588053432720411
2024-02-08,-0.000131411530902906,-0.000394234592708719
2024-02-09,0.00192314517087082,0.00576943551261245
2024-02-12,-0.000769704519006238,-0.00230911355701871
2024-02-13,-0.0155121159830104,-0.0465363479490312
2024-02-14,0.00746294304111717,0.0223888291233515
2024-02-15,0.00810994126523455,0.0243298237957036
2024-02-16,-0.00015575367344462,-0.000467261020333861
2024-02-20,0.00153270885256436,0.00459812655769307
2024-02-21,0.000730444695112925,0.00219133408533877
2024-02-22,0.0108202217135991,0.0324606651407972
2024-02-23,0.00246827370507933,0.00740482111523798
2024-02-26,-0.00239693629918166,-0.00719080889754499
2024-02-27,0.000853358034525686,0.00256007410357706
2024-02-28,-0.00144693970734308,-0.00434081912202925
2024-02-29,0.00313588682577667,0.00940766047733001
2024-03-01,0.00892166281735294,0.0267649884520588
2024-03-04,0.00279470201364807,0.00838410604094422
2024-03-05,-0.00840918855456146,-0.0252275656636844
2024-03-06,0.006701255537187,0.020103766611561
2024-03-07,0.00974169776830362,0.0292250933049109
2024-03-08,-0.00116080380720662,-0.00348241142161985
2024-03-11,-0.00161655180275541,-0.00484965540826624
2024-03-12,0.0069278410237597,0.0207835230712791
2024-03-13,-0.0014042711163986,-0.00421281334919581
2024-03-14,-0.00738367248711653,-0.0221510174613496
2024-03-15,-0.00698545373943852,-0.0209563612183156
2024-03-18,3.02381982475206e-05,9.07145947425618e-05
2024-03-19,0.00279564192776529,0.00838692578329587
2024-03-20,0.00846208170909833,0.025386245127295
2024-03-21,-6.32062085227709e-05,-0.000189618625568313
2024-03-22,-0.00475987266727286,-0.0142796180018186
2024-03-25,-0.00184463291325877,-0.00553389873977631
2024-03-26,-0.001060530604219,-0.00318159181265701
2024-03-27,0.0121152085970504,0.0363456257911512
2024-03-28,0.0013600986898364,0.00408029606950919
2024-04-01,0.00276112518807797,0.0082833755642339
2024-04-02,0.000953250864827094,0.00285975259448128
2024-04-03,0.0057566105892379,0.0172698317677137
2024-04-04,-0.00844446640331117,-0.0253333992099335
2024-04-05,0.0106331805043062,0.0318995415129185
2024-04-08,0.00404034552388186,0.0121210365716456
2024-04-09,0.00183809843263685,0.00551429529791054
2024-04-10,-0.0103330219083926,-0.0309990657251778
2024-04-11,0.0099858294761097,0.0299574884283291
2024-04-12,-0.0145990686482772,-0.0437972059448315
2024-04-15,0.00252318560995241,0.00756955682985723
2024-04-16,-0.0024991540504594,-0.00749746215137821
2024-04-17,-0.00370883310616828,-0.0111264993185048
2024-04-18,-6.75480536860893e-05,-0.000202644161058268
2024-04-19,-0.000936633590421495,-0.00280990077126448
2024-04-22,-0.00303309553720005,-0.00909928661160014
2024-04-23,0.00710537349615826,0.0213161204884748
2024-04-24,-0.00223881377327588,-0.00671644131982763
2024-04-25,0.000474166735972506,0.00142250020791752
2024-04-26,0.00656265772719146,0.0196879731815744
2024-04-29,0.00132457044347171,0.00397371133041514
2024-04-30,-0.0170556044681018,-0.0511668134043054
2024-05-01,0.00133676849069189,0.00401030547207568
2024-05-02,0.00561874945691871,0.0168562483707561
2024-05-03,0.00708480507533675,0.0212544152260102
2024-05-06,0.00961703725298093,0.0288511117589428
2024-05-07,0.00116851689128451,0.00350555067385354
2024-05-08,0.000371697393858384,0.00111509218157515
2024-05-09,0.0099761385223102,0.0299284155669306
2024-05-10,0.00455281563759894,0.0136584469127968
2024-05-13,-0.00329233066189692,-0.00987699198569077
2024-05-14,0.0071244785854662,0.0213734357563986
2024-05-15,0.0120267577577755,0.0360802732733266
2024-05-16,-0.00393389790427594,-0.0118016937128278
2024-05-17,0.00663334688944076,0.0199000406683223
2024-05-20,0.00151606793779168,0.00454820381337505
2024-05-21,0.000322288357921345,0.000966865073764036
2024-05-22,-0.00948078596836268,-0.028442357905088
2024-05-23,-0.0103681806813086,-0.0311045420439258
2024-05-24,0.00522846991853268,0.0156854097555981
2024-05-28,0.00291725023513891,0.00875175070541672
2024-05-29,-0.0104087839002703,-0.0312263517008109
2024-05-30,0.00159701703781328,0.00479105111343983
2024-05-31,0.00442787922167056,0.0132836376650117
2024-06-03,0.00335011346946298,0.0100503404083889
2024-06-04,-0.00331987233467003,-0.00995961700401008
2024-06-05,0.0110810506619853,0.0332431519859558
2024-06-06,0.00354075261532503,0.0106222578459751
2024-06-07,-0.0154083493124262,-0.0462250479372787
2024-06-10,0.00274282016760963,0.00822846050282888
2024-06-11,-0.00250679588100246,-0.00752038764300737
2024-06-12,0.0092042210755502,0.0276126632266506
2024-06-13,-0.00700163662957998,-0.0210049098887399
2024-06-14,-0.00166844184324939,-0.00500532552974816
2024-06-17,0.00412300389354601,0.012369011680638
2024-06-18,0.00382296601602337,0.0114688980480701
2024-06-20,0.00354068831815548,0.0106220649544664
2024-06-21,-0.0141844640704046,-0.0425533922112138
2024-06-24,0.00310641299422059,0.00931923898266177
2024-06-25,-0.000737504331083422,-0.00221251299325027
2024-06-26,-0.00534563577480901,-0.016036907324427
2024-06-27,0.00351800431017112,0.0105540129305134
2024-06-28,-0.00185513974861391,-0.00556541924584174
2024-07-01,0.00227924957399508,0.00683774872198524
2024-07-02,0.00395956769972556,0.0118787030991767
2024-07-03,0.00926693124736152,0.0278007937420846
2024-07-05,0.00712627726157406,0.0213788317847222
2024-07-08,-0.00239882209991677,-0.00719646629975031
2024-07-09,0.002119438175921,0.006358314527763
2024-07-10,0.00709956141064927,0.0212986842319478
2024-07-11,0.00221104873408196,0.00663314620224589
2024-07-12,0.0039426864802725,0.0118280594408175
2024-07-15,-0.00124172091809617,-0.0037251627542885
2024-07-16,0.00922530021135115,0.0276759006340534
2024-07-17,-0.0124505335220011,-0.0373516005660033
2024-07-18,-0.00790301182780086,-0.0237090354834026
2024-07-19,-0.0103172015885521,-0.0309516047656564
2024-07-22,0.0073187657985721,0.0219562973957163
2024-07-23,-0.00257934771537864,-0.00773804314613591
2024-07-24,-0.0155302433243214,-0.0465907299729641
2024-07-25,-0.00736360029348588,-0.0220908008804577
2024-07-26,0.0107479333104041,0.0322437999312124
2024-07-29,-0.00109371943790203,-0.00328115831370608
2024-07-30,-0.00126380366201882,-0.00379141098605647
2024-07-31,0.0184406044724446,0.0553218134173338
2024-08-01,-0.0121813770279897,-0.036544131083969
2024-08-02,-0.0126391803902514,-0.0379175411707542
2024-08-05,-0.0243260745191439,-0.0729782235574317
2024-08-06,0.00336340088385324,0.0100902026515597
2024-08-07,-0.00112726608476617,-0.0033817982542985
2024-08-08,0.0209372577108208,0.0628117731324624
2024-08-09,0.00419613352340946,0.0125884005702284
2024-08-12,0.00599455210552088,0.0179836563165626
2024-08-13,0.00983994197152528,0.0295198259145759
2024-08-14,-0.00257782426984844,-0.00773347280954531
2024-08-15,0.0114105691681763,0.0342317075045288
2024-08-16,0.0106928595017742,0.0320785785053227
2024-08-19,0.00648251959362627,0.0194475587808788
2024-08-20,-0.00201099608156364,-0.00603298824469093
2024-08-21,0.0022535402835066,0.00676062085051979
2024-08-22,-0.0103647388813484,-0.0310942166440451
2024-08-23,0.0127226971674593,0.038168091502378
2024-08-26,-0.00266892464840969,-0.00800677394522907
2024-08-27,0.00174597607242283,0.00523792821726848
2024-08-28,-0.00626523060317,-0.01879569180951
2024-08-29,0.00161701438636317,0.00485104315908952
2024-08-30,0.00264961669278949,0.00794885007836846
2024-09-03,-0.00710041098881408,-0.0213012329664422
2024-09-04,0.000354024394861365,0.0010620731845841
2024-09-05,0.000949818744225391,0.00284945623267617
2024-09-06,-0.00759404001337211,-0.0227821200401163
2024-09-09,0.00872766565374766,0.026182996961243
2024-09-10,0.0089983662946624,0.0269950988839872
2024-09-11,0.00168332351558579,0.00504997054675737
2024-09-12,0.009842848049387,0.029528544148161
2024-09-13,0.00793883400473698,0.0238165020142109
2024-09-16,0.00155936874332251,0.00467810622996753
2024-09-17,-0.00466856297962525,-0.0140056889388758
2024-09-18,-0.00489980738311315,-0.0146994221493394
2024-09-19,0.00951948284217759,0.0285584485265328
2024-09-20,0.00259585991924664,0.00778757975773993
2024-09-23,0.00527947324006398,0.0158384197201919
2024-09-24,0.00528394515870663,0.0158518354761199
2024-09-25,-0.00548105255067131,-0.0164431576520139
2024-09-26,-0.00131038040438404,-0.00393114121315211
2024-09-27,-0.00262695834687522,-0.00788087504062566
2024-09-30,0.0013405116959276,0.0040215350877828
2024-10-01,-0.00058168937320005,-0.00174506811960015
2024-10-02,-0.00171143053021954,-0.00513429159065863
2024-10-03,-0.0036968866696839,-0.0110906600090517
2024-10-04,-0.000425535901362925,-0.00127660770408878
2024-10-07,-0.00623588496174359,-0.0187076548852308
2024-10-08,0.000124530888582208,0.000373592665746625
2024-10-09,-4.54201837234932e-05,-0.00013626055117048
2024-10-10,-0.000142362080319741,-0.000427086240959224
2024-10-11,0.00925174709945213,0.0277552412983564
2024-10-14,0.00417283302433114,0.0125184990729934
2024-10-15,0.00354039041070079,0.0106211712321024
2024-10-16,0.00664242357015511,0.0199272707104653
2024-10-17,0.000128581427134536,0.000385744281403609
2024-10-18,0.00709810177359174,0.0212943053207752
2024-10-21,-0.00752456337107738,-0.0225736901132321
2024-10-22,0.00497970838006824,0.0149391251402047
2024-10-23,-0.00281777367759412,-0.00845332103278235
2024-10-24,0.00294063897908638,0.00882191693725914
2024-10-25,-0.00213885042747835,-0.00641655128243505
2024-10-28,0.00198802715886075,0.00596408147658226
2024-10-29,0.00181923197406651,0.00545769592219953
2024-10-30,0.00198927436255711,0.00596782308767133
2024-10-31,-0.0178267244523165,-0.0534801733569496
2024-11-01,-0.00343229729795794,-0.0102968918938738
2024-11-04,0.00337470547755466,0.010124116432664
2024-11-05,0.00928173829530621,0.0278452148859186
2024-11-06,-0.00974635932272937,-0.0292390779681881
2024-11-07,0.0113332847275986,0.0339998541827959
2024-11-08,0.00420357458826874,0.0126107237648062
2024-11-11,-0.00948747935532191,-0.0284624380659657
2024-11-12,-0.00793155067239523,-0.0237946520171857
2024-11-13,-0.000799623831912414,-0.00239887149573724
2024-11-14,-0.00584394224038102,-0.0175318267211431
2024-11-15,-0.00369698243434397,-0.0110909473030319
2024-11-18,0.0100921359022339,0.0302764077067018
2024-11-19,0.00582745199487659,0.0174823559846298
2024-11-20,0.000965636535693662,0.00289690960708099
2024-11-21,0.00690254284714903,0.0207076285414471
2024-11-22,0.00734996502001083,0.0220498950600325
2024-11-25,-0.00491934010809452,-0.0147580203242836
2024-11-26,0.00414780782153131,0.0124434234645939
2024-11-27,0.00185795662341124,0.00557386987023373
2024-11-29,0.00343327886814139,0.0102998366044242
2024-12-02,-0.00563595307278225,-0.0169078592183467
2024-12-03,-0.00127409401036628,-0.00382228203109885
2024-12-04,0.00299819493186781,0.00899458479560342
2024-12-05,-0.0032555389725412,-0.0097666169176236
2024-12-06,0.000674673024345777,0.00202401907303733
2024-12-09,0.000652868466789957,0.00195860540036987
2024-12-10,-0.0022341932689898,-0.00670257980696939
2024-12-11,0.00500690762429642,0.0150207228728893
2024-12-12,-0.00646372231104361,-0.0193911669331308
2024-12-13,-0.00411575753308358,-0.0123472725992507
2024-12-16,0.00159163881200739,0.00477491643602218
2024-12-17,-0.00646563408762994,-0.0193969022628898
2024-12-18,-0.0297595667031045,-0.0892787001093135
2024-12-19,-0.00369685519727998,-0.0110905655918399
2024-12-20,0.0117066274363767,0.0351198823091301
2024-12-23,0.0022045058810137,0.0066135176430411
2024-12-24,0.00742969741073866,0.022289092232216
2024-12-26,0.00251242654888345,0.00753727964665034
2024-12-27,-0.00898551554723375,-0.0269565466417012
2024-12-30,-0.00769201048713317,-0.0230760314613995
2024-12-31,0.00289897122697188,0.00869691368091564
2025-01-02,0.000453577337136876,0.00136073201141063
2025-01-03,0.00644221273629642,0.0193266382088892
2025-01-06,-0.00251800032617529,-0.00755400097852587
2025-01-07,-0.00460421923321198,-0.0138126576996359
2025-01-08,0.00344540389307251,0.0103362116792175
2025-01-10,-0.00972785494101544,-0.0291835648230463
2025-01-13,0.00110615757779867,0.00331847273339602
2025-01-14,0.00429982278974989,0.0128994683692497
2025-01-15,0.00989306220775675,0.0296791866232703
2025-01-16,0.00756206068512138,0.0226861820553641
2025-01-17,0.00218181775025445,0.00654545325076335
2025-01-21,0.0134355540522059,0.0403066621566176
2025-01-22,-0.00108481615457172,-0.00325444846371517
2025-01-23,0.00371242354680572,0.0111372706404171
2025-01-24,0.00177795064456318,0.00533385193368955
2025-01-27,-0.00664979899139021,-0.0199493969741706
2025-01-28,0.00263942296679071,0.00791826890037214
2025-01-29,-0.00665480346274739,-0.0199644103882422
2025-01-30,0.0105258005299226,0.0315774015897678
2025-01-31,-0.0021843645047736,-0.00655309351432079
2025-02-03,-0.00228150155303434,-0.00684450465910303
2025-02-04,0.0112248220462281,0.0336744661386844
2025-02-05,0.00292260521193374,0.00876781563580123
2025-02-06,0.00134686019429506,0.00404058058288519
2025-02-07,-0.00254492338894632,-0.00763477016683897
2025-02-10,0.012215386672769,0.036646160018307
2025-02-11,-0.00229885329981957,-0.00689655989945871
2025-02-12,0.000991745036664644,0.00297523510999393
2025-02-13,0.00906022058001816,0.0271806617400545
2025-02-14,-0.00340668185815734,-0.010220045574472
2025-02-18,0.0091315572957664,0.0273946718872992
2025-02-19,0.000507235706809834,0.0015217071204295
2025-02-20,0.00157516575606187,0.00472549726818561
2025-02-21,-0.00672220378242748,-0.0201666113472824
2025-02-24,-0.00394416782549672,-0.0118325034764901
2025-02-25,-0.00643485319947182,-0.0193045595984155
2025-02-26,0.00368882037296413,0.0110664611188924
2025-02-27,-0.0167252738403966,-0.0501758215211897
2025-02-28,-0.00141170121747371,-0.00423510365242113
2025-03-03,-0.00351439007425657,-0.0105431702227697
2025-03-04,0.00169035541461623,0.00507106624384868
2025-03-05,0.0130259482700083,0.039077844810025
2025-03-06,-0.00970308863445312,-0.0291092659033594
2025-03-07,0.00352196396298829,0.0105658918889649
2025-03-10,-0.0191456258682394,-0.0574368776047183
2025-03-11,0.0039823839218432,0.0119471517655296
2025-03-12,0.00500026855523063,0.0150008056656919
2025-03-13,0.000966859756393921,0.00290057926918176
2025-03-14,0.0123893336835493,0.0371680010506479
2025-03-17,0.00954741136080156,0.0286422340824047
2025-03-18,-0.000741615153198801,-0.0022248454595964
2025-03-19,0.0059125734740481,0.0177377204221443
2025-03-20,-0.00413574226149209,-0.0124072267844763
2025-03-21,-0.00532985909173349,-0.0159895772752005
2025-03-24,0.00566698214600335,0.0170009464380101
2025-03-25,0.00161857086458624,0.00485571259375872
2025-03-26,-0.00607976828283458,-0.0182393048485037
2025-03-27,0.00555153711466249,0.0166546113439875
2025-03-28,-0.00938933879281507,-0.0281680163784452
2025-03-31,0.00717517541568838,0.0215255262470651
2025-04-01,1.6998412264001e-12,5.0995236792003e-12
2025-04-02,6.37593813022108e-11,1.91278143906632e-10
2025-04-03,-2.3389594361992e-10,-7.0168783085976e-10
2025-04-04,-1.02181971047631e-09,-3.06545913142892e-09
2025-04-07,-6.22478009474033e-10,-1.8674340284221e-09
2025-04-08,2.87394384721145e-11,8.62183154163434e-11
2025-04-09,1.29893015289763e-09,3.89679045869288e-09
2025-04-10,1.89973899056055e-10,5.69921697168166e-10
2025-04-11,5.45910343353203e-10,1.63773103005961e-09
2025-04-14,3.80450567291151e-12,1.14135170187345e-11
2025-04-15,1.79220668495053e-10,5.37662005485159e-10
2025-04-16,3.98079705510186e-10,1.19423911653056e-09
2025-04-17,5.30386266375662e-11,1.59115879912699e-10
2025-04-21,3.47528972354409e-10,1.04258691706323e-09
2025-04-22,2.94830120706506e-11,8.84490362119517e-11
2025-04-23,-2.87139448562635e-10,-8.61418345687904e-10
2025-04-24,3.37988715246367e-10,1.0139661457391e-09
2025-04-25,-1.01079146147772e-10,-3.03237438443316e-10
2025-04-28,2.63259387468196e-10,7.89778162404587e-10
2025-04-29,-1.08694441696551e-10,-3.26083325089654e-10
2025-04-30,-1.10501204202641e-10,-3.31503612607923e-10
2025-05-01,-0.0136454187838597,-0.0409362563515792
2025-05-02,0.00974714878947256,0.0292414463684177
2025-05-05,0.0180548055372668,0.0541644166118003
2025-05-06,0.0153568749368027,0.0460706248104081
2025-05-07,-0.0100127716278722,-0.0300383148836167
2025-05-08,-0.0130508088777722,-0.0391524266333167
2025-05-09,0.00700735589105643,0.0210220676731693
2025-05-12,-0.0156194408698976,-0.0468583226096928
2025-05-13,0.00416846956644972,0.0125054086993492
2025-05-14,-0.0132684542546555,-0.0398053627639665
2025-05-15,0.0134725350504385,0.0404176051513156
2025-05-16,-0.0060880538101812,-0.0182641614305436
2025-05-19,0.012881105768066,0.0386433173041981
2025-05-20,0.013624227537984,0.0408726826139519
2025-05-21,0.00216429222234714,0.00649287666704142
2025-05-22,-0.00573343211527406,-0.0172002963458222
2025-05-23,0.0121809725941149,0.0365429177823448
2025-05-27,-0.00497901505203474,-0.0149370451561042
2025-05-28,-0.00535873082352941,-0.0160761924705882
2025-05-29,0.00558755797763608,0.0167626739329082
2025-05-30,-0.00352870637633982,-0.0105861191290195
2025-06-02,0.0155409170879646,0.0466227512638938
2025-06-03,-0.00524341548489775,-0.0157302464546933
2025-06-04,0.00835902907798394,0.0250770872339518
2025-06-05,-5.24933347539586e-05,-0.000157480004261876
2025-06-06,-0.00342415291735933,-0.010272458752078
2025-06-09,0.004499648323167,0.013498944969501
2025-06-10,0.00243164012296934,0.00729492036890803
2025-06-11,0.0030770636646631,0.00923119099398929
2025-06-12,0.00812819915198813,0.0243845974559644
2025-06-13,-0.004365157084254,-0.013095471252762
2025-06-16,-0.00368648211731232,-0.011059446351937
2025-06-17,-0.00820113975879196,-0.0246034192763759
2025-06-18,-0.00236261285884082,-0.00708783857652247
2025-06-20,-0.00806103177434361,-0.0241830953230308
2025-06-23,0.00634375470397529,0.0190312641119259
2025-06-24,0.00590038395140025,0.0177011518542007
2025-06-25,-0.000387708327099779,-0.00116312498129934
2025-06-26,0.00419980282799396,0.0125994084839819
2025-06-27,-0.00553435283474283,-0.0166030585042285
2025-06-30,0.00634119166124829,0.0190235749837449
2025-07-01,0.00340842789127785,0.0102252836738336
2025-07-02,0.00416946921707022,0.0125084076512107
2025-07-03,-0.000417796786926708,-0.00125339036078012
2025-07-07,-0.0074905550202893,-0.0224716650608679
2025-07-08,0.00287088656232283,0.00861265968696848
2025-07-09,0.00411956138099604,0.0123586841429881
2025-07-10,0.00154125317789147,0.00462375953367441
2025-07-11,-0.00266376949632945,-0.00799130848898835
2025-07-14,-0.00066483281650057,-0.00199449844950171
2025-07-15,-0.00271550694445577,-0.00814652083336732
2025-07-16,0.00468807440044659,0.0140642232013398
2025-07-17,0.00180725123977292,0.00542175371931875
2025-07-18,-0.000518767646133007,-0.00155630293839902
2025-07-21,0.00827827703925431,0.0248348311177629
2025-07-22,0.0049780936327416,0.0149342808982248
2025-07-23,0.007609621025924,0.022828863077772
2025-07-24,-0.00760754523233162,-0.0228226356969949
2025-07-25,-0.00285245000911588,-0.00855735002734763
2025-07-28,-0.0107260784588867,-0.0321782353766601
2025-07-29,0.000387758833555551,0.00116327650066665
2025-07-30,-0.0113378524109939,-0.0340135572329818
2025-07-31,-0.00428352032874494,-0.0128505609862348
2025-08-01,0.00313855350833832,0.00941566052501497
2025-08-04,0.00908571852170461,0.0272571555651138
2025-08-05,0.00161352012487776,0.00484056037463329
2025-08-06,0.00227166413161769,0.00681499239485308
2025-08-07,0.00901996411779497,0.0270598923533849
2025-08-08,0.000554458818129696,0.00166337645438909
2025-08-11,-0.00762109187272724,-0.0228632756181817
2025-08-12,0.00694075528756678,0.0208222658627003
2025-08-13,0.00746793849687503,0.0224038154906251
2025-08-14,-0.00610208278257364,-0.0183062483477209
2025-08-15,0.00140050135921938,0.00420150407765814
2025-08-18,0.00097148853635304,0.00291446560905912
2025-08-19,-0.00425325730732995,-0.0127597719219899
2025-08-20,0.00467249740192068,0.0140174922057621
2025-08-21,-0.00375635381491968,-0.011269061444759
2025-08-22,0.0155413451240704,0.0466240353722112
2025-08-25,-0.00714633606219271,-0.0214390081865781
2025-08-26,0.00124056061540262,0.00372168184620786
2025-08-27,-0.00220724062805819,-0.00662172188417457
2025-08-28,0.00470066727620542,0.0141020018286162
2025-08-29,0.000472215727106369,0.00141664718131911
2025-09-02,0.00507313730421847,0.0152194119126554
2025-09-03,0.00580390405376799,0.017411712161304
2025-09-04,0.000779684817391331,0.00233905445217399
2025-09-05,0.00680359705824433,0.020410791174733
2025-09-08,0.0073623063903773,0.0220869191711319
2025-09-09,0.00162004496760049,0.00486013490280147
2025-09-10,0.00422182317154928,0.0126654695146478
2025-09-11,0.00667043998240561,0.0200113199472168
2025-09-12,0.000390849515519471,0.00117254854655841
2025-09-15,0.00760577875548729,0.0228173362664619
2025-09-16,0.00221148012232297,0.00663444036696892
2025-09-17,-0.0019225604883481,-0.00576768146504431
2025-09-18,-0.000271346630003362,-0.000814039890010086
2025-09-19,0.0038439949479189,0.0115319848437567
2025-09-22,0.00909513590718073,0.0272854077215422
2025-09-23,-0.000513316274249516,-0.00153994882274855
2025-09-24,-0.00525421336783037,-0.0157626401034911
2025-09-25,-0.00193818150688355,-0.00581454452065066
2025-09-26,0.00363804327528314,0.0109141298258494
2025-09-29,0.00924705743611299,0.027741172308339
2025-09-30,0.00545517708279021,0.0163655312483706
2025-10-01,0.00406804944290974,0.0122041483287292
2025-10-02,0.000620386152476852,0.00186115845743056
2025-10-03,0.00346603682754535,0.0103981104826361
2025-10-06,0.00888041007073482,0.0266412302122045
2025-10-07,-0.00193190239896061,-0.00579570719688183
2025-10-08,0.00997917764271503,0.0299375329281451
2025-10-09,-0.0100870613893446,-0.0302611841680339
2025-10-10,-0.0176457222587769,-0.0529371667763307
2025-10-13,0.0221662442407645,0.0664987327222935
2025-10-14,-0.000674516482582314,-0.00202354944774694
2025-10-15,0.0120592684970647,0.0361778054911941
2025-10-16,0.00685993194755478,0.0205797958426643
2025-10-17,-0.0040149341953071,-0.0120448025859213
2025-10-20,0.0198496955877821,0.0595490867633463
2025-10-21,-0.0242262648564822,-0.0726787945694467
2025-10-22,-0.0022484853762233,-0.0067454561286699
2025-10-23,0.0061230559649827,0.0183691678949481
2025-10-24,0.00394106819777743,0.0118232045933323
2025-10-27,-0.00140731585259076,-0.00422194755777229
2025-10-28,-0.00141837536144859,-0.00425512608434578
2025-10-29,0.000570823362882637,0.00171247008864791
2025-10-30,-0.000767593176317985,-0.00230277952895395
2025-10-31,-0.00116843855422062,-0.00350531566266187
2025-11-03,0.00307545700035922,0.00922637100107767
2025-11-04,-0.0149782146871721,-0.0449346440615164
2025-11-05,0.00690563102505699,0.020716893075171
2025-11-06,-0.0075535454066077,-0.0226606362198231
2025-11-07,0.00114038731481928,0.00342116194445783
2025-11-10,0.0189523099170704,0.0568569297512113
2025-11-11,0.00235209218627107,0.00705627655881322
2025-11-12,0.00416690910023122,0.0125007273006937
2025-11-13,-0.0132210414676592,-0.0396631244029776
2025-11-14,-0.00423917885442134,-0.012717536563264
2025-11-17,-0.0105163061884972,-0.0315489185654916
2025-11-18,-0.00372034828056487,-0.0111610448416946
2025-11-19,0.00130999902649235,0.00392999707947705
2025-11-20,-0.0112625409031934,-0.0337876227095803
2025-11-21,0.00443538704211293,0.0133061611263388
2025-11-24,0.0138451984686538,0.0415355954059613
2025-11-25,0.00547948395236648,0.0164384518570994
2025-11-26,0.00725763536782837,0.0217729061034851
2025-11-28,0.00603113945958847,0.0180934183787654
2025-12-01,-0.000926761176920153,-0.00278028353076046
2025-12-02,-0.000777696600449186,-0.00233308980134756
2025-12-03,0.0014724243726751,0.00441727311802529
2025-12-04,0.00042713754015978,0.00128141262047934
2025-12-05,0.00267304641398354,0.00801913924195063
2025-12-08,-0.00265867210576307,-0.00797601631728921
2025-12-09,0.000467835661506644,0.00140350698451993
2025-12-10,0.00741234987028386,0.0222370496108516
2025-12-11,0.00237160511805316,0.00711481535415949
2025-12-12,-0.00674818572731617,-0.0202445571819485
2025-12-15,-0.0013193321489223,-0.0039579964467669
2025-12-16,-0.00737736346758645,-0.0221320904027593
2025-12-17,-0.00468977589013204,-0.0140693276703961
2025-12-18,0.00628675053389023,0.0188602516016707
2025-12-19,0.00592437906976563,0.0177731372092969
2025-12-22,0.010390166904087,0.0311705007122609
2025-12-23,0.0071486786220789,0.0214460358662367
2025-12-24,0.00105295401624802,0.00315886204874405
2025-12-26,0.00516615665653916,0.0154984699696175
2025-12-29,-0.0137264938606306,-0.0411794815818918
2025-12-30,0.000904570750239351,0.00271371225071805
2025-12-31,-0.00583511921447616,-0.0175053576434285
2026-01-02,0.011733071853774,0.035199215561322
2026-01-05,0.013608709063716,0.0408261271911481
2026-01-06,0.00779163983755312,0.0233749195126594
2026-01-07,-0.00645789629318399,-0.019373688879552
2026-01-08,0.00161200317999873,0.0048360095399962
2026-01-09,0.00614261479127769,0.0184278443738331
2026-01-12,0.0106144214328481,0.0318432642985444
2026-01-13,-0.00371318802155735,-0.011139564064672
2026-01-14,0.00241609954921418,0.00724829864764253
2026-01-15,0.00136666217820945,0.00409998653462836
2026-01-16,-0.00295920625270832,-0.00887761875812495
2026-01-20,-0.000556739771239785,-0.00167021931371935
2026-01-21,0.0141194894232247,0.042358468269674
2026-01-22,0.00969309652409634,0.029079289572289
2026-01-23,0.00612038500924804,0.0183611550277441
2026-01-26,0.00655203496700156,0.0196561049010047
2026-01-27,0.0151290583604101,0.0453871750812302
2026-01-28,0.0130435671497511,0.0391307014492534
2026-01-29,-0.00176279422546177,-0.00528838267638532
2026-01-30,-0.037229637414864,-0.111688912244592
2026-02-02,-0.00156582348367023,-0.00469747045101069
2026-02-03,0.0103607240274541,0.0310821720823622
2026-02-04,-0.00367760599291948,-0.0110328179787584
2026-02-05,-0.0130419960279452,-0.0391259880838355
2026-02-06,0.0236988161742939,0.0710964485228816
2026-02-09,0.0122662742138504,0.0367988226415511
2026-02-10,-0.00261790063401033,-0.007853701902031
2026-02-11,0.00824476103806154,0.0247342831141846
2026-02-12,-0.0134265874785562,-0.0402797624356687
2026-02-13,0.00520456685452891,0.0156137005635867
2026-02-17,-0.00340106293651265,-0.010203188809538
2026-02-18,0.00714554491580588,0.0214366347474176
2026-02-19,-0.00256181363571433,-0.00768544090714298
2026-02-20,0.0150815807100915,0.0452447421302744
2026-02-23,-0.00200431250477206,-0.00601293751431617
2026-02-24,0.00407804028789743,0.0122341208636923
2026-02-25,0.00745404102596772,0.0223621230779032
2026-02-26,-0.00192705785846766,-0.00578117357540298
2026-02-27,4.19364116235943e-05,0.000125809234870783
2026-03-02,-0.014538265455325,-0.043614796365975
2026-03-03,-0.0388695064020807,-0.116608519206242
2026-03-04,0.0106665159556134,0.0319995478668401
2026-03-05,-0.0201207451292033,-0.06036223538761
2026-03-06,-0.00295424255496259,-0.00886272766488776
2026-03-09,0.0084861691643439,0.0254585074930317
2026-03-10,0.00321924776317563,0.0096577432895269
2026-03-11,-0.000556386083686191,-0.00166915825105857
2026-03-12,-0.0210001353987526,-0.0630004061962579
2026-03-13,-0.00997868517920153,-0.0299360555376046
2026-03-16,0.0175586570789654,0.0526759712368963
2026-03-17,0.00396714673931109,0.0119014402179333
2026-03-18,-0.0216602171065668,-0.0649806513197005
2026-03-19,-0.00753300221983689,-0.0225990066595107
2026-03-20,-0.0339678499511437,-0.101903549853431
2026-03-23,0.018432155407643,0.055296466222929
2026-03-24,-0.00739153934660626,-0.0221746180398188
2026-03-25,0.0174652435165286,0.0523957305495858
2026-03-26,-0.0270518128427727,-0.0811554385283182
2026-03-27,-0.000715675796962843,-0.00214702739088853
2026-03-30,5.23045704039959e-05,0.000156913711211988
2026-03-31,0.0346538732383457,0.103961619715037
2026-04-01,0.0115236761014816,0.0345710283044448
2026-04-02,-0.0142904586564201,-0.0428713759692604
2026-04-06,0.00404412093678763,0.0121323628103629
2026-04-07,0.00591248924916106,0.0177374677474832
2026-04-08,0.0359077817639843,0.107723345291953
2026-04-09,0.00138948501022559,0.00416845503067676
2026-04-10,0.00215687949275743,0.00647063847827229
2026-04-13,0.00359292463572609,0.0107787739071783
2026-04-14,0.0203938805381916,0.0611816416145747
2026-04-15,-0.00442153070875834,-0.013264592126275
2026-04-16,0.00212902670138906,0.00638708010416717
2026-04-17,0.0168241796978241,0.0504725390934724
2026-04-20,-0.0077636499928651,-0.0232909499785953
2026-04-21,-0.019985664920991,-0.059956994762973
2026-04-22,0.0162527671819696,0.0487583015459089
2026-04-23,-0.0137128719414437,-0.041138615824331
2026-04-24,0.0156469185141143,0.046940755542343
2026-04-27,-0.00396420617622866,-0.011892618528686
2026-04-28,-0.0134463932122855,-0.0403391796368566
2026-04-29,-0.0070483071035076,-0.0211449213105228
2026-04-30,0.0185053659023951,0.0555160977071853
2026-05-01,-0.0010743634733983,-0.0032230904201949
2026-05-04,-0.00801846383084441,-0.0240553914925332
2026-05-05,0.00770402597295901,0.023112077918877
2026-05-06,0.0210988136058971,0.0632964408176914
2026-05-07,-0.00711709290991709,-0.0213512787297513
2026-05-08,0.0071061137472921,0.0213183412418763
2026-05-11,0.001791433765878,0.00537430129763399
2026-05-12,-0.0080051265189503,-0.0240153795568509
2026-05-13,-0.000760779137581026,-0.00228233741274308
2026-05-14,-0.00383075850832018,-0.0114922755249605
2026-05-15,-0.0220251308464811,-0.0660753925394433
2026-05-18,0.00732780440221445,0.0219834132066433
2026-05-19,-0.0039696393805208,-0.0119089181415624
2026-05-20,0.013616605170694,0.040849815512082
2026-05-21,0.0027154110175717,0.00814623305271511
2026-05-22,-0.0015913896457941,-0.00477416893738231
2026-05-26,0.0107402315099604,0.0322206945298813
2026-05-27,-0.00505251340247968,-0.015157540207439
2026-05-28,0.002106579497209,0.006319738491627
2026-05-29,-0.00142757983418059,-0.00428273950254177
2026-06-01,-0.00196328664313836,-0.00588985992941507
2026-06-02,0.003371392908263,0.010114178724789
2026-06-03,-0.00442892401145091,-0.0132867720343527
2026-06-04,0.00760106543149301,0.022803196294479
2026-06-05,-0.0193639966575405,-0.0580919899726214
2026-06-08,-0.00217447552111822,-0.00652342656335466
2026-06-09,0.00716229192044356,0.0214868757613307
2026-06-10,-0.00886629841175843,-0.0265988952352753
2026-06-11,0.0145658908772669,0.0436976726318007
2026-06-12,0.00717346534479473,0.0215203960343842
2026-06-15,0.00634039747855505,0.0190211924356651
2026-06-16,-0.00490664582548849,-0.0147199374764655
2026-06-17,-0.0144542410928182,-0.0433627232784545
2026-06-18,0.00758765277896036,0.0227629583368811
2026-06-22,0.00508340421661948,0.0152502126498584
2026-06-23,-0.0110380550767172,-0.0331141652301516
2026-06-24,-0.0016554864557992,-0.00496645936739759
2026-06-25,0.00301022382033989,0.00903067146101966
2026-06-26,0.000508010101379576,0.00152403030413873
2026-06-29,0.00525541554657515,0.0157662466397255
2026-06-30,-0.00216813095381114,-0.00650439286143342
2026-07-01,-0.00387304652197392,-0.0116191395659217
2026-07-02,0.00287589102406826,0.00862767307220478
2026-07-06,0.00392248615479158,0.0117674584643747
2026-07-07,0.000168799860738915,0.000506399582216745
2026-07-08,-0.00785019964684147,-0.0235505989405244
2026-07-09,0.00523219476093101,0.015696584282793
2026-07-10,0.00430238325951167,0.012907149778535
2026-07-13,-0.00552610079912941,-0.0165783023973882
2026-07-14,0.00280564079999377,0.0084169223999813
2026-07-15,0.000672544488996044,0.00201763346698813
2026-07-16,0.00399529839262764,0.0119858951778829
2026-07-17,-0.00632621654440069,-0.0189786496332021
2026-07-20,-0.00199480330539893,-0.00598440991619679
2026-07-21,0.00699488181261501,0.020984645437845
2026-07-22,-0.00264767617152241,-0.00794302851456723
2026-07-23,-0.00635055703893416,-0.0190516711168025
2026-07-24,0.00706272907658837,0.0211881872297651
2026-07-27,-0.00197786742348339,-0.00593360227045018
2026-07-28,-3.15294615073827e-05,-9.45883845221482e-05
2026-07-29,-0.00822897857953558,-0.0246869357386067
2026-07-30,0.00553783060832405,0.0166134918249722
2026-07-31,0.0013626451692883,0.00408793550786489
2026-08-03,0.00624205228610538,0.0187261568583162
2026-08-04,0.00992232922858071,0.0297669876857421
2026-08-05,-0.0021777640310557,-0.00653329209316709
2026-08-06,-0.00597251036296122,-0.0179175310888837
2026-08-07,0.00581997613336823,0.0174599284001047
2026-08-10,-0.0083098675214608,-0.0249296025643824
2026-08-11,-0.00401301595629189,-0.0120390478688757
2026-08-12,0.00813544672617577,0.0244063401785273
2026-08-13,0.00931999658682286,0.0279599897604686
2026-08-14,0.0009726139164476,0.0029178417493428
2026-08-17,-0.00394739604504084,-0.0118421881351225
2026-08-18,-0.00915361429022893,-0.0274608428706868
2026-08-19,0.00524293188105313,0.0157287956431594
2026-08-20,-0.000212701716761149,-0.000638105150283446
2026-08-21,0.0018477639078078,0.00554329172342339
2026-08-24,0.000120028390191375,0.000360085170574125
2026-08-25,0.00428324014165654,0.0128497204249696
2026-08-26,-0.00323706766857895,-0.00971120300573685
2026-08-27,-0.00147566168333688,-0.00442698505001063
2026-08-28,-0.00424333201165369,-0.0127299960349611
2026-08-31,-0.00464584589493889,-0.0139375376848167
2026-09-01,-0.00766354518262268,-0.022990635547868
2026-09-02,0.0039414285274208,0.0118242855822624
2026-09-03,0.00863894170344115,0.0259168251103234
2026-09-04,0.00181623274472606,0.00544869823417817
2026-09-08,-0.00432473401822918,-0.0129742020546876
2026-09-09,-0.00720929936869538,-0.0216278981060861
2026-09-10,-0.0100195670247205,-0.0300587010741615
2026-09-11,0.00853199381475988,0.0255959814442797
2026-09-14,-0.0104536114139246,-0.0313608342417739
2026-09-15,-0.00374739036774764,-0.0112421711032429
2026-09-16,-0.00341879687682543,-0.0102563906304763
2026-09-17,0.0113805618764571,0.0341416856293714
2026-09-18,-0.00543160214269014,-0.0162948064280704
2026-09-21,0.0160565940562693,0.0481697821688079
2026-09-22,-6.322279597808e-05,-0.00018966838793424
2026-09-23,-0.0115634798591403,-0.0346904395774208
