"Date","cash","UPRO","EURL","EDC","DRN","TYD","TMF","SHNY"
1996-02-01,,,,,,,,
1996-02-02,,,,,,,,
1996-02-05,,,,,,,,
1996-02-06,,,,,,,,
1996-02-07,,,,,,,,
1996-02-08,,,,,,,,
1996-02-09,,,,,,,,
1996-02-12,,,,,,,,
1996-02-13,,,,,,,,
1996-02-14,,,,,,,,
1996-02-15,,,,,,,,
1996-02-16,,,,,,,,
1996-02-21,,,,,,,,
1996-02-22,,,,,,,,
1996-02-23,,,,,,,,
1996-02-26,,,,,,,,
1996-02-27,,,,,,,,
1996-02-28,,,,,,,,
1996-02-29,,,,,,,,
1996-03-01,,,,,,,,
1996-03-04,,,,,,,,
1996-03-05,,,,,,,,
1996-03-06,,,,,,,,
1996-03-07,,,,,,,,
1996-03-08,,,,,,,,
1996-03-11,,,,,,,,
1996-03-12,,,,,,,,
1996-03-13,,,,,,,,
1996-03-14,,,,,,,,
1996-03-15,,,,,,,,
1996-03-18,,,,,,,,
1996-03-19,,,,,,,,
1996-03-20,,,,,,,,
1996-03-21,,,,,,,,
1996-03-22,,,,,,,,
1996-03-25,,,,,,,,
1996-03-26,,,,,,,,
1996-03-27,,,,,,,,
1996-03-28,,,,,,,,
1996-03-29,,,,,,,,
1996-04-01,,,,,,,,
1996-04-02,,,,,,,,
1996-04-03,,,,,,,,
1996-04-04,,,,,,,,
1996-04-09,,,,,,,,
1996-04-10,,,,,,,,
1996-04-11,,,,,,,,
1996-04-12,,,,,,,,
1996-04-15,,,,,,,,
1996-04-16,,,,,,,,
1996-04-17,,,,,,,,
1996-04-18,,,,,,,,
1996-04-19,,,,,,,,
1996-04-22,,,,,,,,
1996-04-23,,,,,,,,
1996-04-24,,,,,,,,
1996-04-25,,,,,,,,
1996-04-26,,,,,,,,
1996-04-29,,,,,,,,
1996-04-30,,,,,,,,
1996-05-01,,,,,,,,
1996-05-02,,,,,,,,
1996-05-03,,,,,,,,
1996-05-06,,,,,,,,
1996-05-07,,,,,,,,
1996-05-08,,,,,,,,
1996-05-09,,,,,,,,
1996-05-10,,,,,,,,
1996-05-13,,,,,,,,
1996-05-14,,,,,,,,
1996-05-15,,,,,,,,
1996-05-16,,,,,,,,
1996-05-17,,,,,,,,
1996-05-20,,,,,,,,
1996-05-21,,,,,,,,
1996-05-22,,,,,,,,
1996-05-23,,,,,,,,
1996-05-24,,,,,,,,
1996-05-28,,,,,,,,
1996-05-29,,,,,,,,
1996-05-30,,,,,,,,
1996-05-31,,,,,,,,
1996-06-03,,,,,,,,
1996-06-04,,,,,,,,
1996-06-05,,,,,,,,
1996-06-06,,,,,,,,
1996-06-07,,,,,,,,
1996-06-10,,,,,,,,
1996-06-11,,,,,,,,
1996-06-12,,,,,,,,
1996-06-13,,,,,,,,
1996-06-14,,,,,,,,
1996-06-17,,,,,,,,
1996-06-18,,,,,,,,
1996-06-19,,,,,,,,
1996-06-20,,,,,,,,
1996-06-21,,,,,,,,
1996-06-24,,,,,,,,
1996-06-25,,,,,,,,
1996-06-26,,,,,,,,
1996-06-27,,,,,,,,
1996-06-28,,,,,,,,
1996-07-01,,,,,,,,
1996-07-02,,,,,,,,
1996-07-03,,,,,,,,
1996-07-05,,,,,,,,
1996-07-08,,,,,,,,
1996-07-09,,,,,,,,
1996-07-10,,,,,,,,
1996-07-11,,,,,,,,
1996-07-12,,,,,,,,
1996-07-15,,,,,,,,
1996-07-16,,,,,,,,
1996-07-17,,,,,,,,
1996-07-18,,,,,,,,
1996-07-19,,,,,,,,
1996-07-22,,,,,,,,
1996-07-23,,,,,,,,
1996-07-24,,,,,,,,
1996-07-25,,,,,,,,
1996-07-26,,,,,,,,
1996-07-29,,,,,,,,
1996-07-30,,,,,,,,
1996-07-31,,,,,,,,
1996-08-01,0,0.2164826505538,0.325466234073086,0,0.458051115373114,0,0,0
1996-08-02,0,0.2164826505538,0.325466234073086,0,0.458051115373114,0,0,0
1996-08-05,0,0.2164826505538,0.325466234073086,0,0.458051115373114,0,0,0
1996-08-06,0,0.2164826505538,0.325466234073086,0,0.458051115373114,0,0,0
1996-08-07,0,0.2164826505538,0.325466234073086,0,0.458051115373114,0,0,0
1996-08-08,0,0.2164826505538,0.325466234073086,0,0.458051115373114,0,0,0
1996-08-09,0,0.2164826505538,0.325466234073086,0,0.458051115373114,0,0,0
1996-08-12,0,0.2164826505538,0.325466234073086,0,0.458051115373114,0,0,0
1996-08-13,0,0.2164826505538,0.325466234073086,0,0.458051115373114,0,0,0
1996-08-14,0,0.2164826505538,0.325466234073086,0,0.458051115373114,0,0,0
1996-08-15,0,0.2164826505538,0.325466234073086,0,0.458051115373114,0,0,0
1996-08-16,0,0.2164826505538,0.325466234073086,0,0.458051115373114,0,0,0
1996-08-19,0,0.2164826505538,0.325466234073086,0,0.458051115373114,0,0,0
1996-08-20,0,0.2164826505538,0.325466234073086,0,0.458051115373114,0,0,0
1996-08-21,0,0.2164826505538,0.325466234073086,0,0.458051115373114,0,0,0
1996-08-22,0,0.2164826505538,0.325466234073086,0,0.458051115373114,0,0,0
1996-08-23,0,0.2164826505538,0.325466234073086,0,0.458051115373114,0,0,0
1996-08-26,0,0.2164826505538,0.325466234073086,0,0.458051115373114,0,0,0
1996-08-27,0,0.2164826505538,0.325466234073086,0,0.458051115373114,0,0,0
1996-08-28,0,0.2164826505538,0.325466234073086,0,0.458051115373114,0,0,0
1996-08-29,0,0.2164826505538,0.325466234073086,0,0.458051115373114,0,0,0
1996-08-30,0,0.2164826505538,0.325466234073086,0,0.458051115373114,0,0,0
1996-09-03,0,0.189961121304675,0.347574441536927,0,0.462464437158398,0,0,0
1996-09-04,0,0.189961121304675,0.347574441536927,0,0.462464437158398,0,0,0
1996-09-05,0,0.189961121304675,0.347574441536927,0,0.462464437158398,0,0,0
1996-09-06,0,0.189961121304675,0.347574441536927,0,0.462464437158398,0,0,0
1996-09-09,0,0.189961121304675,0.347574441536927,0,0.462464437158398,0,0,0
1996-09-10,0,0.189961121304675,0.347574441536927,0,0.462464437158398,0,0,0
1996-09-11,0,0.189961121304675,0.347574441536927,0,0.462464437158398,0,0,0
1996-09-12,0,0.189961121304675,0.347574441536927,0,0.462464437158398,0,0,0
1996-09-13,0,0.189961121304675,0.347574441536927,0,0.462464437158398,0,0,0
1996-09-16,0,0.189961121304675,0.347574441536927,0,0.462464437158398,0,0,0
1996-09-17,0,0.189961121304675,0.347574441536927,0,0.462464437158398,0,0,0
1996-09-18,0,0.189961121304675,0.347574441536927,0,0.462464437158398,0,0,0
1996-09-19,0,0.189961121304675,0.347574441536927,0,0.462464437158398,0,0,0
1996-09-20,0,0.189961121304675,0.347574441536927,0,0.462464437158398,0,0,0
1996-09-23,0,0.189961121304675,0.347574441536927,0,0.462464437158398,0,0,0
1996-09-24,0,0.189961121304675,0.347574441536927,0,0.462464437158398,0,0,0
1996-09-25,0,0.189961121304675,0.347574441536927,0,0.462464437158398,0,0,0
1996-09-26,0,0.189961121304675,0.347574441536927,0,0.462464437158398,0,0,0
1996-09-27,0,0.189961121304675,0.347574441536927,0,0.462464437158398,0,0,0
1996-09-30,0,0.189961121304675,0.347574441536927,0,0.462464437158398,0,0,0
1996-10-01,0,0.207714212351379,0.348644134916241,0,0.44364165273238,0,0,0
1996-10-02,0,0.207714212351379,0.348644134916241,0,0.44364165273238,0,0,0
1996-10-03,0,0.207714212351379,0.348644134916241,0,0.44364165273238,0,0,0
1996-10-04,0,0.207714212351379,0.348644134916241,0,0.44364165273238,0,0,0
1996-10-07,0,0.207714212351379,0.348644134916241,0,0.44364165273238,0,0,0
1996-10-08,0,0.207714212351379,0.348644134916241,0,0.44364165273238,0,0,0
1996-10-09,0,0.207714212351379,0.348644134916241,0,0.44364165273238,0,0,0
1996-10-10,0,0.207714212351379,0.348644134916241,0,0.44364165273238,0,0,0
1996-10-11,0,0.207714212351379,0.348644134916241,0,0.44364165273238,0,0,0
1996-10-14,0,0.207714212351379,0.348644134916241,0,0.44364165273238,0,0,0
1996-10-15,0,0.207714212351379,0.348644134916241,0,0.44364165273238,0,0,0
1996-10-16,0,0.207714212351379,0.348644134916241,0,0.44364165273238,0,0,0
1996-10-17,0,0.207714212351379,0.348644134916241,0,0.44364165273238,0,0,0
1996-10-18,0,0.207714212351379,0.348644134916241,0,0.44364165273238,0,0,0
1996-10-21,0,0.207714212351379,0.348644134916241,0,0.44364165273238,0,0,0
1996-10-22,0,0.207714212351379,0.348644134916241,0,0.44364165273238,0,0,0
1996-10-23,0,0.207714212351379,0.348644134916241,0,0.44364165273238,0,0,0
1996-10-24,0,0.207714212351379,0.348644134916241,0,0.44364165273238,0,0,0
1996-10-25,0,0.207714212351379,0.348644134916241,0,0.44364165273238,0,0,0
1996-10-28,0,0.207714212351379,0.348644134916241,0,0.44364165273238,0,0,0
1996-10-29,0,0.207714212351379,0.348644134916241,0,0.44364165273238,0,0,0
1996-10-30,0,0.207714212351379,0.348644134916241,0,0.44364165273238,0,0,0
1996-10-31,0,0.207714212351379,0.348644134916241,0,0.44364165273238,0,0,0
1996-11-01,0,0,0.332928638148283,0,0.446706169411634,0,0.220365192440082,0
1996-11-04,0,0,0.332928638148283,0,0.446706169411634,0,0.220365192440082,0
1996-11-05,0,0,0.332928638148283,0,0.446706169411634,0,0.220365192440082,0
1996-11-06,0,0,0.332928638148283,0,0.446706169411634,0,0.220365192440082,0
1996-11-07,0,0,0.332928638148283,0,0.446706169411634,0,0.220365192440082,0
1996-11-08,0,0,0.332928638148283,0,0.446706169411634,0,0.220365192440082,0
1996-11-11,0,0,0.332928638148283,0,0.446706169411634,0,0.220365192440082,0
1996-11-12,0,0,0.332928638148283,0,0.446706169411634,0,0.220365192440082,0
1996-11-13,0,0,0.332928638148283,0,0.446706169411634,0,0.220365192440082,0
1996-11-14,0,0,0.332928638148283,0,0.446706169411634,0,0.220365192440082,0
1996-11-15,0,0,0.332928638148283,0,0.446706169411634,0,0.220365192440082,0
1996-11-18,0,0,0.332928638148283,0,0.446706169411634,0,0.220365192440082,0
1996-11-19,0,0,0.332928638148283,0,0.446706169411634,0,0.220365192440082,0
1996-11-20,0,0,0.332928638148283,0,0.446706169411634,0,0.220365192440082,0
1996-11-21,0,0,0.332928638148283,0,0.446706169411634,0,0.220365192440082,0
1996-11-22,0,0,0.332928638148283,0,0.446706169411634,0,0.220365192440082,0
1996-11-25,0,0,0.332928638148283,0,0.446706169411634,0,0.220365192440082,0
1996-11-26,0,0,0.332928638148283,0,0.446706169411634,0,0.220365192440082,0
1996-11-27,0,0,0.332928638148283,0,0.446706169411634,0,0.220365192440082,0
1996-11-29,0,0,0.332928638148283,0,0.446706169411634,0,0.220365192440082,0
1996-12-02,0,0,0.345853658611612,0,0.389305876657553,0,0.264840464730835,0
1996-12-03,0,0,0.345853658611612,0,0.389305876657553,0,0.264840464730835,0
1996-12-04,0,0,0.345853658611612,0,0.389305876657553,0,0.264840464730835,0
1996-12-05,0,0,0.345853658611612,0,0.389305876657553,0,0.264840464730835,0
1996-12-06,0,0,0.345853658611612,0,0.389305876657553,0,0.264840464730835,0
1996-12-09,0,0,0.345853658611612,0,0.389305876657553,0,0.264840464730835,0
1996-12-10,0,0,0.345853658611612,0,0.389305876657553,0,0.264840464730835,0
1996-12-11,0,0,0.345853658611612,0,0.389305876657553,0,0.264840464730835,0
1996-12-12,0,0,0.345853658611612,0,0.389305876657553,0,0.264840464730835,0
1996-12-13,0,0,0.345853658611612,0,0.389305876657553,0,0.264840464730835,0
1996-12-16,0,0,0.345853658611612,0,0.389305876657553,0,0.264840464730835,0
1996-12-17,0,0,0.345853658611612,0,0.389305876657553,0,0.264840464730835,0
1996-12-18,0,0,0.345853658611612,0,0.389305876657553,0,0.264840464730835,0
1996-12-19,0,0,0.345853658611612,0,0.389305876657553,0,0.264840464730835,0
1996-12-20,0,0,0.345853658611612,0,0.389305876657553,0,0.264840464730835,0
1996-12-23,0,0,0.345853658611612,0,0.389305876657553,0,0.264840464730835,0
1996-12-24,0,0,0.345853658611612,0,0.389305876657553,0,0.264840464730835,0
1996-12-26,0,0,0.345853658611612,0,0.389305876657553,0,0.264840464730835,0
1996-12-27,0,0,0.345853658611612,0,0.389305876657553,0,0.264840464730835,0
1996-12-30,0,0,0.345853658611612,0,0.389305876657553,0,0.264840464730835,0
1996-12-31,0,0,0.345853658611612,0,0.389305876657553,0,0.264840464730835,0
1997-01-02,0,0.258315395549724,0.371826945259437,0,0.369857659190839,0,0,0
1997-01-03,0,0.258315395549724,0.371826945259437,0,0.369857659190839,0,0,0
1997-01-06,0,0.258315395549724,0.371826945259437,0,0.369857659190839,0,0,0
1997-01-07,0,0.258315395549724,0.371826945259437,0,0.369857659190839,0,0,0
1997-01-08,0,0.258315395549724,0.371826945259437,0,0.369857659190839,0,0,0
1997-01-09,0,0.258315395549724,0.371826945259437,0,0.369857659190839,0,0,0
1997-01-10,0,0.258315395549724,0.371826945259437,0,0.369857659190839,0,0,0
1997-01-13,0,0.258315395549724,0.371826945259437,0,0.369857659190839,0,0,0
1997-01-14,0,0.258315395549724,0.371826945259437,0,0.369857659190839,0,0,0
1997-01-15,0,0.258315395549724,0.371826945259437,0,0.369857659190839,0,0,0
1997-01-16,0,0.258315395549724,0.371826945259437,0,0.369857659190839,0,0,0
1997-01-17,0,0.258315395549724,0.371826945259437,0,0.369857659190839,0,0,0
1997-01-20,0,0.258315395549724,0.371826945259437,0,0.369857659190839,0,0,0
1997-01-21,0,0.258315395549724,0.371826945259437,0,0.369857659190839,0,0,0
1997-01-22,0,0.258315395549724,0.371826945259437,0,0.369857659190839,0,0,0
1997-01-23,0,0.258315395549724,0.371826945259437,0,0.369857659190839,0,0,0
1997-01-24,0,0.258315395549724,0.371826945259437,0,0.369857659190839,0,0,0
1997-01-27,0,0.258315395549724,0.371826945259437,0,0.369857659190839,0,0,0
1997-01-28,0,0.258315395549724,0.371826945259437,0,0.369857659190839,0,0,0
1997-01-29,0,0.258315395549724,0.371826945259437,0,0.369857659190839,0,0,0
1997-01-30,0,0.258315395549724,0.371826945259437,0,0.369857659190839,0,0,0
1997-01-31,0,0.258315395549724,0.371826945259437,0,0.369857659190839,0,0,0
1997-02-03,0,0.317047223046669,0.353106356742851,0,0.329846420210481,0,0,0
1997-02-04,0,0.317047223046669,0.353106356742851,0,0.329846420210481,0,0,0
1997-02-05,0,0.317047223046669,0.353106356742851,0,0.329846420210481,0,0,0
1997-02-06,0,0.317047223046669,0.353106356742851,0,0.329846420210481,0,0,0
1997-02-07,0,0.317047223046669,0.353106356742851,0,0.329846420210481,0,0,0
1997-02-10,0,0.317047223046669,0.353106356742851,0,0.329846420210481,0,0,0
1997-02-11,0,0.317047223046669,0.353106356742851,0,0.329846420210481,0,0,0
1997-02-12,0,0.317047223046669,0.353106356742851,0,0.329846420210481,0,0,0
1997-02-13,0,0.317047223046669,0.353106356742851,0,0.329846420210481,0,0,0
1997-02-14,0,0.317047223046669,0.353106356742851,0,0.329846420210481,0,0,0
1997-02-18,0,0.317047223046669,0.353106356742851,0,0.329846420210481,0,0,0
1997-02-19,0,0.317047223046669,0.353106356742851,0,0.329846420210481,0,0,0
1997-02-20,0,0.317047223046669,0.353106356742851,0,0.329846420210481,0,0,0
1997-02-21,0,0.317047223046669,0.353106356742851,0,0.329846420210481,0,0,0
1997-02-24,0,0.317047223046669,0.353106356742851,0,0.329846420210481,0,0,0
1997-02-25,0,0.317047223046669,0.353106356742851,0,0.329846420210481,0,0,0
1997-02-26,0,0.317047223046669,0.353106356742851,0,0.329846420210481,0,0,0
1997-02-27,0,0.317047223046669,0.353106356742851,0,0.329846420210481,0,0,0
1997-02-28,0,0.317047223046669,0.353106356742851,0,0.329846420210481,0,0,0
1997-03-03,0,0.25684620423865,0,0.388807192289099,0.354346603472251,0,0,0
1997-03-04,0,0.25684620423865,0,0.388807192289099,0.354346603472251,0,0,0
1997-03-05,0,0.25684620423865,0,0.388807192289099,0.354346603472251,0,0,0
1997-03-06,0,0.25684620423865,0,0.388807192289099,0.354346603472251,0,0,0
1997-03-07,0,0.25684620423865,0,0.388807192289099,0.354346603472251,0,0,0
1997-03-10,0,0.25684620423865,0,0.388807192289099,0.354346603472251,0,0,0
1997-03-11,0,0.25684620423865,0,0.388807192289099,0.354346603472251,0,0,0
1997-03-12,0,0.25684620423865,0,0.388807192289099,0.354346603472251,0,0,0
1997-03-13,0,0.25684620423865,0,0.388807192289099,0.354346603472251,0,0,0
1997-03-14,0,0.25684620423865,0,0.388807192289099,0.354346603472251,0,0,0
1997-03-17,0,0.25684620423865,0,0.388807192289099,0.354346603472251,0,0,0
1997-03-18,0,0.25684620423865,0,0.388807192289099,0.354346603472251,0,0,0
1997-03-19,0,0.25684620423865,0,0.388807192289099,0.354346603472251,0,0,0
1997-03-20,0,0.25684620423865,0,0.388807192289099,0.354346603472251,0,0,0
1997-03-21,0,0.25684620423865,0,0.388807192289099,0.354346603472251,0,0,0
1997-03-24,0,0.25684620423865,0,0.388807192289099,0.354346603472251,0,0,0
1997-03-25,0,0.25684620423865,0,0.388807192289099,0.354346603472251,0,0,0
1997-03-26,0,0.25684620423865,0,0.388807192289099,0.354346603472251,0,0,0
1997-03-27,0,0.25684620423865,0,0.388807192289099,0.354346603472251,0,0,0
1997-03-31,0,0.25684620423865,0,0.388807192289099,0.354346603472251,0,0,0
1997-04-01,0,0,0.259704569253537,0.376290663590674,0.36400476715579,0,0,0
1997-04-02,0,0,0.259704569253537,0.376290663590674,0.36400476715579,0,0,0
1997-04-03,0,0,0.259704569253537,0.376290663590674,0.36400476715579,0,0,0
1997-04-04,0,0,0.259704569253537,0.376290663590674,0.36400476715579,0,0,0
1997-04-07,0,0,0.259704569253537,0.376290663590674,0.36400476715579,0,0,0
1997-04-08,0,0,0.259704569253537,0.376290663590674,0.36400476715579,0,0,0
1997-04-09,0,0,0.259704569253537,0.376290663590674,0.36400476715579,0,0,0
1997-04-10,0,0,0.259704569253537,0.376290663590674,0.36400476715579,0,0,0
1997-04-11,0,0,0.259704569253537,0.376290663590674,0.36400476715579,0,0,0
1997-04-14,0,0,0.259704569253537,0.376290663590674,0.36400476715579,0,0,0
1997-04-15,0,0,0.259704569253537,0.376290663590674,0.36400476715579,0,0,0
1997-04-16,0,0,0.259704569253537,0.376290663590674,0.36400476715579,0,0,0
1997-04-17,0,0,0.259704569253537,0.376290663590674,0.36400476715579,0,0,0
1997-04-18,0,0,0.259704569253537,0.376290663590674,0.36400476715579,0,0,0
1997-04-21,0,0,0.259704569253537,0.376290663590674,0.36400476715579,0,0,0
1997-04-22,0,0,0.259704569253537,0.376290663590674,0.36400476715579,0,0,0
1997-04-23,0,0,0.259704569253537,0.376290663590674,0.36400476715579,0,0,0
1997-04-24,0,0,0.259704569253537,0.376290663590674,0.36400476715579,0,0,0
1997-04-25,0,0,0.259704569253537,0.376290663590674,0.36400476715579,0,0,0
1997-04-28,0,0,0.259704569253537,0.376290663590674,0.36400476715579,0,0,0
1997-04-29,0,0,0.259704569253537,0.376290663590674,0.36400476715579,0,0,0
1997-04-30,0,0,0.259704569253537,0.376290663590674,0.36400476715579,0,0,0
1997-05-01,0,0.26039011280928,0.344101821212686,0,0.395508065978034,0,0,0
1997-05-02,0,0.26039011280928,0.344101821212686,0,0.395508065978034,0,0,0
1997-05-05,0,0.26039011280928,0.344101821212686,0,0.395508065978034,0,0,0
1997-05-06,0,0.26039011280928,0.344101821212686,0,0.395508065978034,0,0,0
1997-05-07,0,0.26039011280928,0.344101821212686,0,0.395508065978034,0,0,0
1997-05-08,0,0.26039011280928,0.344101821212686,0,0.395508065978034,0,0,0
1997-05-09,0,0.26039011280928,0.344101821212686,0,0.395508065978034,0,0,0
1997-05-12,0,0.26039011280928,0.344101821212686,0,0.395508065978034,0,0,0
1997-05-13,0,0.26039011280928,0.344101821212686,0,0.395508065978034,0,0,0
1997-05-14,0,0.26039011280928,0.344101821212686,0,0.395508065978034,0,0,0
1997-05-15,0,0.26039011280928,0.344101821212686,0,0.395508065978034,0,0,0
1997-05-16,0,0.26039011280928,0.344101821212686,0,0.395508065978034,0,0,0
1997-05-19,0,0.26039011280928,0.344101821212686,0,0.395508065978034,0,0,0
1997-05-20,0,0.26039011280928,0.344101821212686,0,0.395508065978034,0,0,0
1997-05-21,0,0.26039011280928,0.344101821212686,0,0.395508065978034,0,0,0
1997-05-22,0,0.26039011280928,0.344101821212686,0,0.395508065978034,0,0,0
1997-05-23,0,0.26039011280928,0.344101821212686,0,0.395508065978034,0,0,0
1997-05-27,0,0.26039011280928,0.344101821212686,0,0.395508065978034,0,0,0
1997-05-28,0,0.26039011280928,0.344101821212686,0,0.395508065978034,0,0,0
1997-05-29,0,0.26039011280928,0.344101821212686,0,0.395508065978034,0,0,0
1997-05-30,0,0.26039011280928,0.344101821212686,0,0.395508065978034,0,0,0
1997-06-02,0,0.222967192709301,0.380545035078267,0,0.396487772212432,0,0,0
1997-06-03,0,0.222967192709301,0.380545035078267,0,0.396487772212432,0,0,0
1997-06-04,0,0.222967192709301,0.380545035078267,0,0.396487772212432,0,0,0
1997-06-05,0,0.222967192709301,0.380545035078267,0,0.396487772212432,0,0,0
1997-06-06,0,0.222967192709301,0.380545035078267,0,0.396487772212432,0,0,0
1997-06-09,0,0.222967192709301,0.380545035078267,0,0.396487772212432,0,0,0
1997-06-10,0,0.222967192709301,0.380545035078267,0,0.396487772212432,0,0,0
1997-06-11,0,0.222967192709301,0.380545035078267,0,0.396487772212432,0,0,0
1997-06-12,0,0.222967192709301,0.380545035078267,0,0.396487772212432,0,0,0
1997-06-13,0,0.222967192709301,0.380545035078267,0,0.396487772212432,0,0,0
1997-06-16,0,0.222967192709301,0.380545035078267,0,0.396487772212432,0,0,0
1997-06-17,0,0.222967192709301,0.380545035078267,0,0.396487772212432,0,0,0
1997-06-18,0,0.222967192709301,0.380545035078267,0,0.396487772212432,0,0,0
1997-06-19,0,0.222967192709301,0.380545035078267,0,0.396487772212432,0,0,0
1997-06-20,0,0.222967192709301,0.380545035078267,0,0.396487772212432,0,0,0
1997-06-23,0,0.222967192709301,0.380545035078267,0,0.396487772212432,0,0,0
1997-06-24,0,0.222967192709301,0.380545035078267,0,0.396487772212432,0,0,0
1997-06-25,0,0.222967192709301,0.380545035078267,0,0.396487772212432,0,0,0
1997-06-26,0,0.222967192709301,0.380545035078267,0,0.396487772212432,0,0,0
1997-06-27,0,0.222967192709301,0.380545035078267,0,0.396487772212432,0,0,0
1997-06-30,0,0.222967192709301,0.380545035078267,0,0.396487772212432,0,0,0
1997-07-01,0,0.230030898743704,0.285281128472369,0.484687972783928,0,0,0,0
1997-07-02,0,0.230030898743704,0.285281128472369,0.484687972783928,0,0,0,0
1997-07-03,0,0.230030898743704,0.285281128472369,0.484687972783928,0,0,0,0
1997-07-07,0,0.230030898743704,0.285281128472369,0.484687972783928,0,0,0,0
1997-07-08,0,0.230030898743704,0.285281128472369,0.484687972783928,0,0,0,0
1997-07-09,0,0.230030898743704,0.285281128472369,0.484687972783928,0,0,0,0
1997-07-10,0,0.230030898743704,0.285281128472369,0.484687972783928,0,0,0,0
1997-07-11,0,0.230030898743704,0.285281128472369,0.484687972783928,0,0,0,0
1997-07-14,0,0.230030898743704,0.285281128472369,0.484687972783928,0,0,0,0
1997-07-15,0,0.230030898743704,0.285281128472369,0.484687972783928,0,0,0,0
1997-07-16,0,0.230030898743704,0.285281128472369,0.484687972783928,0,0,0,0
1997-07-17,0,0.230030898743704,0.285281128472369,0.484687972783928,0,0,0,0
1997-07-18,0,0.230030898743704,0.285281128472369,0.484687972783928,0,0,0,0
1997-07-21,0,0.230030898743704,0.285281128472369,0.484687972783928,0,0,0,0
1997-07-22,0,0.230030898743704,0.285281128472369,0.484687972783928,0,0,0,0
1997-07-23,0,0.230030898743704,0.285281128472369,0.484687972783928,0,0,0,0
1997-07-24,0,0.230030898743704,0.285281128472369,0.484687972783928,0,0,0,0
1997-07-25,0,0.230030898743704,0.285281128472369,0.484687972783928,0,0,0,0
1997-07-28,0,0.230030898743704,0.285281128472369,0.484687972783928,0,0,0,0
1997-07-29,0,0.230030898743704,0.285281128472369,0.484687972783928,0,0,0,0
1997-07-30,0,0.230030898743704,0.285281128472369,0.484687972783928,0,0,0,0
1997-07-31,0,0.230030898743704,0.285281128472369,0.484687972783928,0,0,0,0
1997-08-01,0,0.240425032290293,0.254524934282716,0,0.50505003342699,0,0,0
1997-08-04,0,0.240425032290293,0.254524934282716,0,0.50505003342699,0,0,0
1997-08-05,0,0.240425032290293,0.254524934282716,0,0.50505003342699,0,0,0
1997-08-06,0,0.240425032290293,0.254524934282716,0,0.50505003342699,0,0,0
1997-08-07,0,0.240425032290293,0.254524934282716,0,0.50505003342699,0,0,0
1997-08-08,0,0.240425032290293,0.254524934282716,0,0.50505003342699,0,0,0
1997-08-11,0,0.240425032290293,0.254524934282716,0,0.50505003342699,0,0,0
1997-08-12,0,0.240425032290293,0.254524934282716,0,0.50505003342699,0,0,0
1997-08-13,0,0.240425032290293,0.254524934282716,0,0.50505003342699,0,0,0
1997-08-14,0,0.240425032290293,0.254524934282716,0,0.50505003342699,0,0,0
1997-08-15,0,0.240425032290293,0.254524934282716,0,0.50505003342699,0,0,0
1997-08-18,0,0.240425032290293,0.254524934282716,0,0.50505003342699,0,0,0
1997-08-19,0,0.240425032290293,0.254524934282716,0,0.50505003342699,0,0,0
1997-08-20,0,0.240425032290293,0.254524934282716,0,0.50505003342699,0,0,0
1997-08-21,0,0.240425032290293,0.254524934282716,0,0.50505003342699,0,0,0
1997-08-22,0,0.240425032290293,0.254524934282716,0,0.50505003342699,0,0,0
1997-08-25,0,0.240425032290293,0.254524934282716,0,0.50505003342699,0,0,0
1997-08-26,0,0.240425032290293,0.254524934282716,0,0.50505003342699,0,0,0
1997-08-27,0,0.240425032290293,0.254524934282716,0,0.50505003342699,0,0,0
1997-08-28,0,0.240425032290293,0.254524934282716,0,0.50505003342699,0,0,0
1997-08-29,0,0.240425032290293,0.254524934282716,0,0.50505003342699,0,0,0
1997-09-02,0,0.259276132139556,0.274881370368847,0,0,0,0.465842497491597,0
1997-09-03,0,0.259276132139556,0.274881370368847,0,0,0,0.465842497491597,0
1997-09-04,0,0.259276132139556,0.274881370368847,0,0,0,0.465842497491597,0
1997-09-05,0,0.259276132139556,0.274881370368847,0,0,0,0.465842497491597,0
1997-09-08,0,0.259276132139556,0.274881370368847,0,0,0,0.465842497491597,0
1997-09-09,0,0.259276132139556,0.274881370368847,0,0,0,0.465842497491597,0
1997-09-10,0,0.259276132139556,0.274881370368847,0,0,0,0.465842497491597,0
1997-09-11,0,0.259276132139556,0.274881370368847,0,0,0,0.465842497491597,0
1997-09-12,0,0.259276132139556,0.274881370368847,0,0,0,0.465842497491597,0
1997-09-15,0,0.259276132139556,0.274881370368847,0,0,0,0.465842497491597,0
1997-09-16,0,0.259276132139556,0.274881370368847,0,0,0,0.465842497491597,0
1997-09-17,0,0.259276132139556,0.274881370368847,0,0,0,0.465842497491597,0
1997-09-18,0,0.259276132139556,0.274881370368847,0,0,0,0.465842497491597,0
1997-09-19,0,0.259276132139556,0.274881370368847,0,0,0,0.465842497491597,0
1997-09-22,0,0.259276132139556,0.274881370368847,0,0,0,0.465842497491597,0
1997-09-23,0,0.259276132139556,0.274881370368847,0,0,0,0.465842497491597,0
1997-09-24,0,0.259276132139556,0.274881370368847,0,0,0,0.465842497491597,0
1997-09-25,0,0.259276132139556,0.274881370368847,0,0,0,0.465842497491597,0
1997-09-26,0,0.259276132139556,0.274881370368847,0,0,0,0.465842497491597,0
1997-09-29,0,0.259276132139556,0.274881370368847,0,0,0,0.465842497491597,0
1997-09-30,0,0.259276132139556,0.274881370368847,0,0,0,0.465842497491597,0
1997-10-01,0,0.219888274134574,0.261202767215864,0,0.518908958649562,0,0,0
1997-10-02,0,0.219888274134574,0.261202767215864,0,0.518908958649562,0,0,0
1997-10-03,0,0.219888274134574,0.261202767215864,0,0.518908958649562,0,0,0
1997-10-06,0,0.219888274134574,0.261202767215864,0,0.518908958649562,0,0,0
1997-10-07,0,0.219888274134574,0.261202767215864,0,0.518908958649562,0,0,0
1997-10-08,0,0.219888274134574,0.261202767215864,0,0.518908958649562,0,0,0
1997-10-09,0,0.219888274134574,0.261202767215864,0,0.518908958649562,0,0,0
1997-10-10,0,0.219888274134574,0.261202767215864,0,0.518908958649562,0,0,0
1997-10-13,0,0.219888274134574,0.261202767215864,0,0.518908958649562,0,0,0
1997-10-14,0,0.219888274134574,0.261202767215864,0,0.518908958649562,0,0,0
1997-10-15,0,0.219888274134574,0.261202767215864,0,0.518908958649562,0,0,0
1997-10-16,0,0.219888274134574,0.261202767215864,0,0.518908958649562,0,0,0
1997-10-17,0,0.219888274134574,0.261202767215864,0,0.518908958649562,0,0,0
1997-10-20,0,0.219888274134574,0.261202767215864,0,0.518908958649562,0,0,0
1997-10-21,0,0.219888274134574,0.261202767215864,0,0.518908958649562,0,0,0
1997-10-22,0,0.219888274134574,0.261202767215864,0,0.518908958649562,0,0,0
1997-10-23,0,0.219888274134574,0.261202767215864,0,0.518908958649562,0,0,0
1997-10-24,0,0.219888274134574,0.261202767215864,0,0.518908958649562,0,0,0
1997-10-27,0,0.219888274134574,0.261202767215864,0,0.518908958649562,0,0,0
1997-10-28,0,0.219888274134574,0.261202767215864,0,0.518908958649562,0,0,0
1997-10-29,0,0.219888274134574,0.261202767215864,0,0.518908958649562,0,0,0
1997-10-30,0,0.219888274134574,0.261202767215864,0,0.518908958649562,0,0,0
1997-10-31,0,0.219888274134574,0.261202767215864,0,0.518908958649562,0,0,0
1997-11-03,0,0.152928715184919,0,0,0.299804568053363,0,0.547266716761718,0
1997-11-04,0,0.152928715184919,0,0,0.299804568053363,0,0.547266716761718,0
1997-11-05,0,0.152928715184919,0,0,0.299804568053363,0,0.547266716761718,0
1997-11-06,0,0.152928715184919,0,0,0.299804568053363,0,0.547266716761718,0
1997-11-07,0,0.152928715184919,0,0,0.299804568053363,0,0.547266716761718,0
1997-11-10,0,0.152928715184919,0,0,0.299804568053363,0,0.547266716761718,0
1997-11-11,0,0.152928715184919,0,0,0.299804568053363,0,0.547266716761718,0
1997-11-12,0,0.152928715184919,0,0,0.299804568053363,0,0.547266716761718,0
1997-11-13,0,0.152928715184919,0,0,0.299804568053363,0,0.547266716761718,0
1997-11-14,0,0.152928715184919,0,0,0.299804568053363,0,0.547266716761718,0
1997-11-17,0,0.152928715184919,0,0,0.299804568053363,0,0.547266716761718,0
1997-11-18,0,0.152928715184919,0,0,0.299804568053363,0,0.547266716761718,0
1997-11-19,0,0.152928715184919,0,0,0.299804568053363,0,0.547266716761718,0
1997-11-20,0,0.152928715184919,0,0,0.299804568053363,0,0.547266716761718,0
1997-11-21,0,0.152928715184919,0,0,0.299804568053363,0,0.547266716761718,0
1997-11-24,0,0.152928715184919,0,0,0.299804568053363,0,0.547266716761718,0
1997-11-25,0,0.152928715184919,0,0,0.299804568053363,0,0.547266716761718,0
1997-11-26,0,0.152928715184919,0,0,0.299804568053363,0,0.547266716761718,0
1997-11-28,0,0.152928715184919,0,0,0.299804568053363,0,0.547266716761718,0
1997-12-01,0,0.140830728988022,0,0,0.243148943833439,0,0.616020327178539,0
1997-12-02,0,0.140830728988022,0,0,0.243148943833439,0,0.616020327178539,0
1997-12-03,0,0.140830728988022,0,0,0.243148943833439,0,0.616020327178539,0
1997-12-04,0,0.140830728988022,0,0,0.243148943833439,0,0.616020327178539,0
1997-12-05,0,0.140830728988022,0,0,0.243148943833439,0,0.616020327178539,0
1997-12-08,0,0.140830728988022,0,0,0.243148943833439,0,0.616020327178539,0
1997-12-09,0,0.140830728988022,0,0,0.243148943833439,0,0.616020327178539,0
1997-12-10,0,0.140830728988022,0,0,0.243148943833439,0,0.616020327178539,0
1997-12-11,0,0.140830728988022,0,0,0.243148943833439,0,0.616020327178539,0
1997-12-12,0,0.140830728988022,0,0,0.243148943833439,0,0.616020327178539,0
1997-12-15,0,0.140830728988022,0,0,0.243148943833439,0,0.616020327178539,0
1997-12-16,0,0.140830728988022,0,0,0.243148943833439,0,0.616020327178539,0
1997-12-17,0,0.140830728988022,0,0,0.243148943833439,0,0.616020327178539,0
1997-12-18,0,0.140830728988022,0,0,0.243148943833439,0,0.616020327178539,0
1997-12-19,0,0.140830728988022,0,0,0.243148943833439,0,0.616020327178539,0
1997-12-22,0,0.140830728988022,0,0,0.243148943833439,0,0.616020327178539,0
1997-12-23,0,0.140830728988022,0,0,0.243148943833439,0,0.616020327178539,0
1997-12-24,0,0.140830728988022,0,0,0.243148943833439,0,0.616020327178539,0
1997-12-26,0,0.140830728988022,0,0,0.243148943833439,0,0.616020327178539,0
1997-12-29,0,0.140830728988022,0,0,0.243148943833439,0,0.616020327178539,0
1997-12-30,0,0.140830728988022,0,0,0.243148943833439,0,0.616020327178539,0
1997-12-31,0,0.140830728988022,0,0,0.243148943833439,0,0.616020327178539,0
1998-01-02,0,0.141909983558385,0,0,0.260846485739933,0,0.597243530701682,0
1998-01-05,0,0.141909983558385,0,0,0.260846485739933,0,0.597243530701682,0
1998-01-06,0,0.141909983558385,0,0,0.260846485739933,0,0.597243530701682,0
1998-01-07,0,0.141909983558385,0,0,0.260846485739933,0,0.597243530701682,0
1998-01-08,0,0.141909983558385,0,0,0.260846485739933,0,0.597243530701682,0
1998-01-09,0,0.141909983558385,0,0,0.260846485739933,0,0.597243530701682,0
1998-01-12,0,0.141909983558385,0,0,0.260846485739933,0,0.597243530701682,0
1998-01-13,0,0.141909983558385,0,0,0.260846485739933,0,0.597243530701682,0
1998-01-14,0,0.141909983558385,0,0,0.260846485739933,0,0.597243530701682,0
1998-01-15,0,0.141909983558385,0,0,0.260846485739933,0,0.597243530701682,0
1998-01-16,0,0.141909983558385,0,0,0.260846485739933,0,0.597243530701682,0
1998-01-20,0,0.141909983558385,0,0,0.260846485739933,0,0.597243530701682,0
1998-01-21,0,0.141909983558385,0,0,0.260846485739933,0,0.597243530701682,0
1998-01-22,0,0.141909983558385,0,0,0.260846485739933,0,0.597243530701682,0
1998-01-23,0,0.141909983558385,0,0,0.260846485739933,0,0.597243530701682,0
1998-01-26,0,0.141909983558385,0,0,0.260846485739933,0,0.597243530701682,0
1998-01-27,0,0.141909983558385,0,0,0.260846485739933,0,0.597243530701682,0
1998-01-28,0,0.141909983558385,0,0,0.260846485739933,0,0.597243530701682,0
1998-01-29,0,0.141909983558385,0,0,0.260846485739933,0,0.597243530701682,0
1998-01-30,0,0.141909983558385,0,0,0.260846485739933,0,0.597243530701682,0
1998-02-02,0,0,0.164307365394292,0,0.406449464420347,0,0.42924317018536,0
1998-02-03,0,0,0.164307365394292,0,0.406449464420347,0,0.42924317018536,0
1998-02-04,0,0,0.164307365394292,0,0.406449464420347,0,0.42924317018536,0
1998-02-05,0,0,0.164307365394292,0,0.406449464420347,0,0.42924317018536,0
1998-02-06,0,0,0.164307365394292,0,0.406449464420347,0,0.42924317018536,0
1998-02-09,0,0,0.164307365394292,0,0.406449464420347,0,0.42924317018536,0
1998-02-10,0,0,0.164307365394292,0,0.406449464420347,0,0.42924317018536,0
1998-02-11,0,0,0.164307365394292,0,0.406449464420347,0,0.42924317018536,0
1998-02-12,0,0,0.164307365394292,0,0.406449464420347,0,0.42924317018536,0
1998-02-13,0,0,0.164307365394292,0,0.406449464420347,0,0.42924317018536,0
1998-02-17,0,0,0.164307365394292,0,0.406449464420347,0,0.42924317018536,0
1998-02-18,0,0,0.164307365394292,0,0.406449464420347,0,0.42924317018536,0
1998-02-19,0,0,0.164307365394292,0,0.406449464420347,0,0.42924317018536,0
1998-02-20,0,0,0.164307365394292,0,0.406449464420347,0,0.42924317018536,0
1998-02-23,0,0,0.164307365394292,0,0.406449464420347,0,0.42924317018536,0
1998-02-24,0,0,0.164307365394292,0,0.406449464420347,0,0.42924317018536,0
1998-02-25,0,0,0.164307365394292,0,0.406449464420347,0,0.42924317018536,0
1998-02-26,0,0,0.164307365394292,0,0.406449464420347,0,0.42924317018536,0
1998-02-27,0,0,0.164307365394292,0,0.406449464420347,0,0.42924317018536,0
1998-03-02,0,0.246138990921567,0.239710284356032,0,0,0,0.514150724722401,0
1998-03-03,0,0.246138990921567,0.239710284356032,0,0,0,0.514150724722401,0
1998-03-04,0,0.246138990921567,0.239710284356032,0,0,0,0.514150724722401,0
1998-03-05,0,0.246138990921567,0.239710284356032,0,0,0,0.514150724722401,0
1998-03-06,0,0.246138990921567,0.239710284356032,0,0,0,0.514150724722401,0
1998-03-09,0,0.246138990921567,0.239710284356032,0,0,0,0.514150724722401,0
1998-03-10,0,0.246138990921567,0.239710284356032,0,0,0,0.514150724722401,0
1998-03-11,0,0.246138990921567,0.239710284356032,0,0,0,0.514150724722401,0
1998-03-12,0,0.246138990921567,0.239710284356032,0,0,0,0.514150724722401,0
1998-03-13,0,0.246138990921567,0.239710284356032,0,0,0,0.514150724722401,0
1998-03-16,0,0.246138990921567,0.239710284356032,0,0,0,0.514150724722401,0
1998-03-17,0,0.246138990921567,0.239710284356032,0,0,0,0.514150724722401,0
1998-03-18,0,0.246138990921567,0.239710284356032,0,0,0,0.514150724722401,0
1998-03-19,0,0.246138990921567,0.239710284356032,0,0,0,0.514150724722401,0
1998-03-20,0,0.246138990921567,0.239710284356032,0,0,0,0.514150724722401,0
1998-03-23,0,0.246138990921567,0.239710284356032,0,0,0,0.514150724722401,0
1998-03-24,0,0.246138990921567,0.239710284356032,0,0,0,0.514150724722401,0
1998-03-25,0,0.246138990921567,0.239710284356032,0,0,0,0.514150724722401,0
1998-03-26,0,0.246138990921567,0.239710284356032,0,0,0,0.514150724722401,0
1998-03-27,0,0.246138990921567,0.239710284356032,0,0,0,0.514150724722401,0
1998-03-30,0,0.246138990921567,0.239710284356032,0,0,0,0.514150724722401,0
1998-03-31,0,0.246138990921567,0.239710284356032,0,0,0,0.514150724722401,0
1998-04-01,0,0.272952867644027,0.217269336680327,0,0,0,0.509777795675646,0
1998-04-02,0,0.272952867644027,0.217269336680327,0,0,0,0.509777795675646,0
1998-04-03,0,0.272952867644027,0.217269336680327,0,0,0,0.509777795675646,0
1998-04-06,0,0.272952867644027,0.217269336680327,0,0,0,0.509777795675646,0
1998-04-07,0,0.272952867644027,0.217269336680327,0,0,0,0.509777795675646,0
1998-04-08,0,0.272952867644027,0.217269336680327,0,0,0,0.509777795675646,0
1998-04-09,0,0.272952867644027,0.217269336680327,0,0,0,0.509777795675646,0
1998-04-13,0,0.272952867644027,0.217269336680327,0,0,0,0.509777795675646,0
1998-04-14,0,0.272952867644027,0.217269336680327,0,0,0,0.509777795675646,0
1998-04-15,0,0.272952867644027,0.217269336680327,0,0,0,0.509777795675646,0
1998-04-16,0,0.272952867644027,0.217269336680327,0,0,0,0.509777795675646,0
1998-04-17,0,0.272952867644027,0.217269336680327,0,0,0,0.509777795675646,0
1998-04-20,0,0.272952867644027,0.217269336680327,0,0,0,0.509777795675646,0
1998-04-21,0,0.272952867644027,0.217269336680327,0,0,0,0.509777795675646,0
1998-04-22,0,0.272952867644027,0.217269336680327,0,0,0,0.509777795675646,0
1998-04-23,0,0.272952867644027,0.217269336680327,0,0,0,0.509777795675646,0
1998-04-24,0,0.272952867644027,0.217269336680327,0,0,0,0.509777795675646,0
1998-04-27,0,0.272952867644027,0.217269336680327,0,0,0,0.509777795675646,0
1998-04-28,0,0.272952867644027,0.217269336680327,0,0,0,0.509777795675646,0
1998-04-29,0,0.272952867644027,0.217269336680327,0,0,0,0.509777795675646,0
1998-04-30,0,0.272952867644027,0.217269336680327,0,0,0,0.509777795675646,0
1998-05-01,0,0.557255035680264,0.442744964319736,0,0,0,0,0
1998-05-04,0,0.557255035680264,0.442744964319736,0,0,0,0,0
1998-05-05,0,0.557255035680264,0.442744964319736,0,0,0,0,0
1998-05-06,0,0.557255035680264,0.442744964319736,0,0,0,0,0
1998-05-07,0,0.557255035680264,0.442744964319736,0,0,0,0,0
1998-05-08,0,0.557255035680264,0.442744964319736,0,0,0,0,0
1998-05-11,0,0.557255035680264,0.442744964319736,0,0,0,0,0
1998-05-12,0,0.557255035680264,0.442744964319736,0,0,0,0,0
1998-05-13,0,0.557255035680264,0.442744964319736,0,0,0,0,0
1998-05-14,0,0.557255035680264,0.442744964319736,0,0,0,0,0
1998-05-15,0,0.557255035680264,0.442744964319736,0,0,0,0,0
1998-05-18,0,0.557255035680264,0.442744964319736,0,0,0,0,0
1998-05-19,0,0.557255035680264,0.442744964319736,0,0,0,0,0
1998-05-20,0,0.557255035680264,0.442744964319736,0,0,0,0,0
1998-05-21,0,0.557255035680264,0.442744964319736,0,0,0,0,0
1998-05-22,0,0.557255035680264,0.442744964319736,0,0,0,0,0
1998-05-26,0,0.557255035680264,0.442744964319736,0,0,0,0,0
1998-05-27,0,0.557255035680264,0.442744964319736,0,0,0,0,0
1998-05-28,0,0.557255035680264,0.442744964319736,0,0,0,0,0
1998-05-29,0,0.557255035680264,0.442744964319736,0,0,0,0,0
1998-06-01,0,0.591229824418606,0.408770175581394,0,0,0,0,0
1998-06-02,0,0.591229824418606,0.408770175581394,0,0,0,0,0
1998-06-03,0,0.591229824418606,0.408770175581394,0,0,0,0,0
1998-06-04,0,0.591229824418606,0.408770175581394,0,0,0,0,0
1998-06-05,0,0.591229824418606,0.408770175581394,0,0,0,0,0
1998-06-08,0,0.591229824418606,0.408770175581394,0,0,0,0,0
1998-06-09,0,0.591229824418606,0.408770175581394,0,0,0,0,0
1998-06-10,0,0.591229824418606,0.408770175581394,0,0,0,0,0
1998-06-11,0,0.591229824418606,0.408770175581394,0,0,0,0,0
1998-06-12,0,0.591229824418606,0.408770175581394,0,0,0,0,0
1998-06-15,0,0.591229824418606,0.408770175581394,0,0,0,0,0
1998-06-16,0,0.591229824418606,0.408770175581394,0,0,0,0,0
1998-06-17,0,0.591229824418606,0.408770175581394,0,0,0,0,0
1998-06-18,0,0.591229824418606,0.408770175581394,0,0,0,0,0
1998-06-19,0,0.591229824418606,0.408770175581394,0,0,0,0,0
1998-06-22,0,0.591229824418606,0.408770175581394,0,0,0,0,0
1998-06-23,0,0.591229824418606,0.408770175581394,0,0,0,0,0
1998-06-24,0,0.591229824418606,0.408770175581394,0,0,0,0,0
1998-06-25,0,0.591229824418606,0.408770175581394,0,0,0,0,0
1998-06-26,0,0.591229824418606,0.408770175581394,0,0,0,0,0
1998-06-29,0,0.591229824418606,0.408770175581394,0,0,0,0,0
1998-06-30,0,0.591229824418606,0.408770175581394,0,0,0,0,0
1998-07-01,0,0.217359595567994,0.165652793666719,0,0,0,0.616987610765288,0
1998-07-02,0,0.217359595567994,0.165652793666719,0,0,0,0.616987610765288,0
1998-07-06,0,0.217359595567994,0.165652793666719,0,0,0,0.616987610765288,0
1998-07-07,0,0.217359595567994,0.165652793666719,0,0,0,0.616987610765288,0
1998-07-08,0,0.217359595567994,0.165652793666719,0,0,0,0.616987610765288,0
1998-07-09,0,0.217359595567994,0.165652793666719,0,0,0,0.616987610765288,0
1998-07-10,0,0.217359595567994,0.165652793666719,0,0,0,0.616987610765288,0
1998-07-13,0,0.217359595567994,0.165652793666719,0,0,0,0.616987610765288,0
1998-07-14,0,0.217359595567994,0.165652793666719,0,0,0,0.616987610765288,0
1998-07-15,0,0.217359595567994,0.165652793666719,0,0,0,0.616987610765288,0
1998-07-16,0,0.217359595567994,0.165652793666719,0,0,0,0.616987610765288,0
1998-07-17,0,0.217359595567994,0.165652793666719,0,0,0,0.616987610765288,0
1998-07-20,0,0.217359595567994,0.165652793666719,0,0,0,0.616987610765288,0
1998-07-21,0,0.217359595567994,0.165652793666719,0,0,0,0.616987610765288,0
1998-07-22,0,0.217359595567994,0.165652793666719,0,0,0,0.616987610765288,0
1998-07-23,0,0.217359595567994,0.165652793666719,0,0,0,0.616987610765288,0
1998-07-24,0,0.217359595567994,0.165652793666719,0,0,0,0.616987610765288,0
1998-07-27,0,0.217359595567994,0.165652793666719,0,0,0,0.616987610765288,0
1998-07-28,0,0.217359595567994,0.165652793666719,0,0,0,0.616987610765288,0
1998-07-29,0,0.217359595567994,0.165652793666719,0,0,0,0.616987610765288,0
1998-07-30,0,0.217359595567994,0.165652793666719,0,0,0,0.616987610765288,0
1998-07-31,0,0.217359595567994,0.165652793666719,0,0,0,0.616987610765288,0
1998-08-03,0,0.16467092271553,0.168525321889131,0,0,0,0.66680375539534,0
1998-08-04,0,0.16467092271553,0.168525321889131,0,0,0,0.66680375539534,0
1998-08-05,0,0.16467092271553,0.168525321889131,0,0,0,0.66680375539534,0
1998-08-06,0,0.16467092271553,0.168525321889131,0,0,0,0.66680375539534,0
1998-08-07,0,0.16467092271553,0.168525321889131,0,0,0,0.66680375539534,0
1998-08-10,0,0.16467092271553,0.168525321889131,0,0,0,0.66680375539534,0
1998-08-11,0,0.16467092271553,0.168525321889131,0,0,0,0.66680375539534,0
1998-08-12,0,0.16467092271553,0.168525321889131,0,0,0,0.66680375539534,0
1998-08-13,0,0.16467092271553,0.168525321889131,0,0,0,0.66680375539534,0
1998-08-14,0,0.16467092271553,0.168525321889131,0,0,0,0.66680375539534,0
1998-08-17,0,0.16467092271553,0.168525321889131,0,0,0,0.66680375539534,0
1998-08-18,0,0.16467092271553,0.168525321889131,0,0,0,0.66680375539534,0
1998-08-19,0,0.16467092271553,0.168525321889131,0,0,0,0.66680375539534,0
1998-08-20,0,0.16467092271553,0.168525321889131,0,0,0,0.66680375539534,0
1998-08-21,0,0.16467092271553,0.168525321889131,0,0,0,0.66680375539534,0
1998-08-24,0,0.16467092271553,0.168525321889131,0,0,0,0.66680375539534,0
1998-08-25,0,0.16467092271553,0.168525321889131,0,0,0,0.66680375539534,0
1998-08-26,0,0.16467092271553,0.168525321889131,0,0,0,0.66680375539534,0
1998-08-27,0,0.16467092271553,0.168525321889131,0,0,0,0.66680375539534,0
1998-08-28,0,0.16467092271553,0.168525321889131,0,0,0,0.66680375539534,0
1998-08-31,0,0.16467092271553,0.168525321889131,0,0,0,0.66680375539534,0
1998-09-01,0.999999955418233,0,0,0,0,2.88510467846163e-08,1.57307204287815e-08,0
1998-09-02,0.999999955418233,0,0,0,0,2.88510467846163e-08,1.57307204287815e-08,0
1998-09-03,0.999999955418233,0,0,0,0,2.88510467846163e-08,1.57307204287815e-08,0
1998-09-04,0.999999955418233,0,0,0,0,2.88510467846163e-08,1.57307204287815e-08,0
1998-09-08,0.999999955418233,0,0,0,0,2.88510467846163e-08,1.57307204287815e-08,0
1998-09-09,0.999999955418233,0,0,0,0,2.88510467846163e-08,1.57307204287815e-08,0
1998-09-10,0.999999955418233,0,0,0,0,2.88510467846163e-08,1.57307204287815e-08,0
1998-09-11,0.999999955418233,0,0,0,0,2.88510467846163e-08,1.57307204287815e-08,0
1998-09-14,0.999999955418233,0,0,0,0,2.88510467846163e-08,1.57307204287815e-08,0
1998-09-15,0.999999955418233,0,0,0,0,2.88510467846163e-08,1.57307204287815e-08,0
1998-09-16,0.999999955418233,0,0,0,0,2.88510467846163e-08,1.57307204287815e-08,0
1998-09-17,0.999999955418233,0,0,0,0,2.88510467846163e-08,1.57307204287815e-08,0
1998-09-18,0.999999955418233,0,0,0,0,2.88510467846163e-08,1.57307204287815e-08,0
1998-09-21,0.999999955418233,0,0,0,0,2.88510467846163e-08,1.57307204287815e-08,0
1998-09-22,0.999999955418233,0,0,0,0,2.88510467846163e-08,1.57307204287815e-08,0
1998-09-23,0.999999955418233,0,0,0,0,2.88510467846163e-08,1.57307204287815e-08,0
1998-09-24,0.999999955418233,0,0,0,0,2.88510467846163e-08,1.57307204287815e-08,0
1998-09-25,0.999999955418233,0,0,0,0,2.88510467846163e-08,1.57307204287815e-08,0
1998-09-28,0.999999955418233,0,0,0,0,2.88510467846163e-08,1.57307204287815e-08,0
1998-09-29,0.999999955418233,0,0,0,0,2.88510467846163e-08,1.57307204287815e-08,0
1998-09-30,0.999999955418233,0,0,0,0,2.88510467846163e-08,1.57307204287815e-08,0
1998-10-01,0.999999965972614,0,0,0,0,2.03108345335863e-08,1.37165514828567e-08,0
1998-10-02,0.999999965972614,0,0,0,0,2.03108345335863e-08,1.37165514828567e-08,0
1998-10-05,0.999999965972614,0,0,0,0,2.03108345335863e-08,1.37165514828567e-08,0
1998-10-06,0.999999965972614,0,0,0,0,2.03108345335863e-08,1.37165514828567e-08,0
1998-10-07,0.999999965972614,0,0,0,0,2.03108345335863e-08,1.37165514828567e-08,0
1998-10-08,0.999999965972614,0,0,0,0,2.03108345335863e-08,1.37165514828567e-08,0
1998-10-09,0.999999965972614,0,0,0,0,2.03108345335863e-08,1.37165514828567e-08,0
1998-10-12,0.999999965972614,0,0,0,0,2.03108345335863e-08,1.37165514828567e-08,0
1998-10-13,0.999999965972614,0,0,0,0,2.03108345335863e-08,1.37165514828567e-08,0
1998-10-14,0.999999965972614,0,0,0,0,2.03108345335863e-08,1.37165514828567e-08,0
1998-10-15,0.999999965972614,0,0,0,0,2.03108345335863e-08,1.37165514828567e-08,0
1998-10-16,0.999999965972614,0,0,0,0,2.03108345335863e-08,1.37165514828567e-08,0
1998-10-19,0.999999965972614,0,0,0,0,2.03108345335863e-08,1.37165514828567e-08,0
1998-10-20,0.999999965972614,0,0,0,0,2.03108345335863e-08,1.37165514828567e-08,0
1998-10-21,0.999999965972614,0,0,0,0,2.03108345335863e-08,1.37165514828567e-08,0
1998-10-22,0.999999965972614,0,0,0,0,2.03108345335863e-08,1.37165514828567e-08,0
1998-10-23,0.999999965972614,0,0,0,0,2.03108345335863e-08,1.37165514828567e-08,0
1998-10-26,0.999999965972614,0,0,0,0,2.03108345335863e-08,1.37165514828567e-08,0
1998-10-27,0.999999965972614,0,0,0,0,2.03108345335863e-08,1.37165514828567e-08,0
1998-10-28,0.999999965972614,0,0,0,0,2.03108345335863e-08,1.37165514828567e-08,0
1998-10-29,0.999999965972614,0,0,0,0,2.03108345335863e-08,1.37165514828567e-08,0
1998-10-30,0.999999965972614,0,0,0,0,2.03108345335863e-08,1.37165514828567e-08,0
1998-11-02,0.999999968779708,0,0,0,0,1.8784829833702e-08,1.24354622835123e-08,0
1998-11-03,0.999999968779708,0,0,0,0,1.8784829833702e-08,1.24354622835123e-08,0
1998-11-04,0.999999968779708,0,0,0,0,1.8784829833702e-08,1.24354622835123e-08,0
1998-11-05,0.999999968779708,0,0,0,0,1.8784829833702e-08,1.24354622835123e-08,0
1998-11-06,0.999999968779708,0,0,0,0,1.8784829833702e-08,1.24354622835123e-08,0
1998-11-09,0.999999968779708,0,0,0,0,1.8784829833702e-08,1.24354622835123e-08,0
1998-11-10,0.999999968779708,0,0,0,0,1.8784829833702e-08,1.24354622835123e-08,0
1998-11-11,0.999999968779708,0,0,0,0,1.8784829833702e-08,1.24354622835123e-08,0
1998-11-12,0.999999968779708,0,0,0,0,1.8784829833702e-08,1.24354622835123e-08,0
1998-11-13,0.999999968779708,0,0,0,0,1.8784829833702e-08,1.24354622835123e-08,0
1998-11-16,0.999999968779708,0,0,0,0,1.8784829833702e-08,1.24354622835123e-08,0
1998-11-17,0.999999968779708,0,0,0,0,1.8784829833702e-08,1.24354622835123e-08,0
1998-11-18,0.999999968779708,0,0,0,0,1.8784829833702e-08,1.24354622835123e-08,0
1998-11-19,0.999999968779708,0,0,0,0,1.8784829833702e-08,1.24354622835123e-08,0
1998-11-20,0.999999968779708,0,0,0,0,1.8784829833702e-08,1.24354622835123e-08,0
1998-11-23,0.999999968779708,0,0,0,0,1.8784829833702e-08,1.24354622835123e-08,0
1998-11-24,0.999999968779708,0,0,0,0,1.8784829833702e-08,1.24354622835123e-08,0
1998-11-25,0.999999968779708,0,0,0,0,1.8784829833702e-08,1.24354622835123e-08,0
1998-11-27,0.999999968779708,0,0,0,0,1.8784829833702e-08,1.24354622835123e-08,0
1998-11-30,0.999999968779708,0,0,0,0,1.8784829833702e-08,1.24354622835123e-08,0
1998-12-01,0,0.248194021711223,0,0,0,0.455253186911274,0.296552791377502,0
1998-12-02,0,0.248194021711223,0,0,0,0.455253186911274,0.296552791377502,0
1998-12-03,0,0.248194021711223,0,0,0,0.455253186911274,0.296552791377502,0
1998-12-04,0,0.248194021711223,0,0,0,0.455253186911274,0.296552791377502,0
1998-12-07,0,0.248194021711223,0,0,0,0.455253186911274,0.296552791377502,0
1998-12-08,0,0.248194021711223,0,0,0,0.455253186911274,0.296552791377502,0
1998-12-09,0,0.248194021711223,0,0,0,0.455253186911274,0.296552791377502,0
1998-12-10,0,0.248194021711223,0,0,0,0.455253186911274,0.296552791377502,0
1998-12-11,0,0.248194021711223,0,0,0,0.455253186911274,0.296552791377502,0
1998-12-14,0,0.248194021711223,0,0,0,0.455253186911274,0.296552791377502,0
1998-12-15,0,0.248194021711223,0,0,0,0.455253186911274,0.296552791377502,0
1998-12-16,0,0.248194021711223,0,0,0,0.455253186911274,0.296552791377502,0
1998-12-17,0,0.248194021711223,0,0,0,0.455253186911274,0.296552791377502,0
1998-12-18,0,0.248194021711223,0,0,0,0.455253186911274,0.296552791377502,0
1998-12-21,0,0.248194021711223,0,0,0,0.455253186911274,0.296552791377502,0
1998-12-22,0,0.248194021711223,0,0,0,0.455253186911274,0.296552791377502,0
1998-12-23,0,0.248194021711223,0,0,0,0.455253186911274,0.296552791377502,0
1998-12-24,0,0.248194021711223,0,0,0,0.455253186911274,0.296552791377502,0
1998-12-28,0,0.248194021711223,0,0,0,0.455253186911274,0.296552791377502,0
1998-12-29,0,0.248194021711223,0,0,0,0.455253186911274,0.296552791377502,0
1998-12-30,0,0.248194021711223,0,0,0,0.455253186911274,0.296552791377502,0
1998-12-31,0,0.248194021711223,0,0,0,0.455253186911274,0.296552791377502,0
1999-01-04,0,0.242503832650306,0,0,0,0.448122974560995,0.309373192788699,0
1999-01-05,0,0.242503832650306,0,0,0,0.448122974560995,0.309373192788699,0
1999-01-06,0,0.242503832650306,0,0,0,0.448122974560995,0.309373192788699,0
1999-01-07,0,0.242503832650306,0,0,0,0.448122974560995,0.309373192788699,0
1999-01-08,0,0.242503832650306,0,0,0,0.448122974560995,0.309373192788699,0
1999-01-11,0,0.242503832650306,0,0,0,0.448122974560995,0.309373192788699,0
1999-01-12,0,0.242503832650306,0,0,0,0.448122974560995,0.309373192788699,0
1999-01-13,0,0.242503832650306,0,0,0,0.448122974560995,0.309373192788699,0
1999-01-14,0,0.242503832650306,0,0,0,0.448122974560995,0.309373192788699,0
1999-01-15,0,0.242503832650306,0,0,0,0.448122974560995,0.309373192788699,0
1999-01-19,0,0.242503832650306,0,0,0,0.448122974560995,0.309373192788699,0
1999-01-20,0,0.242503832650306,0,0,0,0.448122974560995,0.309373192788699,0
1999-01-21,0,0.242503832650306,0,0,0,0.448122974560995,0.309373192788699,0
1999-01-22,0,0.242503832650306,0,0,0,0.448122974560995,0.309373192788699,0
1999-01-25,0,0.242503832650306,0,0,0,0.448122974560995,0.309373192788699,0
1999-01-26,0,0.242503832650306,0,0,0,0.448122974560995,0.309373192788699,0
1999-01-27,0,0.242503832650306,0,0,0,0.448122974560995,0.309373192788699,0
1999-01-28,0,0.242503832650306,0,0,0,0.448122974560995,0.309373192788699,0
1999-01-29,0,0.242503832650306,0,0,0,0.448122974560995,0.309373192788699,0
1999-02-01,0,0.218191592081669,0,0,0,0.484655458600007,0.297152949318324,0
1999-02-02,0,0.218191592081669,0,0,0,0.484655458600007,0.297152949318324,0
1999-02-03,0,0.218191592081669,0,0,0,0.484655458600007,0.297152949318324,0
1999-02-04,0,0.218191592081669,0,0,0,0.484655458600007,0.297152949318324,0
1999-02-05,0,0.218191592081669,0,0,0,0.484655458600007,0.297152949318324,0
1999-02-08,0,0.218191592081669,0,0,0,0.484655458600007,0.297152949318324,0
1999-02-09,0,0.218191592081669,0,0,0,0.484655458600007,0.297152949318324,0
1999-02-10,0,0.218191592081669,0,0,0,0.484655458600007,0.297152949318324,0
1999-02-11,0,0.218191592081669,0,0,0,0.484655458600007,0.297152949318324,0
1999-02-12,0,0.218191592081669,0,0,0,0.484655458600007,0.297152949318324,0
1999-02-16,0,0.218191592081669,0,0,0,0.484655458600007,0.297152949318324,0
1999-02-17,0,0.218191592081669,0,0,0,0.484655458600007,0.297152949318324,0
1999-02-18,0,0.218191592081669,0,0,0,0.484655458600007,0.297152949318324,0
1999-02-19,0,0.218191592081669,0,0,0,0.484655458600007,0.297152949318324,0
1999-02-22,0,0.218191592081669,0,0,0,0.484655458600007,0.297152949318324,0
1999-02-23,0,0.218191592081669,0,0,0,0.484655458600007,0.297152949318324,0
1999-02-24,0,0.218191592081669,0,0,0,0.484655458600007,0.297152949318324,0
1999-02-25,0,0.218191592081669,0,0,0,0.484655458600007,0.297152949318324,0
1999-02-26,0,0.218191592081669,0,0,0,0.484655458600007,0.297152949318324,0
1999-03-01,0,0.373554730518892,0.363925739777957,0.262519529703151,0,0,0,0
1999-03-02,0,0.373554730518892,0.363925739777957,0.262519529703151,0,0,0,0
1999-03-03,0,0.373554730518892,0.363925739777957,0.262519529703151,0,0,0,0
1999-03-04,0,0.373554730518892,0.363925739777957,0.262519529703151,0,0,0,0
1999-03-05,0,0.373554730518892,0.363925739777957,0.262519529703151,0,0,0,0
1999-03-08,0,0.373554730518892,0.363925739777957,0.262519529703151,0,0,0,0
1999-03-09,0,0.373554730518892,0.363925739777957,0.262519529703151,0,0,0,0
1999-03-10,0,0.373554730518892,0.363925739777957,0.262519529703151,0,0,0,0
1999-03-11,0,0.373554730518892,0.363925739777957,0.262519529703151,0,0,0,0
1999-03-12,0,0.373554730518892,0.363925739777957,0.262519529703151,0,0,0,0
1999-03-15,0,0.373554730518892,0.363925739777957,0.262519529703151,0,0,0,0
1999-03-16,0,0.373554730518892,0.363925739777957,0.262519529703151,0,0,0,0
1999-03-17,0,0.373554730518892,0.363925739777957,0.262519529703151,0,0,0,0
1999-03-18,0,0.373554730518892,0.363925739777957,0.262519529703151,0,0,0,0
1999-03-19,0,0.373554730518892,0.363925739777957,0.262519529703151,0,0,0,0
1999-03-22,0,0.373554730518892,0.363925739777957,0.262519529703151,0,0,0,0
1999-03-23,0,0.373554730518892,0.363925739777957,0.262519529703151,0,0,0,0
1999-03-24,0,0.373554730518892,0.363925739777957,0.262519529703151,0,0,0,0
1999-03-25,0,0.373554730518892,0.363925739777957,0.262519529703151,0,0,0,0
1999-03-26,0,0.373554730518892,0.363925739777957,0.262519529703151,0,0,0,0
1999-03-29,0,0.373554730518892,0.363925739777957,0.262519529703151,0,0,0,0
1999-03-30,0,0.373554730518892,0.363925739777957,0.262519529703151,0,0,0,0
1999-03-31,0,0.373554730518892,0.363925739777957,0.262519529703151,0,0,0,0
1999-04-01,0,0.295789932491269,0.353586294970579,0.350623772538152,0,0,0,0
1999-04-05,0,0.295789932491269,0.353586294970579,0.350623772538152,0,0,0,0
1999-04-06,0,0.295789932491269,0.353586294970579,0.350623772538152,0,0,0,0
1999-04-07,0,0.295789932491269,0.353586294970579,0.350623772538152,0,0,0,0
1999-04-08,0,0.295789932491269,0.353586294970579,0.350623772538152,0,0,0,0
1999-04-09,0,0.295789932491269,0.353586294970579,0.350623772538152,0,0,0,0
1999-04-12,0,0.295789932491269,0.353586294970579,0.350623772538152,0,0,0,0
1999-04-13,0,0.295789932491269,0.353586294970579,0.350623772538152,0,0,0,0
1999-04-14,0,0.295789932491269,0.353586294970579,0.350623772538152,0,0,0,0
1999-04-15,0,0.295789932491269,0.353586294970579,0.350623772538152,0,0,0,0
1999-04-16,0,0.295789932491269,0.353586294970579,0.350623772538152,0,0,0,0
1999-04-19,0,0.295789932491269,0.353586294970579,0.350623772538152,0,0,0,0
1999-04-20,0,0.295789932491269,0.353586294970579,0.350623772538152,0,0,0,0
1999-04-21,0,0.295789932491269,0.353586294970579,0.350623772538152,0,0,0,0
1999-04-22,0,0.295789932491269,0.353586294970579,0.350623772538152,0,0,0,0
1999-04-23,0,0.295789932491269,0.353586294970579,0.350623772538152,0,0,0,0
1999-04-26,0,0.295789932491269,0.353586294970579,0.350623772538152,0,0,0,0
1999-04-27,0,0.295789932491269,0.353586294970579,0.350623772538152,0,0,0,0
1999-04-28,0,0.295789932491269,0.353586294970579,0.350623772538152,0,0,0,0
1999-04-29,0,0.295789932491269,0.353586294970579,0.350623772538152,0,0,0,0
1999-04-30,0,0.295789932491269,0.353586294970579,0.350623772538152,0,0,0,0
1999-05-03,0,0.317148086028015,0.321754796671674,0.361097117300311,0,0,0,0
1999-05-04,0,0.317148086028015,0.321754796671674,0.361097117300311,0,0,0,0
1999-05-05,0,0.317148086028015,0.321754796671674,0.361097117300311,0,0,0,0
1999-05-06,0,0.317148086028015,0.321754796671674,0.361097117300311,0,0,0,0
1999-05-07,0,0.317148086028015,0.321754796671674,0.361097117300311,0,0,0,0
1999-05-10,0,0.317148086028015,0.321754796671674,0.361097117300311,0,0,0,0
1999-05-11,0,0.317148086028015,0.321754796671674,0.361097117300311,0,0,0,0
1999-05-12,0,0.317148086028015,0.321754796671674,0.361097117300311,0,0,0,0
1999-05-13,0,0.317148086028015,0.321754796671674,0.361097117300311,0,0,0,0
1999-05-14,0,0.317148086028015,0.321754796671674,0.361097117300311,0,0,0,0
1999-05-17,0,0.317148086028015,0.321754796671674,0.361097117300311,0,0,0,0
1999-05-18,0,0.317148086028015,0.321754796671674,0.361097117300311,0,0,0,0
1999-05-19,0,0.317148086028015,0.321754796671674,0.361097117300311,0,0,0,0
1999-05-20,0,0.317148086028015,0.321754796671674,0.361097117300311,0,0,0,0
1999-05-21,0,0.317148086028015,0.321754796671674,0.361097117300311,0,0,0,0
1999-05-24,0,0.317148086028015,0.321754796671674,0.361097117300311,0,0,0,0
1999-05-25,0,0.317148086028015,0.321754796671674,0.361097117300311,0,0,0,0
1999-05-26,0,0.317148086028015,0.321754796671674,0.361097117300311,0,0,0,0
1999-05-27,0,0.317148086028015,0.321754796671674,0.361097117300311,0,0,0,0
1999-05-28,0,0.317148086028015,0.321754796671674,0.361097117300311,0,0,0,0
1999-06-01,0,0.327705933732372,0,0.291144176545503,0.381149889722125,0,0,0
1999-06-02,0,0.327705933732372,0,0.291144176545503,0.381149889722125,0,0,0
1999-06-03,0,0.327705933732372,0,0.291144176545503,0.381149889722125,0,0,0
1999-06-04,0,0.327705933732372,0,0.291144176545503,0.381149889722125,0,0,0
1999-06-07,0,0.327705933732372,0,0.291144176545503,0.381149889722125,0,0,0
1999-06-08,0,0.327705933732372,0,0.291144176545503,0.381149889722125,0,0,0
1999-06-09,0,0.327705933732372,0,0.291144176545503,0.381149889722125,0,0,0
1999-06-10,0,0.327705933732372,0,0.291144176545503,0.381149889722125,0,0,0
1999-06-11,0,0.327705933732372,0,0.291144176545503,0.381149889722125,0,0,0
1999-06-14,0,0.327705933732372,0,0.291144176545503,0.381149889722125,0,0,0
1999-06-15,0,0.327705933732372,0,0.291144176545503,0.381149889722125,0,0,0
1999-06-16,0,0.327705933732372,0,0.291144176545503,0.381149889722125,0,0,0
1999-06-17,0,0.327705933732372,0,0.291144176545503,0.381149889722125,0,0,0
1999-06-18,0,0.327705933732372,0,0.291144176545503,0.381149889722125,0,0,0
1999-06-21,0,0.327705933732372,0,0.291144176545503,0.381149889722125,0,0,0
1999-06-22,0,0.327705933732372,0,0.291144176545503,0.381149889722125,0,0,0
1999-06-23,0,0.327705933732372,0,0.291144176545503,0.381149889722125,0,0,0
1999-06-24,0,0.327705933732372,0,0.291144176545503,0.381149889722125,0,0,0
1999-06-25,0,0.327705933732372,0,0.291144176545503,0.381149889722125,0,0,0
1999-06-28,0,0.327705933732372,0,0.291144176545503,0.381149889722125,0,0,0
1999-06-29,0,0.327705933732372,0,0.291144176545503,0.381149889722125,0,0,0
1999-06-30,0,0.327705933732372,0,0.291144176545503,0.381149889722125,0,0,0
1999-07-01,0,0.229494943471046,0,0.28247473352869,0.488030323000263,0,0,0
1999-07-02,0,0.229494943471046,0,0.28247473352869,0.488030323000263,0,0,0
1999-07-06,0,0.229494943471046,0,0.28247473352869,0.488030323000263,0,0,0
1999-07-07,0,0.229494943471046,0,0.28247473352869,0.488030323000263,0,0,0
1999-07-08,0,0.229494943471046,0,0.28247473352869,0.488030323000263,0,0,0
1999-07-09,0,0.229494943471046,0,0.28247473352869,0.488030323000263,0,0,0
1999-07-12,0,0.229494943471046,0,0.28247473352869,0.488030323000263,0,0,0
1999-07-13,0,0.229494943471046,0,0.28247473352869,0.488030323000263,0,0,0
1999-07-14,0,0.229494943471046,0,0.28247473352869,0.488030323000263,0,0,0
1999-07-15,0,0.229494943471046,0,0.28247473352869,0.488030323000263,0,0,0
1999-07-16,0,0.229494943471046,0,0.28247473352869,0.488030323000263,0,0,0
1999-07-19,0,0.229494943471046,0,0.28247473352869,0.488030323000263,0,0,0
1999-07-20,0,0.229494943471046,0,0.28247473352869,0.488030323000263,0,0,0
1999-07-21,0,0.229494943471046,0,0.28247473352869,0.488030323000263,0,0,0
1999-07-22,0,0.229494943471046,0,0.28247473352869,0.488030323000263,0,0,0
1999-07-23,0,0.229494943471046,0,0.28247473352869,0.488030323000263,0,0,0
1999-07-26,0,0.229494943471046,0,0.28247473352869,0.488030323000263,0,0,0
1999-07-27,0,0.229494943471046,0,0.28247473352869,0.488030323000263,0,0,0
1999-07-28,0,0.229494943471046,0,0.28247473352869,0.488030323000263,0,0,0
1999-07-29,0,0.229494943471046,0,0.28247473352869,0.488030323000263,0,0,0
1999-07-30,0,0.229494943471046,0,0.28247473352869,0.488030323000263,0,0,0
1999-08-02,0,0.222015653725012,0,0.25963645054544,0.518347895729547,0,0,0
1999-08-03,0,0.222015653725012,0,0.25963645054544,0.518347895729547,0,0,0
1999-08-04,0,0.222015653725012,0,0.25963645054544,0.518347895729547,0,0,0
1999-08-05,0,0.222015653725012,0,0.25963645054544,0.518347895729547,0,0,0
1999-08-06,0,0.222015653725012,0,0.25963645054544,0.518347895729547,0,0,0
1999-08-09,0,0.222015653725012,0,0.25963645054544,0.518347895729547,0,0,0
1999-08-10,0,0.222015653725012,0,0.25963645054544,0.518347895729547,0,0,0
1999-08-11,0,0.222015653725012,0,0.25963645054544,0.518347895729547,0,0,0
1999-08-12,0,0.222015653725012,0,0.25963645054544,0.518347895729547,0,0,0
1999-08-13,0,0.222015653725012,0,0.25963645054544,0.518347895729547,0,0,0
1999-08-16,0,0.222015653725012,0,0.25963645054544,0.518347895729547,0,0,0
1999-08-17,0,0.222015653725012,0,0.25963645054544,0.518347895729547,0,0,0
1999-08-18,0,0.222015653725012,0,0.25963645054544,0.518347895729547,0,0,0
1999-08-19,0,0.222015653725012,0,0.25963645054544,0.518347895729547,0,0,0
1999-08-20,0,0.222015653725012,0,0.25963645054544,0.518347895729547,0,0,0
1999-08-23,0,0.222015653725012,0,0.25963645054544,0.518347895729547,0,0,0
1999-08-24,0,0.222015653725012,0,0.25963645054544,0.518347895729547,0,0,0
1999-08-25,0,0.222015653725012,0,0.25963645054544,0.518347895729547,0,0,0
1999-08-26,0,0.222015653725012,0,0.25963645054544,0.518347895729547,0,0,0
1999-08-27,0,0.222015653725012,0,0.25963645054544,0.518347895729547,0,0,0
1999-08-30,0,0.222015653725012,0,0.25963645054544,0.518347895729547,0,0,0
1999-08-31,0,0.222015653725012,0,0.25963645054544,0.518347895729547,0,0,0
1999-09-01,0,0.222856150504195,0,0.281368392263543,0.495775457232262,0,0,0
1999-09-02,0,0.222856150504195,0,0.281368392263543,0.495775457232262,0,0,0
1999-09-03,0,0.222856150504195,0,0.281368392263543,0.495775457232262,0,0,0
1999-09-07,0,0.222856150504195,0,0.281368392263543,0.495775457232262,0,0,0
1999-09-08,0,0.222856150504195,0,0.281368392263543,0.495775457232262,0,0,0
1999-09-09,0,0.222856150504195,0,0.281368392263543,0.495775457232262,0,0,0
1999-09-10,0,0.222856150504195,0,0.281368392263543,0.495775457232262,0,0,0
1999-09-13,0,0.222856150504195,0,0.281368392263543,0.495775457232262,0,0,0
1999-09-14,0,0.222856150504195,0,0.281368392263543,0.495775457232262,0,0,0
1999-09-15,0,0.222856150504195,0,0.281368392263543,0.495775457232262,0,0,0
1999-09-16,0,0.222856150504195,0,0.281368392263543,0.495775457232262,0,0,0
1999-09-17,0,0.222856150504195,0,0.281368392263543,0.495775457232262,0,0,0
1999-09-20,0,0.222856150504195,0,0.281368392263543,0.495775457232262,0,0,0
1999-09-21,0,0.222856150504195,0,0.281368392263543,0.495775457232262,0,0,0
1999-09-22,0,0.222856150504195,0,0.281368392263543,0.495775457232262,0,0,0
1999-09-23,0,0.222856150504195,0,0.281368392263543,0.495775457232262,0,0,0
1999-09-24,0,0.222856150504195,0,0.281368392263543,0.495775457232262,0,0,0
1999-09-27,0,0.222856150504195,0,0.281368392263543,0.495775457232262,0,0,0
1999-09-28,0,0.222856150504195,0,0.281368392263543,0.495775457232262,0,0,0
1999-09-29,0,0.222856150504195,0,0.281368392263543,0.495775457232262,0,0,0
1999-09-30,0,0.222856150504195,0,0.281368392263543,0.495775457232262,0,0,0
1999-10-01,0,0,0,0.774001124795387,0,0,0,0.225998875204613
1999-10-04,0,0,0,0.774001124795387,0,0,0,0.225998875204613
1999-10-05,0,0,0,0.774001124795387,0,0,0,0.225998875204613
1999-10-06,0,0,0,0.774001124795387,0,0,0,0.225998875204613
1999-10-07,0,0,0,0.774001124795387,0,0,0,0.225998875204613
1999-10-08,0,0,0,0.774001124795387,0,0,0,0.225998875204613
1999-10-11,0,0,0,0.774001124795387,0,0,0,0.225998875204613
1999-10-12,0,0,0,0.774001124795387,0,0,0,0.225998875204613
1999-10-13,0,0,0,0.774001124795387,0,0,0,0.225998875204613
1999-10-14,0,0,0,0.774001124795387,0,0,0,0.225998875204613
1999-10-15,0,0,0,0.774001124795387,0,0,0,0.225998875204613
1999-10-18,0,0,0,0.774001124795387,0,0,0,0.225998875204613
1999-10-19,0,0,0,0.774001124795387,0,0,0,0.225998875204613
1999-10-20,0,0,0,0.774001124795387,0,0,0,0.225998875204613
1999-10-21,0,0,0,0.774001124795387,0,0,0,0.225998875204613
1999-10-22,0,0,0,0.774001124795387,0,0,0,0.225998875204613
1999-10-25,0,0,0,0.774001124795387,0,0,0,0.225998875204613
1999-10-26,0,0,0,0.774001124795387,0,0,0,0.225998875204613
1999-10-27,0,0,0,0.774001124795387,0,0,0,0.225998875204613
1999-10-28,0,0,0,0.774001124795387,0,0,0,0.225998875204613
1999-10-29,0,0,0,0.774001124795387,0,0,0,0.225998875204613
1999-11-01,0,0.332207016300006,0.493481581810487,0,0,0,0,0.174311401889508
1999-11-02,0,0.332207016300006,0.493481581810487,0,0,0,0,0.174311401889508
1999-11-03,0,0.332207016300006,0.493481581810487,0,0,0,0,0.174311401889508
1999-11-04,0,0.332207016300006,0.493481581810487,0,0,0,0,0.174311401889508
1999-11-05,0,0.332207016300006,0.493481581810487,0,0,0,0,0.174311401889508
1999-11-08,0,0.332207016300006,0.493481581810487,0,0,0,0,0.174311401889508
1999-11-09,0,0.332207016300006,0.493481581810487,0,0,0,0,0.174311401889508
1999-11-10,0,0.332207016300006,0.493481581810487,0,0,0,0,0.174311401889508
1999-11-11,0,0.332207016300006,0.493481581810487,0,0,0,0,0.174311401889508
1999-11-12,0,0.332207016300006,0.493481581810487,0,0,0,0,0.174311401889508
1999-11-15,0,0.332207016300006,0.493481581810487,0,0,0,0,0.174311401889508
1999-11-16,0,0.332207016300006,0.493481581810487,0,0,0,0,0.174311401889508
1999-11-17,0,0.332207016300006,0.493481581810487,0,0,0,0,0.174311401889508
1999-11-18,0,0.332207016300006,0.493481581810487,0,0,0,0,0.174311401889508
1999-11-19,0,0.332207016300006,0.493481581810487,0,0,0,0,0.174311401889508
1999-11-22,0,0.332207016300006,0.493481581810487,0,0,0,0,0.174311401889508
1999-11-23,0,0.332207016300006,0.493481581810487,0,0,0,0,0.174311401889508
1999-11-24,0,0.332207016300006,0.493481581810487,0,0,0,0,0.174311401889508
1999-11-26,0,0.332207016300006,0.493481581810487,0,0,0,0,0.174311401889508
1999-11-29,0,0.332207016300006,0.493481581810487,0,0,0,0,0.174311401889508
1999-11-30,0,0.332207016300006,0.493481581810487,0,0,0,0,0.174311401889508
1999-12-01,0,0.304446149557481,0,0.431531545724842,0,0,0,0.264022304717677
1999-12-02,0,0.304446149557481,0,0.431531545724842,0,0,0,0.264022304717677
1999-12-03,0,0.304446149557481,0,0.431531545724842,0,0,0,0.264022304717677
1999-12-06,0,0.304446149557481,0,0.431531545724842,0,0,0,0.264022304717677
1999-12-07,0,0.304446149557481,0,0.431531545724842,0,0,0,0.264022304717677
1999-12-08,0,0.304446149557481,0,0.431531545724842,0,0,0,0.264022304717677
1999-12-09,0,0.304446149557481,0,0.431531545724842,0,0,0,0.264022304717677
1999-12-10,0,0.304446149557481,0,0.431531545724842,0,0,0,0.264022304717677
1999-12-13,0,0.304446149557481,0,0.431531545724842,0,0,0,0.264022304717677
1999-12-14,0,0.304446149557481,0,0.431531545724842,0,0,0,0.264022304717677
1999-12-15,0,0.304446149557481,0,0.431531545724842,0,0,0,0.264022304717677
1999-12-16,0,0.304446149557481,0,0.431531545724842,0,0,0,0.264022304717677
1999-12-17,0,0.304446149557481,0,0.431531545724842,0,0,0,0.264022304717677
1999-12-20,0,0.304446149557481,0,0.431531545724842,0,0,0,0.264022304717677
1999-12-21,0,0.304446149557481,0,0.431531545724842,0,0,0,0.264022304717677
1999-12-22,0,0.304446149557481,0,0.431531545724842,0,0,0,0.264022304717677
1999-12-23,0,0.304446149557481,0,0.431531545724842,0,0,0,0.264022304717677
1999-12-27,0,0.304446149557481,0,0.431531545724842,0,0,0,0.264022304717677
1999-12-28,0,0.304446149557481,0,0.431531545724842,0,0,0,0.264022304717677
1999-12-29,0,0.304446149557481,0,0.431531545724842,0,0,0,0.264022304717677
1999-12-30,0,0.304446149557481,0,0.431531545724842,0,0,0,0.264022304717677
1999-12-31,0,0.304446149557481,0,0.431531545724842,0,0,0,0.264022304717677
2000-01-03,0,0,0.322702377313505,0.422927826984824,0,0,0,0.25436979570167
2000-01-04,0,0,0.322702377313505,0.422927826984824,0,0,0,0.25436979570167
2000-01-05,0,0,0.322702377313505,0.422927826984824,0,0,0,0.25436979570167
2000-01-06,0,0,0.322702377313505,0.422927826984824,0,0,0,0.25436979570167
2000-01-07,0,0,0.322702377313505,0.422927826984824,0,0,0,0.25436979570167
2000-01-10,0,0,0.322702377313505,0.422927826984824,0,0,0,0.25436979570167
2000-01-11,0,0,0.322702377313505,0.422927826984824,0,0,0,0.25436979570167
2000-01-12,0,0,0.322702377313505,0.422927826984824,0,0,0,0.25436979570167
2000-01-13,0,0,0.322702377313505,0.422927826984824,0,0,0,0.25436979570167
2000-01-14,0,0,0.322702377313505,0.422927826984824,0,0,0,0.25436979570167
2000-01-18,0,0,0.322702377313505,0.422927826984824,0,0,0,0.25436979570167
2000-01-19,0,0,0.322702377313505,0.422927826984824,0,0,0,0.25436979570167
2000-01-20,0,0,0.322702377313505,0.422927826984824,0,0,0,0.25436979570167
2000-01-21,0,0,0.322702377313505,0.422927826984824,0,0,0,0.25436979570167
2000-01-24,0,0,0.322702377313505,0.422927826984824,0,0,0,0.25436979570167
2000-01-25,0,0,0.322702377313505,0.422927826984824,0,0,0,0.25436979570167
2000-01-26,0,0,0.322702377313505,0.422927826984824,0,0,0,0.25436979570167
2000-01-27,0,0,0.322702377313505,0.422927826984824,0,0,0,0.25436979570167
2000-01-28,0,0,0.322702377313505,0.422927826984824,0,0,0,0.25436979570167
2000-01-31,0,0,0.322702377313505,0.422927826984824,0,0,0,0.25436979570167
2000-02-01,0,0.333267660208031,0.358637298210356,0.308095041581612,0,0,0,0
2000-02-02,0,0.333267660208031,0.358637298210356,0.308095041581612,0,0,0,0
2000-02-03,0,0.333267660208031,0.358637298210356,0.308095041581612,0,0,0,0
2000-02-04,0,0.333267660208031,0.358637298210356,0.308095041581612,0,0,0,0
2000-02-07,0,0.333267660208031,0.358637298210356,0.308095041581612,0,0,0,0
2000-02-08,0,0.333267660208031,0.358637298210356,0.308095041581612,0,0,0,0
2000-02-09,0,0.333267660208031,0.358637298210356,0.308095041581612,0,0,0,0
2000-02-10,0,0.333267660208031,0.358637298210356,0.308095041581612,0,0,0,0
2000-02-11,0,0.333267660208031,0.358637298210356,0.308095041581612,0,0,0,0
2000-02-14,0,0.333267660208031,0.358637298210356,0.308095041581612,0,0,0,0
2000-02-15,0,0.333267660208031,0.358637298210356,0.308095041581612,0,0,0,0
2000-02-16,0,0.333267660208031,0.358637298210356,0.308095041581612,0,0,0,0
2000-02-17,0,0.333267660208031,0.358637298210356,0.308095041581612,0,0,0,0
2000-02-18,0,0.333267660208031,0.358637298210356,0.308095041581612,0,0,0,0
2000-02-22,0,0.333267660208031,0.358637298210356,0.308095041581612,0,0,0,0
2000-02-23,0,0.333267660208031,0.358637298210356,0.308095041581612,0,0,0,0
2000-02-24,0,0.333267660208031,0.358637298210356,0.308095041581612,0,0,0,0
2000-02-25,0,0.333267660208031,0.358637298210356,0.308095041581612,0,0,0,0
2000-02-28,0,0.333267660208031,0.358637298210356,0.308095041581612,0,0,0,0
2000-02-29,0,0.333267660208031,0.358637298210356,0.308095041581612,0,0,0,0
2000-03-01,0,0.33834042379942,0.342903209351237,0.318756366849344,0,0,0,0
2000-03-02,0,0.33834042379942,0.342903209351237,0.318756366849344,0,0,0,0
2000-03-03,0,0.33834042379942,0.342903209351237,0.318756366849344,0,0,0,0
2000-03-06,0,0.33834042379942,0.342903209351237,0.318756366849344,0,0,0,0
2000-03-07,0,0.33834042379942,0.342903209351237,0.318756366849344,0,0,0,0
2000-03-08,0,0.33834042379942,0.342903209351237,0.318756366849344,0,0,0,0
2000-03-09,0,0.33834042379942,0.342903209351237,0.318756366849344,0,0,0,0
2000-03-10,0,0.33834042379942,0.342903209351237,0.318756366849344,0,0,0,0
2000-03-13,0,0.33834042379942,0.342903209351237,0.318756366849344,0,0,0,0
2000-03-14,0,0.33834042379942,0.342903209351237,0.318756366849344,0,0,0,0
2000-03-15,0,0.33834042379942,0.342903209351237,0.318756366849344,0,0,0,0
2000-03-16,0,0.33834042379942,0.342903209351237,0.318756366849344,0,0,0,0
2000-03-17,0,0.33834042379942,0.342903209351237,0.318756366849344,0,0,0,0
2000-03-20,0,0.33834042379942,0.342903209351237,0.318756366849344,0,0,0,0
2000-03-21,0,0.33834042379942,0.342903209351237,0.318756366849344,0,0,0,0
2000-03-22,0,0.33834042379942,0.342903209351237,0.318756366849344,0,0,0,0
2000-03-23,0,0.33834042379942,0.342903209351237,0.318756366849344,0,0,0,0
2000-03-24,0,0.33834042379942,0.342903209351237,0.318756366849344,0,0,0,0
2000-03-27,0,0.33834042379942,0.342903209351237,0.318756366849344,0,0,0,0
2000-03-28,0,0.33834042379942,0.342903209351237,0.318756366849344,0,0,0,0
2000-03-29,0,0.33834042379942,0.342903209351237,0.318756366849344,0,0,0,0
2000-03-30,0,0.33834042379942,0.342903209351237,0.318756366849344,0,0,0,0
2000-03-31,0,0.33834042379942,0.342903209351237,0.318756366849344,0,0,0,0
2000-04-03,0,0.305372195525772,0.323395609158888,0.37123219531534,0,0,0,0
2000-04-04,0,0.305372195525772,0.323395609158888,0.37123219531534,0,0,0,0
2000-04-05,0,0.305372195525772,0.323395609158888,0.37123219531534,0,0,0,0
2000-04-06,0,0.305372195525772,0.323395609158888,0.37123219531534,0,0,0,0
2000-04-07,0,0.305372195525772,0.323395609158888,0.37123219531534,0,0,0,0
2000-04-10,0,0.305372195525772,0.323395609158888,0.37123219531534,0,0,0,0
2000-04-11,0,0.305372195525772,0.323395609158888,0.37123219531534,0,0,0,0
2000-04-12,0,0.305372195525772,0.323395609158888,0.37123219531534,0,0,0,0
2000-04-13,0,0.305372195525772,0.323395609158888,0.37123219531534,0,0,0,0
2000-04-14,0,0.305372195525772,0.323395609158888,0.37123219531534,0,0,0,0
2000-04-17,0,0.305372195525772,0.323395609158888,0.37123219531534,0,0,0,0
2000-04-18,0,0.305372195525772,0.323395609158888,0.37123219531534,0,0,0,0
2000-04-19,0,0.305372195525772,0.323395609158888,0.37123219531534,0,0,0,0
2000-04-20,0,0.305372195525772,0.323395609158888,0.37123219531534,0,0,0,0
2000-04-24,0,0.305372195525772,0.323395609158888,0.37123219531534,0,0,0,0
2000-04-25,0,0.305372195525772,0.323395609158888,0.37123219531534,0,0,0,0
2000-04-26,0,0.305372195525772,0.323395609158888,0.37123219531534,0,0,0,0
2000-04-27,0,0.305372195525772,0.323395609158888,0.37123219531534,0,0,0,0
2000-04-28,0,0.305372195525772,0.323395609158888,0.37123219531534,0,0,0,0
2000-05-01,0,0.130787479304216,0.235540547860027,0,0.633671972835757,0,0,0
2000-05-02,0,0.130787479304216,0.235540547860027,0,0.633671972835757,0,0,0
2000-05-03,0,0.130787479304216,0.235540547860027,0,0.633671972835757,0,0,0
2000-05-04,0,0.130787479304216,0.235540547860027,0,0.633671972835757,0,0,0
2000-05-05,0,0.130787479304216,0.235540547860027,0,0.633671972835757,0,0,0
2000-05-08,0,0.130787479304216,0.235540547860027,0,0.633671972835757,0,0,0
2000-05-09,0,0.130787479304216,0.235540547860027,0,0.633671972835757,0,0,0
2000-05-10,0,0.130787479304216,0.235540547860027,0,0.633671972835757,0,0,0
2000-05-11,0,0.130787479304216,0.235540547860027,0,0.633671972835757,0,0,0
2000-05-12,0,0.130787479304216,0.235540547860027,0,0.633671972835757,0,0,0
2000-05-15,0,0.130787479304216,0.235540547860027,0,0.633671972835757,0,0,0
2000-05-16,0,0.130787479304216,0.235540547860027,0,0.633671972835757,0,0,0
2000-05-17,0,0.130787479304216,0.235540547860027,0,0.633671972835757,0,0,0
2000-05-18,0,0.130787479304216,0.235540547860027,0,0.633671972835757,0,0,0
2000-05-19,0,0.130787479304216,0.235540547860027,0,0.633671972835757,0,0,0
2000-05-22,0,0.130787479304216,0.235540547860027,0,0.633671972835757,0,0,0
2000-05-23,0,0.130787479304216,0.235540547860027,0,0.633671972835757,0,0,0
2000-05-24,0,0.130787479304216,0.235540547860027,0,0.633671972835757,0,0,0
2000-05-25,0,0.130787479304216,0.235540547860027,0,0.633671972835757,0,0,0
2000-05-26,0,0.130787479304216,0.235540547860027,0,0.633671972835757,0,0,0
2000-05-30,0,0.130787479304216,0.235540547860027,0,0.633671972835757,0,0,0
2000-05-31,0,0.130787479304216,0.235540547860027,0,0.633671972835757,0,0,0
2000-06-01,0,0,0,0,0.376262112964181,0.390637500227714,0.233100386808105,0
2000-06-02,0,0,0,0,0.376262112964181,0.390637500227714,0.233100386808105,0
2000-06-05,0,0,0,0,0.376262112964181,0.390637500227714,0.233100386808105,0
2000-06-06,0,0,0,0,0.376262112964181,0.390637500227714,0.233100386808105,0
2000-06-07,0,0,0,0,0.376262112964181,0.390637500227714,0.233100386808105,0
2000-06-08,0,0,0,0,0.376262112964181,0.390637500227714,0.233100386808105,0
2000-06-09,0,0,0,0,0.376262112964181,0.390637500227714,0.233100386808105,0
2000-06-12,0,0,0,0,0.376262112964181,0.390637500227714,0.233100386808105,0
2000-06-13,0,0,0,0,0.376262112964181,0.390637500227714,0.233100386808105,0
2000-06-14,0,0,0,0,0.376262112964181,0.390637500227714,0.233100386808105,0
2000-06-15,0,0,0,0,0.376262112964181,0.390637500227714,0.233100386808105,0
2000-06-16,0,0,0,0,0.376262112964181,0.390637500227714,0.233100386808105,0
2000-06-19,0,0,0,0,0.376262112964181,0.390637500227714,0.233100386808105,0
2000-06-20,0,0,0,0,0.376262112964181,0.390637500227714,0.233100386808105,0
2000-06-21,0,0,0,0,0.376262112964181,0.390637500227714,0.233100386808105,0
2000-06-22,0,0,0,0,0.376262112964181,0.390637500227714,0.233100386808105,0
2000-06-23,0,0,0,0,0.376262112964181,0.390637500227714,0.233100386808105,0
2000-06-26,0,0,0,0,0.376262112964181,0.390637500227714,0.233100386808105,0
2000-06-27,0,0,0,0,0.376262112964181,0.390637500227714,0.233100386808105,0
2000-06-28,0,0,0,0,0.376262112964181,0.390637500227714,0.233100386808105,0
2000-06-29,0,0,0,0,0.376262112964181,0.390637500227714,0.233100386808105,0
2000-06-30,0,0,0,0,0.376262112964181,0.390637500227714,0.233100386808105,0
2000-07-03,0,0,0,0,0.294039651890021,0.452615527660477,0.253344820449502,0
2000-07-05,0,0,0,0,0.294039651890021,0.452615527660477,0.253344820449502,0
2000-07-06,0,0,0,0,0.294039651890021,0.452615527660477,0.253344820449502,0
2000-07-07,0,0,0,0,0.294039651890021,0.452615527660477,0.253344820449502,0
2000-07-10,0,0,0,0,0.294039651890021,0.452615527660477,0.253344820449502,0
2000-07-11,0,0,0,0,0.294039651890021,0.452615527660477,0.253344820449502,0
2000-07-12,0,0,0,0,0.294039651890021,0.452615527660477,0.253344820449502,0
2000-07-13,0,0,0,0,0.294039651890021,0.452615527660477,0.253344820449502,0
2000-07-14,0,0,0,0,0.294039651890021,0.452615527660477,0.253344820449502,0
2000-07-17,0,0,0,0,0.294039651890021,0.452615527660477,0.253344820449502,0
2000-07-18,0,0,0,0,0.294039651890021,0.452615527660477,0.253344820449502,0
2000-07-19,0,0,0,0,0.294039651890021,0.452615527660477,0.253344820449502,0
2000-07-20,0,0,0,0,0.294039651890021,0.452615527660477,0.253344820449502,0
2000-07-21,0,0,0,0,0.294039651890021,0.452615527660477,0.253344820449502,0
2000-07-24,0,0,0,0,0.294039651890021,0.452615527660477,0.253344820449502,0
2000-07-25,0,0,0,0,0.294039651890021,0.452615527660477,0.253344820449502,0
2000-07-26,0,0,0,0,0.294039651890021,0.452615527660477,0.253344820449502,0
2000-07-27,0,0,0,0,0.294039651890021,0.452615527660477,0.253344820449502,0
2000-07-28,0,0,0,0,0.294039651890021,0.452615527660477,0.253344820449502,0
2000-07-31,0,0,0,0,0.294039651890021,0.452615527660477,0.253344820449502,0
2000-08-01,0,0,0,0,0.224186597569977,0.484419254143275,0.291394148286749,0
2000-08-02,0,0,0,0,0.224186597569977,0.484419254143275,0.291394148286749,0
2000-08-03,0,0,0,0,0.224186597569977,0.484419254143275,0.291394148286749,0
2000-08-04,0,0,0,0,0.224186597569977,0.484419254143275,0.291394148286749,0
2000-08-07,0,0,0,0,0.224186597569977,0.484419254143275,0.291394148286749,0
2000-08-08,0,0,0,0,0.224186597569977,0.484419254143275,0.291394148286749,0
2000-08-09,0,0,0,0,0.224186597569977,0.484419254143275,0.291394148286749,0
2000-08-10,0,0,0,0,0.224186597569977,0.484419254143275,0.291394148286749,0
2000-08-11,0,0,0,0,0.224186597569977,0.484419254143275,0.291394148286749,0
2000-08-14,0,0,0,0,0.224186597569977,0.484419254143275,0.291394148286749,0
2000-08-15,0,0,0,0,0.224186597569977,0.484419254143275,0.291394148286749,0
2000-08-16,0,0,0,0,0.224186597569977,0.484419254143275,0.291394148286749,0
2000-08-17,0,0,0,0,0.224186597569977,0.484419254143275,0.291394148286749,0
2000-08-18,0,0,0,0,0.224186597569977,0.484419254143275,0.291394148286749,0
2000-08-21,0,0,0,0,0.224186597569977,0.484419254143275,0.291394148286749,0
2000-08-22,0,0,0,0,0.224186597569977,0.484419254143275,0.291394148286749,0
2000-08-23,0,0,0,0,0.224186597569977,0.484419254143275,0.291394148286749,0
2000-08-24,0,0,0,0,0.224186597569977,0.484419254143275,0.291394148286749,0
2000-08-25,0,0,0,0,0.224186597569977,0.484419254143275,0.291394148286749,0
2000-08-28,0,0,0,0,0.224186597569977,0.484419254143275,0.291394148286749,0
2000-08-29,0,0,0,0,0.224186597569977,0.484419254143275,0.291394148286749,0
2000-08-30,0,0,0,0,0.224186597569977,0.484419254143275,0.291394148286749,0
2000-08-31,0,0,0,0,0.224186597569977,0.484419254143275,0.291394148286749,0
2000-09-01,0,0,0,0,0.26189399027274,0.438800699306103,0.299305310421157,0
2000-09-05,0,0,0,0,0.26189399027274,0.438800699306103,0.299305310421157,0
2000-09-06,0,0,0,0,0.26189399027274,0.438800699306103,0.299305310421157,0
2000-09-07,0,0,0,0,0.26189399027274,0.438800699306103,0.299305310421157,0
2000-09-08,0,0,0,0,0.26189399027274,0.438800699306103,0.299305310421157,0
2000-09-11,0,0,0,0,0.26189399027274,0.438800699306103,0.299305310421157,0
2000-09-12,0,0,0,0,0.26189399027274,0.438800699306103,0.299305310421157,0
2000-09-13,0,0,0,0,0.26189399027274,0.438800699306103,0.299305310421157,0
2000-09-14,0,0,0,0,0.26189399027274,0.438800699306103,0.299305310421157,0
2000-09-15,0,0,0,0,0.26189399027274,0.438800699306103,0.299305310421157,0
2000-09-18,0,0,0,0,0.26189399027274,0.438800699306103,0.299305310421157,0
2000-09-19,0,0,0,0,0.26189399027274,0.438800699306103,0.299305310421157,0
2000-09-20,0,0,0,0,0.26189399027274,0.438800699306103,0.299305310421157,0
2000-09-21,0,0,0,0,0.26189399027274,0.438800699306103,0.299305310421157,0
2000-09-22,0,0,0,0,0.26189399027274,0.438800699306103,0.299305310421157,0
2000-09-25,0,0,0,0,0.26189399027274,0.438800699306103,0.299305310421157,0
2000-09-26,0,0,0,0,0.26189399027274,0.438800699306103,0.299305310421157,0
2000-09-27,0,0,0,0,0.26189399027274,0.438800699306103,0.299305310421157,0
2000-09-28,0,0,0,0,0.26189399027274,0.438800699306103,0.299305310421157,0
2000-09-29,0,0,0,0,0.26189399027274,0.438800699306103,0.299305310421157,0
2000-10-02,0,0,0,0,0.226661836227297,0.496057551857292,0.277280611915411,0
2000-10-03,0,0,0,0,0.226661836227297,0.496057551857292,0.277280611915411,0
2000-10-04,0,0,0,0,0.226661836227297,0.496057551857292,0.277280611915411,0
2000-10-05,0,0,0,0,0.226661836227297,0.496057551857292,0.277280611915411,0
2000-10-06,0,0,0,0,0.226661836227297,0.496057551857292,0.277280611915411,0
2000-10-09,0,0,0,0,0.226661836227297,0.496057551857292,0.277280611915411,0
2000-10-10,0,0,0,0,0.226661836227297,0.496057551857292,0.277280611915411,0
2000-10-11,0,0,0,0,0.226661836227297,0.496057551857292,0.277280611915411,0
2000-10-12,0,0,0,0,0.226661836227297,0.496057551857292,0.277280611915411,0
2000-10-13,0,0,0,0,0.226661836227297,0.496057551857292,0.277280611915411,0
2000-10-16,0,0,0,0,0.226661836227297,0.496057551857292,0.277280611915411,0
2000-10-17,0,0,0,0,0.226661836227297,0.496057551857292,0.277280611915411,0
2000-10-18,0,0,0,0,0.226661836227297,0.496057551857292,0.277280611915411,0
2000-10-19,0,0,0,0,0.226661836227297,0.496057551857292,0.277280611915411,0
2000-10-20,0,0,0,0,0.226661836227297,0.496057551857292,0.277280611915411,0
2000-10-23,0,0,0,0,0.226661836227297,0.496057551857292,0.277280611915411,0
2000-10-24,0,0,0,0,0.226661836227297,0.496057551857292,0.277280611915411,0
2000-10-25,0,0,0,0,0.226661836227297,0.496057551857292,0.277280611915411,0
2000-10-26,0,0,0,0,0.226661836227297,0.496057551857292,0.277280611915411,0
2000-10-27,0,0,0,0,0.226661836227297,0.496057551857292,0.277280611915411,0
2000-10-30,0,0,0,0,0.226661836227297,0.496057551857292,0.277280611915411,0
2000-10-31,0,0,0,0,0.226661836227297,0.496057551857292,0.277280611915411,0
2000-11-01,0,0.108806541632506,0,0,0,0.583096909890695,0.308096548476798,0
2000-11-02,0,0.108806541632506,0,0,0,0.583096909890695,0.308096548476798,0
2000-11-03,0,0.108806541632506,0,0,0,0.583096909890695,0.308096548476798,0
2000-11-06,0,0.108806541632506,0,0,0,0.583096909890695,0.308096548476798,0
2000-11-07,0,0.108806541632506,0,0,0,0.583096909890695,0.308096548476798,0
2000-11-08,0,0.108806541632506,0,0,0,0.583096909890695,0.308096548476798,0
2000-11-09,0,0.108806541632506,0,0,0,0.583096909890695,0.308096548476798,0
2000-11-10,0,0.108806541632506,0,0,0,0.583096909890695,0.308096548476798,0
2000-11-13,0,0.108806541632506,0,0,0,0.583096909890695,0.308096548476798,0
2000-11-14,0,0.108806541632506,0,0,0,0.583096909890695,0.308096548476798,0
2000-11-15,0,0.108806541632506,0,0,0,0.583096909890695,0.308096548476798,0
2000-11-16,0,0.108806541632506,0,0,0,0.583096909890695,0.308096548476798,0
2000-11-17,0,0.108806541632506,0,0,0,0.583096909890695,0.308096548476798,0
2000-11-20,0,0.108806541632506,0,0,0,0.583096909890695,0.308096548476798,0
2000-11-21,0,0.108806541632506,0,0,0,0.583096909890695,0.308096548476798,0
2000-11-22,0,0.108806541632506,0,0,0,0.583096909890695,0.308096548476798,0
2000-11-24,0,0.108806541632506,0,0,0,0.583096909890695,0.308096548476798,0
2000-11-27,0,0.108806541632506,0,0,0,0.583096909890695,0.308096548476798,0
2000-11-28,0,0.108806541632506,0,0,0,0.583096909890695,0.308096548476798,0
2000-11-29,0,0.108806541632506,0,0,0,0.583096909890695,0.308096548476798,0
2000-11-30,0,0.108806541632506,0,0,0,0.583096909890695,0.308096548476798,0
2000-12-01,0,0,0,0,0.251102898037379,0.464903501715892,0.283993600246729,0
2000-12-04,0,0,0,0,0.251102898037379,0.464903501715892,0.283993600246729,0
2000-12-05,0,0,0,0,0.251102898037379,0.464903501715892,0.283993600246729,0
2000-12-06,0,0,0,0,0.251102898037379,0.464903501715892,0.283993600246729,0
2000-12-07,0,0,0,0,0.251102898037379,0.464903501715892,0.283993600246729,0
2000-12-08,0,0,0,0,0.251102898037379,0.464903501715892,0.283993600246729,0
2000-12-11,0,0,0,0,0.251102898037379,0.464903501715892,0.283993600246729,0
2000-12-12,0,0,0,0,0.251102898037379,0.464903501715892,0.283993600246729,0
2000-12-13,0,0,0,0,0.251102898037379,0.464903501715892,0.283993600246729,0
2000-12-14,0,0,0,0,0.251102898037379,0.464903501715892,0.283993600246729,0
2000-12-15,0,0,0,0,0.251102898037379,0.464903501715892,0.283993600246729,0
2000-12-18,0,0,0,0,0.251102898037379,0.464903501715892,0.283993600246729,0
2000-12-19,0,0,0,0,0.251102898037379,0.464903501715892,0.283993600246729,0
2000-12-20,0,0,0,0,0.251102898037379,0.464903501715892,0.283993600246729,0
2000-12-21,0,0,0,0,0.251102898037379,0.464903501715892,0.283993600246729,0
2000-12-22,0,0,0,0,0.251102898037379,0.464903501715892,0.283993600246729,0
2000-12-26,0,0,0,0,0.251102898037379,0.464903501715892,0.283993600246729,0
2000-12-27,0,0,0,0,0.251102898037379,0.464903501715892,0.283993600246729,0
2000-12-28,0,0,0,0,0.251102898037379,0.464903501715892,0.283993600246729,0
2000-12-29,0,0,0,0,0.251102898037379,0.464903501715892,0.283993600246729,0
2001-01-02,0,0,0,0,0.272347887909909,0.442288290026463,0.285363822063628,0
2001-01-03,0,0,0,0,0.272347887909909,0.442288290026463,0.285363822063628,0
2001-01-04,0,0,0,0,0.272347887909909,0.442288290026463,0.285363822063628,0
2001-01-05,0,0,0,0,0.272347887909909,0.442288290026463,0.285363822063628,0
2001-01-08,0,0,0,0,0.272347887909909,0.442288290026463,0.285363822063628,0
2001-01-09,0,0,0,0,0.272347887909909,0.442288290026463,0.285363822063628,0
2001-01-10,0,0,0,0,0.272347887909909,0.442288290026463,0.285363822063628,0
2001-01-11,0,0,0,0,0.272347887909909,0.442288290026463,0.285363822063628,0
2001-01-12,0,0,0,0,0.272347887909909,0.442288290026463,0.285363822063628,0
2001-01-16,0,0,0,0,0.272347887909909,0.442288290026463,0.285363822063628,0
2001-01-17,0,0,0,0,0.272347887909909,0.442288290026463,0.285363822063628,0
2001-01-18,0,0,0,0,0.272347887909909,0.442288290026463,0.285363822063628,0
2001-01-19,0,0,0,0,0.272347887909909,0.442288290026463,0.285363822063628,0
2001-01-22,0,0,0,0,0.272347887909909,0.442288290026463,0.285363822063628,0
2001-01-23,0,0,0,0,0.272347887909909,0.442288290026463,0.285363822063628,0
2001-01-24,0,0,0,0,0.272347887909909,0.442288290026463,0.285363822063628,0
2001-01-25,0,0,0,0,0.272347887909909,0.442288290026463,0.285363822063628,0
2001-01-26,0,0,0,0,0.272347887909909,0.442288290026463,0.285363822063628,0
2001-01-29,0,0,0,0,0.272347887909909,0.442288290026463,0.285363822063628,0
2001-01-30,0,0,0,0,0.272347887909909,0.442288290026463,0.285363822063628,0
2001-01-31,0,0,0,0,0.272347887909909,0.442288290026463,0.285363822063628,0
2001-02-01,0,0,0,0,0.36248645043519,0.385360214924843,0.252153334639967,0
2001-02-02,0,0,0,0,0.36248645043519,0.385360214924843,0.252153334639967,0
2001-02-05,0,0,0,0,0.36248645043519,0.385360214924843,0.252153334639967,0
2001-02-06,0,0,0,0,0.36248645043519,0.385360214924843,0.252153334639967,0
2001-02-07,0,0,0,0,0.36248645043519,0.385360214924843,0.252153334639967,0
2001-02-08,0,0,0,0,0.36248645043519,0.385360214924843,0.252153334639967,0
2001-02-09,0,0,0,0,0.36248645043519,0.385360214924843,0.252153334639967,0
2001-02-12,0,0,0,0,0.36248645043519,0.385360214924843,0.252153334639967,0
2001-02-13,0,0,0,0,0.36248645043519,0.385360214924843,0.252153334639967,0
2001-02-14,0,0,0,0,0.36248645043519,0.385360214924843,0.252153334639967,0
2001-02-15,0,0,0,0,0.36248645043519,0.385360214924843,0.252153334639967,0
2001-02-16,0,0,0,0,0.36248645043519,0.385360214924843,0.252153334639967,0
2001-02-20,0,0,0,0,0.36248645043519,0.385360214924843,0.252153334639967,0
2001-02-21,0,0,0,0,0.36248645043519,0.385360214924843,0.252153334639967,0
2001-02-22,0,0,0,0,0.36248645043519,0.385360214924843,0.252153334639967,0
2001-02-23,0,0,0,0,0.36248645043519,0.385360214924843,0.252153334639967,0
2001-02-26,0,0,0,0,0.36248645043519,0.385360214924843,0.252153334639967,0
2001-02-27,0,0,0,0,0.36248645043519,0.385360214924843,0.252153334639967,0
2001-02-28,0,0,0,0,0.36248645043519,0.385360214924843,0.252153334639967,0
2001-03-01,0,0,0,0,0.400559392747296,0.370671874803945,0.228768732448759,0
2001-03-02,0,0,0,0,0.400559392747296,0.370671874803945,0.228768732448759,0
2001-03-05,0,0,0,0,0.400559392747296,0.370671874803945,0.228768732448759,0
2001-03-06,0,0,0,0,0.400559392747296,0.370671874803945,0.228768732448759,0
2001-03-07,0,0,0,0,0.400559392747296,0.370671874803945,0.228768732448759,0
2001-03-08,0,0,0,0,0.400559392747296,0.370671874803945,0.228768732448759,0
2001-03-09,0,0,0,0,0.400559392747296,0.370671874803945,0.228768732448759,0
2001-03-12,0,0,0,0,0.400559392747296,0.370671874803945,0.228768732448759,0
2001-03-13,0,0,0,0,0.400559392747296,0.370671874803945,0.228768732448759,0
2001-03-14,0,0,0,0,0.400559392747296,0.370671874803945,0.228768732448759,0
2001-03-15,0,0,0,0,0.400559392747296,0.370671874803945,0.228768732448759,0
2001-03-16,0,0,0,0,0.400559392747296,0.370671874803945,0.228768732448759,0
2001-03-19,0,0,0,0,0.400559392747296,0.370671874803945,0.228768732448759,0
2001-03-20,0,0,0,0,0.400559392747296,0.370671874803945,0.228768732448759,0
2001-03-21,0,0,0,0,0.400559392747296,0.370671874803945,0.228768732448759,0
2001-03-22,0,0,0,0,0.400559392747296,0.370671874803945,0.228768732448759,0
2001-03-23,0,0,0,0,0.400559392747296,0.370671874803945,0.228768732448759,0
2001-03-26,0,0,0,0,0.400559392747296,0.370671874803945,0.228768732448759,0
2001-03-27,0,0,0,0,0.400559392747296,0.370671874803945,0.228768732448759,0
2001-03-28,0,0,0,0,0.400559392747296,0.370671874803945,0.228768732448759,0
2001-03-29,0,0,0,0,0.400559392747296,0.370671874803945,0.228768732448759,0
2001-03-30,0,0,0,0,0.400559392747296,0.370671874803945,0.228768732448759,0
2001-04-02,0,0,0,0,0.308171358368204,0.408347754023564,0.283480887608232,0
2001-04-03,0,0,0,0,0.308171358368204,0.408347754023564,0.283480887608232,0
2001-04-04,0,0,0,0,0.308171358368204,0.408347754023564,0.283480887608232,0
2001-04-05,0,0,0,0,0.308171358368204,0.408347754023564,0.283480887608232,0
2001-04-06,0,0,0,0,0.308171358368204,0.408347754023564,0.283480887608232,0
2001-04-09,0,0,0,0,0.308171358368204,0.408347754023564,0.283480887608232,0
2001-04-10,0,0,0,0,0.308171358368204,0.408347754023564,0.283480887608232,0
2001-04-11,0,0,0,0,0.308171358368204,0.408347754023564,0.283480887608232,0
2001-04-12,0,0,0,0,0.308171358368204,0.408347754023564,0.283480887608232,0
2001-04-16,0,0,0,0,0.308171358368204,0.408347754023564,0.283480887608232,0
2001-04-17,0,0,0,0,0.308171358368204,0.408347754023564,0.283480887608232,0
2001-04-18,0,0,0,0,0.308171358368204,0.408347754023564,0.283480887608232,0
2001-04-19,0,0,0,0,0.308171358368204,0.408347754023564,0.283480887608232,0
2001-04-20,0,0,0,0,0.308171358368204,0.408347754023564,0.283480887608232,0
2001-04-23,0,0,0,0,0.308171358368204,0.408347754023564,0.283480887608232,0
2001-04-24,0,0,0,0,0.308171358368204,0.408347754023564,0.283480887608232,0
2001-04-25,0,0,0,0,0.308171358368204,0.408347754023564,0.283480887608232,0
2001-04-26,0,0,0,0,0.308171358368204,0.408347754023564,0.283480887608232,0
2001-04-27,0,0,0,0,0.308171358368204,0.408347754023564,0.283480887608232,0
2001-04-30,0,0,0,0,0.308171358368204,0.408347754023564,0.283480887608232,0
2001-05-01,0,0,0,0,0.257925494581585,0.613238829951376,0,0.128835675467039
2001-05-02,0,0,0,0,0.257925494581585,0.613238829951376,0,0.128835675467039
2001-05-03,0,0,0,0,0.257925494581585,0.613238829951376,0,0.128835675467039
2001-05-04,0,0,0,0,0.257925494581585,0.613238829951376,0,0.128835675467039
2001-05-07,0,0,0,0,0.257925494581585,0.613238829951376,0,0.128835675467039
2001-05-08,0,0,0,0,0.257925494581585,0.613238829951376,0,0.128835675467039
2001-05-09,0,0,0,0,0.257925494581585,0.613238829951376,0,0.128835675467039
2001-05-10,0,0,0,0,0.257925494581585,0.613238829951376,0,0.128835675467039
2001-05-11,0,0,0,0,0.257925494581585,0.613238829951376,0,0.128835675467039
2001-05-14,0,0,0,0,0.257925494581585,0.613238829951376,0,0.128835675467039
2001-05-15,0,0,0,0,0.257925494581585,0.613238829951376,0,0.128835675467039
2001-05-16,0,0,0,0,0.257925494581585,0.613238829951376,0,0.128835675467039
2001-05-17,0,0,0,0,0.257925494581585,0.613238829951376,0,0.128835675467039
2001-05-18,0,0,0,0,0.257925494581585,0.613238829951376,0,0.128835675467039
2001-05-21,0,0,0,0,0.257925494581585,0.613238829951376,0,0.128835675467039
2001-05-22,0,0,0,0,0.257925494581585,0.613238829951376,0,0.128835675467039
2001-05-23,0,0,0,0,0.257925494581585,0.613238829951376,0,0.128835675467039
2001-05-24,0,0,0,0,0.257925494581585,0.613238829951376,0,0.128835675467039
2001-05-25,0,0,0,0,0.257925494581585,0.613238829951376,0,0.128835675467039
2001-05-29,0,0,0,0,0.257925494581585,0.613238829951376,0,0.128835675467039
2001-05-30,0,0,0,0,0.257925494581585,0.613238829951376,0,0.128835675467039
2001-05-31,0,0,0,0,0.257925494581585,0.613238829951376,0,0.128835675467039
2001-06-01,0,0,0,0,0.337900555643576,0.5557287374236,0,0.106370706932824
2001-06-04,0,0,0,0,0.337900555643576,0.5557287374236,0,0.106370706932824
2001-06-05,0,0,0,0,0.337900555643576,0.5557287374236,0,0.106370706932824
2001-06-06,0,0,0,0,0.337900555643576,0.5557287374236,0,0.106370706932824
2001-06-07,0,0,0,0,0.337900555643576,0.5557287374236,0,0.106370706932824
2001-06-08,0,0,0,0,0.337900555643576,0.5557287374236,0,0.106370706932824
2001-06-11,0,0,0,0,0.337900555643576,0.5557287374236,0,0.106370706932824
2001-06-12,0,0,0,0,0.337900555643576,0.5557287374236,0,0.106370706932824
2001-06-13,0,0,0,0,0.337900555643576,0.5557287374236,0,0.106370706932824
2001-06-14,0,0,0,0,0.337900555643576,0.5557287374236,0,0.106370706932824
2001-06-15,0,0,0,0,0.337900555643576,0.5557287374236,0,0.106370706932824
2001-06-18,0,0,0,0,0.337900555643576,0.5557287374236,0,0.106370706932824
2001-06-19,0,0,0,0,0.337900555643576,0.5557287374236,0,0.106370706932824
2001-06-20,0,0,0,0,0.337900555643576,0.5557287374236,0,0.106370706932824
2001-06-21,0,0,0,0,0.337900555643576,0.5557287374236,0,0.106370706932824
2001-06-22,0,0,0,0,0.337900555643576,0.5557287374236,0,0.106370706932824
2001-06-25,0,0,0,0,0.337900555643576,0.5557287374236,0,0.106370706932824
2001-06-26,0,0,0,0,0.337900555643576,0.5557287374236,0,0.106370706932824
2001-06-27,0,0,0,0,0.337900555643576,0.5557287374236,0,0.106370706932824
2001-06-28,0,0,0,0,0.337900555643576,0.5557287374236,0,0.106370706932824
2001-06-29,0,0,0,0,0.337900555643576,0.5557287374236,0,0.106370706932824
2001-07-02,0,0,0,0,0.80150810823996,0,0,0.19849189176004
2001-07-03,0,0,0,0,0.80150810823996,0,0,0.19849189176004
2001-07-05,0,0,0,0,0.80150810823996,0,0,0.19849189176004
2001-07-06,0,0,0,0,0.80150810823996,0,0,0.19849189176004
2001-07-09,0,0,0,0,0.80150810823996,0,0,0.19849189176004
2001-07-10,0,0,0,0,0.80150810823996,0,0,0.19849189176004
2001-07-11,0,0,0,0,0.80150810823996,0,0,0.19849189176004
2001-07-12,0,0,0,0,0.80150810823996,0,0,0.19849189176004
2001-07-13,0,0,0,0,0.80150810823996,0,0,0.19849189176004
2001-07-16,0,0,0,0,0.80150810823996,0,0,0.19849189176004
2001-07-17,0,0,0,0,0.80150810823996,0,0,0.19849189176004
2001-07-18,0,0,0,0,0.80150810823996,0,0,0.19849189176004
2001-07-19,0,0,0,0,0.80150810823996,0,0,0.19849189176004
2001-07-20,0,0,0,0,0.80150810823996,0,0,0.19849189176004
2001-07-23,0,0,0,0,0.80150810823996,0,0,0.19849189176004
2001-07-24,0,0,0,0,0.80150810823996,0,0,0.19849189176004
2001-07-25,0,0,0,0,0.80150810823996,0,0,0.19849189176004
2001-07-26,0,0,0,0,0.80150810823996,0,0,0.19849189176004
2001-07-27,0,0,0,0,0.80150810823996,0,0,0.19849189176004
2001-07-30,0,0,0,0,0.80150810823996,0,0,0.19849189176004
2001-07-31,0,0,0,0,0.80150810823996,0,0,0.19849189176004
2001-08-01,0,0,0,0,0.291813757769486,0.604527235576523,0,0.103659006653991
2001-08-02,0,0,0,0,0.291813757769486,0.604527235576523,0,0.103659006653991
2001-08-03,0,0,0,0,0.291813757769486,0.604527235576523,0,0.103659006653991
2001-08-06,0,0,0,0,0.291813757769486,0.604527235576523,0,0.103659006653991
2001-08-07,0,0,0,0,0.291813757769486,0.604527235576523,0,0.103659006653991
2001-08-08,0,0,0,0,0.291813757769486,0.604527235576523,0,0.103659006653991
2001-08-09,0,0,0,0,0.291813757769486,0.604527235576523,0,0.103659006653991
2001-08-10,0,0,0,0,0.291813757769486,0.604527235576523,0,0.103659006653991
2001-08-13,0,0,0,0,0.291813757769486,0.604527235576523,0,0.103659006653991
2001-08-14,0,0,0,0,0.291813757769486,0.604527235576523,0,0.103659006653991
2001-08-15,0,0,0,0,0.291813757769486,0.604527235576523,0,0.103659006653991
2001-08-16,0,0,0,0,0.291813757769486,0.604527235576523,0,0.103659006653991
2001-08-17,0,0,0,0,0.291813757769486,0.604527235576523,0,0.103659006653991
2001-08-20,0,0,0,0,0.291813757769486,0.604527235576523,0,0.103659006653991
2001-08-21,0,0,0,0,0.291813757769486,0.604527235576523,0,0.103659006653991
2001-08-22,0,0,0,0,0.291813757769486,0.604527235576523,0,0.103659006653991
2001-08-23,0,0,0,0,0.291813757769486,0.604527235576523,0,0.103659006653991
2001-08-24,0,0,0,0,0.291813757769486,0.604527235576523,0,0.103659006653991
2001-08-27,0,0,0,0,0.291813757769486,0.604527235576523,0,0.103659006653991
2001-08-28,0,0,0,0,0.291813757769486,0.604527235576523,0,0.103659006653991
2001-08-29,0,0,0,0,0.291813757769486,0.604527235576523,0,0.103659006653991
2001-08-30,0,0,0,0,0.291813757769486,0.604527235576523,0,0.103659006653991
2001-08-31,0,0,0,0,0.291813757769486,0.604527235576523,0,0.103659006653991
2001-09-04,0,0,0,0,0.245822197720179,0.627613701703788,0,0.126564100576033
2001-09-05,0,0,0,0,0.245822197720179,0.627613701703788,0,0.126564100576033
2001-09-06,0,0,0,0,0.245822197720179,0.627613701703788,0,0.126564100576033
2001-09-07,0,0,0,0,0.245822197720179,0.627613701703788,0,0.126564100576033
2001-09-10,0,0,0,0,0.245822197720179,0.627613701703788,0,0.126564100576033
2001-09-17,0,0,0,0,0.245822197720179,0.627613701703788,0,0.126564100576033
2001-09-18,0,0,0,0,0.245822197720179,0.627613701703788,0,0.126564100576033
2001-09-19,0,0,0,0,0.245822197720179,0.627613701703788,0,0.126564100576033
2001-09-20,0,0,0,0,0.245822197720179,0.627613701703788,0,0.126564100576033
2001-09-21,0,0,0,0,0.245822197720179,0.627613701703788,0,0.126564100576033
2001-09-24,0,0,0,0,0.245822197720179,0.627613701703788,0,0.126564100576033
2001-09-25,0,0,0,0,0.245822197720179,0.627613701703788,0,0.126564100576033
2001-09-26,0,0,0,0,0.245822197720179,0.627613701703788,0,0.126564100576033
2001-09-27,0,0,0,0,0.245822197720179,0.627613701703788,0,0.126564100576033
2001-09-28,0,0,0,0,0.245822197720179,0.627613701703788,0,0.126564100576033
2001-10-01,0,0,0,0,0.268491241176155,0.581877178154804,0,0.149631580669041
2001-10-02,0,0,0,0,0.268491241176155,0.581877178154804,0,0.149631580669041
2001-10-03,0,0,0,0,0.268491241176155,0.581877178154804,0,0.149631580669041
2001-10-04,0,0,0,0,0.268491241176155,0.581877178154804,0,0.149631580669041
2001-10-05,0,0,0,0,0.268491241176155,0.581877178154804,0,0.149631580669041
2001-10-08,0,0,0,0,0.268491241176155,0.581877178154804,0,0.149631580669041
2001-10-09,0,0,0,0,0.268491241176155,0.581877178154804,0,0.149631580669041
2001-10-10,0,0,0,0,0.268491241176155,0.581877178154804,0,0.149631580669041
2001-10-11,0,0,0,0,0.268491241176155,0.581877178154804,0,0.149631580669041
2001-10-12,0,0,0,0,0.268491241176155,0.581877178154804,0,0.149631580669041
2001-10-15,0,0,0,0,0.268491241176155,0.581877178154804,0,0.149631580669041
2001-10-16,0,0,0,0,0.268491241176155,0.581877178154804,0,0.149631580669041
2001-10-17,0,0,0,0,0.268491241176155,0.581877178154804,0,0.149631580669041
2001-10-18,0,0,0,0,0.268491241176155,0.581877178154804,0,0.149631580669041
2001-10-19,0,0,0,0,0.268491241176155,0.581877178154804,0,0.149631580669041
2001-10-22,0,0,0,0,0.268491241176155,0.581877178154804,0,0.149631580669041
2001-10-23,0,0,0,0,0.268491241176155,0.581877178154804,0,0.149631580669041
2001-10-24,0,0,0,0,0.268491241176155,0.581877178154804,0,0.149631580669041
2001-10-25,0,0,0,0,0.268491241176155,0.581877178154804,0,0.149631580669041
2001-10-26,0,0,0,0,0.268491241176155,0.581877178154804,0,0.149631580669041
2001-10-29,0,0,0,0,0.268491241176155,0.581877178154804,0,0.149631580669041
2001-10-30,0,0,0,0,0.268491241176155,0.581877178154804,0,0.149631580669041
2001-10-31,0,0,0,0,0.268491241176155,0.581877178154804,0,0.149631580669041
2001-11-01,0,0,0,0,0,0.491678105834296,0.333584847303995,0.174737046861709
2001-11-02,0,0,0,0,0,0.491678105834296,0.333584847303995,0.174737046861709
2001-11-05,0,0,0,0,0,0.491678105834296,0.333584847303995,0.174737046861709
2001-11-06,0,0,0,0,0,0.491678105834296,0.333584847303995,0.174737046861709
2001-11-07,0,0,0,0,0,0.491678105834296,0.333584847303995,0.174737046861709
2001-11-08,0,0,0,0,0,0.491678105834296,0.333584847303995,0.174737046861709
2001-11-09,0,0,0,0,0,0.491678105834296,0.333584847303995,0.174737046861709
2001-11-12,0,0,0,0,0,0.491678105834296,0.333584847303995,0.174737046861709
2001-11-13,0,0,0,0,0,0.491678105834296,0.333584847303995,0.174737046861709
2001-11-14,0,0,0,0,0,0.491678105834296,0.333584847303995,0.174737046861709
2001-11-15,0,0,0,0,0,0.491678105834296,0.333584847303995,0.174737046861709
2001-11-16,0,0,0,0,0,0.491678105834296,0.333584847303995,0.174737046861709
2001-11-19,0,0,0,0,0,0.491678105834296,0.333584847303995,0.174737046861709
2001-11-20,0,0,0,0,0,0.491678105834296,0.333584847303995,0.174737046861709
2001-11-21,0,0,0,0,0,0.491678105834296,0.333584847303995,0.174737046861709
2001-11-23,0,0,0,0,0,0.491678105834296,0.333584847303995,0.174737046861709
2001-11-26,0,0,0,0,0,0.491678105834296,0.333584847303995,0.174737046861709
2001-11-27,0,0,0,0,0,0.491678105834296,0.333584847303995,0.174737046861709
2001-11-28,0,0,0,0,0,0.491678105834296,0.333584847303995,0.174737046861709
2001-11-29,0,0,0,0,0,0.491678105834296,0.333584847303995,0.174737046861709
2001-11-30,0,0,0,0,0,0.491678105834296,0.333584847303995,0.174737046861709
2001-12-03,0,0,0,0,0.329529317515683,0.42917472318499,0.241295959299326,0
2001-12-04,0,0,0,0,0.329529317515683,0.42917472318499,0.241295959299326,0
2001-12-05,0,0,0,0,0.329529317515683,0.42917472318499,0.241295959299326,0
2001-12-06,0,0,0,0,0.329529317515683,0.42917472318499,0.241295959299326,0
2001-12-07,0,0,0,0,0.329529317515683,0.42917472318499,0.241295959299326,0
2001-12-10,0,0,0,0,0.329529317515683,0.42917472318499,0.241295959299326,0
2001-12-11,0,0,0,0,0.329529317515683,0.42917472318499,0.241295959299326,0
2001-12-12,0,0,0,0,0.329529317515683,0.42917472318499,0.241295959299326,0
2001-12-13,0,0,0,0,0.329529317515683,0.42917472318499,0.241295959299326,0
2001-12-14,0,0,0,0,0.329529317515683,0.42917472318499,0.241295959299326,0
2001-12-17,0,0,0,0,0.329529317515683,0.42917472318499,0.241295959299326,0
2001-12-18,0,0,0,0,0.329529317515683,0.42917472318499,0.241295959299326,0
2001-12-19,0,0,0,0,0.329529317515683,0.42917472318499,0.241295959299326,0
2001-12-20,0,0,0,0,0.329529317515683,0.42917472318499,0.241295959299326,0
2001-12-21,0,0,0,0,0.329529317515683,0.42917472318499,0.241295959299326,0
2001-12-24,0,0,0,0,0.329529317515683,0.42917472318499,0.241295959299326,0
2001-12-26,0,0,0,0,0.329529317515683,0.42917472318499,0.241295959299326,0
2001-12-27,0,0,0,0,0.329529317515683,0.42917472318499,0.241295959299326,0
2001-12-28,0,0,0,0,0.329529317515683,0.42917472318499,0.241295959299326,0
2001-12-31,0,0,0,0,0.329529317515683,0.42917472318499,0.241295959299326,0
2002-01-02,0,0,0,0,0,0.415658900417118,0.250890502886889,0.333450596695993
2002-01-03,0,0,0,0,0,0.415658900417118,0.250890502886889,0.333450596695993
2002-01-04,0,0,0,0,0,0.415658900417118,0.250890502886889,0.333450596695993
2002-01-07,0,0,0,0,0,0.415658900417118,0.250890502886889,0.333450596695993
2002-01-08,0,0,0,0,0,0.415658900417118,0.250890502886889,0.333450596695993
2002-01-09,0,0,0,0,0,0.415658900417118,0.250890502886889,0.333450596695993
2002-01-10,0,0,0,0,0,0.415658900417118,0.250890502886889,0.333450596695993
2002-01-11,0,0,0,0,0,0.415658900417118,0.250890502886889,0.333450596695993
2002-01-14,0,0,0,0,0,0.415658900417118,0.250890502886889,0.333450596695993
2002-01-15,0,0,0,0,0,0.415658900417118,0.250890502886889,0.333450596695993
2002-01-16,0,0,0,0,0,0.415658900417118,0.250890502886889,0.333450596695993
2002-01-17,0,0,0,0,0,0.415658900417118,0.250890502886889,0.333450596695993
2002-01-18,0,0,0,0,0,0.415658900417118,0.250890502886889,0.333450596695993
2002-01-22,0,0,0,0,0,0.415658900417118,0.250890502886889,0.333450596695993
2002-01-23,0,0,0,0,0,0.415658900417118,0.250890502886889,0.333450596695993
2002-01-24,0,0,0,0,0,0.415658900417118,0.250890502886889,0.333450596695993
2002-01-25,0,0,0,0,0,0.415658900417118,0.250890502886889,0.333450596695993
2002-01-28,0,0,0,0,0,0.415658900417118,0.250890502886889,0.333450596695993
2002-01-29,0,0,0,0,0,0.415658900417118,0.250890502886889,0.333450596695993
2002-01-30,0,0,0,0,0,0.415658900417118,0.250890502886889,0.333450596695993
2002-01-31,0,0,0,0,0,0.415658900417118,0.250890502886889,0.333450596695993
2002-02-01,0,0,0,0.517734605631244,0,0,0,0.482265394368756
2002-02-04,0,0,0,0.517734605631244,0,0,0,0.482265394368756
2002-02-05,0,0,0,0.517734605631244,0,0,0,0.482265394368756
2002-02-06,0,0,0,0.517734605631244,0,0,0,0.482265394368756
2002-02-07,0,0,0,0.517734605631244,0,0,0,0.482265394368756
2002-02-08,0,0,0,0.517734605631244,0,0,0,0.482265394368756
2002-02-11,0,0,0,0.517734605631244,0,0,0,0.482265394368756
2002-02-12,0,0,0,0.517734605631244,0,0,0,0.482265394368756
2002-02-13,0,0,0,0.517734605631244,0,0,0,0.482265394368756
2002-02-14,0,0,0,0.517734605631244,0,0,0,0.482265394368756
2002-02-15,0,0,0,0.517734605631244,0,0,0,0.482265394368756
2002-02-19,0,0,0,0.517734605631244,0,0,0,0.482265394368756
2002-02-20,0,0,0,0.517734605631244,0,0,0,0.482265394368756
2002-02-21,0,0,0,0.517734605631244,0,0,0,0.482265394368756
2002-02-22,0,0,0,0.517734605631244,0,0,0,0.482265394368756
2002-02-25,0,0,0,0.517734605631244,0,0,0,0.482265394368756
2002-02-26,0,0,0,0.517734605631244,0,0,0,0.482265394368756
2002-02-27,0,0,0,0.517734605631244,0,0,0,0.482265394368756
2002-02-28,0,0,0,0.517734605631244,0,0,0,0.482265394368756
2002-03-01,0,0,0,0.616540868398079,0,0,0,0.383459131601921
2002-03-04,0,0,0,0.616540868398079,0,0,0,0.383459131601921
2002-03-05,0,0,0,0.616540868398079,0,0,0,0.383459131601921
2002-03-06,0,0,0,0.616540868398079,0,0,0,0.383459131601921
2002-03-07,0,0,0,0.616540868398079,0,0,0,0.383459131601921
2002-03-08,0,0,0,0.616540868398079,0,0,0,0.383459131601921
2002-03-11,0,0,0,0.616540868398079,0,0,0,0.383459131601921
2002-03-12,0,0,0,0.616540868398079,0,0,0,0.383459131601921
2002-03-13,0,0,0,0.616540868398079,0,0,0,0.383459131601921
2002-03-14,0,0,0,0.616540868398079,0,0,0,0.383459131601921
2002-03-15,0,0,0,0.616540868398079,0,0,0,0.383459131601921
2002-03-18,0,0,0,0.616540868398079,0,0,0,0.383459131601921
2002-03-19,0,0,0,0.616540868398079,0,0,0,0.383459131601921
2002-03-20,0,0,0,0.616540868398079,0,0,0,0.383459131601921
2002-03-21,0,0,0,0.616540868398079,0,0,0,0.383459131601921
2002-03-22,0,0,0,0.616540868398079,0,0,0,0.383459131601921
2002-03-25,0,0,0,0.616540868398079,0,0,0,0.383459131601921
2002-03-26,0,0,0,0.616540868398079,0,0,0,0.383459131601921
2002-03-27,0,0,0,0.616540868398079,0,0,0,0.383459131601921
2002-03-28,0,0,0,0.616540868398079,0,0,0,0.383459131601921
2002-04-01,0,0,0,0.248599297828073,0.583079583312877,0,0,0.168321118859049
2002-04-02,0,0,0,0.248599297828073,0.583079583312877,0,0,0.168321118859049
2002-04-03,0,0,0,0.248599297828073,0.583079583312877,0,0,0.168321118859049
2002-04-04,0,0,0,0.248599297828073,0.583079583312877,0,0,0.168321118859049
2002-04-05,0,0,0,0.248599297828073,0.583079583312877,0,0,0.168321118859049
2002-04-08,0,0,0,0.248599297828073,0.583079583312877,0,0,0.168321118859049
2002-04-09,0,0,0,0.248599297828073,0.583079583312877,0,0,0.168321118859049
2002-04-10,0,0,0,0.248599297828073,0.583079583312877,0,0,0.168321118859049
2002-04-11,0,0,0,0.248599297828073,0.583079583312877,0,0,0.168321118859049
2002-04-12,0,0,0,0.248599297828073,0.583079583312877,0,0,0.168321118859049
2002-04-15,0,0,0,0.248599297828073,0.583079583312877,0,0,0.168321118859049
2002-04-16,0,0,0,0.248599297828073,0.583079583312877,0,0,0.168321118859049
2002-04-17,0,0,0,0.248599297828073,0.583079583312877,0,0,0.168321118859049
2002-04-18,0,0,0,0.248599297828073,0.583079583312877,0,0,0.168321118859049
2002-04-19,0,0,0,0.248599297828073,0.583079583312877,0,0,0.168321118859049
2002-04-22,0,0,0,0.248599297828073,0.583079583312877,0,0,0.168321118859049
2002-04-23,0,0,0,0.248599297828073,0.583079583312877,0,0,0.168321118859049
2002-04-24,0,0,0,0.248599297828073,0.583079583312877,0,0,0.168321118859049
2002-04-25,0,0,0,0.248599297828073,0.583079583312877,0,0,0.168321118859049
2002-04-26,0,0,0,0.248599297828073,0.583079583312877,0,0,0.168321118859049
2002-04-29,0,0,0,0.248599297828073,0.583079583312877,0,0,0.168321118859049
2002-04-30,0,0,0,0.248599297828073,0.583079583312877,0,0,0.168321118859049
2002-05-01,0,0,0,0.351626388362264,0.471412960727244,0,0,0.176960650910491
2002-05-02,0,0,0,0.351626388362264,0.471412960727244,0,0,0.176960650910491
2002-05-03,0,0,0,0.351626388362264,0.471412960727244,0,0,0.176960650910491
2002-05-06,0,0,0,0.351626388362264,0.471412960727244,0,0,0.176960650910491
2002-05-07,0,0,0,0.351626388362264,0.471412960727244,0,0,0.176960650910491
2002-05-08,0,0,0,0.351626388362264,0.471412960727244,0,0,0.176960650910491
2002-05-09,0,0,0,0.351626388362264,0.471412960727244,0,0,0.176960650910491
2002-05-10,0,0,0,0.351626388362264,0.471412960727244,0,0,0.176960650910491
2002-05-13,0,0,0,0.351626388362264,0.471412960727244,0,0,0.176960650910491
2002-05-14,0,0,0,0.351626388362264,0.471412960727244,0,0,0.176960650910491
2002-05-15,0,0,0,0.351626388362264,0.471412960727244,0,0,0.176960650910491
2002-05-16,0,0,0,0.351626388362264,0.471412960727244,0,0,0.176960650910491
2002-05-17,0,0,0,0.351626388362264,0.471412960727244,0,0,0.176960650910491
2002-05-20,0,0,0,0.351626388362264,0.471412960727244,0,0,0.176960650910491
2002-05-21,0,0,0,0.351626388362264,0.471412960727244,0,0,0.176960650910491
2002-05-22,0,0,0,0.351626388362264,0.471412960727244,0,0,0.176960650910491
2002-05-23,0,0,0,0.351626388362264,0.471412960727244,0,0,0.176960650910491
2002-05-24,0,0,0,0.351626388362264,0.471412960727244,0,0,0.176960650910491
2002-05-28,0,0,0,0.351626388362264,0.471412960727244,0,0,0.176960650910491
2002-05-29,0,0,0,0.351626388362264,0.471412960727244,0,0,0.176960650910491
2002-05-30,0,0,0,0.351626388362264,0.471412960727244,0,0,0.176960650910491
2002-05-31,0,0,0,0.351626388362264,0.471412960727244,0,0,0.176960650910491
2002-06-03,0,0,0,0,0,0,0,0
2002-06-04,0,0,0,0,0,0,0,0
2002-06-05,0,0,0,0,0,0,0,0
2002-06-06,0,0,0,0,0,0,0,0
2002-06-07,0,0,0,0,0,0,0,0
2002-06-10,0,0,0,0,0,0,0,0
2002-06-11,0,0,0,0,0,0,0,0
2002-06-12,0,0,0,0,0,0,0,0
2002-06-13,0,0,0,0,0,0,0,0
2002-06-14,0,0,0,0,0,0,0,0
2002-06-17,0,0,0,0,0,0,0,0
2002-06-18,0,0,0,0,0,0,0,0
2002-06-19,0,0,0,0,0,0,0,0
2002-06-20,0,0,0,0,0,0,0,0
2002-06-21,0,0,0,0,0,0,0,0
2002-06-24,0,0,0,0,0,0,0,0
2002-06-25,0,0,0,0,0,0,0,0
2002-06-26,0,0,0,0,0,0,0,0
2002-06-27,0,0,0,0,0,0,0,0
2002-06-28,0,0,0,0,0,0,0,0
2002-07-01,0,0,0,0,0.801993527398779,0,0,0.198006472601221
2002-07-02,0,0,0,0,0.801993527398779,0,0,0.198006472601221
2002-07-03,0,0,0,0,0.801993527398779,0,0,0.198006472601221
2002-07-05,0,0,0,0,0.801993527398779,0,0,0.198006472601221
2002-07-08,0,0,0,0,0.801993527398779,0,0,0.198006472601221
2002-07-09,0,0,0,0,0.801993527398779,0,0,0.198006472601221
2002-07-10,0,0,0,0,0.801993527398779,0,0,0.198006472601221
2002-07-11,0,0,0,0,0.801993527398779,0,0,0.198006472601221
2002-07-12,0,0,0,0,0.801993527398779,0,0,0.198006472601221
2002-07-15,0,0,0,0,0.801993527398779,0,0,0.198006472601221
2002-07-16,0,0,0,0,0.801993527398779,0,0,0.198006472601221
2002-07-17,0,0,0,0,0.801993527398779,0,0,0.198006472601221
2002-07-18,0,0,0,0,0.801993527398779,0,0,0.198006472601221
2002-07-19,0,0,0,0,0.801993527398779,0,0,0.198006472601221
2002-07-22,0,0,0,0,0.801993527398779,0,0,0.198006472601221
2002-07-23,0,0,0,0,0.801993527398779,0,0,0.198006472601221
2002-07-24,0,0,0,0,0.801993527398779,0,0,0.198006472601221
2002-07-25,0,0,0,0,0.801993527398779,0,0,0.198006472601221
2002-07-26,0,0,0,0,0.801993527398779,0,0,0.198006472601221
2002-07-29,0,0,0,0,0.801993527398779,0,0,0.198006472601221
2002-07-30,0,0,0,0,0.801993527398779,0,0,0.198006472601221
2002-07-31,0,0,0,0,0.801993527398779,0,0,0.198006472601221
2002-08-01,0,0,0,0,0.199775234336213,0.722169829373949,0,0.0780549362898381
2002-08-02,0,0,0,0,0.199775234336213,0.722169829373949,0,0.0780549362898381
2002-08-05,0,0,0,0,0.199775234336213,0.722169829373949,0,0.0780549362898381
2002-08-06,0,0,0,0,0.199775234336213,0.722169829373949,0,0.0780549362898381
2002-08-07,0,0,0,0,0.199775234336213,0.722169829373949,0,0.0780549362898381
2002-08-08,0,0,0,0,0.199775234336213,0.722169829373949,0,0.0780549362898381
2002-08-09,0,0,0,0,0.199775234336213,0.722169829373949,0,0.0780549362898381
2002-08-12,0,0,0,0,0.199775234336213,0.722169829373949,0,0.0780549362898381
2002-08-13,0,0,0,0,0.199775234336213,0.722169829373949,0,0.0780549362898381
2002-08-14,0,0,0,0,0.199775234336213,0.722169829373949,0,0.0780549362898381
2002-08-15,0,0,0,0,0.199775234336213,0.722169829373949,0,0.0780549362898381
2002-08-16,0,0,0,0,0.199775234336213,0.722169829373949,0,0.0780549362898381
2002-08-19,0,0,0,0,0.199775234336213,0.722169829373949,0,0.0780549362898381
2002-08-20,0,0,0,0,0.199775234336213,0.722169829373949,0,0.0780549362898381
2002-08-21,0,0,0,0,0.199775234336213,0.722169829373949,0,0.0780549362898381
2002-08-22,0,0,0,0,0.199775234336213,0.722169829373949,0,0.0780549362898381
2002-08-23,0,0,0,0,0.199775234336213,0.722169829373949,0,0.0780549362898381
2002-08-26,0,0,0,0,0.199775234336213,0.722169829373949,0,0.0780549362898381
2002-08-27,0,0,0,0,0.199775234336213,0.722169829373949,0,0.0780549362898381
2002-08-28,0,0,0,0,0.199775234336213,0.722169829373949,0,0.0780549362898381
2002-08-29,0,0,0,0,0.199775234336213,0.722169829373949,0,0.0780549362898381
2002-08-30,0,0,0,0,0.199775234336213,0.722169829373949,0,0.0780549362898381
2002-09-03,0,0,0,0,0,0.526859403666107,0.345777426234716,0.127363170099177
2002-09-04,0,0,0,0,0,0.526859403666107,0.345777426234716,0.127363170099177
2002-09-05,0,0,0,0,0,0.526859403666107,0.345777426234716,0.127363170099177
2002-09-06,0,0,0,0,0,0.526859403666107,0.345777426234716,0.127363170099177
2002-09-09,0,0,0,0,0,0.526859403666107,0.345777426234716,0.127363170099177
2002-09-10,0,0,0,0,0,0.526859403666107,0.345777426234716,0.127363170099177
2002-09-11,0,0,0,0,0,0.526859403666107,0.345777426234716,0.127363170099177
2002-09-12,0,0,0,0,0,0.526859403666107,0.345777426234716,0.127363170099177
2002-09-13,0,0,0,0,0,0.526859403666107,0.345777426234716,0.127363170099177
2002-09-16,0,0,0,0,0,0.526859403666107,0.345777426234716,0.127363170099177
2002-09-17,0,0,0,0,0,0.526859403666107,0.345777426234716,0.127363170099177
2002-09-18,0,0,0,0,0,0.526859403666107,0.345777426234716,0.127363170099177
2002-09-19,0,0,0,0,0,0.526859403666107,0.345777426234716,0.127363170099177
2002-09-20,0,0,0,0,0,0.526859403666107,0.345777426234716,0.127363170099177
2002-09-23,0,0,0,0,0,0.526859403666107,0.345777426234716,0.127363170099177
2002-09-24,0,0,0,0,0,0.526859403666107,0.345777426234716,0.127363170099177
2002-09-25,0,0,0,0,0,0.526859403666107,0.345777426234716,0.127363170099177
2002-09-26,0,0,0,0,0,0.526859403666107,0.345777426234716,0.127363170099177
2002-09-27,0,0,0,0,0,0.526859403666107,0.345777426234716,0.127363170099177
2002-09-30,0,0,0,0,0,0.526859403666107,0.345777426234716,0.127363170099177
2002-10-01,0,0,0,0,0,0.495007249520858,0.340967648946639,0.164025101532503
2002-10-02,0,0,0,0,0,0.495007249520858,0.340967648946639,0.164025101532503
2002-10-03,0,0,0,0,0,0.495007249520858,0.340967648946639,0.164025101532503
2002-10-04,0,0,0,0,0,0.495007249520858,0.340967648946639,0.164025101532503
2002-10-07,0,0,0,0,0,0.495007249520858,0.340967648946639,0.164025101532503
2002-10-08,0,0,0,0,0,0.495007249520858,0.340967648946639,0.164025101532503
2002-10-09,0,0,0,0,0,0.495007249520858,0.340967648946639,0.164025101532503
2002-10-10,0,0,0,0,0,0.495007249520858,0.340967648946639,0.164025101532503
2002-10-11,0,0,0,0,0,0.495007249520858,0.340967648946639,0.164025101532503
2002-10-14,0,0,0,0,0,0.495007249520858,0.340967648946639,0.164025101532503
2002-10-15,0,0,0,0,0,0.495007249520858,0.340967648946639,0.164025101532503
2002-10-16,0,0,0,0,0,0.495007249520858,0.340967648946639,0.164025101532503
2002-10-17,0,0,0,0,0,0.495007249520858,0.340967648946639,0.164025101532503
2002-10-18,0,0,0,0,0,0.495007249520858,0.340967648946639,0.164025101532503
2002-10-21,0,0,0,0,0,0.495007249520858,0.340967648946639,0.164025101532503
2002-10-22,0,0,0,0,0,0.495007249520858,0.340967648946639,0.164025101532503
2002-10-23,0,0,0,0,0,0.495007249520858,0.340967648946639,0.164025101532503
2002-10-24,0,0,0,0,0,0.495007249520858,0.340967648946639,0.164025101532503
2002-10-25,0,0,0,0,0,0.495007249520858,0.340967648946639,0.164025101532503
2002-10-28,0,0,0,0,0,0.495007249520858,0.340967648946639,0.164025101532503
2002-10-29,0,0,0,0,0,0.495007249520858,0.340967648946639,0.164025101532503
2002-10-30,0,0,0,0,0,0.495007249520858,0.340967648946639,0.164025101532503
2002-10-31,0,0,0,0,0,0.495007249520858,0.340967648946639,0.164025101532503
2002-11-01,0.999999968509499,0,0,0,0,1.85952217207018e-08,1.28952791641095e-08,0
2002-11-04,0.999999968509499,0,0,0,0,1.85952217207018e-08,1.28952791641095e-08,0
2002-11-05,0.999999968509499,0,0,0,0,1.85952217207018e-08,1.28952791641095e-08,0
2002-11-06,0.999999968509499,0,0,0,0,1.85952217207018e-08,1.28952791641095e-08,0
2002-11-07,0.999999968509499,0,0,0,0,1.85952217207018e-08,1.28952791641095e-08,0
2002-11-08,0.999999968509499,0,0,0,0,1.85952217207018e-08,1.28952791641095e-08,0
2002-11-11,0.999999968509499,0,0,0,0,1.85952217207018e-08,1.28952791641095e-08,0
2002-11-12,0.999999968509499,0,0,0,0,1.85952217207018e-08,1.28952791641095e-08,0
2002-11-13,0.999999968509499,0,0,0,0,1.85952217207018e-08,1.28952791641095e-08,0
2002-11-14,0.999999968509499,0,0,0,0,1.85952217207018e-08,1.28952791641095e-08,0
2002-11-15,0.999999968509499,0,0,0,0,1.85952217207018e-08,1.28952791641095e-08,0
2002-11-18,0.999999968509499,0,0,0,0,1.85952217207018e-08,1.28952791641095e-08,0
2002-11-19,0.999999968509499,0,0,0,0,1.85952217207018e-08,1.28952791641095e-08,0
2002-11-20,0.999999968509499,0,0,0,0,1.85952217207018e-08,1.28952791641095e-08,0
2002-11-21,0.999999968509499,0,0,0,0,1.85952217207018e-08,1.28952791641095e-08,0
2002-11-22,0.999999968509499,0,0,0,0,1.85952217207018e-08,1.28952791641095e-08,0
2002-11-25,0.999999968509499,0,0,0,0,1.85952217207018e-08,1.28952791641095e-08,0
2002-11-26,0.999999968509499,0,0,0,0,1.85952217207018e-08,1.28952791641095e-08,0
2002-11-27,0.999999968509499,0,0,0,0,1.85952217207018e-08,1.28952791641095e-08,0
2002-11-29,0.999999968509499,0,0,0,0,1.85952217207018e-08,1.28952791641095e-08,0
2002-12-02,0.999999972763109,0,0,0,0,1.70124695907558e-08,1.02244210014503e-08,0
2002-12-03,0.999999972763109,0,0,0,0,1.70124695907558e-08,1.02244210014503e-08,0
2002-12-04,0.999999972763109,0,0,0,0,1.70124695907558e-08,1.02244210014503e-08,0
2002-12-05,0.999999972763109,0,0,0,0,1.70124695907558e-08,1.02244210014503e-08,0
2002-12-06,0.999999972763109,0,0,0,0,1.70124695907558e-08,1.02244210014503e-08,0
2002-12-09,0.999999972763109,0,0,0,0,1.70124695907558e-08,1.02244210014503e-08,0
2002-12-10,0.999999972763109,0,0,0,0,1.70124695907558e-08,1.02244210014503e-08,0
2002-12-11,0.999999972763109,0,0,0,0,1.70124695907558e-08,1.02244210014503e-08,0
2002-12-12,0.999999972763109,0,0,0,0,1.70124695907558e-08,1.02244210014503e-08,0
2002-12-13,0.999999972763109,0,0,0,0,1.70124695907558e-08,1.02244210014503e-08,0
2002-12-16,0.999999972763109,0,0,0,0,1.70124695907558e-08,1.02244210014503e-08,0
2002-12-17,0.999999972763109,0,0,0,0,1.70124695907558e-08,1.02244210014503e-08,0
2002-12-18,0.999999972763109,0,0,0,0,1.70124695907558e-08,1.02244210014503e-08,0
2002-12-19,0.999999972763109,0,0,0,0,1.70124695907558e-08,1.02244210014503e-08,0
2002-12-20,0.999999972763109,0,0,0,0,1.70124695907558e-08,1.02244210014503e-08,0
2002-12-23,0.999999972763109,0,0,0,0,1.70124695907558e-08,1.02244210014503e-08,0
2002-12-24,0.999999972763109,0,0,0,0,1.70124695907558e-08,1.02244210014503e-08,0
2002-12-26,0.999999972763109,0,0,0,0,1.70124695907558e-08,1.02244210014503e-08,0
2002-12-27,0.999999972763109,0,0,0,0,1.70124695907558e-08,1.02244210014503e-08,0
2002-12-30,0.999999972763109,0,0,0,0,1.70124695907558e-08,1.02244210014503e-08,0
2002-12-31,0.999999972763109,0,0,0,0,1.70124695907558e-08,1.02244210014503e-08,0
2003-01-02,0,0,0,0,0,0.520634435035158,0.294580646691237,0.184784918273604
2003-01-03,0,0,0,0,0,0.520634435035158,0.294580646691237,0.184784918273604
2003-01-06,0,0,0,0,0,0.520634435035158,0.294580646691237,0.184784918273604
2003-01-07,0,0,0,0,0,0.520634435035158,0.294580646691237,0.184784918273604
2003-01-08,0,0,0,0,0,0.520634435035158,0.294580646691237,0.184784918273604
2003-01-09,0,0,0,0,0,0.520634435035158,0.294580646691237,0.184784918273604
2003-01-10,0,0,0,0,0,0.520634435035158,0.294580646691237,0.184784918273604
2003-01-13,0,0,0,0,0,0.520634435035158,0.294580646691237,0.184784918273604
2003-01-14,0,0,0,0,0,0.520634435035158,0.294580646691237,0.184784918273604
2003-01-15,0,0,0,0,0,0.520634435035158,0.294580646691237,0.184784918273604
2003-01-16,0,0,0,0,0,0.520634435035158,0.294580646691237,0.184784918273604
2003-01-17,0,0,0,0,0,0.520634435035158,0.294580646691237,0.184784918273604
2003-01-21,0,0,0,0,0,0.520634435035158,0.294580646691237,0.184784918273604
2003-01-22,0,0,0,0,0,0.520634435035158,0.294580646691237,0.184784918273604
2003-01-23,0,0,0,0,0,0.520634435035158,0.294580646691237,0.184784918273604
2003-01-24,0,0,0,0,0,0.520634435035158,0.294580646691237,0.184784918273604
2003-01-27,0,0,0,0,0,0.520634435035158,0.294580646691237,0.184784918273604
2003-01-28,0,0,0,0,0,0.520634435035158,0.294580646691237,0.184784918273604
2003-01-29,0,0,0,0,0,0.520634435035158,0.294580646691237,0.184784918273604
2003-01-30,0,0,0,0,0,0.520634435035158,0.294580646691237,0.184784918273604
2003-01-31,0,0,0,0,0,0.520634435035158,0.294580646691237,0.184784918273604
2003-02-03,0,0,0,0,0,0.520782695915549,0.325739371142241,0.15347793294221
2003-02-04,0,0,0,0,0,0.520782695915549,0.325739371142241,0.15347793294221
2003-02-05,0,0,0,0,0,0.520782695915549,0.325739371142241,0.15347793294221
2003-02-06,0,0,0,0,0,0.520782695915549,0.325739371142241,0.15347793294221
2003-02-07,0,0,0,0,0,0.520782695915549,0.325739371142241,0.15347793294221
2003-02-10,0,0,0,0,0,0.520782695915549,0.325739371142241,0.15347793294221
2003-02-11,0,0,0,0,0,0.520782695915549,0.325739371142241,0.15347793294221
2003-02-12,0,0,0,0,0,0.520782695915549,0.325739371142241,0.15347793294221
2003-02-13,0,0,0,0,0,0.520782695915549,0.325739371142241,0.15347793294221
2003-02-14,0,0,0,0,0,0.520782695915549,0.325739371142241,0.15347793294221
2003-02-18,0,0,0,0,0,0.520782695915549,0.325739371142241,0.15347793294221
2003-02-19,0,0,0,0,0,0.520782695915549,0.325739371142241,0.15347793294221
2003-02-20,0,0,0,0,0,0.520782695915549,0.325739371142241,0.15347793294221
2003-02-21,0,0,0,0,0,0.520782695915549,0.325739371142241,0.15347793294221
2003-02-24,0,0,0,0,0,0.520782695915549,0.325739371142241,0.15347793294221
2003-02-25,0,0,0,0,0,0.520782695915549,0.325739371142241,0.15347793294221
2003-02-26,0,0,0,0,0,0.520782695915549,0.325739371142241,0.15347793294221
2003-02-27,0,0,0,0,0,0.520782695915549,0.325739371142241,0.15347793294221
2003-02-28,0,0,0,0,0,0.520782695915549,0.325739371142241,0.15347793294221
2003-03-03,0,0,0,0,0,0.540430649414447,0.31211428500875,0.147455065576803
2003-03-04,0,0,0,0,0,0.540430649414447,0.31211428500875,0.147455065576803
2003-03-05,0,0,0,0,0,0.540430649414447,0.31211428500875,0.147455065576803
2003-03-06,0,0,0,0,0,0.540430649414447,0.31211428500875,0.147455065576803
2003-03-07,0,0,0,0,0,0.540430649414447,0.31211428500875,0.147455065576803
2003-03-10,0,0,0,0,0,0.540430649414447,0.31211428500875,0.147455065576803
2003-03-11,0,0,0,0,0,0.540430649414447,0.31211428500875,0.147455065576803
2003-03-12,0,0,0,0,0,0.540430649414447,0.31211428500875,0.147455065576803
2003-03-13,0,0,0,0,0,0.540430649414447,0.31211428500875,0.147455065576803
2003-03-14,0,0,0,0,0,0.540430649414447,0.31211428500875,0.147455065576803
2003-03-17,0,0,0,0,0,0.540430649414447,0.31211428500875,0.147455065576803
2003-03-18,0,0,0,0,0,0.540430649414447,0.31211428500875,0.147455065576803
2003-03-19,0,0,0,0,0,0.540430649414447,0.31211428500875,0.147455065576803
2003-03-20,0,0,0,0,0,0.540430649414447,0.31211428500875,0.147455065576803
2003-03-21,0,0,0,0,0,0.540430649414447,0.31211428500875,0.147455065576803
2003-03-24,0,0,0,0,0,0.540430649414447,0.31211428500875,0.147455065576803
2003-03-25,0,0,0,0,0,0.540430649414447,0.31211428500875,0.147455065576803
2003-03-26,0,0,0,0,0,0.540430649414447,0.31211428500875,0.147455065576803
2003-03-27,0,0,0,0,0,0.540430649414447,0.31211428500875,0.147455065576803
2003-03-28,0,0,0,0,0,0.540430649414447,0.31211428500875,0.147455065576803
2003-03-31,0,0,0,0,0,0.540430649414447,0.31211428500875,0.147455065576803
2003-04-01,0,0.269520183085396,0,0,0.413657279014396,0,0,0.316822537900208
2003-04-02,0,0.269520183085396,0,0,0.413657279014396,0,0,0.316822537900208
2003-04-03,0,0.269520183085396,0,0,0.413657279014396,0,0,0.316822537900208
2003-04-04,0,0.269520183085396,0,0,0.413657279014396,0,0,0.316822537900208
2003-04-07,0,0.269520183085396,0,0,0.413657279014396,0,0,0.316822537900208
2003-04-08,0,0.269520183085396,0,0,0.413657279014396,0,0,0.316822537900208
2003-04-09,0,0.269520183085396,0,0,0.413657279014396,0,0,0.316822537900208
2003-04-10,0,0.269520183085396,0,0,0.413657279014396,0,0,0.316822537900208
2003-04-11,0,0.269520183085396,0,0,0.413657279014396,0,0,0.316822537900208
2003-04-14,0,0.269520183085396,0,0,0.413657279014396,0,0,0.316822537900208
2003-04-15,0,0.269520183085396,0,0,0.413657279014396,0,0,0.316822537900208
2003-04-16,0,0.269520183085396,0,0,0.413657279014396,0,0,0.316822537900208
2003-04-17,0,0.269520183085396,0,0,0.413657279014396,0,0,0.316822537900208
2003-04-21,0,0.269520183085396,0,0,0.413657279014396,0,0,0.316822537900208
2003-04-22,0,0.269520183085396,0,0,0.413657279014396,0,0,0.316822537900208
2003-04-23,0,0.269520183085396,0,0,0.413657279014396,0,0,0.316822537900208
2003-04-24,0,0.269520183085396,0,0,0.413657279014396,0,0,0.316822537900208
2003-04-25,0,0.269520183085396,0,0,0.413657279014396,0,0,0.316822537900208
2003-04-28,0,0.269520183085396,0,0,0.413657279014396,0,0,0.316822537900208
2003-04-29,0,0.269520183085396,0,0,0.413657279014396,0,0,0.316822537900208
2003-04-30,0,0.269520183085396,0,0,0.413657279014396,0,0,0.316822537900208
2003-05-01,0,0,0,0,0.373642682961103,0,0.48678017627099,0.139577140767906
2003-05-02,0,0,0,0,0.373642682961103,0,0.48678017627099,0.139577140767906
2003-05-05,0,0,0,0,0.373642682961103,0,0.48678017627099,0.139577140767906
2003-05-06,0,0,0,0,0.373642682961103,0,0.48678017627099,0.139577140767906
2003-05-07,0,0,0,0,0.373642682961103,0,0.48678017627099,0.139577140767906
2003-05-08,0,0,0,0,0.373642682961103,0,0.48678017627099,0.139577140767906
2003-05-09,0,0,0,0,0.373642682961103,0,0.48678017627099,0.139577140767906
2003-05-12,0,0,0,0,0.373642682961103,0,0.48678017627099,0.139577140767906
2003-05-13,0,0,0,0,0.373642682961103,0,0.48678017627099,0.139577140767906
2003-05-14,0,0,0,0,0.373642682961103,0,0.48678017627099,0.139577140767906
2003-05-15,0,0,0,0,0.373642682961103,0,0.48678017627099,0.139577140767906
2003-05-16,0,0,0,0,0.373642682961103,0,0.48678017627099,0.139577140767906
2003-05-19,0,0,0,0,0.373642682961103,0,0.48678017627099,0.139577140767906
2003-05-20,0,0,0,0,0.373642682961103,0,0.48678017627099,0.139577140767906
2003-05-21,0,0,0,0,0.373642682961103,0,0.48678017627099,0.139577140767906
2003-05-22,0,0,0,0,0.373642682961103,0,0.48678017627099,0.139577140767906
2003-05-23,0,0,0,0,0.373642682961103,0,0.48678017627099,0.139577140767906
2003-05-27,0,0,0,0,0.373642682961103,0,0.48678017627099,0.139577140767906
2003-05-28,0,0,0,0,0.373642682961103,0,0.48678017627099,0.139577140767906
2003-05-29,0,0,0,0,0.373642682961103,0,0.48678017627099,0.139577140767906
2003-05-30,0,0,0,0,0.373642682961103,0,0.48678017627099,0.139577140767906
2003-06-02,0,0,0,0,0.351717933135903,0,0.445906589302228,0.202375477561869
2003-06-03,0,0,0,0,0.351717933135903,0,0.445906589302228,0.202375477561869
2003-06-04,0,0,0,0,0.351717933135903,0,0.445906589302228,0.202375477561869
2003-06-05,0,0,0,0,0.351717933135903,0,0.445906589302228,0.202375477561869
2003-06-06,0,0,0,0,0.351717933135903,0,0.445906589302228,0.202375477561869
2003-06-09,0,0,0,0,0.351717933135903,0,0.445906589302228,0.202375477561869
2003-06-10,0,0,0,0,0.351717933135903,0,0.445906589302228,0.202375477561869
2003-06-11,0,0,0,0,0.351717933135903,0,0.445906589302228,0.202375477561869
2003-06-12,0,0,0,0,0.351717933135903,0,0.445906589302228,0.202375477561869
2003-06-13,0,0,0,0,0.351717933135903,0,0.445906589302228,0.202375477561869
2003-06-16,0,0,0,0,0.351717933135903,0,0.445906589302228,0.202375477561869
2003-06-17,0,0,0,0,0.351717933135903,0,0.445906589302228,0.202375477561869
2003-06-18,0,0,0,0,0.351717933135903,0,0.445906589302228,0.202375477561869
2003-06-19,0,0,0,0,0.351717933135903,0,0.445906589302228,0.202375477561869
2003-06-20,0,0,0,0,0.351717933135903,0,0.445906589302228,0.202375477561869
2003-06-23,0,0,0,0,0.351717933135903,0,0.445906589302228,0.202375477561869
2003-06-24,0,0,0,0,0.351717933135903,0,0.445906589302228,0.202375477561869
2003-06-25,0,0,0,0,0.351717933135903,0,0.445906589302228,0.202375477561869
2003-06-26,0,0,0,0,0.351717933135903,0,0.445906589302228,0.202375477561869
2003-06-27,0,0,0,0,0.351717933135903,0,0.445906589302228,0.202375477561869
2003-06-30,0,0,0,0,0.351717933135903,0,0.445906589302228,0.202375477561869
2003-07-01,0,0,0,0.286788916925869,0.277226277560104,0,0.435984805514026,0
2003-07-02,0,0,0,0.286788916925869,0.277226277560104,0,0.435984805514026,0
2003-07-03,0,0,0,0.286788916925869,0.277226277560104,0,0.435984805514026,0
2003-07-07,0,0,0,0.286788916925869,0.277226277560104,0,0.435984805514026,0
2003-07-08,0,0,0,0.286788916925869,0.277226277560104,0,0.435984805514026,0
2003-07-09,0,0,0,0.286788916925869,0.277226277560104,0,0.435984805514026,0
2003-07-10,0,0,0,0.286788916925869,0.277226277560104,0,0.435984805514026,0
2003-07-11,0,0,0,0.286788916925869,0.277226277560104,0,0.435984805514026,0
2003-07-14,0,0,0,0.286788916925869,0.277226277560104,0,0.435984805514026,0
2003-07-15,0,0,0,0.286788916925869,0.277226277560104,0,0.435984805514026,0
2003-07-16,0,0,0,0.286788916925869,0.277226277560104,0,0.435984805514026,0
2003-07-17,0,0,0,0.286788916925869,0.277226277560104,0,0.435984805514026,0
2003-07-18,0,0,0,0.286788916925869,0.277226277560104,0,0.435984805514026,0
2003-07-21,0,0,0,0.286788916925869,0.277226277560104,0,0.435984805514026,0
2003-07-22,0,0,0,0.286788916925869,0.277226277560104,0,0.435984805514026,0
2003-07-23,0,0,0,0.286788916925869,0.277226277560104,0,0.435984805514026,0
2003-07-24,0,0,0,0.286788916925869,0.277226277560104,0,0.435984805514026,0
2003-07-25,0,0,0,0.286788916925869,0.277226277560104,0,0.435984805514026,0
2003-07-28,0,0,0,0.286788916925869,0.277226277560104,0,0.435984805514026,0
2003-07-29,0,0,0,0.286788916925869,0.277226277560104,0,0.435984805514026,0
2003-07-30,0,0,0,0.286788916925869,0.277226277560104,0,0.435984805514026,0
2003-07-31,0,0,0,0.286788916925869,0.277226277560104,0,0.435984805514026,0
2003-08-01,0,0.324966756714609,0,0.27499789753935,0.400035345746041,0,0,0
2003-08-04,0,0.324966756714609,0,0.27499789753935,0.400035345746041,0,0,0
2003-08-05,0,0.324966756714609,0,0.27499789753935,0.400035345746041,0,0,0
2003-08-06,0,0.324966756714609,0,0.27499789753935,0.400035345746041,0,0,0
2003-08-07,0,0.324966756714609,0,0.27499789753935,0.400035345746041,0,0,0
2003-08-08,0,0.324966756714609,0,0.27499789753935,0.400035345746041,0,0,0
2003-08-11,0,0.324966756714609,0,0.27499789753935,0.400035345746041,0,0,0
2003-08-12,0,0.324966756714609,0,0.27499789753935,0.400035345746041,0,0,0
2003-08-13,0,0.324966756714609,0,0.27499789753935,0.400035345746041,0,0,0
2003-08-14,0,0.324966756714609,0,0.27499789753935,0.400035345746041,0,0,0
2003-08-15,0,0.324966756714609,0,0.27499789753935,0.400035345746041,0,0,0
2003-08-18,0,0.324966756714609,0,0.27499789753935,0.400035345746041,0,0,0
2003-08-19,0,0.324966756714609,0,0.27499789753935,0.400035345746041,0,0,0
2003-08-20,0,0.324966756714609,0,0.27499789753935,0.400035345746041,0,0,0
2003-08-21,0,0.324966756714609,0,0.27499789753935,0.400035345746041,0,0,0
2003-08-22,0,0.324966756714609,0,0.27499789753935,0.400035345746041,0,0,0
2003-08-25,0,0.324966756714609,0,0.27499789753935,0.400035345746041,0,0,0
2003-08-26,0,0.324966756714609,0,0.27499789753935,0.400035345746041,0,0,0
2003-08-27,0,0.324966756714609,0,0.27499789753935,0.400035345746041,0,0,0
2003-08-28,0,0.324966756714609,0,0.27499789753935,0.400035345746041,0,0,0
2003-08-29,0,0.324966756714609,0,0.27499789753935,0.400035345746041,0,0,0
2003-09-02,0,0.346369439360619,0.421358750848495,0.232271809790887,0,0,0,0
2003-09-03,0,0.346369439360619,0.421358750848495,0.232271809790887,0,0,0,0
2003-09-04,0,0.346369439360619,0.421358750848495,0.232271809790887,0,0,0,0
2003-09-05,0,0.346369439360619,0.421358750848495,0.232271809790887,0,0,0,0
2003-09-08,0,0.346369439360619,0.421358750848495,0.232271809790887,0,0,0,0
2003-09-09,0,0.346369439360619,0.421358750848495,0.232271809790887,0,0,0,0
2003-09-10,0,0.346369439360619,0.421358750848495,0.232271809790887,0,0,0,0
2003-09-11,0,0.346369439360619,0.421358750848495,0.232271809790887,0,0,0,0
2003-09-12,0,0.346369439360619,0.421358750848495,0.232271809790887,0,0,0,0
2003-09-15,0,0.346369439360619,0.421358750848495,0.232271809790887,0,0,0,0
2003-09-16,0,0.346369439360619,0.421358750848495,0.232271809790887,0,0,0,0
2003-09-17,0,0.346369439360619,0.421358750848495,0.232271809790887,0,0,0,0
2003-09-18,0,0.346369439360619,0.421358750848495,0.232271809790887,0,0,0,0
2003-09-19,0,0.346369439360619,0.421358750848495,0.232271809790887,0,0,0,0
2003-09-22,0,0.346369439360619,0.421358750848495,0.232271809790887,0,0,0,0
2003-09-23,0,0.346369439360619,0.421358750848495,0.232271809790887,0,0,0,0
2003-09-24,0,0.346369439360619,0.421358750848495,0.232271809790887,0,0,0,0
2003-09-25,0,0.346369439360619,0.421358750848495,0.232271809790887,0,0,0,0
2003-09-26,0,0.346369439360619,0.421358750848495,0.232271809790887,0,0,0,0
2003-09-29,0,0.346369439360619,0.421358750848495,0.232271809790887,0,0,0,0
2003-09-30,0,0.346369439360619,0.421358750848495,0.232271809790887,0,0,0,0
2003-10-01,0,0,0,0.306747400102728,0.44829677465836,0,0,0.244955825238912
2003-10-02,0,0,0,0.306747400102728,0.44829677465836,0,0,0.244955825238912
2003-10-03,0,0,0,0.306747400102728,0.44829677465836,0,0,0.244955825238912
2003-10-06,0,0,0,0.306747400102728,0.44829677465836,0,0,0.244955825238912
2003-10-07,0,0,0,0.306747400102728,0.44829677465836,0,0,0.244955825238912
2003-10-08,0,0,0,0.306747400102728,0.44829677465836,0,0,0.244955825238912
2003-10-09,0,0,0,0.306747400102728,0.44829677465836,0,0,0.244955825238912
2003-10-10,0,0,0,0.306747400102728,0.44829677465836,0,0,0.244955825238912
2003-10-13,0,0,0,0.306747400102728,0.44829677465836,0,0,0.244955825238912
2003-10-14,0,0,0,0.306747400102728,0.44829677465836,0,0,0.244955825238912
2003-10-15,0,0,0,0.306747400102728,0.44829677465836,0,0,0.244955825238912
2003-10-16,0,0,0,0.306747400102728,0.44829677465836,0,0,0.244955825238912
2003-10-17,0,0,0,0.306747400102728,0.44829677465836,0,0,0.244955825238912
2003-10-20,0,0,0,0.306747400102728,0.44829677465836,0,0,0.244955825238912
2003-10-21,0,0,0,0.306747400102728,0.44829677465836,0,0,0.244955825238912
2003-10-22,0,0,0,0.306747400102728,0.44829677465836,0,0,0.244955825238912
2003-10-23,0,0,0,0.306747400102728,0.44829677465836,0,0,0.244955825238912
2003-10-24,0,0,0,0.306747400102728,0.44829677465836,0,0,0.244955825238912
2003-10-27,0,0,0,0.306747400102728,0.44829677465836,0,0,0.244955825238912
2003-10-28,0,0,0,0.306747400102728,0.44829677465836,0,0,0.244955825238912
2003-10-29,0,0,0,0.306747400102728,0.44829677465836,0,0,0.244955825238912
2003-10-30,0,0,0,0.306747400102728,0.44829677465836,0,0,0.244955825238912
2003-10-31,0,0,0,0.306747400102728,0.44829677465836,0,0,0.244955825238912
2003-11-03,0,0,0.462922483324801,0.256355269495716,0,0,0,0.280722247179483
2003-11-04,0,0,0.462922483324801,0.256355269495716,0,0,0,0.280722247179483
2003-11-05,0,0,0.462922483324801,0.256355269495716,0,0,0,0.280722247179483
2003-11-06,0,0,0.462922483324801,0.256355269495716,0,0,0,0.280722247179483
2003-11-07,0,0,0.462922483324801,0.256355269495716,0,0,0,0.280722247179483
2003-11-10,0,0,0.462922483324801,0.256355269495716,0,0,0,0.280722247179483
2003-11-11,0,0,0.462922483324801,0.256355269495716,0,0,0,0.280722247179483
2003-11-12,0,0,0.462922483324801,0.256355269495716,0,0,0,0.280722247179483
2003-11-13,0,0,0.462922483324801,0.256355269495716,0,0,0,0.280722247179483
2003-11-14,0,0,0.462922483324801,0.256355269495716,0,0,0,0.280722247179483
2003-11-17,0,0,0.462922483324801,0.256355269495716,0,0,0,0.280722247179483
2003-11-18,0,0,0.462922483324801,0.256355269495716,0,0,0,0.280722247179483
2003-11-19,0,0,0.462922483324801,0.256355269495716,0,0,0,0.280722247179483
2003-11-20,0,0,0.462922483324801,0.256355269495716,0,0,0,0.280722247179483
2003-11-21,0,0,0.462922483324801,0.256355269495716,0,0,0,0.280722247179483
2003-11-24,0,0,0.462922483324801,0.256355269495716,0,0,0,0.280722247179483
2003-11-25,0,0,0.462922483324801,0.256355269495716,0,0,0,0.280722247179483
2003-11-26,0,0,0.462922483324801,0.256355269495716,0,0,0,0.280722247179483
2003-11-28,0,0,0.462922483324801,0.256355269495716,0,0,0,0.280722247179483
2003-12-01,0,0,0,0.295607944359951,0.454040931340539,0,0,0.250351124299511
2003-12-02,0,0,0,0.295607944359951,0.454040931340539,0,0,0.250351124299511
2003-12-03,0,0,0,0.295607944359951,0.454040931340539,0,0,0.250351124299511
2003-12-04,0,0,0,0.295607944359951,0.454040931340539,0,0,0.250351124299511
2003-12-05,0,0,0,0.295607944359951,0.454040931340539,0,0,0.250351124299511
2003-12-08,0,0,0,0.295607944359951,0.454040931340539,0,0,0.250351124299511
2003-12-09,0,0,0,0.295607944359951,0.454040931340539,0,0,0.250351124299511
2003-12-10,0,0,0,0.295607944359951,0.454040931340539,0,0,0.250351124299511
2003-12-11,0,0,0,0.295607944359951,0.454040931340539,0,0,0.250351124299511
2003-12-12,0,0,0,0.295607944359951,0.454040931340539,0,0,0.250351124299511
2003-12-15,0,0,0,0.295607944359951,0.454040931340539,0,0,0.250351124299511
2003-12-16,0,0,0,0.295607944359951,0.454040931340539,0,0,0.250351124299511
2003-12-17,0,0,0,0.295607944359951,0.454040931340539,0,0,0.250351124299511
2003-12-18,0,0,0,0.295607944359951,0.454040931340539,0,0,0.250351124299511
2003-12-19,0,0,0,0.295607944359951,0.454040931340539,0,0,0.250351124299511
2003-12-22,0,0,0,0.295607944359951,0.454040931340539,0,0,0.250351124299511
2003-12-23,0,0,0,0.295607944359951,0.454040931340539,0,0,0.250351124299511
2003-12-24,0,0,0,0.295607944359951,0.454040931340539,0,0,0.250351124299511
2003-12-26,0,0,0,0.295607944359951,0.454040931340539,0,0,0.250351124299511
2003-12-29,0,0,0,0.295607944359951,0.454040931340539,0,0,0.250351124299511
2003-12-30,0,0,0,0.295607944359951,0.454040931340539,0,0,0.250351124299511
2003-12-31,0,0,0,0.295607944359951,0.454040931340539,0,0,0.250351124299511
2004-01-02,0,0,0.480599134215701,0.311079650833707,0,0,0,0.208321214950592
2004-01-05,0,0,0.480599134215701,0.311079650833707,0,0,0,0.208321214950592
2004-01-06,0,0,0.480599134215701,0.311079650833707,0,0,0,0.208321214950592
2004-01-07,0,0,0.480599134215701,0.311079650833707,0,0,0,0.208321214950592
2004-01-08,0,0,0.480599134215701,0.311079650833707,0,0,0,0.208321214950592
2004-01-09,0,0,0.480599134215701,0.311079650833707,0,0,0,0.208321214950592
2004-01-12,0,0,0.480599134215701,0.311079650833707,0,0,0,0.208321214950592
2004-01-13,0,0,0.480599134215701,0.311079650833707,0,0,0,0.208321214950592
2004-01-14,0,0,0.480599134215701,0.311079650833707,0,0,0,0.208321214950592
2004-01-15,0,0,0.480599134215701,0.311079650833707,0,0,0,0.208321214950592
2004-01-16,0,0,0.480599134215701,0.311079650833707,0,0,0,0.208321214950592
2004-01-20,0,0,0.480599134215701,0.311079650833707,0,0,0,0.208321214950592
2004-01-21,0,0,0.480599134215701,0.311079650833707,0,0,0,0.208321214950592
2004-01-22,0,0,0.480599134215701,0.311079650833707,0,0,0,0.208321214950592
2004-01-23,0,0,0.480599134215701,0.311079650833707,0,0,0,0.208321214950592
2004-01-26,0,0,0.480599134215701,0.311079650833707,0,0,0,0.208321214950592
2004-01-27,0,0,0.480599134215701,0.311079650833707,0,0,0,0.208321214950592
2004-01-28,0,0,0.480599134215701,0.311079650833707,0,0,0,0.208321214950592
2004-01-29,0,0,0.480599134215701,0.311079650833707,0,0,0,0.208321214950592
2004-01-30,0,0,0.480599134215701,0.311079650833707,0,0,0,0.208321214950592
2004-02-02,0,0,0.502170607154759,0.302654125688281,0,0,0,0.195175267156959
2004-02-03,0,0,0.502170607154759,0.302654125688281,0,0,0,0.195175267156959
2004-02-04,0,0,0.502170607154759,0.302654125688281,0,0,0,0.195175267156959
2004-02-05,0,0,0.502170607154759,0.302654125688281,0,0,0,0.195175267156959
2004-02-06,0,0,0.502170607154759,0.302654125688281,0,0,0,0.195175267156959
2004-02-09,0,0,0.502170607154759,0.302654125688281,0,0,0,0.195175267156959
2004-02-10,0,0,0.502170607154759,0.302654125688281,0,0,0,0.195175267156959
2004-02-11,0,0,0.502170607154759,0.302654125688281,0,0,0,0.195175267156959
2004-02-12,0,0,0.502170607154759,0.302654125688281,0,0,0,0.195175267156959
2004-02-13,0,0,0.502170607154759,0.302654125688281,0,0,0,0.195175267156959
2004-02-17,0,0,0.502170607154759,0.302654125688281,0,0,0,0.195175267156959
2004-02-18,0,0,0.502170607154759,0.302654125688281,0,0,0,0.195175267156959
2004-02-19,0,0,0.502170607154759,0.302654125688281,0,0,0,0.195175267156959
2004-02-20,0,0,0.502170607154759,0.302654125688281,0,0,0,0.195175267156959
2004-02-23,0,0,0.502170607154759,0.302654125688281,0,0,0,0.195175267156959
2004-02-24,0,0,0.502170607154759,0.302654125688281,0,0,0,0.195175267156959
2004-02-25,0,0,0.502170607154759,0.302654125688281,0,0,0,0.195175267156959
2004-02-26,0,0,0.502170607154759,0.302654125688281,0,0,0,0.195175267156959
2004-02-27,0,0,0.502170607154759,0.302654125688281,0,0,0,0.195175267156959
2004-03-01,0,0,0.308594291832667,0.223664527475319,0.467741180692014,0,0,0
2004-03-02,0,0,0.308594291832667,0.223664527475319,0.467741180692014,0,0,0
2004-03-03,0,0,0.308594291832667,0.223664527475319,0.467741180692014,0,0,0
2004-03-04,0,0,0.308594291832667,0.223664527475319,0.467741180692014,0,0,0
2004-03-05,0,0,0.308594291832667,0.223664527475319,0.467741180692014,0,0,0
2004-03-08,0,0,0.308594291832667,0.223664527475319,0.467741180692014,0,0,0
2004-03-09,0,0,0.308594291832667,0.223664527475319,0.467741180692014,0,0,0
2004-03-10,0,0,0.308594291832667,0.223664527475319,0.467741180692014,0,0,0
2004-03-11,0,0,0.308594291832667,0.223664527475319,0.467741180692014,0,0,0
2004-03-12,0,0,0.308594291832667,0.223664527475319,0.467741180692014,0,0,0
2004-03-15,0,0,0.308594291832667,0.223664527475319,0.467741180692014,0,0,0
2004-03-16,0,0,0.308594291832667,0.223664527475319,0.467741180692014,0,0,0
2004-03-17,0,0,0.308594291832667,0.223664527475319,0.467741180692014,0,0,0
2004-03-18,0,0,0.308594291832667,0.223664527475319,0.467741180692014,0,0,0
2004-03-19,0,0,0.308594291832667,0.223664527475319,0.467741180692014,0,0,0
2004-03-22,0,0,0.308594291832667,0.223664527475319,0.467741180692014,0,0,0
2004-03-23,0,0,0.308594291832667,0.223664527475319,0.467741180692014,0,0,0
2004-03-24,0,0,0.308594291832667,0.223664527475319,0.467741180692014,0,0,0
2004-03-25,0,0,0.308594291832667,0.223664527475319,0.467741180692014,0,0,0
2004-03-26,0,0,0.308594291832667,0.223664527475319,0.467741180692014,0,0,0
2004-03-29,0,0,0.308594291832667,0.223664527475319,0.467741180692014,0,0,0
2004-03-30,0,0,0.308594291832667,0.223664527475319,0.467741180692014,0,0,0
2004-03-31,0,0,0.308594291832667,0.223664527475319,0.467741180692014,0,0,0
2004-04-01,0,0,0,0.286440547501072,0.464715010582555,0,0,0.248844441916373
2004-04-02,0,0,0,0.286440547501072,0.464715010582555,0,0,0.248844441916373
2004-04-05,0,0,0,0.286440547501072,0.464715010582555,0,0,0.248844441916373
2004-04-06,0,0,0,0.286440547501072,0.464715010582555,0,0,0.248844441916373
2004-04-07,0,0,0,0.286440547501072,0.464715010582555,0,0,0.248844441916373
2004-04-08,0,0,0,0.286440547501072,0.464715010582555,0,0,0.248844441916373
2004-04-12,0,0,0,0.286440547501072,0.464715010582555,0,0,0.248844441916373
2004-04-13,0,0,0,0.286440547501072,0.464715010582555,0,0,0.248844441916373
2004-04-14,0,0,0,0.286440547501072,0.464715010582555,0,0,0.248844441916373
2004-04-15,0,0,0,0.286440547501072,0.464715010582555,0,0,0.248844441916373
2004-04-16,0,0,0,0.286440547501072,0.464715010582555,0,0,0.248844441916373
2004-04-19,0,0,0,0.286440547501072,0.464715010582555,0,0,0.248844441916373
2004-04-20,0,0,0,0.286440547501072,0.464715010582555,0,0,0.248844441916373
2004-04-21,0,0,0,0.286440547501072,0.464715010582555,0,0,0.248844441916373
2004-04-22,0,0,0,0.286440547501072,0.464715010582555,0,0,0.248844441916373
2004-04-23,0,0,0,0.286440547501072,0.464715010582555,0,0,0.248844441916373
2004-04-26,0,0,0,0.286440547501072,0.464715010582555,0,0,0.248844441916373
2004-04-27,0,0,0,0.286440547501072,0.464715010582555,0,0,0.248844441916373
2004-04-28,0,0,0,0.286440547501072,0.464715010582555,0,0,0.248844441916373
2004-04-29,0,0,0,0.286440547501072,0.464715010582555,0,0,0.248844441916373
2004-04-30,0,0,0,0.286440547501072,0.464715010582555,0,0,0.248844441916373
2004-05-03,0,0.384232341324055,0.353036905894575,0.262730752781371,0,0,0,0
2004-05-04,0,0.384232341324055,0.353036905894575,0.262730752781371,0,0,0,0
2004-05-05,0,0.384232341324055,0.353036905894575,0.262730752781371,0,0,0,0
2004-05-06,0,0.384232341324055,0.353036905894575,0.262730752781371,0,0,0,0
2004-05-07,0,0.384232341324055,0.353036905894575,0.262730752781371,0,0,0,0
2004-05-10,0,0.384232341324055,0.353036905894575,0.262730752781371,0,0,0,0
2004-05-11,0,0.384232341324055,0.353036905894575,0.262730752781371,0,0,0,0
2004-05-12,0,0.384232341324055,0.353036905894575,0.262730752781371,0,0,0,0
2004-05-13,0,0.384232341324055,0.353036905894575,0.262730752781371,0,0,0,0
2004-05-14,0,0.384232341324055,0.353036905894575,0.262730752781371,0,0,0,0
2004-05-17,0,0.384232341324055,0.353036905894575,0.262730752781371,0,0,0,0
2004-05-18,0,0.384232341324055,0.353036905894575,0.262730752781371,0,0,0,0
2004-05-19,0,0.384232341324055,0.353036905894575,0.262730752781371,0,0,0,0
2004-05-20,0,0.384232341324055,0.353036905894575,0.262730752781371,0,0,0,0
2004-05-21,0,0.384232341324055,0.353036905894575,0.262730752781371,0,0,0,0
2004-05-24,0,0.384232341324055,0.353036905894575,0.262730752781371,0,0,0,0
2004-05-25,0,0.384232341324055,0.353036905894575,0.262730752781371,0,0,0,0
2004-05-26,0,0.384232341324055,0.353036905894575,0.262730752781371,0,0,0,0
2004-05-27,0,0.384232341324055,0.353036905894575,0.262730752781371,0,0,0,0
2004-05-28,0,0.384232341324055,0.353036905894575,0.262730752781371,0,0,0,0
2004-06-01,0,0.440769654982743,0.345566385037244,0,0.213663959980013,0,0,0
2004-06-02,0,0.440769654982743,0.345566385037244,0,0.213663959980013,0,0,0
2004-06-03,0,0.440769654982743,0.345566385037244,0,0.213663959980013,0,0,0
2004-06-04,0,0.440769654982743,0.345566385037244,0,0.213663959980013,0,0,0
2004-06-07,0,0.440769654982743,0.345566385037244,0,0.213663959980013,0,0,0
2004-06-08,0,0.440769654982743,0.345566385037244,0,0.213663959980013,0,0,0
2004-06-09,0,0.440769654982743,0.345566385037244,0,0.213663959980013,0,0,0
2004-06-10,0,0.440769654982743,0.345566385037244,0,0.213663959980013,0,0,0
2004-06-14,0,0.440769654982743,0.345566385037244,0,0.213663959980013,0,0,0
2004-06-15,0,0.440769654982743,0.345566385037244,0,0.213663959980013,0,0,0
2004-06-16,0,0.440769654982743,0.345566385037244,0,0.213663959980013,0,0,0
2004-06-17,0,0.440769654982743,0.345566385037244,0,0.213663959980013,0,0,0
2004-06-18,0,0.440769654982743,0.345566385037244,0,0.213663959980013,0,0,0
2004-06-21,0,0.440769654982743,0.345566385037244,0,0.213663959980013,0,0,0
2004-06-22,0,0.440769654982743,0.345566385037244,0,0.213663959980013,0,0,0
2004-06-23,0,0.440769654982743,0.345566385037244,0,0.213663959980013,0,0,0
2004-06-24,0,0.440769654982743,0.345566385037244,0,0.213663959980013,0,0,0
2004-06-25,0,0.440769654982743,0.345566385037244,0,0.213663959980013,0,0,0
2004-06-28,0,0.440769654982743,0.345566385037244,0,0.213663959980013,0,0,0
2004-06-29,0,0.440769654982743,0.345566385037244,0,0.213663959980013,0,0,0
2004-06-30,0,0.440769654982743,0.345566385037244,0,0.213663959980013,0,0,0
2004-07-01,0,0.413714746040585,0.304454942593922,0,0.281830311365493,0,0,0
2004-07-02,0,0.413714746040585,0.304454942593922,0,0.281830311365493,0,0,0
2004-07-06,0,0.413714746040585,0.304454942593922,0,0.281830311365493,0,0,0
2004-07-07,0,0.413714746040585,0.304454942593922,0,0.281830311365493,0,0,0
2004-07-08,0,0.413714746040585,0.304454942593922,0,0.281830311365493,0,0,0
2004-07-09,0,0.413714746040585,0.304454942593922,0,0.281830311365493,0,0,0
2004-07-12,0,0.413714746040585,0.304454942593922,0,0.281830311365493,0,0,0
2004-07-13,0,0.413714746040585,0.304454942593922,0,0.281830311365493,0,0,0
2004-07-14,0,0.413714746040585,0.304454942593922,0,0.281830311365493,0,0,0
2004-07-15,0,0.413714746040585,0.304454942593922,0,0.281830311365493,0,0,0
2004-07-16,0,0.413714746040585,0.304454942593922,0,0.281830311365493,0,0,0
2004-07-19,0,0.413714746040585,0.304454942593922,0,0.281830311365493,0,0,0
2004-07-20,0,0.413714746040585,0.304454942593922,0,0.281830311365493,0,0,0
2004-07-21,0,0.413714746040585,0.304454942593922,0,0.281830311365493,0,0,0
2004-07-22,0,0.413714746040585,0.304454942593922,0,0.281830311365493,0,0,0
2004-07-23,0,0.413714746040585,0.304454942593922,0,0.281830311365493,0,0,0
2004-07-26,0,0.413714746040585,0.304454942593922,0,0.281830311365493,0,0,0
2004-07-27,0,0.413714746040585,0.304454942593922,0,0.281830311365493,0,0,0
2004-07-28,0,0.413714746040585,0.304454942593922,0,0.281830311365493,0,0,0
2004-07-29,0,0.413714746040585,0.304454942593922,0,0.281830311365493,0,0,0
2004-07-30,0,0.413714746040585,0.304454942593922,0,0.281830311365493,0,0,0
2004-08-02,0.999999959750033,0,0,0,1.20656259440595e-08,2.81843410966042e-08,0,0
2004-08-03,0.999999959750033,0,0,0,1.20656259440595e-08,2.81843410966042e-08,0,0
2004-08-04,0.999999959750033,0,0,0,1.20656259440595e-08,2.81843410966042e-08,0,0
2004-08-05,0.999999959750033,0,0,0,1.20656259440595e-08,2.81843410966042e-08,0,0
2004-08-06,0.999999959750033,0,0,0,1.20656259440595e-08,2.81843410966042e-08,0,0
2004-08-09,0.999999959750033,0,0,0,1.20656259440595e-08,2.81843410966042e-08,0,0
2004-08-10,0.999999959750033,0,0,0,1.20656259440595e-08,2.81843410966042e-08,0,0
2004-08-11,0.999999959750033,0,0,0,1.20656259440595e-08,2.81843410966042e-08,0,0
2004-08-12,0.999999959750033,0,0,0,1.20656259440595e-08,2.81843410966042e-08,0,0
2004-08-13,0.999999959750033,0,0,0,1.20656259440595e-08,2.81843410966042e-08,0,0
2004-08-16,0.999999959750033,0,0,0,1.20656259440595e-08,2.81843410966042e-08,0,0
2004-08-17,0.999999959750033,0,0,0,1.20656259440595e-08,2.81843410966042e-08,0,0
2004-08-18,0.999999959750033,0,0,0,1.20656259440595e-08,2.81843410966042e-08,0,0
2004-08-19,0.999999959750033,0,0,0,1.20656259440595e-08,2.81843410966042e-08,0,0
2004-08-20,0.999999959750033,0,0,0,1.20656259440595e-08,2.81843410966042e-08,0,0
2004-08-23,0.999999959750033,0,0,0,1.20656259440595e-08,2.81843410966042e-08,0,0
2004-08-24,0.999999959750033,0,0,0,1.20656259440595e-08,2.81843410966042e-08,0,0
2004-08-25,0.999999959750033,0,0,0,1.20656259440595e-08,2.81843410966042e-08,0,0
2004-08-26,0.999999959750033,0,0,0,1.20656259440595e-08,2.81843410966042e-08,0,0
2004-08-27,0.999999959750033,0,0,0,1.20656259440595e-08,2.81843410966042e-08,0,0
2004-08-30,0.999999959750033,0,0,0,1.20656259440595e-08,2.81843410966042e-08,0,0
2004-08-31,0.999999959750033,0,0,0,1.20656259440595e-08,2.81843410966042e-08,0,0
2004-09-01,0.999999953905721,0,0,0,1.2685742685073e-08,3.34085360853727e-08,0,0
2004-09-02,0.999999953905721,0,0,0,1.2685742685073e-08,3.34085360853727e-08,0,0
2004-09-03,0.999999953905721,0,0,0,1.2685742685073e-08,3.34085360853727e-08,0,0
2004-09-07,0.999999953905721,0,0,0,1.2685742685073e-08,3.34085360853727e-08,0,0
2004-09-08,0.999999953905721,0,0,0,1.2685742685073e-08,3.34085360853727e-08,0,0
2004-09-09,0.999999953905721,0,0,0,1.2685742685073e-08,3.34085360853727e-08,0,0
2004-09-10,0.999999953905721,0,0,0,1.2685742685073e-08,3.34085360853727e-08,0,0
2004-09-13,0.999999953905721,0,0,0,1.2685742685073e-08,3.34085360853727e-08,0,0
2004-09-14,0.999999953905721,0,0,0,1.2685742685073e-08,3.34085360853727e-08,0,0
2004-09-15,0.999999953905721,0,0,0,1.2685742685073e-08,3.34085360853727e-08,0,0
2004-09-16,0.999999953905721,0,0,0,1.2685742685073e-08,3.34085360853727e-08,0,0
2004-09-17,0.999999953905721,0,0,0,1.2685742685073e-08,3.34085360853727e-08,0,0
2004-09-20,0.999999953905721,0,0,0,1.2685742685073e-08,3.34085360853727e-08,0,0
2004-09-21,0.999999953905721,0,0,0,1.2685742685073e-08,3.34085360853727e-08,0,0
2004-09-22,0.999999953905721,0,0,0,1.2685742685073e-08,3.34085360853727e-08,0,0
2004-09-23,0.999999953905721,0,0,0,1.2685742685073e-08,3.34085360853727e-08,0,0
2004-09-24,0.999999953905721,0,0,0,1.2685742685073e-08,3.34085360853727e-08,0,0
2004-09-27,0.999999953905721,0,0,0,1.2685742685073e-08,3.34085360853727e-08,0,0
2004-09-28,0.999999953905721,0,0,0,1.2685742685073e-08,3.34085360853727e-08,0,0
2004-09-29,0.999999953905721,0,0,0,1.2685742685073e-08,3.34085360853727e-08,0,0
2004-09-30,0.999999953905721,0,0,0,1.2685742685073e-08,3.34085360853727e-08,0,0
2004-10-01,0,0,0,0,0.253905858044166,0.447151562880767,0.298942579075066,0
2004-10-04,0,0,0,0,0.253905858044166,0.447151562880767,0.298942579075066,0
2004-10-05,0,0,0,0,0.253905858044166,0.447151562880767,0.298942579075066,0
2004-10-06,0,0,0,0,0.253905858044166,0.447151562880767,0.298942579075066,0
2004-10-07,0,0,0,0,0.253905858044166,0.447151562880767,0.298942579075066,0
2004-10-08,0,0,0,0,0.253905858044166,0.447151562880767,0.298942579075066,0
2004-10-11,0,0,0,0,0.253905858044166,0.447151562880767,0.298942579075066,0
2004-10-12,0,0,0,0,0.253905858044166,0.447151562880767,0.298942579075066,0
2004-10-13,0,0,0,0,0.253905858044166,0.447151562880767,0.298942579075066,0
2004-10-14,0,0,0,0,0.253905858044166,0.447151562880767,0.298942579075066,0
2004-10-15,0,0,0,0,0.253905858044166,0.447151562880767,0.298942579075066,0
2004-10-18,0,0,0,0,0.253905858044166,0.447151562880767,0.298942579075066,0
2004-10-19,0,0,0,0,0.253905858044166,0.447151562880767,0.298942579075066,0
2004-10-20,0,0,0,0,0.253905858044166,0.447151562880767,0.298942579075066,0
2004-10-21,0,0,0,0,0.253905858044166,0.447151562880767,0.298942579075066,0
2004-10-22,0,0,0,0,0.253905858044166,0.447151562880767,0.298942579075066,0
2004-10-25,0,0,0,0,0.253905858044166,0.447151562880767,0.298942579075066,0
2004-10-26,0,0,0,0,0.253905858044166,0.447151562880767,0.298942579075066,0
2004-10-27,0,0,0,0,0.253905858044166,0.447151562880767,0.298942579075066,0
2004-10-28,0,0,0,0,0.253905858044166,0.447151562880767,0.298942579075066,0
2004-10-29,0,0,0,0,0.253905858044166,0.447151562880767,0.298942579075066,0
2004-11-01,0,0,0,0.294708602216163,0.411433660994603,0,0,0.293857736789234
2004-11-02,0,0,0,0.294708602216163,0.411433660994603,0,0,0.293857736789234
2004-11-03,0,0,0,0.294708602216163,0.411433660994603,0,0,0.293857736789234
2004-11-04,0,0,0,0.294708602216163,0.411433660994603,0,0,0.293857736789234
2004-11-05,0,0,0,0.294708602216163,0.411433660994603,0,0,0.293857736789234
2004-11-08,0,0,0,0.294708602216163,0.411433660994603,0,0,0.293857736789234
2004-11-09,0,0,0,0.294708602216163,0.411433660994603,0,0,0.293857736789234
2004-11-10,0,0,0,0.294708602216163,0.411433660994603,0,0,0.293857736789234
2004-11-11,0,0,0,0.294708602216163,0.411433660994603,0,0,0.293857736789234
2004-11-12,0,0,0,0.294708602216163,0.411433660994603,0,0,0.293857736789234
2004-11-15,0,0,0,0.294708602216163,0.411433660994603,0,0,0.293857736789234
2004-11-16,0,0,0,0.294708602216163,0.411433660994603,0,0,0.293857736789234
2004-11-17,0,0,0,0.294708602216163,0.411433660994603,0,0,0.293857736789234
2004-11-18,0,0,0,0.294708602216163,0.411433660994603,0,0,0.293857736789234
2004-11-19,0,0,0,0.294708602216163,0.411433660994603,0,0,0.293857736789234
2004-11-22,0,0,0,0.294708602216163,0.411433660994603,0,0,0.293857736789234
2004-11-23,0,0,0,0.294708602216163,0.411433660994603,0,0,0.293857736789234
2004-11-24,0,0,0,0.294708602216163,0.411433660994603,0,0,0.293857736789234
2004-11-26,0,0,0,0.294708602216163,0.411433660994603,0,0,0.293857736789234
2004-11-29,0,0,0,0.294708602216163,0.411433660994603,0,0,0.293857736789234
2004-11-30,0,0,0,0.294708602216163,0.411433660994603,0,0,0.293857736789234
2004-12-01,0,0,0,0.309265746434078,0.363618291847287,0,0,0.327115961718635
2004-12-02,0,0,0,0.309265746434078,0.363618291847287,0,0,0.327115961718635
2004-12-03,0,0,0,0.309265746434078,0.363618291847287,0,0,0.327115961718635
2004-12-06,0,0,0,0.309265746434078,0.363618291847287,0,0,0.327115961718635
2004-12-07,0,0,0,0.309265746434078,0.363618291847287,0,0,0.327115961718635
2004-12-08,0,0,0,0.309265746434078,0.363618291847287,0,0,0.327115961718635
2004-12-09,0,0,0,0.309265746434078,0.363618291847287,0,0,0.327115961718635
2004-12-10,0,0,0,0.309265746434078,0.363618291847287,0,0,0.327115961718635
2004-12-13,0,0,0,0.309265746434078,0.363618291847287,0,0,0.327115961718635
2004-12-14,0,0,0,0.309265746434078,0.363618291847287,0,0,0.327115961718635
2004-12-15,0,0,0,0.309265746434078,0.363618291847287,0,0,0.327115961718635
2004-12-16,0,0,0,0.309265746434078,0.363618291847287,0,0,0.327115961718635
2004-12-17,0,0,0,0.309265746434078,0.363618291847287,0,0,0.327115961718635
2004-12-20,0,0,0,0.309265746434078,0.363618291847287,0,0,0.327115961718635
2004-12-21,0,0,0,0.309265746434078,0.363618291847287,0,0,0.327115961718635
2004-12-22,0,0,0,0.309265746434078,0.363618291847287,0,0,0.327115961718635
2004-12-23,0,0,0,0.309265746434078,0.363618291847287,0,0,0.327115961718635
2004-12-27,0,0,0,0.309265746434078,0.363618291847287,0,0,0.327115961718635
2004-12-28,0,0,0,0.309265746434078,0.363618291847287,0,0,0.327115961718635
2004-12-29,0,0,0,0.309265746434078,0.363618291847287,0,0,0.327115961718635
2004-12-30,0,0,0,0.309265746434078,0.363618291847287,0,0,0.327115961718635
2004-12-31,0,0,0,0.309265746434078,0.363618291847287,0,0,0.327115961718635
2005-01-03,0,0,0.41818738488378,0.273094381250033,0.308718233866187,0,0,0
2005-01-04,0,0,0.41818738488378,0.273094381250033,0.308718233866187,0,0,0
2005-01-05,0,0,0.41818738488378,0.273094381250033,0.308718233866187,0,0,0
2005-01-06,0,0,0.41818738488378,0.273094381250033,0.308718233866187,0,0,0
2005-01-07,0,0,0.41818738488378,0.273094381250033,0.308718233866187,0,0,0
2005-01-10,0,0,0.41818738488378,0.273094381250033,0.308718233866187,0,0,0
2005-01-11,0,0,0.41818738488378,0.273094381250033,0.308718233866187,0,0,0
2005-01-12,0,0,0.41818738488378,0.273094381250033,0.308718233866187,0,0,0
2005-01-13,0,0,0.41818738488378,0.273094381250033,0.308718233866187,0,0,0
2005-01-14,0,0,0.41818738488378,0.273094381250033,0.308718233866187,0,0,0
2005-01-18,0,0,0.41818738488378,0.273094381250033,0.308718233866187,0,0,0
2005-01-19,0,0,0.41818738488378,0.273094381250033,0.308718233866187,0,0,0
2005-01-20,0,0,0.41818738488378,0.273094381250033,0.308718233866187,0,0,0
2005-01-21,0,0,0.41818738488378,0.273094381250033,0.308718233866187,0,0,0
2005-01-24,0,0,0.41818738488378,0.273094381250033,0.308718233866187,0,0,0
2005-01-25,0,0,0.41818738488378,0.273094381250033,0.308718233866187,0,0,0
2005-01-26,0,0,0.41818738488378,0.273094381250033,0.308718233866187,0,0,0
2005-01-27,0,0,0.41818738488378,0.273094381250033,0.308718233866187,0,0,0
2005-01-28,0,0,0.41818738488378,0.273094381250033,0.308718233866187,0,0,0
2005-01-31,0,0,0.41818738488378,0.273094381250033,0.308718233866187,0,0,0
2005-02-01,0,0,0.386004369058033,0.278244223962323,0,0,0,0.335751406979644
2005-02-02,0,0,0.386004369058033,0.278244223962323,0,0,0,0.335751406979644
2005-02-03,0,0,0.386004369058033,0.278244223962323,0,0,0,0.335751406979644
2005-02-04,0,0,0.386004369058033,0.278244223962323,0,0,0,0.335751406979644
2005-02-07,0,0,0.386004369058033,0.278244223962323,0,0,0,0.335751406979644
2005-02-08,0,0,0.386004369058033,0.278244223962323,0,0,0,0.335751406979644
2005-02-09,0,0,0.386004369058033,0.278244223962323,0,0,0,0.335751406979644
2005-02-10,0,0,0.386004369058033,0.278244223962323,0,0,0,0.335751406979644
2005-02-11,0,0,0.386004369058033,0.278244223962323,0,0,0,0.335751406979644
2005-02-14,0,0,0.386004369058033,0.278244223962323,0,0,0,0.335751406979644
2005-02-15,0,0,0.386004369058033,0.278244223962323,0,0,0,0.335751406979644
2005-02-16,0,0,0.386004369058033,0.278244223962323,0,0,0,0.335751406979644
2005-02-17,0,0,0.386004369058033,0.278244223962323,0,0,0,0.335751406979644
2005-02-18,0,0,0.386004369058033,0.278244223962323,0,0,0,0.335751406979644
2005-02-22,0,0,0.386004369058033,0.278244223962323,0,0,0,0.335751406979644
2005-02-23,0,0,0.386004369058033,0.278244223962323,0,0,0,0.335751406979644
2005-02-24,0,0,0.386004369058033,0.278244223962323,0,0,0,0.335751406979644
2005-02-25,0,0,0.386004369058033,0.278244223962323,0,0,0,0.335751406979644
2005-02-28,0,0,0.386004369058033,0.278244223962323,0,0,0,0.335751406979644
2005-03-01,0,0,0.410003682535501,0.252654997583298,0,0,0,0.337341319881201
2005-03-02,0,0,0.410003682535501,0.252654997583298,0,0,0,0.337341319881201
2005-03-03,0,0,0.410003682535501,0.252654997583298,0,0,0,0.337341319881201
2005-03-04,0,0,0.410003682535501,0.252654997583298,0,0,0,0.337341319881201
2005-03-07,0,0,0.410003682535501,0.252654997583298,0,0,0,0.337341319881201
2005-03-08,0,0,0.410003682535501,0.252654997583298,0,0,0,0.337341319881201
2005-03-09,0,0,0.410003682535501,0.252654997583298,0,0,0,0.337341319881201
2005-03-10,0,0,0.410003682535501,0.252654997583298,0,0,0,0.337341319881201
2005-03-11,0,0,0.410003682535501,0.252654997583298,0,0,0,0.337341319881201
2005-03-14,0,0,0.410003682535501,0.252654997583298,0,0,0,0.337341319881201
2005-03-15,0,0,0.410003682535501,0.252654997583298,0,0,0,0.337341319881201
2005-03-16,0,0,0.410003682535501,0.252654997583298,0,0,0,0.337341319881201
2005-03-17,0,0,0.410003682535501,0.252654997583298,0,0,0,0.337341319881201
2005-03-18,0,0,0.410003682535501,0.252654997583298,0,0,0,0.337341319881201
2005-03-21,0,0,0.410003682535501,0.252654997583298,0,0,0,0.337341319881201
2005-03-22,0,0,0.410003682535501,0.252654997583298,0,0,0,0.337341319881201
2005-03-23,0,0,0.410003682535501,0.252654997583298,0,0,0,0.337341319881201
2005-03-24,0,0,0.410003682535501,0.252654997583298,0,0,0,0.337341319881201
2005-03-28,0,0,0.410003682535501,0.252654997583298,0,0,0,0.337341319881201
2005-03-29,0,0,0.410003682535501,0.252654997583298,0,0,0,0.337341319881201
2005-03-30,0,0,0.410003682535501,0.252654997583298,0,0,0,0.337341319881201
2005-03-31,0,0,0.410003682535501,0.252654997583298,0,0,0,0.337341319881201
2005-04-01,0,0,0.660182901518136,0.339817098481864,0,0,0,0
2005-04-04,0,0,0.660182901518136,0.339817098481864,0,0,0,0
2005-04-05,0,0,0.660182901518136,0.339817098481864,0,0,0,0
2005-04-06,0,0,0.660182901518136,0.339817098481864,0,0,0,0
2005-04-07,0,0,0.660182901518136,0.339817098481864,0,0,0,0
2005-04-08,0,0,0.660182901518136,0.339817098481864,0,0,0,0
2005-04-11,0,0,0.660182901518136,0.339817098481864,0,0,0,0
2005-04-12,0,0,0.660182901518136,0.339817098481864,0,0,0,0
2005-04-13,0,0,0.660182901518136,0.339817098481864,0,0,0,0
2005-04-14,0,0,0.660182901518136,0.339817098481864,0,0,0,0
2005-04-15,0,0,0.660182901518136,0.339817098481864,0,0,0,0
2005-04-18,0,0,0.660182901518136,0.339817098481864,0,0,0,0
2005-04-19,0,0,0.660182901518136,0.339817098481864,0,0,0,0
2005-04-20,0,0,0.660182901518136,0.339817098481864,0,0,0,0
2005-04-21,0,0,0.660182901518136,0.339817098481864,0,0,0,0
2005-04-22,0,0,0.660182901518136,0.339817098481864,0,0,0,0
2005-04-25,0,0,0.660182901518136,0.339817098481864,0,0,0,0
2005-04-26,0,0,0.660182901518136,0.339817098481864,0,0,0,0
2005-04-27,0,0,0.660182901518136,0.339817098481864,0,0,0,0
2005-04-28,0,0,0.660182901518136,0.339817098481864,0,0,0,0
2005-04-29,0,0,0.660182901518136,0.339817098481864,0,0,0,0
2005-05-02,0,0,0.328218041124825,0.17566839323924,0,0,0.496113565635935,0
2005-05-03,0,0,0.328218041124825,0.17566839323924,0,0,0.496113565635935,0
2005-05-04,0,0,0.328218041124825,0.17566839323924,0,0,0.496113565635935,0
2005-05-05,0,0,0.328218041124825,0.17566839323924,0,0,0.496113565635935,0
2005-05-06,0,0,0.328218041124825,0.17566839323924,0,0,0.496113565635935,0
2005-05-09,0,0,0.328218041124825,0.17566839323924,0,0,0.496113565635935,0
2005-05-10,0,0,0.328218041124825,0.17566839323924,0,0,0.496113565635935,0
2005-05-11,0,0,0.328218041124825,0.17566839323924,0,0,0.496113565635935,0
2005-05-12,0,0,0.328218041124825,0.17566839323924,0,0,0.496113565635935,0
2005-05-13,0,0,0.328218041124825,0.17566839323924,0,0,0.496113565635935,0
2005-05-16,0,0,0.328218041124825,0.17566839323924,0,0,0.496113565635935,0
2005-05-17,0,0,0.328218041124825,0.17566839323924,0,0,0.496113565635935,0
2005-05-18,0,0,0.328218041124825,0.17566839323924,0,0,0.496113565635935,0
2005-05-19,0,0,0.328218041124825,0.17566839323924,0,0,0.496113565635935,0
2005-05-20,0,0,0.328218041124825,0.17566839323924,0,0,0.496113565635935,0
2005-05-23,0,0,0.328218041124825,0.17566839323924,0,0,0.496113565635935,0
2005-05-24,0,0,0.328218041124825,0.17566839323924,0,0,0.496113565635935,0
2005-05-25,0,0,0.328218041124825,0.17566839323924,0,0,0.496113565635935,0
2005-05-26,0,0,0.328218041124825,0.17566839323924,0,0,0.496113565635935,0
2005-05-27,0,0,0.328218041124825,0.17566839323924,0,0,0.496113565635935,0
2005-05-31,0,0,0.328218041124825,0.17566839323924,0,0,0.496113565635935,0
2005-06-01,0,0,0,0.195190717136776,0.255842862239176,0,0.548966420624048,0
2005-06-02,0,0,0,0.195190717136776,0.255842862239176,0,0.548966420624048,0
2005-06-03,0,0,0,0.195190717136776,0.255842862239176,0,0.548966420624048,0
2005-06-06,0,0,0,0.195190717136776,0.255842862239176,0,0.548966420624048,0
2005-06-07,0,0,0,0.195190717136776,0.255842862239176,0,0.548966420624048,0
2005-06-08,0,0,0,0.195190717136776,0.255842862239176,0,0.548966420624048,0
2005-06-09,0,0,0,0.195190717136776,0.255842862239176,0,0.548966420624048,0
2005-06-10,0,0,0,0.195190717136776,0.255842862239176,0,0.548966420624048,0
2005-06-13,0,0,0,0.195190717136776,0.255842862239176,0,0.548966420624048,0
2005-06-14,0,0,0,0.195190717136776,0.255842862239176,0,0.548966420624048,0
2005-06-15,0,0,0,0.195190717136776,0.255842862239176,0,0.548966420624048,0
2005-06-16,0,0,0,0.195190717136776,0.255842862239176,0,0.548966420624048,0
2005-06-17,0,0,0,0.195190717136776,0.255842862239176,0,0.548966420624048,0
2005-06-20,0,0,0,0.195190717136776,0.255842862239176,0,0.548966420624048,0
2005-06-21,0,0,0,0.195190717136776,0.255842862239176,0,0.548966420624048,0
2005-06-22,0,0,0,0.195190717136776,0.255842862239176,0,0.548966420624048,0
2005-06-23,0,0,0,0.195190717136776,0.255842862239176,0,0.548966420624048,0
2005-06-24,0,0,0,0.195190717136776,0.255842862239176,0,0.548966420624048,0
2005-06-27,0,0,0,0.195190717136776,0.255842862239176,0,0.548966420624048,0
2005-06-28,0,0,0,0.195190717136776,0.255842862239176,0,0.548966420624048,0
2005-06-29,0,0,0,0.195190717136776,0.255842862239176,0,0.548966420624048,0
2005-06-30,0,0,0,0.195190717136776,0.255842862239176,0,0.548966420624048,0
2005-07-01,0,0,0,0.253038579135389,0.277833164495306,0,0.469128256369305,0
2005-07-05,0,0,0,0.253038579135389,0.277833164495306,0,0.469128256369305,0
2005-07-06,0,0,0,0.253038579135389,0.277833164495306,0,0.469128256369305,0
2005-07-07,0,0,0,0.253038579135389,0.277833164495306,0,0.469128256369305,0
2005-07-08,0,0,0,0.253038579135389,0.277833164495306,0,0.469128256369305,0
2005-07-11,0,0,0,0.253038579135389,0.277833164495306,0,0.469128256369305,0
2005-07-12,0,0,0,0.253038579135389,0.277833164495306,0,0.469128256369305,0
2005-07-13,0,0,0,0.253038579135389,0.277833164495306,0,0.469128256369305,0
2005-07-14,0,0,0,0.253038579135389,0.277833164495306,0,0.469128256369305,0
2005-07-15,0,0,0,0.253038579135389,0.277833164495306,0,0.469128256369305,0
2005-07-18,0,0,0,0.253038579135389,0.277833164495306,0,0.469128256369305,0
2005-07-19,0,0,0,0.253038579135389,0.277833164495306,0,0.469128256369305,0
2005-07-20,0,0,0,0.253038579135389,0.277833164495306,0,0.469128256369305,0
2005-07-21,0,0,0,0.253038579135389,0.277833164495306,0,0.469128256369305,0
2005-07-22,0,0,0,0.253038579135389,0.277833164495306,0,0.469128256369305,0
2005-07-25,0,0,0,0.253038579135389,0.277833164495306,0,0.469128256369305,0
2005-07-26,0,0,0,0.253038579135389,0.277833164495306,0,0.469128256369305,0
2005-07-27,0,0,0,0.253038579135389,0.277833164495306,0,0.469128256369305,0
2005-07-28,0,0,0,0.253038579135389,0.277833164495306,0,0.469128256369305,0
2005-07-29,0,0,0,0.253038579135389,0.277833164495306,0,0.469128256369305,0
2005-08-01,0,0,0,0.495489930035171,0.504510069964829,0,0,0
2005-08-02,0,0,0,0.495489930035171,0.504510069964829,0,0,0
2005-08-03,0,0,0,0.495489930035171,0.504510069964829,0,0,0
2005-08-04,0,0,0,0.495489930035171,0.504510069964829,0,0,0
2005-08-05,0,0,0,0.495489930035171,0.504510069964829,0,0,0
2005-08-08,0,0,0,0.495489930035171,0.504510069964829,0,0,0
2005-08-09,0,0,0,0.495489930035171,0.504510069964829,0,0,0
2005-08-10,0,0,0,0.495489930035171,0.504510069964829,0,0,0
2005-08-11,0,0,0,0.495489930035171,0.504510069964829,0,0,0
2005-08-12,0,0,0,0.495489930035171,0.504510069964829,0,0,0
2005-08-15,0,0,0,0.495489930035171,0.504510069964829,0,0,0
2005-08-16,0,0,0,0.495489930035171,0.504510069964829,0,0,0
2005-08-17,0,0,0,0.495489930035171,0.504510069964829,0,0,0
2005-08-18,0,0,0,0.495489930035171,0.504510069964829,0,0,0
2005-08-19,0,0,0,0.495489930035171,0.504510069964829,0,0,0
2005-08-22,0,0,0,0.495489930035171,0.504510069964829,0,0,0
2005-08-23,0,0,0,0.495489930035171,0.504510069964829,0,0,0
2005-08-24,0,0,0,0.495489930035171,0.504510069964829,0,0,0
2005-08-25,0,0,0,0.495489930035171,0.504510069964829,0,0,0
2005-08-26,0,0,0,0.495489930035171,0.504510069964829,0,0,0
2005-08-29,0,0,0,0.495489930035171,0.504510069964829,0,0,0
2005-08-30,0,0,0,0.495489930035171,0.504510069964829,0,0,0
2005-08-31,0,0,0,0.495489930035171,0.504510069964829,0,0,0
2005-09-01,0,0,0,0.282967582604289,0.188863097896374,0,0.528169319499337,0
2005-09-02,0,0,0,0.282967582604289,0.188863097896374,0,0.528169319499337,0
2005-09-06,0,0,0,0.282967582604289,0.188863097896374,0,0.528169319499337,0
2005-09-07,0,0,0,0.282967582604289,0.188863097896374,0,0.528169319499337,0
2005-09-08,0,0,0,0.282967582604289,0.188863097896374,0,0.528169319499337,0
2005-09-09,0,0,0,0.282967582604289,0.188863097896374,0,0.528169319499337,0
2005-09-12,0,0,0,0.282967582604289,0.188863097896374,0,0.528169319499337,0
2005-09-13,0,0,0,0.282967582604289,0.188863097896374,0,0.528169319499337,0
2005-09-14,0,0,0,0.282967582604289,0.188863097896374,0,0.528169319499337,0
2005-09-15,0,0,0,0.282967582604289,0.188863097896374,0,0.528169319499337,0
2005-09-16,0,0,0,0.282967582604289,0.188863097896374,0,0.528169319499337,0
2005-09-19,0,0,0,0.282967582604289,0.188863097896374,0,0.528169319499337,0
2005-09-20,0,0,0,0.282967582604289,0.188863097896374,0,0.528169319499337,0
2005-09-21,0,0,0,0.282967582604289,0.188863097896374,0,0.528169319499337,0
2005-09-22,0,0,0,0.282967582604289,0.188863097896374,0,0.528169319499337,0
2005-09-23,0,0,0,0.282967582604289,0.188863097896374,0,0.528169319499337,0
2005-09-26,0,0,0,0.282967582604289,0.188863097896374,0,0.528169319499337,0
2005-09-27,0,0,0,0.282967582604289,0.188863097896374,0,0.528169319499337,0
2005-09-28,0,0,0,0.282967582604289,0.188863097896374,0,0.528169319499337,0
2005-09-29,0,0,0,0.282967582604289,0.188863097896374,0,0.528169319499337,0
2005-09-30,0,0,0,0.282967582604289,0.188863097896374,0,0.528169319499337,0
2005-10-03,0,0,0,0.292989756783697,0.282859590095663,0,0,0.424150653120639
2005-10-04,0,0,0,0.292989756783697,0.282859590095663,0,0,0.424150653120639
2005-10-05,0,0,0,0.292989756783697,0.282859590095663,0,0,0.424150653120639
2005-10-06,0,0,0,0.292989756783697,0.282859590095663,0,0,0.424150653120639
2005-10-07,0,0,0,0.292989756783697,0.282859590095663,0,0,0.424150653120639
2005-10-10,0,0,0,0.292989756783697,0.282859590095663,0,0,0.424150653120639
2005-10-11,0,0,0,0.292989756783697,0.282859590095663,0,0,0.424150653120639
2005-10-12,0,0,0,0.292989756783697,0.282859590095663,0,0,0.424150653120639
2005-10-13,0,0,0,0.292989756783697,0.282859590095663,0,0,0.424150653120639
2005-10-14,0,0,0,0.292989756783697,0.282859590095663,0,0,0.424150653120639
2005-10-17,0,0,0,0.292989756783697,0.282859590095663,0,0,0.424150653120639
2005-10-18,0,0,0,0.292989756783697,0.282859590095663,0,0,0.424150653120639
2005-10-19,0,0,0,0.292989756783697,0.282859590095663,0,0,0.424150653120639
2005-10-20,0,0,0,0.292989756783697,0.282859590095663,0,0,0.424150653120639
2005-10-21,0,0,0,0.292989756783697,0.282859590095663,0,0,0.424150653120639
2005-10-24,0,0,0,0.292989756783697,0.282859590095663,0,0,0.424150653120639
2005-10-25,0,0,0,0.292989756783697,0.282859590095663,0,0,0.424150653120639
2005-10-26,0,0,0,0.292989756783697,0.282859590095663,0,0,0.424150653120639
2005-10-27,0,0,0,0.292989756783697,0.282859590095663,0,0,0.424150653120639
2005-10-28,0,0,0,0.292989756783697,0.282859590095663,0,0,0.424150653120639
2005-10-31,0,0,0,0.292989756783697,0.282859590095663,0,0,0.424150653120639
2005-11-01,0,0,0,0.188485048792988,0.308742372316858,0,0,0.502772578890153
2005-11-02,0,0,0,0.188485048792988,0.308742372316858,0,0,0.502772578890153
2005-11-03,0,0,0,0.188485048792988,0.308742372316858,0,0,0.502772578890153
2005-11-04,0,0,0,0.188485048792988,0.308742372316858,0,0,0.502772578890153
2005-11-07,0,0,0,0.188485048792988,0.308742372316858,0,0,0.502772578890153
2005-11-08,0,0,0,0.188485048792988,0.308742372316858,0,0,0.502772578890153
2005-11-09,0,0,0,0.188485048792988,0.308742372316858,0,0,0.502772578890153
2005-11-10,0,0,0,0.188485048792988,0.308742372316858,0,0,0.502772578890153
2005-11-11,0,0,0,0.188485048792988,0.308742372316858,0,0,0.502772578890153
2005-11-14,0,0,0,0.188485048792988,0.308742372316858,0,0,0.502772578890153
2005-11-15,0,0,0,0.188485048792988,0.308742372316858,0,0,0.502772578890153
2005-11-16,0,0,0,0.188485048792988,0.308742372316858,0,0,0.502772578890153
2005-11-17,0,0,0,0.188485048792988,0.308742372316858,0,0,0.502772578890153
2005-11-18,0,0,0,0.188485048792988,0.308742372316858,0,0,0.502772578890153
2005-11-21,0,0,0,0.188485048792988,0.308742372316858,0,0,0.502772578890153
2005-11-22,0,0,0,0.188485048792988,0.308742372316858,0,0,0.502772578890153
2005-11-23,0,0,0,0.188485048792988,0.308742372316858,0,0,0.502772578890153
2005-11-25,0,0,0,0.188485048792988,0.308742372316858,0,0,0.502772578890153
2005-11-28,0,0,0,0.188485048792988,0.308742372316858,0,0,0.502772578890153
2005-11-29,0,0,0,0.188485048792988,0.308742372316858,0,0,0.502772578890153
2005-11-30,0,0,0,0.188485048792988,0.308742372316858,0,0,0.502772578890153
2005-12-01,0,0,0,0.23145042809691,0.280717364729011,0,0,0.487832207174078
2005-12-02,0,0,0,0.23145042809691,0.280717364729011,0,0,0.487832207174078
2005-12-05,0,0,0,0.23145042809691,0.280717364729011,0,0,0.487832207174078
2005-12-06,0,0,0,0.23145042809691,0.280717364729011,0,0,0.487832207174078
2005-12-07,0,0,0,0.23145042809691,0.280717364729011,0,0,0.487832207174078
2005-12-08,0,0,0,0.23145042809691,0.280717364729011,0,0,0.487832207174078
2005-12-09,0,0,0,0.23145042809691,0.280717364729011,0,0,0.487832207174078
2005-12-12,0,0,0,0.23145042809691,0.280717364729011,0,0,0.487832207174078
2005-12-13,0,0,0,0.23145042809691,0.280717364729011,0,0,0.487832207174078
2005-12-14,0,0,0,0.23145042809691,0.280717364729011,0,0,0.487832207174078
2005-12-15,0,0,0,0.23145042809691,0.280717364729011,0,0,0.487832207174078
2005-12-16,0,0,0,0.23145042809691,0.280717364729011,0,0,0.487832207174078
2005-12-19,0,0,0,0.23145042809691,0.280717364729011,0,0,0.487832207174078
2005-12-20,0,0,0,0.23145042809691,0.280717364729011,0,0,0.487832207174078
2005-12-21,0,0,0,0.23145042809691,0.280717364729011,0,0,0.487832207174078
2005-12-22,0,0,0,0.23145042809691,0.280717364729011,0,0,0.487832207174078
2005-12-23,0,0,0,0.23145042809691,0.280717364729011,0,0,0.487832207174078
2005-12-27,0,0,0,0.23145042809691,0.280717364729011,0,0,0.487832207174078
2005-12-28,0,0,0,0.23145042809691,0.280717364729011,0,0,0.487832207174078
2005-12-29,0,0,0,0.23145042809691,0.280717364729011,0,0,0.487832207174078
2005-12-30,0,0,0,0.23145042809691,0.280717364729011,0,0,0.487832207174078
2006-01-03,0,0,0.38689831996027,0.334383949273326,0,0,0,0.278717730766404
2006-01-04,0,0,0.38689831996027,0.334383949273326,0,0,0,0.278717730766404
2006-01-05,0,0,0.38689831996027,0.334383949273326,0,0,0,0.278717730766404
2006-01-06,0,0,0.38689831996027,0.334383949273326,0,0,0,0.278717730766404
2006-01-09,0,0,0.38689831996027,0.334383949273326,0,0,0,0.278717730766404
2006-01-10,0,0,0.38689831996027,0.334383949273326,0,0,0,0.278717730766404
2006-01-11,0,0,0.38689831996027,0.334383949273326,0,0,0,0.278717730766404
2006-01-12,0,0,0.38689831996027,0.334383949273326,0,0,0,0.278717730766404
2006-01-13,0,0,0.38689831996027,0.334383949273326,0,0,0,0.278717730766404
2006-01-17,0,0,0.38689831996027,0.334383949273326,0,0,0,0.278717730766404
2006-01-18,0,0,0.38689831996027,0.334383949273326,0,0,0,0.278717730766404
2006-01-19,0,0,0.38689831996027,0.334383949273326,0,0,0,0.278717730766404
2006-01-20,0,0,0.38689831996027,0.334383949273326,0,0,0,0.278717730766404
2006-01-23,0,0,0.38689831996027,0.334383949273326,0,0,0,0.278717730766404
2006-01-24,0,0,0.38689831996027,0.334383949273326,0,0,0,0.278717730766404
2006-01-25,0,0,0.38689831996027,0.334383949273326,0,0,0,0.278717730766404
2006-01-26,0,0,0.38689831996027,0.334383949273326,0,0,0,0.278717730766404
2006-01-27,0,0,0.38689831996027,0.334383949273326,0,0,0,0.278717730766404
2006-01-30,0,0,0.38689831996027,0.334383949273326,0,0,0,0.278717730766404
2006-01-31,0,0,0.38689831996027,0.334383949273326,0,0,0,0.278717730766404
2006-02-01,0,0,0,0.227670816722504,0.477771945031844,0,0,0.294557238245651
2006-02-02,0,0,0,0.227670816722504,0.477771945031844,0,0,0.294557238245651
2006-02-03,0,0,0,0.227670816722504,0.477771945031844,0,0,0.294557238245651
2006-02-06,0,0,0,0.227670816722504,0.477771945031844,0,0,0.294557238245651
2006-02-07,0,0,0,0.227670816722504,0.477771945031844,0,0,0.294557238245651
2006-02-08,0,0,0,0.227670816722504,0.477771945031844,0,0,0.294557238245651
2006-02-09,0,0,0,0.227670816722504,0.477771945031844,0,0,0.294557238245651
2006-02-10,0,0,0,0.227670816722504,0.477771945031844,0,0,0.294557238245651
2006-02-13,0,0,0,0.227670816722504,0.477771945031844,0,0,0.294557238245651
2006-02-14,0,0,0,0.227670816722504,0.477771945031844,0,0,0.294557238245651
2006-02-15,0,0,0,0.227670816722504,0.477771945031844,0,0,0.294557238245651
2006-02-16,0,0,0,0.227670816722504,0.477771945031844,0,0,0.294557238245651
2006-02-17,0,0,0,0.227670816722504,0.477771945031844,0,0,0.294557238245651
2006-02-21,0,0,0,0.227670816722504,0.477771945031844,0,0,0.294557238245651
2006-02-22,0,0,0,0.227670816722504,0.477771945031844,0,0,0.294557238245651
2006-02-23,0,0,0,0.227670816722504,0.477771945031844,0,0,0.294557238245651
2006-02-24,0,0,0,0.227670816722504,0.477771945031844,0,0,0.294557238245651
2006-02-27,0,0,0,0.227670816722504,0.477771945031844,0,0,0.294557238245651
2006-02-28,0,0,0,0.227670816722504,0.477771945031844,0,0,0.294557238245651
2006-03-01,0,0,0,0.201871242533069,0.514383061163039,0,0,0.283745696303892
2006-03-02,0,0,0,0.201871242533069,0.514383061163039,0,0,0.283745696303892
2006-03-03,0,0,0,0.201871242533069,0.514383061163039,0,0,0.283745696303892
2006-03-06,0,0,0,0.201871242533069,0.514383061163039,0,0,0.283745696303892
2006-03-07,0,0,0,0.201871242533069,0.514383061163039,0,0,0.283745696303892
2006-03-08,0,0,0,0.201871242533069,0.514383061163039,0,0,0.283745696303892
2006-03-09,0,0,0,0.201871242533069,0.514383061163039,0,0,0.283745696303892
2006-03-10,0,0,0,0.201871242533069,0.514383061163039,0,0,0.283745696303892
2006-03-13,0,0,0,0.201871242533069,0.514383061163039,0,0,0.283745696303892
2006-03-14,0,0,0,0.201871242533069,0.514383061163039,0,0,0.283745696303892
2006-03-15,0,0,0,0.201871242533069,0.514383061163039,0,0,0.283745696303892
2006-03-16,0,0,0,0.201871242533069,0.514383061163039,0,0,0.283745696303892
2006-03-17,0,0,0,0.201871242533069,0.514383061163039,0,0,0.283745696303892
2006-03-20,0,0,0,0.201871242533069,0.514383061163039,0,0,0.283745696303892
2006-03-21,0,0,0,0.201871242533069,0.514383061163039,0,0,0.283745696303892
2006-03-22,0,0,0,0.201871242533069,0.514383061163039,0,0,0.283745696303892
2006-03-23,0,0,0,0.201871242533069,0.514383061163039,0,0,0.283745696303892
2006-03-24,0,0,0,0.201871242533069,0.514383061163039,0,0,0.283745696303892
2006-03-27,0,0,0,0.201871242533069,0.514383061163039,0,0,0.283745696303892
2006-03-28,0,0,0,0.201871242533069,0.514383061163039,0,0,0.283745696303892
2006-03-29,0,0,0,0.201871242533069,0.514383061163039,0,0,0.283745696303892
2006-03-30,0,0,0,0.201871242533069,0.514383061163039,0,0,0.283745696303892
2006-03-31,0,0,0,0.201871242533069,0.514383061163039,0,0,0.283745696303892
2006-04-03,0,0,0,0.226560015973778,0.441209782054814,0,0,0.332230201971408
2006-04-04,0,0,0,0.226560015973778,0.441209782054814,0,0,0.332230201971408
2006-04-05,0,0,0,0.226560015973778,0.441209782054814,0,0,0.332230201971408
2006-04-06,0,0,0,0.226560015973778,0.441209782054814,0,0,0.332230201971408
2006-04-07,0,0,0,0.226560015973778,0.441209782054814,0,0,0.332230201971408
2006-04-10,0,0,0,0.226560015973778,0.441209782054814,0,0,0.332230201971408
2006-04-11,0,0,0,0.226560015973778,0.441209782054814,0,0,0.332230201971408
2006-04-12,0,0,0,0.226560015973778,0.441209782054814,0,0,0.332230201971408
2006-04-13,0,0,0,0.226560015973778,0.441209782054814,0,0,0.332230201971408
2006-04-17,0,0,0,0.226560015973778,0.441209782054814,0,0,0.332230201971408
2006-04-18,0,0,0,0.226560015973778,0.441209782054814,0,0,0.332230201971408
2006-04-19,0,0,0,0.226560015973778,0.441209782054814,0,0,0.332230201971408
2006-04-20,0,0,0,0.226560015973778,0.441209782054814,0,0,0.332230201971408
2006-04-21,0,0,0,0.226560015973778,0.441209782054814,0,0,0.332230201971408
2006-04-24,0,0,0,0.226560015973778,0.441209782054814,0,0,0.332230201971408
2006-04-25,0,0,0,0.226560015973778,0.441209782054814,0,0,0.332230201971408
2006-04-26,0,0,0,0.226560015973778,0.441209782054814,0,0,0.332230201971408
2006-04-27,0,0,0,0.226560015973778,0.441209782054814,0,0,0.332230201971408
2006-04-28,0,0,0,0.226560015973778,0.441209782054814,0,0,0.332230201971408
2006-05-01,0,0,0.500837324270957,0.241547771867623,0,0,0,0.257614903861421
2006-05-02,0,0,0.500837324270957,0.241547771867623,0,0,0,0.257614903861421
2006-05-03,0,0,0.500837324270957,0.241547771867623,0,0,0,0.257614903861421
2006-05-04,0,0,0.500837324270957,0.241547771867623,0,0,0,0.257614903861421
2006-05-05,0,0,0.500837324270957,0.241547771867623,0,0,0,0.257614903861421
2006-05-08,0,0,0.500837324270957,0.241547771867623,0,0,0,0.257614903861421
2006-05-09,0,0,0.500837324270957,0.241547771867623,0,0,0,0.257614903861421
2006-05-10,0,0,0.500837324270957,0.241547771867623,0,0,0,0.257614903861421
2006-05-11,0,0,0.500837324270957,0.241547771867623,0,0,0,0.257614903861421
2006-05-12,0,0,0.500837324270957,0.241547771867623,0,0,0,0.257614903861421
2006-05-15,0,0,0.500837324270957,0.241547771867623,0,0,0,0.257614903861421
2006-05-16,0,0,0.500837324270957,0.241547771867623,0,0,0,0.257614903861421
2006-05-17,0,0,0.500837324270957,0.241547771867623,0,0,0,0.257614903861421
2006-05-18,0,0,0.500837324270957,0.241547771867623,0,0,0,0.257614903861421
2006-05-19,0,0,0.500837324270957,0.241547771867623,0,0,0,0.257614903861421
2006-05-22,0,0,0.500837324270957,0.241547771867623,0,0,0,0.257614903861421
2006-05-23,0,0,0.500837324270957,0.241547771867623,0,0,0,0.257614903861421
2006-05-24,0,0,0.500837324270957,0.241547771867623,0,0,0,0.257614903861421
2006-05-25,0,0,0.500837324270957,0.241547771867623,0,0,0,0.257614903861421
2006-05-26,0,0,0.500837324270957,0.241547771867623,0,0,0,0.257614903861421
2006-05-30,0,0,0.500837324270957,0.241547771867623,0,0,0,0.257614903861421
2006-05-31,0,0,0.500837324270957,0.241547771867623,0,0,0,0.257614903861421
2006-06-01,0,0,0.42995987253966,0.273752233550659,0,0,0,0.296287893909681
2006-06-02,0,0,0.42995987253966,0.273752233550659,0,0,0,0.296287893909681
2006-06-05,0,0,0.42995987253966,0.273752233550659,0,0,0,0.296287893909681
2006-06-06,0,0,0.42995987253966,0.273752233550659,0,0,0,0.296287893909681
2006-06-07,0,0,0.42995987253966,0.273752233550659,0,0,0,0.296287893909681
2006-06-08,0,0,0.42995987253966,0.273752233550659,0,0,0,0.296287893909681
2006-06-09,0,0,0.42995987253966,0.273752233550659,0,0,0,0.296287893909681
2006-06-12,0,0,0.42995987253966,0.273752233550659,0,0,0,0.296287893909681
2006-06-13,0,0,0.42995987253966,0.273752233550659,0,0,0,0.296287893909681
2006-06-14,0,0,0.42995987253966,0.273752233550659,0,0,0,0.296287893909681
2006-06-15,0,0,0.42995987253966,0.273752233550659,0,0,0,0.296287893909681
2006-06-16,0,0,0.42995987253966,0.273752233550659,0,0,0,0.296287893909681
2006-06-19,0,0,0.42995987253966,0.273752233550659,0,0,0,0.296287893909681
2006-06-20,0,0,0.42995987253966,0.273752233550659,0,0,0,0.296287893909681
2006-06-21,0,0,0.42995987253966,0.273752233550659,0,0,0,0.296287893909681
2006-06-22,0,0,0.42995987253966,0.273752233550659,0,0,0,0.296287893909681
2006-06-23,0,0,0.42995987253966,0.273752233550659,0,0,0,0.296287893909681
2006-06-26,0,0,0.42995987253966,0.273752233550659,0,0,0,0.296287893909681
2006-06-27,0,0,0.42995987253966,0.273752233550659,0,0,0,0.296287893909681
2006-06-28,0,0,0.42995987253966,0.273752233550659,0,0,0,0.296287893909681
2006-06-29,0,0,0.42995987253966,0.273752233550659,0,0,0,0.296287893909681
2006-06-30,0,0,0.42995987253966,0.273752233550659,0,0,0,0.296287893909681
2006-07-03,0,0,0.279077813542384,0,0.47087274749396,0,0,0.250049438963656
2006-07-05,0,0,0.279077813542384,0,0.47087274749396,0,0,0.250049438963656
2006-07-06,0,0,0.279077813542384,0,0.47087274749396,0,0,0.250049438963656
2006-07-07,0,0,0.279077813542384,0,0.47087274749396,0,0,0.250049438963656
2006-07-10,0,0,0.279077813542384,0,0.47087274749396,0,0,0.250049438963656
2006-07-11,0,0,0.279077813542384,0,0.47087274749396,0,0,0.250049438963656
2006-07-12,0,0,0.279077813542384,0,0.47087274749396,0,0,0.250049438963656
2006-07-13,0,0,0.279077813542384,0,0.47087274749396,0,0,0.250049438963656
2006-07-14,0,0,0.279077813542384,0,0.47087274749396,0,0,0.250049438963656
2006-07-17,0,0,0.279077813542384,0,0.47087274749396,0,0,0.250049438963656
2006-07-18,0,0,0.279077813542384,0,0.47087274749396,0,0,0.250049438963656
2006-07-19,0,0,0.279077813542384,0,0.47087274749396,0,0,0.250049438963656
2006-07-20,0,0,0.279077813542384,0,0.47087274749396,0,0,0.250049438963656
2006-07-21,0,0,0.279077813542384,0,0.47087274749396,0,0,0.250049438963656
2006-07-24,0,0,0.279077813542384,0,0.47087274749396,0,0,0.250049438963656
2006-07-25,0,0,0.279077813542384,0,0.47087274749396,0,0,0.250049438963656
2006-07-26,0,0,0.279077813542384,0,0.47087274749396,0,0,0.250049438963656
2006-07-27,0,0,0.279077813542384,0,0.47087274749396,0,0,0.250049438963656
2006-07-28,0,0,0.279077813542384,0,0.47087274749396,0,0,0.250049438963656
2006-07-31,0,0,0.279077813542384,0,0.47087274749396,0,0,0.250049438963656
2006-08-01,0,0,0.286767064503645,0,0.461612847267241,0,0,0.251620088229114
2006-08-02,0,0,0.286767064503645,0,0.461612847267241,0,0,0.251620088229114
2006-08-03,0,0,0.286767064503645,0,0.461612847267241,0,0,0.251620088229114
2006-08-04,0,0,0.286767064503645,0,0.461612847267241,0,0,0.251620088229114
2006-08-07,0,0,0.286767064503645,0,0.461612847267241,0,0,0.251620088229114
2006-08-08,0,0,0.286767064503645,0,0.461612847267241,0,0,0.251620088229114
2006-08-09,0,0,0.286767064503645,0,0.461612847267241,0,0,0.251620088229114
2006-08-10,0,0,0.286767064503645,0,0.461612847267241,0,0,0.251620088229114
2006-08-11,0,0,0.286767064503645,0,0.461612847267241,0,0,0.251620088229114
2006-08-14,0,0,0.286767064503645,0,0.461612847267241,0,0,0.251620088229114
2006-08-15,0,0,0.286767064503645,0,0.461612847267241,0,0,0.251620088229114
2006-08-16,0,0,0.286767064503645,0,0.461612847267241,0,0,0.251620088229114
2006-08-17,0,0,0.286767064503645,0,0.461612847267241,0,0,0.251620088229114
2006-08-18,0,0,0.286767064503645,0,0.461612847267241,0,0,0.251620088229114
2006-08-21,0,0,0.286767064503645,0,0.461612847267241,0,0,0.251620088229114
2006-08-22,0,0,0.286767064503645,0,0.461612847267241,0,0,0.251620088229114
2006-08-23,0,0,0.286767064503645,0,0.461612847267241,0,0,0.251620088229114
2006-08-24,0,0,0.286767064503645,0,0.461612847267241,0,0,0.251620088229114
2006-08-25,0,0,0.286767064503645,0,0.461612847267241,0,0,0.251620088229114
2006-08-28,0,0,0.286767064503645,0,0.461612847267241,0,0,0.251620088229114
2006-08-29,0,0,0.286767064503645,0,0.461612847267241,0,0,0.251620088229114
2006-08-30,0,0,0.286767064503645,0,0.461612847267241,0,0,0.251620088229114
2006-08-31,0,0,0.286767064503645,0,0.461612847267241,0,0,0.251620088229114
2006-09-01,0,0,0.327161055248293,0,0.366331107462584,0,0,0.306507837289123
2006-09-05,0,0,0.327161055248293,0,0.366331107462584,0,0,0.306507837289123
2006-09-06,0,0,0.327161055248293,0,0.366331107462584,0,0,0.306507837289123
2006-09-07,0,0,0.327161055248293,0,0.366331107462584,0,0,0.306507837289123
2006-09-08,0,0,0.327161055248293,0,0.366331107462584,0,0,0.306507837289123
2006-09-11,0,0,0.327161055248293,0,0.366331107462584,0,0,0.306507837289123
2006-09-12,0,0,0.327161055248293,0,0.366331107462584,0,0,0.306507837289123
2006-09-13,0,0,0.327161055248293,0,0.366331107462584,0,0,0.306507837289123
2006-09-14,0,0,0.327161055248293,0,0.366331107462584,0,0,0.306507837289123
2006-09-15,0,0,0.327161055248293,0,0.366331107462584,0,0,0.306507837289123
2006-09-18,0,0,0.327161055248293,0,0.366331107462584,0,0,0.306507837289123
2006-09-19,0,0,0.327161055248293,0,0.366331107462584,0,0,0.306507837289123
2006-09-20,0,0,0.327161055248293,0,0.366331107462584,0,0,0.306507837289123
2006-09-21,0,0,0.327161055248293,0,0.366331107462584,0,0,0.306507837289123
2006-09-22,0,0,0.327161055248293,0,0.366331107462584,0,0,0.306507837289123
2006-09-25,0,0,0.327161055248293,0,0.366331107462584,0,0,0.306507837289123
2006-09-26,0,0,0.327161055248293,0,0.366331107462584,0,0,0.306507837289123
2006-09-27,0,0,0.327161055248293,0,0.366331107462584,0,0,0.306507837289123
2006-09-28,0,0,0.327161055248293,0,0.366331107462584,0,0,0.306507837289123
2006-09-29,0,0,0.327161055248293,0,0.366331107462584,0,0,0.306507837289123
2006-10-02,0,0,0.267925811369338,0,0.243105924022216,0,0.488968264608445,0
2006-10-03,0,0,0.267925811369338,0,0.243105924022216,0,0.488968264608445,0
2006-10-04,0,0,0.267925811369338,0,0.243105924022216,0,0.488968264608445,0
2006-10-05,0,0,0.267925811369338,0,0.243105924022216,0,0.488968264608445,0
2006-10-06,0,0,0.267925811369338,0,0.243105924022216,0,0.488968264608445,0
2006-10-09,0,0,0.267925811369338,0,0.243105924022216,0,0.488968264608445,0
2006-10-10,0,0,0.267925811369338,0,0.243105924022216,0,0.488968264608445,0
2006-10-11,0,0,0.267925811369338,0,0.243105924022216,0,0.488968264608445,0
2006-10-12,0,0,0.267925811369338,0,0.243105924022216,0,0.488968264608445,0
2006-10-13,0,0,0.267925811369338,0,0.243105924022216,0,0.488968264608445,0
2006-10-16,0,0,0.267925811369338,0,0.243105924022216,0,0.488968264608445,0
2006-10-17,0,0,0.267925811369338,0,0.243105924022216,0,0.488968264608445,0
2006-10-18,0,0,0.267925811369338,0,0.243105924022216,0,0.488968264608445,0
2006-10-19,0,0,0.267925811369338,0,0.243105924022216,0,0.488968264608445,0
2006-10-20,0,0,0.267925811369338,0,0.243105924022216,0,0.488968264608445,0
2006-10-23,0,0,0.267925811369338,0,0.243105924022216,0,0.488968264608445,0
2006-10-24,0,0,0.267925811369338,0,0.243105924022216,0,0.488968264608445,0
2006-10-25,0,0,0.267925811369338,0,0.243105924022216,0,0.488968264608445,0
2006-10-26,0,0,0.267925811369338,0,0.243105924022216,0,0.488968264608445,0
2006-10-27,0,0,0.267925811369338,0,0.243105924022216,0,0.488968264608445,0
2006-10-30,0,0,0.267925811369338,0,0.243105924022216,0,0.488968264608445,0
2006-10-31,0,0,0.267925811369338,0,0.243105924022216,0,0.488968264608445,0
2006-11-01,0,0,0,0,0.268582597610875,0.450511867345096,0.280905535044029,0
2006-11-02,0,0,0,0,0.268582597610875,0.450511867345096,0.280905535044029,0
2006-11-03,0,0,0,0,0.268582597610875,0.450511867345096,0.280905535044029,0
2006-11-06,0,0,0,0,0.268582597610875,0.450511867345096,0.280905535044029,0
2006-11-07,0,0,0,0,0.268582597610875,0.450511867345096,0.280905535044029,0
2006-11-08,0,0,0,0,0.268582597610875,0.450511867345096,0.280905535044029,0
2006-11-09,0,0,0,0,0.268582597610875,0.450511867345096,0.280905535044029,0
2006-11-10,0,0,0,0,0.268582597610875,0.450511867345096,0.280905535044029,0
2006-11-13,0,0,0,0,0.268582597610875,0.450511867345096,0.280905535044029,0
2006-11-14,0,0,0,0,0.268582597610875,0.450511867345096,0.280905535044029,0
2006-11-15,0,0,0,0,0.268582597610875,0.450511867345096,0.280905535044029,0
2006-11-16,0,0,0,0,0.268582597610875,0.450511867345096,0.280905535044029,0
2006-11-17,0,0,0,0,0.268582597610875,0.450511867345096,0.280905535044029,0
2006-11-20,0,0,0,0,0.268582597610875,0.450511867345096,0.280905535044029,0
2006-11-21,0,0,0,0,0.268582597610875,0.450511867345096,0.280905535044029,0
2006-11-22,0,0,0,0,0.268582597610875,0.450511867345096,0.280905535044029,0
2006-11-24,0,0,0,0,0.268582597610875,0.450511867345096,0.280905535044029,0
2006-11-27,0,0,0,0,0.268582597610875,0.450511867345096,0.280905535044029,0
2006-11-28,0,0,0,0,0.268582597610875,0.450511867345096,0.280905535044029,0
2006-11-29,0,0,0,0,0.268582597610875,0.450511867345096,0.280905535044029,0
2006-11-30,0,0,0,0,0.268582597610875,0.450511867345096,0.280905535044029,0
2006-12-01,0,0,0.473896391127812,0.247883977021239,0.278219631850949,0,0,0
2006-12-04,0,0,0.473896391127812,0.247883977021239,0.278219631850949,0,0,0
2006-12-05,0,0,0.473896391127812,0.247883977021239,0.278219631850949,0,0,0
2006-12-06,0,0,0.473896391127812,0.247883977021239,0.278219631850949,0,0,0
2006-12-07,0,0,0.473896391127812,0.247883977021239,0.278219631850949,0,0,0
2006-12-08,0,0,0.473896391127812,0.247883977021239,0.278219631850949,0,0,0
2006-12-11,0,0,0.473896391127812,0.247883977021239,0.278219631850949,0,0,0
2006-12-12,0,0,0.473896391127812,0.247883977021239,0.278219631850949,0,0,0
2006-12-13,0,0,0.473896391127812,0.247883977021239,0.278219631850949,0,0,0
2006-12-14,0,0,0.473896391127812,0.247883977021239,0.278219631850949,0,0,0
2006-12-15,0,0,0.473896391127812,0.247883977021239,0.278219631850949,0,0,0
2006-12-18,0,0,0.473896391127812,0.247883977021239,0.278219631850949,0,0,0
2006-12-19,0,0,0.473896391127812,0.247883977021239,0.278219631850949,0,0,0
2006-12-20,0,0,0.473896391127812,0.247883977021239,0.278219631850949,0,0,0
2006-12-21,0,0,0.473896391127812,0.247883977021239,0.278219631850949,0,0,0
2006-12-22,0,0,0.473896391127812,0.247883977021239,0.278219631850949,0,0,0
2006-12-26,0,0,0.473896391127812,0.247883977021239,0.278219631850949,0,0,0
2006-12-27,0,0,0.473896391127812,0.247883977021239,0.278219631850949,0,0,0
2006-12-28,0,0,0.473896391127812,0.247883977021239,0.278219631850949,0,0,0
2006-12-29,0,0,0.473896391127812,0.247883977021239,0.278219631850949,0,0,0
2007-01-03,0,0,0.481284622429464,0.264804118910094,0.253911258660441,0,0,0
2007-01-04,0,0,0.481284622429464,0.264804118910094,0.253911258660441,0,0,0
2007-01-05,0,0,0.481284622429464,0.264804118910094,0.253911258660441,0,0,0
2007-01-08,0,0,0.481284622429464,0.264804118910094,0.253911258660441,0,0,0
2007-01-09,0,0,0.481284622429464,0.264804118910094,0.253911258660441,0,0,0
2007-01-10,0,0,0.481284622429464,0.264804118910094,0.253911258660441,0,0,0
2007-01-11,0,0,0.481284622429464,0.264804118910094,0.253911258660441,0,0,0
2007-01-12,0,0,0.481284622429464,0.264804118910094,0.253911258660441,0,0,0
2007-01-16,0,0,0.481284622429464,0.264804118910094,0.253911258660441,0,0,0
2007-01-17,0,0,0.481284622429464,0.264804118910094,0.253911258660441,0,0,0
2007-01-18,0,0,0.481284622429464,0.264804118910094,0.253911258660441,0,0,0
2007-01-19,0,0,0.481284622429464,0.264804118910094,0.253911258660441,0,0,0
2007-01-22,0,0,0.481284622429464,0.264804118910094,0.253911258660441,0,0,0
2007-01-23,0,0,0.481284622429464,0.264804118910094,0.253911258660441,0,0,0
2007-01-24,0,0,0.481284622429464,0.264804118910094,0.253911258660441,0,0,0
2007-01-25,0,0,0.481284622429464,0.264804118910094,0.253911258660441,0,0,0
2007-01-26,0,0,0.481284622429464,0.264804118910094,0.253911258660441,0,0,0
2007-01-29,0,0,0.481284622429464,0.264804118910094,0.253911258660441,0,0,0
2007-01-30,0,0,0.481284622429464,0.264804118910094,0.253911258660441,0,0,0
2007-01-31,0,0,0.481284622429464,0.264804118910094,0.253911258660441,0,0,0
2007-02-01,0,0,0.420359542937412,0.214120297826751,0.365520159235838,0,0,0
2007-02-02,0,0,0.420359542937412,0.214120297826751,0.365520159235838,0,0,0
2007-02-05,0,0,0.420359542937412,0.214120297826751,0.365520159235838,0,0,0
2007-02-06,0,0,0.420359542937412,0.214120297826751,0.365520159235838,0,0,0
2007-02-07,0,0,0.420359542937412,0.214120297826751,0.365520159235838,0,0,0
2007-02-08,0,0,0.420359542937412,0.214120297826751,0.365520159235838,0,0,0
2007-02-09,0,0,0.420359542937412,0.214120297826751,0.365520159235838,0,0,0
2007-02-12,0,0,0.420359542937412,0.214120297826751,0.365520159235838,0,0,0
2007-02-13,0,0,0.420359542937412,0.214120297826751,0.365520159235838,0,0,0
2007-02-14,0,0,0.420359542937412,0.214120297826751,0.365520159235838,0,0,0
2007-02-15,0,0,0.420359542937412,0.214120297826751,0.365520159235838,0,0,0
2007-02-16,0,0,0.420359542937412,0.214120297826751,0.365520159235838,0,0,0
2007-02-20,0,0,0.420359542937412,0.214120297826751,0.365520159235838,0,0,0
2007-02-21,0,0,0.420359542937412,0.214120297826751,0.365520159235838,0,0,0
2007-02-22,0,0,0.420359542937412,0.214120297826751,0.365520159235838,0,0,0
2007-02-23,0,0,0.420359542937412,0.214120297826751,0.365520159235838,0,0,0
2007-02-26,0,0,0.420359542937412,0.214120297826751,0.365520159235838,0,0,0
2007-02-27,0,0,0.420359542937412,0.214120297826751,0.365520159235838,0,0,0
2007-02-28,0,0,0.420359542937412,0.214120297826751,0.365520159235838,0,0,0
2007-03-01,0,0,0.389899196752933,0.22742936376944,0.382671439477627,0,0,0
2007-03-02,0,0,0.389899196752933,0.22742936376944,0.382671439477627,0,0,0
2007-03-05,0,0,0.389899196752933,0.22742936376944,0.382671439477627,0,0,0
2007-03-06,0,0,0.389899196752933,0.22742936376944,0.382671439477627,0,0,0
2007-03-07,0,0,0.389899196752933,0.22742936376944,0.382671439477627,0,0,0
2007-03-08,0,0,0.389899196752933,0.22742936376944,0.382671439477627,0,0,0
2007-03-09,0,0,0.389899196752933,0.22742936376944,0.382671439477627,0,0,0
2007-03-12,0,0,0.389899196752933,0.22742936376944,0.382671439477627,0,0,0
2007-03-13,0,0,0.389899196752933,0.22742936376944,0.382671439477627,0,0,0
2007-03-14,0,0,0.389899196752933,0.22742936376944,0.382671439477627,0,0,0
2007-03-15,0,0,0.389899196752933,0.22742936376944,0.382671439477627,0,0,0
2007-03-16,0,0,0.389899196752933,0.22742936376944,0.382671439477627,0,0,0
2007-03-19,0,0,0.389899196752933,0.22742936376944,0.382671439477627,0,0,0
2007-03-20,0,0,0.389899196752933,0.22742936376944,0.382671439477627,0,0,0
2007-03-21,0,0,0.389899196752933,0.22742936376944,0.382671439477627,0,0,0
2007-03-22,0,0,0.389899196752933,0.22742936376944,0.382671439477627,0,0,0
2007-03-23,0,0,0.389899196752933,0.22742936376944,0.382671439477627,0,0,0
2007-03-26,0,0,0.389899196752933,0.22742936376944,0.382671439477627,0,0,0
2007-03-27,0,0,0.389899196752933,0.22742936376944,0.382671439477627,0,0,0
2007-03-28,0,0,0.389899196752933,0.22742936376944,0.382671439477627,0,0,0
2007-03-29,0,0,0.389899196752933,0.22742936376944,0.382671439477627,0,0,0
2007-03-30,0,0,0.389899196752933,0.22742936376944,0.382671439477627,0,0,0
2007-04-02,0,0,0.355168738425872,0.235229410216026,0,0,0,0.409601851358102
2007-04-03,0,0,0.355168738425872,0.235229410216026,0,0,0,0.409601851358102
2007-04-04,0,0,0.355168738425872,0.235229410216026,0,0,0,0.409601851358102
2007-04-05,0,0,0.355168738425872,0.235229410216026,0,0,0,0.409601851358102
2007-04-09,0,0,0.355168738425872,0.235229410216026,0,0,0,0.409601851358102
2007-04-10,0,0,0.355168738425872,0.235229410216026,0,0,0,0.409601851358102
2007-04-11,0,0,0.355168738425872,0.235229410216026,0,0,0,0.409601851358102
2007-04-12,0,0,0.355168738425872,0.235229410216026,0,0,0,0.409601851358102
2007-04-13,0,0,0.355168738425872,0.235229410216026,0,0,0,0.409601851358102
2007-04-16,0,0,0.355168738425872,0.235229410216026,0,0,0,0.409601851358102
2007-04-17,0,0,0.355168738425872,0.235229410216026,0,0,0,0.409601851358102
2007-04-18,0,0,0.355168738425872,0.235229410216026,0,0,0,0.409601851358102
2007-04-19,0,0,0.355168738425872,0.235229410216026,0,0,0,0.409601851358102
2007-04-20,0,0,0.355168738425872,0.235229410216026,0,0,0,0.409601851358102
2007-04-23,0,0,0.355168738425872,0.235229410216026,0,0,0,0.409601851358102
2007-04-24,0,0,0.355168738425872,0.235229410216026,0,0,0,0.409601851358102
2007-04-25,0,0,0.355168738425872,0.235229410216026,0,0,0,0.409601851358102
2007-04-26,0,0,0.355168738425872,0.235229410216026,0,0,0,0.409601851358102
2007-04-27,0,0,0.355168738425872,0.235229410216026,0,0,0,0.409601851358102
2007-04-30,0,0,0.355168738425872,0.235229410216026,0,0,0,0.409601851358102
2007-05-01,0,0.449544245116882,0.325137131075211,0.225318623807908,0,0,0,0
2007-05-02,0,0.449544245116882,0.325137131075211,0.225318623807908,0,0,0,0
2007-05-03,0,0.449544245116882,0.325137131075211,0.225318623807908,0,0,0,0
2007-05-04,0,0.449544245116882,0.325137131075211,0.225318623807908,0,0,0,0
2007-05-07,0,0.449544245116882,0.325137131075211,0.225318623807908,0,0,0,0
2007-05-08,0,0.449544245116882,0.325137131075211,0.225318623807908,0,0,0,0
2007-05-09,0,0.449544245116882,0.325137131075211,0.225318623807908,0,0,0,0
2007-05-10,0,0.449544245116882,0.325137131075211,0.225318623807908,0,0,0,0
2007-05-11,0,0.449544245116882,0.325137131075211,0.225318623807908,0,0,0,0
2007-05-14,0,0.449544245116882,0.325137131075211,0.225318623807908,0,0,0,0
2007-05-15,0,0.449544245116882,0.325137131075211,0.225318623807908,0,0,0,0
2007-05-16,0,0.449544245116882,0.325137131075211,0.225318623807908,0,0,0,0
2007-05-17,0,0.449544245116882,0.325137131075211,0.225318623807908,0,0,0,0
2007-05-18,0,0.449544245116882,0.325137131075211,0.225318623807908,0,0,0,0
2007-05-21,0,0.449544245116882,0.325137131075211,0.225318623807908,0,0,0,0
2007-05-22,0,0.449544245116882,0.325137131075211,0.225318623807908,0,0,0,0
2007-05-23,0,0.449544245116882,0.325137131075211,0.225318623807908,0,0,0,0
2007-05-24,0,0.449544245116882,0.325137131075211,0.225318623807908,0,0,0,0
2007-05-25,0,0.449544245116882,0.325137131075211,0.225318623807908,0,0,0,0
2007-05-29,0,0.449544245116882,0.325137131075211,0.225318623807908,0,0,0,0
2007-05-30,0,0.449544245116882,0.325137131075211,0.225318623807908,0,0,0,0
2007-05-31,0,0.449544245116882,0.325137131075211,0.225318623807908,0,0,0,0
2007-06-01,0,0.461387039122286,0.316801838007311,0.221811122870404,0,0,0,0
2007-06-04,0,0.461387039122286,0.316801838007311,0.221811122870404,0,0,0,0
2007-06-05,0,0.461387039122286,0.316801838007311,0.221811122870404,0,0,0,0
2007-06-06,0,0.461387039122286,0.316801838007311,0.221811122870404,0,0,0,0
2007-06-07,0,0.461387039122286,0.316801838007311,0.221811122870404,0,0,0,0
2007-06-08,0,0.461387039122286,0.316801838007311,0.221811122870404,0,0,0,0
2007-06-11,0,0.461387039122286,0.316801838007311,0.221811122870404,0,0,0,0
2007-06-12,0,0.461387039122286,0.316801838007311,0.221811122870404,0,0,0,0
2007-06-13,0,0.461387039122286,0.316801838007311,0.221811122870404,0,0,0,0
2007-06-14,0,0.461387039122286,0.316801838007311,0.221811122870404,0,0,0,0
2007-06-15,0,0.461387039122286,0.316801838007311,0.221811122870404,0,0,0,0
2007-06-18,0,0.461387039122286,0.316801838007311,0.221811122870404,0,0,0,0
2007-06-19,0,0.461387039122286,0.316801838007311,0.221811122870404,0,0,0,0
2007-06-20,0,0.461387039122286,0.316801838007311,0.221811122870404,0,0,0,0
2007-06-21,0,0.461387039122286,0.316801838007311,0.221811122870404,0,0,0,0
2007-06-22,0,0.461387039122286,0.316801838007311,0.221811122870404,0,0,0,0
2007-06-25,0,0.461387039122286,0.316801838007311,0.221811122870404,0,0,0,0
2007-06-26,0,0.461387039122286,0.316801838007311,0.221811122870404,0,0,0,0
2007-06-27,0,0.461387039122286,0.316801838007311,0.221811122870404,0,0,0,0
2007-06-28,0,0.461387039122286,0.316801838007311,0.221811122870404,0,0,0,0
2007-06-29,0,0.461387039122286,0.316801838007311,0.221811122870404,0,0,0,0
2007-07-02,0,0.427730961618661,0.324089864898943,0.248179173482396,0,0,0,0
2007-07-03,0,0.427730961618661,0.324089864898943,0.248179173482396,0,0,0,0
2007-07-05,0,0.427730961618661,0.324089864898943,0.248179173482396,0,0,0,0
2007-07-06,0,0.427730961618661,0.324089864898943,0.248179173482396,0,0,0,0
2007-07-09,0,0.427730961618661,0.324089864898943,0.248179173482396,0,0,0,0
2007-07-10,0,0.427730961618661,0.324089864898943,0.248179173482396,0,0,0,0
2007-07-11,0,0.427730961618661,0.324089864898943,0.248179173482396,0,0,0,0
2007-07-12,0,0.427730961618661,0.324089864898943,0.248179173482396,0,0,0,0
2007-07-13,0,0.427730961618661,0.324089864898943,0.248179173482396,0,0,0,0
2007-07-16,0,0.427730961618661,0.324089864898943,0.248179173482396,0,0,0,0
2007-07-17,0,0.427730961618661,0.324089864898943,0.248179173482396,0,0,0,0
2007-07-18,0,0.427730961618661,0.324089864898943,0.248179173482396,0,0,0,0
2007-07-19,0,0.427730961618661,0.324089864898943,0.248179173482396,0,0,0,0
2007-07-20,0,0.427730961618661,0.324089864898943,0.248179173482396,0,0,0,0
2007-07-23,0,0.427730961618661,0.324089864898943,0.248179173482396,0,0,0,0
2007-07-24,0,0.427730961618661,0.324089864898943,0.248179173482396,0,0,0,0
2007-07-25,0,0.427730961618661,0.324089864898943,0.248179173482396,0,0,0,0
2007-07-26,0,0.427730961618661,0.324089864898943,0.248179173482396,0,0,0,0
2007-07-27,0,0.427730961618661,0.324089864898943,0.248179173482396,0,0,0,0
2007-07-30,0,0.427730961618661,0.324089864898943,0.248179173482396,0,0,0,0
2007-07-31,0,0.427730961618661,0.324089864898943,0.248179173482396,0,0,0,0
2007-08-01,0,0,0.148868792387768,0.121598269085464,0,0.729532938526767,0,0
2007-08-02,0,0,0.148868792387768,0.121598269085464,0,0.729532938526767,0,0
2007-08-03,0,0,0.148868792387768,0.121598269085464,0,0.729532938526767,0,0
2007-08-06,0,0,0.148868792387768,0.121598269085464,0,0.729532938526767,0,0
2007-08-07,0,0,0.148868792387768,0.121598269085464,0,0.729532938526767,0,0
2007-08-08,0,0,0.148868792387768,0.121598269085464,0,0.729532938526767,0,0
2007-08-09,0,0,0.148868792387768,0.121598269085464,0,0.729532938526767,0,0
2007-08-10,0,0,0.148868792387768,0.121598269085464,0,0.729532938526767,0,0
2007-08-13,0,0,0.148868792387768,0.121598269085464,0,0.729532938526767,0,0
2007-08-14,0,0,0.148868792387768,0.121598269085464,0,0.729532938526767,0,0
2007-08-15,0,0,0.148868792387768,0.121598269085464,0,0.729532938526767,0,0
2007-08-16,0,0,0.148868792387768,0.121598269085464,0,0.729532938526767,0,0
2007-08-17,0,0,0.148868792387768,0.121598269085464,0,0.729532938526767,0,0
2007-08-20,0,0,0.148868792387768,0.121598269085464,0,0.729532938526767,0,0
2007-08-21,0,0,0.148868792387768,0.121598269085464,0,0.729532938526767,0,0
2007-08-22,0,0,0.148868792387768,0.121598269085464,0,0.729532938526767,0,0
2007-08-23,0,0,0.148868792387768,0.121598269085464,0,0.729532938526767,0,0
2007-08-24,0,0,0.148868792387768,0.121598269085464,0,0.729532938526767,0,0
2007-08-27,0,0,0.148868792387768,0.121598269085464,0,0.729532938526767,0,0
2007-08-28,0,0,0.148868792387768,0.121598269085464,0,0.729532938526767,0,0
2007-08-29,0,0,0.148868792387768,0.121598269085464,0,0.729532938526767,0,0
2007-08-30,0,0,0.148868792387768,0.121598269085464,0,0.729532938526767,0,0
2007-08-31,0,0,0.148868792387768,0.121598269085464,0,0.729532938526767,0,0
2007-09-04,0,0.431394187412681,0.342981891537513,0.225623921049806,0,0,0,0
2007-09-05,0,0.431394187412681,0.342981891537513,0.225623921049806,0,0,0,0
2007-09-06,0,0.431394187412681,0.342981891537513,0.225623921049806,0,0,0,0
2007-09-07,0,0.431394187412681,0.342981891537513,0.225623921049806,0,0,0,0
2007-09-10,0,0.431394187412681,0.342981891537513,0.225623921049806,0,0,0,0
2007-09-11,0,0.431394187412681,0.342981891537513,0.225623921049806,0,0,0,0
2007-09-12,0,0.431394187412681,0.342981891537513,0.225623921049806,0,0,0,0
2007-09-13,0,0.431394187412681,0.342981891537513,0.225623921049806,0,0,0,0
2007-09-14,0,0.431394187412681,0.342981891537513,0.225623921049806,0,0,0,0
2007-09-17,0,0.431394187412681,0.342981891537513,0.225623921049806,0,0,0,0
2007-09-18,0,0.431394187412681,0.342981891537513,0.225623921049806,0,0,0,0
2007-09-19,0,0.431394187412681,0.342981891537513,0.225623921049806,0,0,0,0
2007-09-20,0,0.431394187412681,0.342981891537513,0.225623921049806,0,0,0,0
2007-09-21,0,0.431394187412681,0.342981891537513,0.225623921049806,0,0,0,0
2007-09-24,0,0.431394187412681,0.342981891537513,0.225623921049806,0,0,0,0
2007-09-25,0,0.431394187412681,0.342981891537513,0.225623921049806,0,0,0,0
2007-09-26,0,0.431394187412681,0.342981891537513,0.225623921049806,0,0,0,0
2007-09-27,0,0.431394187412681,0.342981891537513,0.225623921049806,0,0,0,0
2007-09-28,0,0.431394187412681,0.342981891537513,0.225623921049806,0,0,0,0
2007-10-01,0,0,0.251260461269254,0.188155376043221,0,0,0,0.560584162687526
2007-10-02,0,0,0.251260461269254,0.188155376043221,0,0,0,0.560584162687526
2007-10-03,0,0,0.251260461269254,0.188155376043221,0,0,0,0.560584162687526
2007-10-04,0,0,0.251260461269254,0.188155376043221,0,0,0,0.560584162687526
2007-10-05,0,0,0.251260461269254,0.188155376043221,0,0,0,0.560584162687526
2007-10-08,0,0,0.251260461269254,0.188155376043221,0,0,0,0.560584162687526
2007-10-09,0,0,0.251260461269254,0.188155376043221,0,0,0,0.560584162687526
2007-10-10,0,0,0.251260461269254,0.188155376043221,0,0,0,0.560584162687526
2007-10-11,0,0,0.251260461269254,0.188155376043221,0,0,0,0.560584162687526
2007-10-12,0,0,0.251260461269254,0.188155376043221,0,0,0,0.560584162687526
2007-10-15,0,0,0.251260461269254,0.188155376043221,0,0,0,0.560584162687526
2007-10-16,0,0,0.251260461269254,0.188155376043221,0,0,0,0.560584162687526
2007-10-17,0,0,0.251260461269254,0.188155376043221,0,0,0,0.560584162687526
2007-10-18,0,0,0.251260461269254,0.188155376043221,0,0,0,0.560584162687526
2007-10-19,0,0,0.251260461269254,0.188155376043221,0,0,0,0.560584162687526
2007-10-22,0,0,0.251260461269254,0.188155376043221,0,0,0,0.560584162687526
2007-10-23,0,0,0.251260461269254,0.188155376043221,0,0,0,0.560584162687526
2007-10-24,0,0,0.251260461269254,0.188155376043221,0,0,0,0.560584162687526
2007-10-25,0,0,0.251260461269254,0.188155376043221,0,0,0,0.560584162687526
2007-10-26,0,0,0.251260461269254,0.188155376043221,0,0,0,0.560584162687526
2007-10-29,0,0,0.251260461269254,0.188155376043221,0,0,0,0.560584162687526
2007-10-30,0,0,0.251260461269254,0.188155376043221,0,0,0,0.560584162687526
2007-10-31,0,0,0.251260461269254,0.188155376043221,0,0,0,0.560584162687526
2007-11-01,0,0,0.331335639031072,0.210430916932029,0,0,0,0.458233444036898
2007-11-02,0,0,0.331335639031072,0.210430916932029,0,0,0,0.458233444036898
2007-11-05,0,0,0.331335639031072,0.210430916932029,0,0,0,0.458233444036898
2007-11-06,0,0,0.331335639031072,0.210430916932029,0,0,0,0.458233444036898
2007-11-07,0,0,0.331335639031072,0.210430916932029,0,0,0,0.458233444036898
2007-11-08,0,0,0.331335639031072,0.210430916932029,0,0,0,0.458233444036898
2007-11-09,0,0,0.331335639031072,0.210430916932029,0,0,0,0.458233444036898
2007-11-12,0,0,0.331335639031072,0.210430916932029,0,0,0,0.458233444036898
2007-11-13,0,0,0.331335639031072,0.210430916932029,0,0,0,0.458233444036898
2007-11-14,0,0,0.331335639031072,0.210430916932029,0,0,0,0.458233444036898
2007-11-15,0,0,0.331335639031072,0.210430916932029,0,0,0,0.458233444036898
2007-11-16,0,0,0.331335639031072,0.210430916932029,0,0,0,0.458233444036898
2007-11-19,0,0,0.331335639031072,0.210430916932029,0,0,0,0.458233444036898
2007-11-20,0,0,0.331335639031072,0.210430916932029,0,0,0,0.458233444036898
2007-11-21,0,0,0.331335639031072,0.210430916932029,0,0,0,0.458233444036898
2007-11-23,0,0,0.331335639031072,0.210430916932029,0,0,0,0.458233444036898
2007-11-26,0,0,0.331335639031072,0.210430916932029,0,0,0,0.458233444036898
2007-11-27,0,0,0.331335639031072,0.210430916932029,0,0,0,0.458233444036898
2007-11-28,0,0,0.331335639031072,0.210430916932029,0,0,0,0.458233444036898
2007-11-29,0,0,0.331335639031072,0.210430916932029,0,0,0,0.458233444036898
2007-11-30,0,0,0.331335639031072,0.210430916932029,0,0,0,0.458233444036898
2007-12-03,0,0,0,0.12651335551606,0,0,0.70583913302572,0.16764751145822
2007-12-04,0,0,0,0.12651335551606,0,0,0.70583913302572,0.16764751145822
2007-12-05,0,0,0,0.12651335551606,0,0,0.70583913302572,0.16764751145822
2007-12-06,0,0,0,0.12651335551606,0,0,0.70583913302572,0.16764751145822
2007-12-07,0,0,0,0.12651335551606,0,0,0.70583913302572,0.16764751145822
2007-12-10,0,0,0,0.12651335551606,0,0,0.70583913302572,0.16764751145822
2007-12-11,0,0,0,0.12651335551606,0,0,0.70583913302572,0.16764751145822
2007-12-12,0,0,0,0.12651335551606,0,0,0.70583913302572,0.16764751145822
2007-12-13,0,0,0,0.12651335551606,0,0,0.70583913302572,0.16764751145822
2007-12-14,0,0,0,0.12651335551606,0,0,0.70583913302572,0.16764751145822
2007-12-17,0,0,0,0.12651335551606,0,0,0.70583913302572,0.16764751145822
2007-12-18,0,0,0,0.12651335551606,0,0,0.70583913302572,0.16764751145822
2007-12-19,0,0,0,0.12651335551606,0,0,0.70583913302572,0.16764751145822
2007-12-20,0,0,0,0.12651335551606,0,0,0.70583913302572,0.16764751145822
2007-12-21,0,0,0,0.12651335551606,0,0,0.70583913302572,0.16764751145822
2007-12-24,0,0,0,0.12651335551606,0,0,0.70583913302572,0.16764751145822
2007-12-26,0,0,0,0.12651335551606,0,0,0.70583913302572,0.16764751145822
2007-12-27,0,0,0,0.12651335551606,0,0,0.70583913302572,0.16764751145822
2007-12-28,0,0,0,0.12651335551606,0,0,0.70583913302572,0.16764751145822
2007-12-31,0,0,0,0.12651335551606,0,0,0.70583913302572,0.16764751145822
2008-01-02,0,0,0,0.154843244103839,0,0,0.64306389209156,0.202092863804601
2008-01-03,0,0,0,0.154843244103839,0,0,0.64306389209156,0.202092863804601
2008-01-04,0,0,0,0.154843244103839,0,0,0.64306389209156,0.202092863804601
2008-01-07,0,0,0,0.154843244103839,0,0,0.64306389209156,0.202092863804601
2008-01-08,0,0,0,0.154843244103839,0,0,0.64306389209156,0.202092863804601
2008-01-09,0,0,0,0.154843244103839,0,0,0.64306389209156,0.202092863804601
2008-01-10,0,0,0,0.154843244103839,0,0,0.64306389209156,0.202092863804601
2008-01-11,0,0,0,0.154843244103839,0,0,0.64306389209156,0.202092863804601
2008-01-14,0,0,0,0.154843244103839,0,0,0.64306389209156,0.202092863804601
2008-01-15,0,0,0,0.154843244103839,0,0,0.64306389209156,0.202092863804601
2008-01-16,0,0,0,0.154843244103839,0,0,0.64306389209156,0.202092863804601
2008-01-17,0,0,0,0.154843244103839,0,0,0.64306389209156,0.202092863804601
2008-01-18,0,0,0,0.154843244103839,0,0,0.64306389209156,0.202092863804601
2008-01-22,0,0,0,0.154843244103839,0,0,0.64306389209156,0.202092863804601
2008-01-23,0,0,0,0.154843244103839,0,0,0.64306389209156,0.202092863804601
2008-01-24,0,0,0,0.154843244103839,0,0,0.64306389209156,0.202092863804601
2008-01-25,0,0,0,0.154843244103839,0,0,0.64306389209156,0.202092863804601
2008-01-28,0,0,0,0.154843244103839,0,0,0.64306389209156,0.202092863804601
2008-01-29,0,0,0,0.154843244103839,0,0,0.64306389209156,0.202092863804601
2008-01-30,0,0,0,0.154843244103839,0,0,0.64306389209156,0.202092863804601
2008-01-31,0,0,0,0.154843244103839,0,0,0.64306389209156,0.202092863804601
2008-02-01,0,0,0,0,0,0.449941178980961,0.26082856903256,0.289230251986479
2008-02-04,0,0,0,0,0,0.449941178980961,0.26082856903256,0.289230251986479
2008-02-05,0,0,0,0,0,0.449941178980961,0.26082856903256,0.289230251986479
2008-02-06,0,0,0,0,0,0.449941178980961,0.26082856903256,0.289230251986479
2008-02-07,0,0,0,0,0,0.449941178980961,0.26082856903256,0.289230251986479
2008-02-08,0,0,0,0,0,0.449941178980961,0.26082856903256,0.289230251986479
2008-02-11,0,0,0,0,0,0.449941178980961,0.26082856903256,0.289230251986479
2008-02-12,0,0,0,0,0,0.449941178980961,0.26082856903256,0.289230251986479
2008-02-13,0,0,0,0,0,0.449941178980961,0.26082856903256,0.289230251986479
2008-02-14,0,0,0,0,0,0.449941178980961,0.26082856903256,0.289230251986479
2008-02-15,0,0,0,0,0,0.449941178980961,0.26082856903256,0.289230251986479
2008-02-19,0,0,0,0,0,0.449941178980961,0.26082856903256,0.289230251986479
2008-02-20,0,0,0,0,0,0.449941178980961,0.26082856903256,0.289230251986479
2008-02-21,0,0,0,0,0,0.449941178980961,0.26082856903256,0.289230251986479
2008-02-22,0,0,0,0,0,0.449941178980961,0.26082856903256,0.289230251986479
2008-02-25,0,0,0,0,0,0.449941178980961,0.26082856903256,0.289230251986479
2008-02-26,0,0,0,0,0,0.449941178980961,0.26082856903256,0.289230251986479
2008-02-27,0,0,0,0,0,0.449941178980961,0.26082856903256,0.289230251986479
2008-02-28,0,0,0,0,0,0.449941178980961,0.26082856903256,0.289230251986479
2008-02-29,0,0,0,0,0,0.449941178980961,0.26082856903256,0.289230251986479
2008-03-03,0,0,0,0,0,0.44061937026535,0.262418323488854,0.296962306245795
2008-03-04,0,0,0,0,0,0.44061937026535,0.262418323488854,0.296962306245795
2008-03-05,0,0,0,0,0,0.44061937026535,0.262418323488854,0.296962306245795
2008-03-06,0,0,0,0,0,0.44061937026535,0.262418323488854,0.296962306245795
2008-03-07,0,0,0,0,0,0.44061937026535,0.262418323488854,0.296962306245795
2008-03-10,0,0,0,0,0,0.44061937026535,0.262418323488854,0.296962306245795
2008-03-11,0,0,0,0,0,0.44061937026535,0.262418323488854,0.296962306245795
2008-03-12,0,0,0,0,0,0.44061937026535,0.262418323488854,0.296962306245795
2008-03-13,0,0,0,0,0,0.44061937026535,0.262418323488854,0.296962306245795
2008-03-14,0,0,0,0,0,0.44061937026535,0.262418323488854,0.296962306245795
2008-03-17,0,0,0,0,0,0.44061937026535,0.262418323488854,0.296962306245795
2008-03-18,0,0,0,0,0,0.44061937026535,0.262418323488854,0.296962306245795
2008-03-19,0,0,0,0,0,0.44061937026535,0.262418323488854,0.296962306245795
2008-03-20,0,0,0,0,0,0.44061937026535,0.262418323488854,0.296962306245795
2008-03-24,0,0,0,0,0,0.44061937026535,0.262418323488854,0.296962306245795
2008-03-25,0,0,0,0,0,0.44061937026535,0.262418323488854,0.296962306245795
2008-03-26,0,0,0,0,0,0.44061937026535,0.262418323488854,0.296962306245795
2008-03-27,0,0,0,0,0,0.44061937026535,0.262418323488854,0.296962306245795
2008-03-28,0,0,0,0,0,0.44061937026535,0.262418323488854,0.296962306245795
2008-03-31,0,0,0,0,0,0.44061937026535,0.262418323488854,0.296962306245795
2008-04-01,0,0,0,0,0,0.429041840161687,0.293553963772181,0.277404196066131
2008-04-02,0,0,0,0,0,0.429041840161687,0.293553963772181,0.277404196066131
2008-04-03,0,0,0,0,0,0.429041840161687,0.293553963772181,0.277404196066131
2008-04-04,0,0,0,0,0,0.429041840161687,0.293553963772181,0.277404196066131
2008-04-07,0,0,0,0,0,0.429041840161687,0.293553963772181,0.277404196066131
2008-04-08,0,0,0,0,0,0.429041840161687,0.293553963772181,0.277404196066131
2008-04-09,0,0,0,0,0,0.429041840161687,0.293553963772181,0.277404196066131
2008-04-10,0,0,0,0,0,0.429041840161687,0.293553963772181,0.277404196066131
2008-04-11,0,0,0,0,0,0.429041840161687,0.293553963772181,0.277404196066131
2008-04-14,0,0,0,0,0,0.429041840161687,0.293553963772181,0.277404196066131
2008-04-15,0,0,0,0,0,0.429041840161687,0.293553963772181,0.277404196066131
2008-04-16,0,0,0,0,0,0.429041840161687,0.293553963772181,0.277404196066131
2008-04-17,0,0,0,0,0,0.429041840161687,0.293553963772181,0.277404196066131
2008-04-18,0,0,0,0,0,0.429041840161687,0.293553963772181,0.277404196066131
2008-04-21,0,0,0,0,0,0.429041840161687,0.293553963772181,0.277404196066131
2008-04-22,0,0,0,0,0,0.429041840161687,0.293553963772181,0.277404196066131
2008-04-23,0,0,0,0,0,0.429041840161687,0.293553963772181,0.277404196066131
2008-04-24,0,0,0,0,0,0.429041840161687,0.293553963772181,0.277404196066131
2008-04-25,0,0,0,0,0,0.429041840161687,0.293553963772181,0.277404196066131
2008-04-28,0,0,0,0,0,0.429041840161687,0.293553963772181,0.277404196066131
2008-04-29,0,0,0,0,0,0.429041840161687,0.293553963772181,0.277404196066131
2008-04-30,0,0,0,0,0,0.429041840161687,0.293553963772181,0.277404196066131
2008-05-01,0,0,0,0,0,0.459376412954573,0.315238938249638,0.225384648795789
2008-05-02,0,0,0,0,0,0.459376412954573,0.315238938249638,0.225384648795789
2008-05-05,0,0,0,0,0,0.459376412954573,0.315238938249638,0.225384648795789
2008-05-06,0,0,0,0,0,0.459376412954573,0.315238938249638,0.225384648795789
2008-05-07,0,0,0,0,0,0.459376412954573,0.315238938249638,0.225384648795789
2008-05-08,0,0,0,0,0,0.459376412954573,0.315238938249638,0.225384648795789
2008-05-09,0,0,0,0,0,0.459376412954573,0.315238938249638,0.225384648795789
2008-05-12,0,0,0,0,0,0.459376412954573,0.315238938249638,0.225384648795789
2008-05-13,0,0,0,0,0,0.459376412954573,0.315238938249638,0.225384648795789
2008-05-14,0,0,0,0,0,0.459376412954573,0.315238938249638,0.225384648795789
2008-05-15,0,0,0,0,0,0.459376412954573,0.315238938249638,0.225384648795789
2008-05-16,0,0,0,0,0,0.459376412954573,0.315238938249638,0.225384648795789
2008-05-19,0,0,0,0,0,0.459376412954573,0.315238938249638,0.225384648795789
2008-05-20,0,0,0,0,0,0.459376412954573,0.315238938249638,0.225384648795789
2008-05-21,0,0,0,0,0,0.459376412954573,0.315238938249638,0.225384648795789
2008-05-22,0,0,0,0,0,0.459376412954573,0.315238938249638,0.225384648795789
2008-05-23,0,0,0,0,0,0.459376412954573,0.315238938249638,0.225384648795789
2008-05-27,0,0,0,0,0,0.459376412954573,0.315238938249638,0.225384648795789
2008-05-28,0,0,0,0,0,0.459376412954573,0.315238938249638,0.225384648795789
2008-05-29,0,0,0,0,0,0.459376412954573,0.315238938249638,0.225384648795789
2008-05-30,0,0,0,0,0,0.459376412954573,0.315238938249638,0.225384648795789
2008-06-02,0,0,0,0,0.22509987648959,0.625422221682267,0,0.149477901828143
2008-06-03,0,0,0,0,0.22509987648959,0.625422221682267,0,0.149477901828143
2008-06-04,0,0,0,0,0.22509987648959,0.625422221682267,0,0.149477901828143
2008-06-05,0,0,0,0,0.22509987648959,0.625422221682267,0,0.149477901828143
2008-06-06,0,0,0,0,0.22509987648959,0.625422221682267,0,0.149477901828143
2008-06-09,0,0,0,0,0.22509987648959,0.625422221682267,0,0.149477901828143
2008-06-10,0,0,0,0,0.22509987648959,0.625422221682267,0,0.149477901828143
2008-06-11,0,0,0,0,0.22509987648959,0.625422221682267,0,0.149477901828143
2008-06-12,0,0,0,0,0.22509987648959,0.625422221682267,0,0.149477901828143
2008-06-13,0,0,0,0,0.22509987648959,0.625422221682267,0,0.149477901828143
2008-06-16,0,0,0,0,0.22509987648959,0.625422221682267,0,0.149477901828143
2008-06-17,0,0,0,0,0.22509987648959,0.625422221682267,0,0.149477901828143
2008-06-18,0,0,0,0,0.22509987648959,0.625422221682267,0,0.149477901828143
2008-06-19,0,0,0,0,0.22509987648959,0.625422221682267,0,0.149477901828143
2008-06-20,0,0,0,0,0.22509987648959,0.625422221682267,0,0.149477901828143
2008-06-23,0,0,0,0,0.22509987648959,0.625422221682267,0,0.149477901828143
2008-06-24,0,0,0,0,0.22509987648959,0.625422221682267,0,0.149477901828143
2008-06-25,0,0,0,0,0.22509987648959,0.625422221682267,0,0.149477901828143
2008-06-26,0,0,0,0,0.22509987648959,0.625422221682267,0,0.149477901828143
2008-06-27,0,0,0,0,0.22509987648959,0.625422221682267,0,0.149477901828143
2008-06-30,0,0,0,0,0.22509987648959,0.625422221682267,0,0.149477901828143
2008-07-01,0,0,0,0,0.23727324888169,0.585618942043223,0,0.177107809075087
2008-07-02,0,0,0,0,0.23727324888169,0.585618942043223,0,0.177107809075087
2008-07-03,0,0,0,0,0.23727324888169,0.585618942043223,0,0.177107809075087
2008-07-07,0,0,0,0,0.23727324888169,0.585618942043223,0,0.177107809075087
2008-07-08,0,0,0,0,0.23727324888169,0.585618942043223,0,0.177107809075087
2008-07-09,0,0,0,0,0.23727324888169,0.585618942043223,0,0.177107809075087
2008-07-10,0,0,0,0,0.23727324888169,0.585618942043223,0,0.177107809075087
2008-07-11,0,0,0,0,0.23727324888169,0.585618942043223,0,0.177107809075087
2008-07-14,0,0,0,0,0.23727324888169,0.585618942043223,0,0.177107809075087
2008-07-15,0,0,0,0,0.23727324888169,0.585618942043223,0,0.177107809075087
2008-07-16,0,0,0,0,0.23727324888169,0.585618942043223,0,0.177107809075087
2008-07-17,0,0,0,0,0.23727324888169,0.585618942043223,0,0.177107809075087
2008-07-18,0,0,0,0,0.23727324888169,0.585618942043223,0,0.177107809075087
2008-07-21,0,0,0,0,0.23727324888169,0.585618942043223,0,0.177107809075087
2008-07-22,0,0,0,0,0.23727324888169,0.585618942043223,0,0.177107809075087
2008-07-23,0,0,0,0,0.23727324888169,0.585618942043223,0,0.177107809075087
2008-07-24,0,0,0,0,0.23727324888169,0.585618942043223,0,0.177107809075087
2008-07-25,0,0,0,0,0.23727324888169,0.585618942043223,0,0.177107809075087
2008-07-28,0,0,0,0,0.23727324888169,0.585618942043223,0,0.177107809075087
2008-07-29,0,0,0,0,0.23727324888169,0.585618942043223,0,0.177107809075087
2008-07-30,0,0,0,0,0.23727324888169,0.585618942043223,0,0.177107809075087
2008-07-31,0,0,0,0,0.23727324888169,0.585618942043223,0,0.177107809075087
2008-08-01,0,0,0,0,0.137719708184381,0.513408973238047,0.348871318577572,0
2008-08-04,0,0,0,0,0.137719708184381,0.513408973238047,0.348871318577572,0
2008-08-05,0,0,0,0,0.137719708184381,0.513408973238047,0.348871318577572,0
2008-08-06,0,0,0,0,0.137719708184381,0.513408973238047,0.348871318577572,0
2008-08-07,0,0,0,0,0.137719708184381,0.513408973238047,0.348871318577572,0
2008-08-08,0,0,0,0,0.137719708184381,0.513408973238047,0.348871318577572,0
2008-08-11,0,0,0,0,0.137719708184381,0.513408973238047,0.348871318577572,0
2008-08-12,0,0,0,0,0.137719708184381,0.513408973238047,0.348871318577572,0
2008-08-13,0,0,0,0,0.137719708184381,0.513408973238047,0.348871318577572,0
2008-08-14,0,0,0,0,0.137719708184381,0.513408973238047,0.348871318577572,0
2008-08-15,0,0,0,0,0.137719708184381,0.513408973238047,0.348871318577572,0
2008-08-18,0,0,0,0,0.137719708184381,0.513408973238047,0.348871318577572,0
2008-08-19,0,0,0,0,0.137719708184381,0.513408973238047,0.348871318577572,0
2008-08-20,0,0,0,0,0.137719708184381,0.513408973238047,0.348871318577572,0
2008-08-21,0,0,0,0,0.137719708184381,0.513408973238047,0.348871318577572,0
2008-08-22,0,0,0,0,0.137719708184381,0.513408973238047,0.348871318577572,0
2008-08-25,0,0,0,0,0.137719708184381,0.513408973238047,0.348871318577572,0
2008-08-26,0,0,0,0,0.137719708184381,0.513408973238047,0.348871318577572,0
2008-08-27,0,0,0,0,0.137719708184381,0.513408973238047,0.348871318577572,0
2008-08-28,0,0,0,0,0.137719708184381,0.513408973238047,0.348871318577572,0
2008-08-29,0,0,0,0,0.137719708184381,0.513408973238047,0.348871318577572,0
2008-09-02,0,0.218817698868762,0,0,0.0931214784387631,0,0.688060822692475,0
2008-09-03,0,0.218817698868762,0,0,0.0931214784387631,0,0.688060822692475,0
2008-09-04,0,0.218817698868762,0,0,0.0931214784387631,0,0.688060822692475,0
2008-09-05,0,0.218817698868762,0,0,0.0931214784387631,0,0.688060822692475,0
2008-09-08,0,0.218817698868762,0,0,0.0931214784387631,0,0.688060822692475,0
2008-09-09,0,0.218817698868762,0,0,0.0931214784387631,0,0.688060822692475,0
2008-09-10,0,0.218817698868762,0,0,0.0931214784387631,0,0.688060822692475,0
2008-09-11,0,0.218817698868762,0,0,0.0931214784387631,0,0.688060822692475,0
2008-09-12,0,0.218817698868762,0,0,0.0931214784387631,0,0.688060822692475,0
2008-09-15,0,0.218817698868762,0,0,0.0931214784387631,0,0.688060822692475,0
2008-09-16,0,0.218817698868762,0,0,0.0931214784387631,0,0.688060822692475,0
2008-09-17,0,0.218817698868762,0,0,0.0931214784387631,0,0.688060822692475,0
2008-09-18,0,0.218817698868762,0,0,0.0931214784387631,0,0.688060822692475,0
2008-09-19,0,0.218817698868762,0,0,0.0931214784387631,0,0.688060822692475,0
2008-09-22,0,0.218817698868762,0,0,0.0931214784387631,0,0.688060822692475,0
2008-09-23,0,0.218817698868762,0,0,0.0931214784387631,0,0.688060822692475,0
2008-09-24,0,0.218817698868762,0,0,0.0931214784387631,0,0.688060822692475,0
2008-09-25,0,0.218817698868762,0,0,0.0931214784387631,0,0.688060822692475,0
2008-09-26,0,0.218817698868762,0,0,0.0931214784387631,0,0.688060822692475,0
2008-09-29,0,0.218817698868762,0,0,0.0931214784387631,0,0.688060822692475,0
2008-09-30,0,0.218817698868762,0,0,0.0931214784387631,0,0.688060822692475,0
2008-10-01,0.99999995686396,0,0,0,0,2.73078644257811e-08,1.58281759864094e-08,0
2008-10-02,0.99999995686396,0,0,0,0,2.73078644257811e-08,1.58281759864094e-08,0
2008-10-03,0.99999995686396,0,0,0,0,2.73078644257811e-08,1.58281759864094e-08,0
2008-10-06,0.99999995686396,0,0,0,0,2.73078644257811e-08,1.58281759864094e-08,0
2008-10-07,0.99999995686396,0,0,0,0,2.73078644257811e-08,1.58281759864094e-08,0
2008-10-08,0.99999995686396,0,0,0,0,2.73078644257811e-08,1.58281759864094e-08,0
2008-10-09,0.99999995686396,0,0,0,0,2.73078644257811e-08,1.58281759864094e-08,0
2008-10-10,0.99999995686396,0,0,0,0,2.73078644257811e-08,1.58281759864094e-08,0
2008-10-13,0.99999995686396,0,0,0,0,2.73078644257811e-08,1.58281759864094e-08,0
2008-10-14,0.99999995686396,0,0,0,0,2.73078644257811e-08,1.58281759864094e-08,0
2008-10-15,0.99999995686396,0,0,0,0,2.73078644257811e-08,1.58281759864094e-08,0
2008-10-16,0.99999995686396,0,0,0,0,2.73078644257811e-08,1.58281759864094e-08,0
2008-10-17,0.99999995686396,0,0,0,0,2.73078644257811e-08,1.58281759864094e-08,0
2008-10-20,0.99999995686396,0,0,0,0,2.73078644257811e-08,1.58281759864094e-08,0
2008-10-21,0.99999995686396,0,0,0,0,2.73078644257811e-08,1.58281759864094e-08,0
2008-10-22,0.99999995686396,0,0,0,0,2.73078644257811e-08,1.58281759864094e-08,0
2008-10-23,0.99999995686396,0,0,0,0,2.73078644257811e-08,1.58281759864094e-08,0
2008-10-24,0.99999995686396,0,0,0,0,2.73078644257811e-08,1.58281759864094e-08,0
2008-10-27,0.99999995686396,0,0,0,0,2.73078644257811e-08,1.58281759864094e-08,0
2008-10-28,0.99999995686396,0,0,0,0,2.73078644257811e-08,1.58281759864094e-08,0
2008-10-29,0.99999995686396,0,0,0,0,2.73078644257811e-08,1.58281759864094e-08,0
2008-10-30,0.99999995686396,0,0,0,0,2.73078644257811e-08,1.58281759864094e-08,0
2008-10-31,0.99999995686396,0,0,0,0,2.73078644257811e-08,1.58281759864094e-08,0
2008-11-03,0.999999947726975,0,0,0,0,3.26013776709035e-08,1.96716472489643e-08,0
2008-11-04,0.999999947726975,0,0,0,0,3.26013776709035e-08,1.96716472489643e-08,0
2008-11-05,0.999999947726975,0,0,0,0,3.26013776709035e-08,1.96716472489643e-08,0
2008-11-06,0.999999947726975,0,0,0,0,3.26013776709035e-08,1.96716472489643e-08,0
2008-11-07,0.999999947726975,0,0,0,0,3.26013776709035e-08,1.96716472489643e-08,0
2008-11-10,0.999999947726975,0,0,0,0,3.26013776709035e-08,1.96716472489643e-08,0
2008-11-11,0.999999947726975,0,0,0,0,3.26013776709035e-08,1.96716472489643e-08,0
2008-11-12,0.999999947726975,0,0,0,0,3.26013776709035e-08,1.96716472489643e-08,0
2008-11-13,0.999999947726975,0,0,0,0,3.26013776709035e-08,1.96716472489643e-08,0
2008-11-14,0.999999947726975,0,0,0,0,3.26013776709035e-08,1.96716472489643e-08,0
2008-11-17,0.999999947726975,0,0,0,0,3.26013776709035e-08,1.96716472489643e-08,0
2008-11-18,0.999999947726975,0,0,0,0,3.26013776709035e-08,1.96716472489643e-08,0
2008-11-19,0.999999947726975,0,0,0,0,3.26013776709035e-08,1.96716472489643e-08,0
2008-11-20,0.999999947726975,0,0,0,0,3.26013776709035e-08,1.96716472489643e-08,0
2008-11-21,0.999999947726975,0,0,0,0,3.26013776709035e-08,1.96716472489643e-08,0
2008-11-24,0.999999947726975,0,0,0,0,3.26013776709035e-08,1.96716472489643e-08,0
2008-11-25,0.999999947726975,0,0,0,0,3.26013776709035e-08,1.96716472489643e-08,0
2008-11-26,0.999999947726975,0,0,0,0,3.26013776709035e-08,1.96716472489643e-08,0
2008-11-28,0.999999947726975,0,0,0,0,3.26013776709035e-08,1.96716472489643e-08,0
2008-12-01,0.999999950409773,0,0,0,0,3.24256068617192e-08,1.71646206699521e-08,0
2008-12-02,0.999999950409773,0,0,0,0,3.24256068617192e-08,1.71646206699521e-08,0
2008-12-03,0.999999950409773,0,0,0,0,3.24256068617192e-08,1.71646206699521e-08,0
2008-12-04,0.999999950409773,0,0,0,0,3.24256068617192e-08,1.71646206699521e-08,0
2008-12-05,0.999999950409773,0,0,0,0,3.24256068617192e-08,1.71646206699521e-08,0
2008-12-08,0.999999950409773,0,0,0,0,3.24256068617192e-08,1.71646206699521e-08,0
2008-12-09,0.999999950409773,0,0,0,0,3.24256068617192e-08,1.71646206699521e-08,0
2008-12-10,0.999999950409773,0,0,0,0,3.24256068617192e-08,1.71646206699521e-08,0
2008-12-11,0.999999950409773,0,0,0,0,3.24256068617192e-08,1.71646206699521e-08,0
2008-12-12,0.999999950409773,0,0,0,0,3.24256068617192e-08,1.71646206699521e-08,0
2008-12-15,0.999999950409773,0,0,0,0,3.24256068617192e-08,1.71646206699521e-08,0
2008-12-16,0.999999950409773,0,0,0,0,3.24256068617192e-08,1.71646206699521e-08,0
2008-12-17,0.999999950409773,0,0,0,0,3.24256068617192e-08,1.71646206699521e-08,0
2008-12-18,0.999999950409773,0,0,0,0,3.24256068617192e-08,1.71646206699521e-08,0
2008-12-19,0.999999950409773,0,0,0,0,3.24256068617192e-08,1.71646206699521e-08,0
2008-12-22,0.999999950409773,0,0,0,0,3.24256068617192e-08,1.71646206699521e-08,0
2008-12-23,0.999999950409773,0,0,0,0,3.24256068617192e-08,1.71646206699521e-08,0
2008-12-24,0.999999950409773,0,0,0,0,3.24256068617192e-08,1.71646206699521e-08,0
2008-12-26,0.999999950409773,0,0,0,0,3.24256068617192e-08,1.71646206699521e-08,0
2008-12-29,0.999999950409773,0,0,0,0,3.24256068617192e-08,1.71646206699521e-08,0
2008-12-30,0.999999950409773,0,0,0,0,3.24256068617192e-08,1.71646206699521e-08,0
2008-12-31,0.999999950409773,0,0,0,0,3.24256068617192e-08,1.71646206699521e-08,0
2009-01-02,0.999999951373297,0,0,0,0,3.33458562993858e-08,1.52808468063744e-08,0
2009-01-05,0.999999951373297,0,0,0,0,3.33458562993858e-08,1.52808468063744e-08,0
2009-01-06,0.999999951373297,0,0,0,0,3.33458562993858e-08,1.52808468063744e-08,0
2009-01-07,0.999999951373297,0,0,0,0,3.33458562993858e-08,1.52808468063744e-08,0
2009-01-08,0.999999951373297,0,0,0,0,3.33458562993858e-08,1.52808468063744e-08,0
2009-01-09,0.999999951373297,0,0,0,0,3.33458562993858e-08,1.52808468063744e-08,0
2009-01-12,0.999999951373297,0,0,0,0,3.33458562993858e-08,1.52808468063744e-08,0
2009-01-13,0.999999951373297,0,0,0,0,3.33458562993858e-08,1.52808468063744e-08,0
2009-01-14,0.999999951373297,0,0,0,0,3.33458562993858e-08,1.52808468063744e-08,0
2009-01-15,0.999999951373297,0,0,0,0,3.33458562993858e-08,1.52808468063744e-08,0
2009-01-16,0.999999951373297,0,0,0,0,3.33458562993858e-08,1.52808468063744e-08,0
2009-01-20,0.999999951373297,0,0,0,0,3.33458562993858e-08,1.52808468063744e-08,0
2009-01-21,0.999999951373297,0,0,0,0,3.33458562993858e-08,1.52808468063744e-08,0
2009-01-22,0.999999951373297,0,0,0,0,3.33458562993858e-08,1.52808468063744e-08,0
2009-01-23,0.999999951373297,0,0,0,0,3.33458562993858e-08,1.52808468063744e-08,0
2009-01-26,0.999999951373297,0,0,0,0,3.33458562993858e-08,1.52808468063744e-08,0
2009-01-27,0.999999951373297,0,0,0,0,3.33458562993858e-08,1.52808468063744e-08,0
2009-01-28,0.999999951373297,0,0,0,0,3.33458562993858e-08,1.52808468063744e-08,0
2009-01-29,0.999999951373297,0,0,0,0,3.33458562993858e-08,1.52808468063744e-08,0
2009-01-30,0.999999951373297,0,0,0,0,3.33458562993858e-08,1.52808468063744e-08,0
2009-02-02,0,0,0,0,0,0.518342836980932,0.226246941101608,0.25541022191746
2009-02-03,0,0,0,0,0,0.518342836980932,0.226246941101608,0.25541022191746
2009-02-04,0,0,0,0,0,0.518342836980932,0.226246941101608,0.25541022191746
2009-02-05,0,0,0,0,0,0.518342836980932,0.226246941101608,0.25541022191746
2009-02-06,0,0,0,0,0,0.518342836980932,0.226246941101608,0.25541022191746
2009-02-09,0,0,0,0,0,0.518342836980932,0.226246941101608,0.25541022191746
2009-02-10,0,0,0,0,0,0.518342836980932,0.226246941101608,0.25541022191746
2009-02-11,0,0,0,0,0,0.518342836980932,0.226246941101608,0.25541022191746
2009-02-12,0,0,0,0,0,0.518342836980932,0.226246941101608,0.25541022191746
2009-02-13,0,0,0,0,0,0.518342836980932,0.226246941101608,0.25541022191746
2009-02-17,0,0,0,0,0,0.518342836980932,0.226246941101608,0.25541022191746
2009-02-18,0,0,0,0,0,0.518342836980932,0.226246941101608,0.25541022191746
2009-02-19,0,0,0,0,0,0.518342836980932,0.226246941101608,0.25541022191746
2009-02-20,0,0,0,0,0,0.518342836980932,0.226246941101608,0.25541022191746
2009-02-23,0,0,0,0,0,0.518342836980932,0.226246941101608,0.25541022191746
2009-02-24,0,0,0,0,0,0.518342836980932,0.226246941101608,0.25541022191746
2009-02-25,0,0,0,0,0,0.518342836980932,0.226246941101608,0.25541022191746
2009-02-26,0,0,0,0,0,0.518342836980932,0.226246941101608,0.25541022191746
2009-02-27,0,0,0,0,0,0.518342836980932,0.226246941101608,0.25541022191746
2009-03-02,0,0,0,0,0,0.511237703346445,0.23245969972176,0.256302596931795
2009-03-03,0,0,0,0,0,0.511237703346445,0.23245969972176,0.256302596931795
2009-03-04,0,0,0,0,0,0.511237703346445,0.23245969972176,0.256302596931795
2009-03-05,0,0,0,0,0,0.511237703346445,0.23245969972176,0.256302596931795
2009-03-06,0,0,0,0,0,0.511237703346445,0.23245969972176,0.256302596931795
2009-03-09,0,0,0,0,0,0.511237703346445,0.23245969972176,0.256302596931795
2009-03-10,0,0,0,0,0,0.511237703346445,0.23245969972176,0.256302596931795
2009-03-11,0,0,0,0,0,0.511237703346445,0.23245969972176,0.256302596931795
2009-03-12,0,0,0,0,0,0.511237703346445,0.23245969972176,0.256302596931795
2009-03-13,0,0,0,0,0,0.511237703346445,0.23245969972176,0.256302596931795
2009-03-16,0,0,0,0,0,0.511237703346445,0.23245969972176,0.256302596931795
2009-03-17,0,0,0,0,0,0.511237703346445,0.23245969972176,0.256302596931795
2009-03-18,0,0,0,0,0,0.511237703346445,0.23245969972176,0.256302596931795
2009-03-19,0,0,0,0,0,0.511237703346445,0.23245969972176,0.256302596931795
2009-03-20,0,0,0,0,0,0.511237703346445,0.23245969972176,0.256302596931795
2009-03-23,0,0,0,0,0,0.511237703346445,0.23245969972176,0.256302596931795
2009-03-24,0,0,0,0,0,0.511237703346445,0.23245969972176,0.256302596931795
2009-03-25,0,0,0,0,0,0.511237703346445,0.23245969972176,0.256302596931795
2009-03-26,0,0,0,0,0,0.511237703346445,0.23245969972176,0.256302596931795
2009-03-27,0,0,0,0,0,0.511237703346445,0.23245969972176,0.256302596931795
2009-03-30,0,0,0,0,0,0.511237703346445,0.23245969972176,0.256302596931795
2009-03-31,0,0,0,0,0,0.511237703346445,0.23245969972176,0.256302596931795
2009-04-01,0,0,0,0,0,0.466587851157808,0.271777646130213,0.261634502711979
2009-04-02,0,0,0,0,0,0.466587851157808,0.271777646130213,0.261634502711979
2009-04-03,0,0,0,0,0,0.466587851157808,0.271777646130213,0.261634502711979
2009-04-06,0,0,0,0,0,0.466587851157808,0.271777646130213,0.261634502711979
2009-04-07,0,0,0,0,0,0.466587851157808,0.271777646130213,0.261634502711979
2009-04-08,0,0,0,0,0,0.466587851157808,0.271777646130213,0.261634502711979
2009-04-09,0,0,0,0,0,0.466587851157808,0.271777646130213,0.261634502711979
2009-04-13,0,0,0,0,0,0.466587851157808,0.271777646130213,0.261634502711979
2009-04-14,0,0,0,0,0,0.466587851157808,0.271777646130213,0.261634502711979
2009-04-15,0,0,0,0,0,0.466587851157808,0.271777646130213,0.261634502711979
2009-04-16,0,0,0,0,0,0.466587851157808,0.271777646130213,0.261634502711979
2009-04-17,0,0,0,0,0,0.466587851157808,0.271777646130213,0.261634502711979
2009-04-20,0,0,0,0,0,0.466587851157808,0.271777646130213,0.261634502711979
2009-04-21,0,0,0,0,0,0.466587851157808,0.271777646130213,0.261634502711979
2009-04-22,0,0,0,0,0,0.466587851157808,0.271777646130213,0.261634502711979
2009-04-23,0,0,0,0,0,0.466587851157808,0.271777646130213,0.261634502711979
2009-04-24,0,0,0,0,0,0.466587851157808,0.271777646130213,0.261634502711979
2009-04-27,0,0,0,0,0,0.466587851157808,0.271777646130213,0.261634502711979
2009-04-28,0,0,0,0,0,0.466587851157808,0.271777646130213,0.261634502711979
2009-04-29,0,0,0,0,0,0.466587851157808,0.271777646130213,0.261634502711979
2009-04-30,0,0,0,0,0,0.466587851157808,0.271777646130213,0.261634502711979
2009-05-01,0,0,0,0.171607843126697,0,0.571562478142637,0,0.256829678730666
2009-05-04,0,0,0,0.171607843126697,0,0.571562478142637,0,0.256829678730666
2009-05-05,0,0,0,0.171607843126697,0,0.571562478142637,0,0.256829678730666
2009-05-06,0,0,0,0.171607843126697,0,0.571562478142637,0,0.256829678730666
2009-05-07,0,0,0,0.171607843126697,0,0.571562478142637,0,0.256829678730666
2009-05-08,0,0,0,0.171607843126697,0,0.571562478142637,0,0.256829678730666
2009-05-11,0,0,0,0.171607843126697,0,0.571562478142637,0,0.256829678730666
2009-05-12,0,0,0,0.171607843126697,0,0.571562478142637,0,0.256829678730666
2009-05-13,0,0,0,0.171607843126697,0,0.571562478142637,0,0.256829678730666
2009-05-14,0,0,0,0.171607843126697,0,0.571562478142637,0,0.256829678730666
2009-05-15,0,0,0,0.171607843126697,0,0.571562478142637,0,0.256829678730666
2009-05-18,0,0,0,0.171607843126697,0,0.571562478142637,0,0.256829678730666
2009-05-19,0,0,0,0.171607843126697,0,0.571562478142637,0,0.256829678730666
2009-05-20,0,0,0,0.171607843126697,0,0.571562478142637,0,0.256829678730666
2009-05-21,0,0,0,0.171607843126697,0,0.571562478142637,0,0.256829678730666
2009-05-22,0,0,0,0.171607843126697,0,0.571562478142637,0,0.256829678730666
2009-05-26,0,0,0,0.171607843126697,0,0.571562478142637,0,0.256829678730666
2009-05-27,0,0,0,0.171607843126697,0,0.571562478142637,0,0.256829678730666
2009-05-28,0,0,0,0.171607843126697,0,0.571562478142637,0,0.256829678730666
2009-05-29,0,0,0,0.171607843126697,0,0.571562478142637,0,0.256829678730666
2009-06-01,0,0,0.222802232395391,0.193829569096448,0,0,0,0.583368198508161
2009-06-02,0,0,0.222802232395391,0.193829569096448,0,0,0,0.583368198508161
2009-06-03,0,0,0.222802232395391,0.193829569096448,0,0,0,0.583368198508161
2009-06-04,0,0,0.222802232395391,0.193829569096448,0,0,0,0.583368198508161
2009-06-05,0,0,0.222802232395391,0.193829569096448,0,0,0,0.583368198508161
2009-06-08,0,0,0.222802232395391,0.193829569096448,0,0,0,0.583368198508161
2009-06-09,0,0,0.222802232395391,0.193829569096448,0,0,0,0.583368198508161
2009-06-10,0,0,0.222802232395391,0.193829569096448,0,0,0,0.583368198508161
2009-06-11,0,0,0.222802232395391,0.193829569096448,0,0,0,0.583368198508161
2009-06-12,0,0,0.222802232395391,0.193829569096448,0,0,0,0.583368198508161
2009-06-15,0,0,0.222802232395391,0.193829569096448,0,0,0,0.583368198508161
2009-06-16,0,0,0.222802232395391,0.193829569096448,0,0,0,0.583368198508161
2009-06-17,0,0,0.222802232395391,0.193829569096448,0,0,0,0.583368198508161
2009-06-18,0,0,0.222802232395391,0.193829569096448,0,0,0,0.583368198508161
2009-06-19,0,0,0.222802232395391,0.193829569096448,0,0,0,0.583368198508161
2009-06-22,0,0,0.222802232395391,0.193829569096448,0,0,0,0.583368198508161
2009-06-23,0,0,0.222802232395391,0.193829569096448,0,0,0,0.583368198508161
2009-06-24,0,0,0.222802232395391,0.193829569096448,0,0,0,0.583368198508161
2009-06-25,0,0,0.222802232395391,0.193829569096448,0,0,0,0.583368198508161
2009-06-26,0,0,0.222802232395391,0.193829569096448,0,0,0,0.583368198508161
2009-06-29,0,0,0.222802232395391,0.193829569096448,0,0,0,0.583368198508161
2009-06-30,0,0,0.222802232395391,0.193829569096448,0,0,0,0.583368198508161
2009-07-01,0,0,0.243673908900556,0.208144599531132,0,0,0,0.548181491568313
2009-07-02,0,0,0.243673908900556,0.208144599531132,0,0,0,0.548181491568313
2009-07-06,0,0,0.243673908900556,0.208144599531132,0,0,0,0.548181491568313
2009-07-07,0,0,0.243673908900556,0.208144599531132,0,0,0,0.548181491568313
2009-07-08,0,0,0.243673908900556,0.208144599531132,0,0,0,0.548181491568313
2009-07-09,0,0,0.243673908900556,0.208144599531132,0,0,0,0.548181491568313
2009-07-10,0,0,0.243673908900556,0.208144599531132,0,0,0,0.548181491568313
2009-07-13,0,0,0.243673908900556,0.208144599531132,0,0,0,0.548181491568313
2009-07-14,0,0,0.243673908900556,0.208144599531132,0,0,0,0.548181491568313
2009-07-15,0,0,0.243673908900556,0.208144599531132,0,0,0,0.548181491568313
2009-07-16,0,0,0.243673908900556,0.208144599531132,0,0,0,0.548181491568313
2009-07-17,0,0,0.243673908900556,0.208144599531132,0,0,0,0.548181491568313
2009-07-20,0,0,0.243673908900556,0.208144599531132,0,0,0,0.548181491568313
2009-07-21,0,0,0.243673908900556,0.208144599531132,0,0,0,0.548181491568313
2009-07-22,0,0,0.243673908900556,0.208144599531132,0,0,0,0.548181491568313
2009-07-23,0,0,0.243673908900556,0.208144599531132,0,0,0,0.548181491568313
2009-07-24,0,0,0.243673908900556,0.208144599531132,0,0,0,0.548181491568313
2009-07-27,0,0,0.243673908900556,0.208144599531132,0,0,0,0.548181491568313
2009-07-28,0,0,0.243673908900556,0.208144599531132,0,0,0,0.548181491568313
2009-07-29,0,0,0.243673908900556,0.208144599531132,0,0,0,0.548181491568313
2009-07-30,0,0,0.243673908900556,0.208144599531132,0,0,0,0.548181491568313
2009-07-31,0,0,0.243673908900556,0.208144599531132,0,0,0,0.548181491568313
2009-08-03,0,0.428357953455672,0.301840581497005,0.269801465047324,0,0,0,0
2009-08-04,0,0.428357953455672,0.301840581497005,0.269801465047324,0,0,0,0
2009-08-05,0,0.428357953455672,0.301840581497005,0.269801465047324,0,0,0,0
2009-08-06,0,0.428357953455672,0.301840581497005,0.269801465047324,0,0,0,0
2009-08-07,0,0.428357953455672,0.301840581497005,0.269801465047324,0,0,0,0
2009-08-10,0,0.428357953455672,0.301840581497005,0.269801465047324,0,0,0,0
2009-08-11,0,0.428357953455672,0.301840581497005,0.269801465047324,0,0,0,0
2009-08-12,0,0.428357953455672,0.301840581497005,0.269801465047324,0,0,0,0
2009-08-13,0,0.428357953455672,0.301840581497005,0.269801465047324,0,0,0,0
2009-08-14,0,0.428357953455672,0.301840581497005,0.269801465047324,0,0,0,0
2009-08-17,0,0.428357953455672,0.301840581497005,0.269801465047324,0,0,0,0
2009-08-18,0,0.428357953455672,0.301840581497005,0.269801465047324,0,0,0,0
2009-08-19,0,0.428357953455672,0.301840581497005,0.269801465047324,0,0,0,0
2009-08-20,0,0.428357953455672,0.301840581497005,0.269801465047324,0,0,0,0
2009-08-21,0,0.428357953455672,0.301840581497005,0.269801465047324,0,0,0,0
2009-08-24,0,0.428357953455672,0.301840581497005,0.269801465047324,0,0,0,0
2009-08-25,0,0.428357953455672,0.301840581497005,0.269801465047324,0,0,0,0
2009-08-26,0,0.428357953455672,0.301840581497005,0.269801465047324,0,0,0,0
2009-08-27,0,0.428357953455672,0.301840581497005,0.269801465047324,0,0,0,0
2009-08-28,0,0.428357953455672,0.301840581497005,0.269801465047324,0,0,0,0
2009-08-31,0,0.428357953455672,0.301840581497005,0.269801465047324,0,0,0,0
2009-09-01,0,0,0.393042516082753,0.346593804697872,0.260363679219374,0,0,0
2009-09-02,0,0,0.393042516082753,0.346593804697872,0.260363679219374,0,0,0
2009-09-03,0,0,0.393042516082753,0.346593804697872,0.260363679219374,0,0,0
2009-09-04,0,0,0.393042516082753,0.346593804697872,0.260363679219374,0,0,0
2009-09-08,0,0,0.393042516082753,0.346593804697872,0.260363679219374,0,0,0
2009-09-09,0,0,0.393042516082753,0.346593804697872,0.260363679219374,0,0,0
2009-09-10,0,0,0.393042516082753,0.346593804697872,0.260363679219374,0,0,0
2009-09-11,0,0,0.393042516082753,0.346593804697872,0.260363679219374,0,0,0
2009-09-14,0,0,0.393042516082753,0.346593804697872,0.260363679219374,0,0,0
2009-09-15,0,0,0.393042516082753,0.346593804697872,0.260363679219374,0,0,0
2009-09-16,0,0,0.393042516082753,0.346593804697872,0.260363679219374,0,0,0
2009-09-17,0,0,0.393042516082753,0.346593804697872,0.260363679219374,0,0,0
2009-09-18,0,0,0.393042516082753,0.346593804697872,0.260363679219374,0,0,0
2009-09-21,0,0,0.393042516082753,0.346593804697872,0.260363679219374,0,0,0
2009-09-22,0,0,0.393042516082753,0.346593804697872,0.260363679219374,0,0,0
2009-09-23,0,0,0.393042516082753,0.346593804697872,0.260363679219374,0,0,0
2009-09-24,0,0,0.393042516082753,0.346593804697872,0.260363679219374,0,0,0
2009-09-25,0,0,0.393042516082753,0.346593804697872,0.260363679219374,0,0,0
2009-09-28,0,0,0.393042516082753,0.346593804697872,0.260363679219374,0,0,0
2009-09-29,0,0,0.393042516082753,0.346593804697872,0.260363679219374,0,0,0
2009-09-30,0,0,0.393042516082753,0.346593804697872,0.260363679219374,0,0,0
2009-10-01,0,0,0.398488078265689,0.379343090411951,0.22216883132236,0,0,0
2009-10-02,0,0,0.398488078265689,0.379343090411951,0.22216883132236,0,0,0
2009-10-05,0,0,0.398488078265689,0.379343090411951,0.22216883132236,0,0,0
2009-10-06,0,0,0.398488078265689,0.379343090411951,0.22216883132236,0,0,0
2009-10-07,0,0,0.398488078265689,0.379343090411951,0.22216883132236,0,0,0
2009-10-08,0,0,0.398488078265689,0.379343090411951,0.22216883132236,0,0,0
2009-10-09,0,0,0.398488078265689,0.379343090411951,0.22216883132236,0,0,0
2009-10-12,0,0,0.398488078265689,0.379343090411951,0.22216883132236,0,0,0
2009-10-13,0,0,0.398488078265689,0.379343090411951,0.22216883132236,0,0,0
2009-10-14,0,0,0.398488078265689,0.379343090411951,0.22216883132236,0,0,0
2009-10-15,0,0,0.398488078265689,0.379343090411951,0.22216883132236,0,0,0
2009-10-16,0,0,0.398488078265689,0.379343090411951,0.22216883132236,0,0,0
2009-10-19,0,0,0.398488078265689,0.379343090411951,0.22216883132236,0,0,0
2009-10-20,0,0,0.398488078265689,0.379343090411951,0.22216883132236,0,0,0
2009-10-21,0,0,0.398488078265689,0.379343090411951,0.22216883132236,0,0,0
2009-10-22,0,0,0.398488078265689,0.379343090411951,0.22216883132236,0,0,0
2009-10-23,0,0,0.398488078265689,0.379343090411951,0.22216883132236,0,0,0
2009-10-26,0,0,0.398488078265689,0.379343090411951,0.22216883132236,0,0,0
2009-10-27,0,0,0.398488078265689,0.379343090411951,0.22216883132236,0,0,0
2009-10-28,0,0,0.398488078265689,0.379343090411951,0.22216883132236,0,0,0
2009-10-29,0,0,0.398488078265689,0.379343090411951,0.22216883132236,0,0,0
2009-10-30,0,0,0.398488078265689,0.379343090411951,0.22216883132236,0,0,0
2009-11-02,0,0,0.393006153905759,0.345490841406361,0.26150300468788,0,0,0
2009-11-03,0,0,0.393006153905759,0.345490841406361,0.26150300468788,0,0,0
2009-11-04,0,0,0.393006153905759,0.345490841406361,0.26150300468788,0,0,0
2009-11-05,0,0,0.393006153905759,0.345490841406361,0.26150300468788,0,0,0
2009-11-06,0,0,0.393006153905759,0.345490841406361,0.26150300468788,0,0,0
2009-11-09,0,0,0.393006153905759,0.345490841406361,0.26150300468788,0,0,0
2009-11-10,0,0,0.393006153905759,0.345490841406361,0.26150300468788,0,0,0
2009-11-11,0,0,0.393006153905759,0.345490841406361,0.26150300468788,0,0,0
2009-11-12,0,0,0.393006153905759,0.345490841406361,0.26150300468788,0,0,0
2009-11-13,0,0,0.393006153905759,0.345490841406361,0.26150300468788,0,0,0
2009-11-16,0,0,0.393006153905759,0.345490841406361,0.26150300468788,0,0,0
2009-11-17,0,0,0.393006153905759,0.345490841406361,0.26150300468788,0,0,0
2009-11-18,0,0,0.393006153905759,0.345490841406361,0.26150300468788,0,0,0
2009-11-19,0,0,0.393006153905759,0.345490841406361,0.26150300468788,0,0,0
2009-11-20,0,0,0.393006153905759,0.345490841406361,0.26150300468788,0,0,0
2009-11-23,0,0,0.393006153905759,0.345490841406361,0.26150300468788,0,0,0
2009-11-24,0,0,0.393006153905759,0.345490841406361,0.26150300468788,0,0,0
2009-11-25,0,0,0.393006153905759,0.345490841406361,0.26150300468788,0,0,0
2009-11-27,0,0,0.393006153905759,0.345490841406361,0.26150300468788,0,0,0
2009-11-30,0,0,0.393006153905759,0.345490841406361,0.26150300468788,0,0,0
2009-12-01,0,0,0,0.237744174219844,0.219944765410951,0,0,0.542311060369205
2009-12-02,0,0,0,0.237744174219844,0.219944765410951,0,0,0.542311060369205
2009-12-03,0,0,0,0.237744174219844,0.219944765410951,0,0,0.542311060369205
2009-12-04,0,0,0,0.237744174219844,0.219944765410951,0,0,0.542311060369205
2009-12-07,0,0,0,0.237744174219844,0.219944765410951,0,0,0.542311060369205
2009-12-08,0,0,0,0.237744174219844,0.219944765410951,0,0,0.542311060369205
2009-12-09,0,0,0,0.237744174219844,0.219944765410951,0,0,0.542311060369205
2009-12-10,0,0,0,0.237744174219844,0.219944765410951,0,0,0.542311060369205
2009-12-11,0,0,0,0.237744174219844,0.219944765410951,0,0,0.542311060369205
2009-12-14,0,0,0,0.237744174219844,0.219944765410951,0,0,0.542311060369205
2009-12-15,0,0,0,0.237744174219844,0.219944765410951,0,0,0.542311060369205
2009-12-16,0,0,0,0.237744174219844,0.219944765410951,0,0,0.542311060369205
2009-12-17,0,0,0,0.237744174219844,0.219944765410951,0,0,0.542311060369205
2009-12-18,0,0,0,0.237744174219844,0.219944765410951,0,0,0.542311060369205
2009-12-21,0,0,0,0.237744174219844,0.219944765410951,0,0,0.542311060369205
2009-12-22,0,0,0,0.237744174219844,0.219944765410951,0,0,0.542311060369205
2009-12-23,0,0,0,0.237744174219844,0.219944765410951,0,0,0.542311060369205
2009-12-24,0,0,0,0.237744174219844,0.219944765410951,0,0,0.542311060369205
2009-12-28,0,0,0,0.237744174219844,0.219944765410951,0,0,0.542311060369205
2009-12-29,0,0,0,0.237744174219844,0.219944765410951,0,0,0.542311060369205
2009-12-30,0,0,0,0.237744174219844,0.219944765410951,0,0,0.542311060369205
2009-12-31,0,0,0,0.237744174219844,0.219944765410951,0,0,0.542311060369205
2010-01-04,0,0,0.372262714930824,0.328498012040316,0.29923927302886,0,0,0
2010-01-05,0,0,0.372262714930824,0.328498012040316,0.29923927302886,0,0,0
2010-01-06,0,0,0.372262714930824,0.328498012040316,0.29923927302886,0,0,0
2010-01-07,0,0,0.372262714930824,0.328498012040316,0.29923927302886,0,0,0
2010-01-08,0,0,0.372262714930824,0.328498012040316,0.29923927302886,0,0,0
2010-01-11,0,0,0.372262714930824,0.328498012040316,0.29923927302886,0,0,0
2010-01-12,0,0,0.372262714930824,0.328498012040316,0.29923927302886,0,0,0
2010-01-13,0,0,0.372262714930824,0.328498012040316,0.29923927302886,0,0,0
2010-01-14,0,0,0.372262714930824,0.328498012040316,0.29923927302886,0,0,0
2010-01-15,0,0,0.372262714930824,0.328498012040316,0.29923927302886,0,0,0
2010-01-19,0,0,0.372262714930824,0.328498012040316,0.29923927302886,0,0,0
2010-01-20,0,0,0.372262714930824,0.328498012040316,0.29923927302886,0,0,0
2010-01-21,0,0,0.372262714930824,0.328498012040316,0.29923927302886,0,0,0
2010-01-22,0,0,0.372262714930824,0.328498012040316,0.29923927302886,0,0,0
2010-01-25,0,0,0.372262714930824,0.328498012040316,0.29923927302886,0,0,0
2010-01-26,0,0,0.372262714930824,0.328498012040316,0.29923927302886,0,0,0
2010-01-27,0,0,0.372262714930824,0.328498012040316,0.29923927302886,0,0,0
2010-01-28,0,0,0.372262714930824,0.328498012040316,0.29923927302886,0,0,0
2010-01-29,0,0,0.372262714930824,0.328498012040316,0.29923927302886,0,0,0
2010-02-01,0,0.419348172599848,0,0,0.262081507722711,0,0,0.318570319677441
2010-02-02,0,0.419348172599848,0,0,0.262081507722711,0,0,0.318570319677441
2010-02-03,0,0.419348172599848,0,0,0.262081507722711,0,0,0.318570319677441
2010-02-04,0,0.419348172599848,0,0,0.262081507722711,0,0,0.318570319677441
2010-02-05,0,0.419348172599848,0,0,0.262081507722711,0,0,0.318570319677441
2010-02-08,0,0.419348172599848,0,0,0.262081507722711,0,0,0.318570319677441
2010-02-09,0,0.419348172599848,0,0,0.262081507722711,0,0,0.318570319677441
2010-02-10,0,0.419348172599848,0,0,0.262081507722711,0,0,0.318570319677441
2010-02-11,0,0.419348172599848,0,0,0.262081507722711,0,0,0.318570319677441
2010-02-12,0,0.419348172599848,0,0,0.262081507722711,0,0,0.318570319677441
2010-02-16,0,0.419348172599848,0,0,0.262081507722711,0,0,0.318570319677441
2010-02-17,0,0.419348172599848,0,0,0.262081507722711,0,0,0.318570319677441
2010-02-18,0,0.419348172599848,0,0,0.262081507722711,0,0,0.318570319677441
2010-02-19,0,0.419348172599848,0,0,0.262081507722711,0,0,0.318570319677441
2010-02-22,0,0.419348172599848,0,0,0.262081507722711,0,0,0.318570319677441
2010-02-23,0,0.419348172599848,0,0,0.262081507722711,0,0,0.318570319677441
2010-02-24,0,0.419348172599848,0,0,0.262081507722711,0,0,0.318570319677441
2010-02-25,0,0.419348172599848,0,0,0.262081507722711,0,0,0.318570319677441
2010-02-26,0,0.419348172599848,0,0,0.262081507722711,0,0,0.318570319677441
2010-03-01,0,0.37489403725296,0,0,0.286647991156297,0,0,0.338457971590742
2010-03-02,0,0.37489403725296,0,0,0.286647991156297,0,0,0.338457971590742
2010-03-03,0,0.37489403725296,0,0,0.286647991156297,0,0,0.338457971590742
2010-03-04,0,0.37489403725296,0,0,0.286647991156297,0,0,0.338457971590742
2010-03-05,0,0.37489403725296,0,0,0.286647991156297,0,0,0.338457971590742
2010-03-08,0,0.37489403725296,0,0,0.286647991156297,0,0,0.338457971590742
2010-03-09,0,0.37489403725296,0,0,0.286647991156297,0,0,0.338457971590742
2010-03-10,0,0.37489403725296,0,0,0.286647991156297,0,0,0.338457971590742
2010-03-11,0,0.37489403725296,0,0,0.286647991156297,0,0,0.338457971590742
2010-03-12,0,0.37489403725296,0,0,0.286647991156297,0,0,0.338457971590742
2010-03-15,0,0.37489403725296,0,0,0.286647991156297,0,0,0.338457971590742
2010-03-16,0,0.37489403725296,0,0,0.286647991156297,0,0,0.338457971590742
2010-03-17,0,0.37489403725296,0,0,0.286647991156297,0,0,0.338457971590742
2010-03-18,0,0.37489403725296,0,0,0.286647991156297,0,0,0.338457971590742
2010-03-19,0,0.37489403725296,0,0,0.286647991156297,0,0,0.338457971590742
2010-03-22,0,0.37489403725296,0,0,0.286647991156297,0,0,0.338457971590742
2010-03-23,0,0.37489403725296,0,0,0.286647991156297,0,0,0.338457971590742
2010-03-24,0,0.37489403725296,0,0,0.286647991156297,0,0,0.338457971590742
2010-03-25,0,0.37489403725296,0,0,0.286647991156297,0,0,0.338457971590742
2010-03-26,0,0.37489403725296,0,0,0.286647991156297,0,0,0.338457971590742
2010-03-29,0,0.37489403725296,0,0,0.286647991156297,0,0,0.338457971590742
2010-03-30,0,0.37489403725296,0,0,0.286647991156297,0,0,0.338457971590742
2010-03-31,0,0.37489403725296,0,0,0.286647991156297,0,0,0.338457971590742
2010-04-01,0,0.421576218787258,0,0.26276869354773,0.315655087665011,0,0,0
2010-04-05,0,0.421576218787258,0,0.26276869354773,0.315655087665011,0,0,0
2010-04-06,0,0.421576218787258,0,0.26276869354773,0.315655087665011,0,0,0
2010-04-07,0,0.421576218787258,0,0.26276869354773,0.315655087665011,0,0,0
2010-04-08,0,0.421576218787258,0,0.26276869354773,0.315655087665011,0,0,0
2010-04-09,0,0.421576218787258,0,0.26276869354773,0.315655087665011,0,0,0
2010-04-12,0,0.421576218787258,0,0.26276869354773,0.315655087665011,0,0,0
2010-04-13,0,0.421576218787258,0,0.26276869354773,0.315655087665011,0,0,0
2010-04-14,0,0.421576218787258,0,0.26276869354773,0.315655087665011,0,0,0
2010-04-15,0,0.421576218787258,0,0.26276869354773,0.315655087665011,0,0,0
2010-04-16,0,0.421576218787258,0,0.26276869354773,0.315655087665011,0,0,0
2010-04-19,0,0.421576218787258,0,0.26276869354773,0.315655087665011,0,0,0
2010-04-20,0,0.421576218787258,0,0.26276869354773,0.315655087665011,0,0,0
2010-04-21,0,0.421576218787258,0,0.26276869354773,0.315655087665011,0,0,0
2010-04-22,0,0.421576218787258,0,0.26276869354773,0.315655087665011,0,0,0
2010-04-23,0,0.421576218787258,0,0.26276869354773,0.315655087665011,0,0,0
2010-04-26,0,0.421576218787258,0,0.26276869354773,0.315655087665011,0,0,0
2010-04-27,0,0.421576218787258,0,0.26276869354773,0.315655087665011,0,0,0
2010-04-28,0,0.421576218787258,0,0.26276869354773,0.315655087665011,0,0,0
2010-04-29,0,0.421576218787258,0,0.26276869354773,0.315655087665011,0,0,0
2010-04-30,0,0.421576218787258,0,0.26276869354773,0.315655087665011,0,0,0
2010-05-03,0,0.461171136066387,0,0.304575322299472,0.234253541634141,0,0,0
2010-05-04,0,0.461171136066387,0,0.304575322299472,0.234253541634141,0,0,0
2010-05-05,0,0.461171136066387,0,0.304575322299472,0.234253541634141,0,0,0
2010-05-06,0,0.461171136066387,0,0.304575322299472,0.234253541634141,0,0,0
2010-05-07,0,0.461171136066387,0,0.304575322299472,0.234253541634141,0,0,0
2010-05-10,0,0.461171136066387,0,0.304575322299472,0.234253541634141,0,0,0
2010-05-11,0,0.461171136066387,0,0.304575322299472,0.234253541634141,0,0,0
2010-05-12,0,0.461171136066387,0,0.304575322299472,0.234253541634141,0,0,0
2010-05-13,0,0.461171136066387,0,0.304575322299472,0.234253541634141,0,0,0
2010-05-14,0,0.461171136066387,0,0.304575322299472,0.234253541634141,0,0,0
2010-05-17,0,0.461171136066387,0,0.304575322299472,0.234253541634141,0,0,0
2010-05-18,0,0.461171136066387,0,0.304575322299472,0.234253541634141,0,0,0
2010-05-19,0,0.461171136066387,0,0.304575322299472,0.234253541634141,0,0,0
2010-05-20,0,0.461171136066387,0,0.304575322299472,0.234253541634141,0,0,0
2010-05-21,0,0.461171136066387,0,0.304575322299472,0.234253541634141,0,0,0
2010-05-24,0,0.461171136066387,0,0.304575322299472,0.234253541634141,0,0,0
2010-05-25,0,0.461171136066387,0,0.304575322299472,0.234253541634141,0,0,0
2010-05-26,0,0.461171136066387,0,0.304575322299472,0.234253541634141,0,0,0
2010-05-27,0,0.461171136066387,0,0.304575322299472,0.234253541634141,0,0,0
2010-05-28,0,0.461171136066387,0,0.304575322299472,0.234253541634141,0,0,0
2010-06-01,0,0,0,0,0.180561520727278,0.577576800756934,0.241861678515789,0
2010-06-02,0,0,0,0,0.180561520727278,0.577576800756934,0.241861678515789,0
2010-06-03,0,0,0,0,0.180561520727278,0.577576800756934,0.241861678515789,0
2010-06-04,0,0,0,0,0.180561520727278,0.577576800756934,0.241861678515789,0
2010-06-07,0,0,0,0,0.180561520727278,0.577576800756934,0.241861678515789,0
2010-06-08,0,0,0,0,0.180561520727278,0.577576800756934,0.241861678515789,0
2010-06-09,0,0,0,0,0.180561520727278,0.577576800756934,0.241861678515789,0
2010-06-10,0,0,0,0,0.180561520727278,0.577576800756934,0.241861678515789,0
2010-06-11,0,0,0,0,0.180561520727278,0.577576800756934,0.241861678515789,0
2010-06-14,0,0,0,0,0.180561520727278,0.577576800756934,0.241861678515789,0
2010-06-15,0,0,0,0,0.180561520727278,0.577576800756934,0.241861678515789,0
2010-06-16,0,0,0,0,0.180561520727278,0.577576800756934,0.241861678515789,0
2010-06-17,0,0,0,0,0.180561520727278,0.577576800756934,0.241861678515789,0
2010-06-18,0,0,0,0,0.180561520727278,0.577576800756934,0.241861678515789,0
2010-06-21,0,0,0,0,0.180561520727278,0.577576800756934,0.241861678515789,0
2010-06-22,0,0,0,0,0.180561520727278,0.577576800756934,0.241861678515789,0
2010-06-23,0,0,0,0,0.180561520727278,0.577576800756934,0.241861678515789,0
2010-06-24,0,0,0,0,0.180561520727278,0.577576800756934,0.241861678515789,0
2010-06-25,0,0,0,0,0.180561520727278,0.577576800756934,0.241861678515789,0
2010-06-28,0,0,0,0,0.180561520727278,0.577576800756934,0.241861678515789,0
2010-06-29,0,0,0,0,0.180561520727278,0.577576800756934,0.241861678515789,0
2010-06-30,0,0,0,0,0.180561520727278,0.577576800756934,0.241861678515789,0
2010-07-01,0,0,0,0,0,0.493696268146592,0.216526004241425,0.289777727611983
2010-07-02,0,0,0,0,0,0.493696268146592,0.216526004241425,0.289777727611983
2010-07-06,0,0,0,0,0,0.493696268146592,0.216526004241425,0.289777727611983
2010-07-07,0,0,0,0,0,0.493696268146592,0.216526004241425,0.289777727611983
2010-07-08,0,0,0,0,0,0.493696268146592,0.216526004241425,0.289777727611983
2010-07-09,0,0,0,0,0,0.493696268146592,0.216526004241425,0.289777727611983
2010-07-12,0,0,0,0,0,0.493696268146592,0.216526004241425,0.289777727611983
2010-07-13,0,0,0,0,0,0.493696268146592,0.216526004241425,0.289777727611983
2010-07-14,0,0,0,0,0,0.493696268146592,0.216526004241425,0.289777727611983
2010-07-15,0,0,0,0,0,0.493696268146592,0.216526004241425,0.289777727611983
2010-07-16,0,0,0,0,0,0.493696268146592,0.216526004241425,0.289777727611983
2010-07-19,0,0,0,0,0,0.493696268146592,0.216526004241425,0.289777727611983
2010-07-20,0,0,0,0,0,0.493696268146592,0.216526004241425,0.289777727611983
2010-07-21,0,0,0,0,0,0.493696268146592,0.216526004241425,0.289777727611983
2010-07-22,0,0,0,0,0,0.493696268146592,0.216526004241425,0.289777727611983
2010-07-23,0,0,0,0,0,0.493696268146592,0.216526004241425,0.289777727611983
2010-07-26,0,0,0,0,0,0.493696268146592,0.216526004241425,0.289777727611983
2010-07-27,0,0,0,0,0,0.493696268146592,0.216526004241425,0.289777727611983
2010-07-28,0,0,0,0,0,0.493696268146592,0.216526004241425,0.289777727611983
2010-07-29,0,0,0,0,0,0.493696268146592,0.216526004241425,0.289777727611983
2010-07-30,0,0,0,0,0,0.493696268146592,0.216526004241425,0.289777727611983
2010-08-02,0,0,0,0.200040139933032,0.162729911481384,0,0.637229948585584,0
2010-08-03,0,0,0,0.200040139933032,0.162729911481384,0,0.637229948585584,0
2010-08-04,0,0,0,0.200040139933032,0.162729911481384,0,0.637229948585584,0
2010-08-05,0,0,0,0.200040139933032,0.162729911481384,0,0.637229948585584,0
2010-08-06,0,0,0,0.200040139933032,0.162729911481384,0,0.637229948585584,0
2010-08-09,0,0,0,0.200040139933032,0.162729911481384,0,0.637229948585584,0
2010-08-10,0,0,0,0.200040139933032,0.162729911481384,0,0.637229948585584,0
2010-08-11,0,0,0,0.200040139933032,0.162729911481384,0,0.637229948585584,0
2010-08-12,0,0,0,0.200040139933032,0.162729911481384,0,0.637229948585584,0
2010-08-13,0,0,0,0.200040139933032,0.162729911481384,0,0.637229948585584,0
2010-08-16,0,0,0,0.200040139933032,0.162729911481384,0,0.637229948585584,0
2010-08-17,0,0,0,0.200040139933032,0.162729911481384,0,0.637229948585584,0
2010-08-18,0,0,0,0.200040139933032,0.162729911481384,0,0.637229948585584,0
2010-08-19,0,0,0,0.200040139933032,0.162729911481384,0,0.637229948585584,0
2010-08-20,0,0,0,0.200040139933032,0.162729911481384,0,0.637229948585584,0
2010-08-23,0,0,0,0.200040139933032,0.162729911481384,0,0.637229948585584,0
2010-08-24,0,0,0,0.200040139933032,0.162729911481384,0,0.637229948585584,0
2010-08-25,0,0,0,0.200040139933032,0.162729911481384,0,0.637229948585584,0
2010-08-26,0,0,0,0.200040139933032,0.162729911481384,0,0.637229948585584,0
2010-08-27,0,0,0,0.200040139933032,0.162729911481384,0,0.637229948585584,0
2010-08-30,0,0,0,0.200040139933032,0.162729911481384,0,0.637229948585584,0
2010-08-31,0,0,0,0.200040139933032,0.162729911481384,0,0.637229948585584,0
2010-09-01,0,0,0,0,0,0.442222283812742,0.181499646824028,0.37627806936323
2010-09-02,0,0,0,0,0,0.442222283812742,0.181499646824028,0.37627806936323
2010-09-03,0,0,0,0,0,0.442222283812742,0.181499646824028,0.37627806936323
2010-09-07,0,0,0,0,0,0.442222283812742,0.181499646824028,0.37627806936323
2010-09-08,0,0,0,0,0,0.442222283812742,0.181499646824028,0.37627806936323
2010-09-09,0,0,0,0,0,0.442222283812742,0.181499646824028,0.37627806936323
2010-09-10,0,0,0,0,0,0.442222283812742,0.181499646824028,0.37627806936323
2010-09-13,0,0,0,0,0,0.442222283812742,0.181499646824028,0.37627806936323
2010-09-14,0,0,0,0,0,0.442222283812742,0.181499646824028,0.37627806936323
2010-09-15,0,0,0,0,0,0.442222283812742,0.181499646824028,0.37627806936323
2010-09-16,0,0,0,0,0,0.442222283812742,0.181499646824028,0.37627806936323
2010-09-17,0,0,0,0,0,0.442222283812742,0.181499646824028,0.37627806936323
2010-09-20,0,0,0,0,0,0.442222283812742,0.181499646824028,0.37627806936323
2010-09-21,0,0,0,0,0,0.442222283812742,0.181499646824028,0.37627806936323
2010-09-22,0,0,0,0,0,0.442222283812742,0.181499646824028,0.37627806936323
2010-09-23,0,0,0,0,0,0.442222283812742,0.181499646824028,0.37627806936323
2010-09-24,0,0,0,0,0,0.442222283812742,0.181499646824028,0.37627806936323
2010-09-27,0,0,0,0,0,0.442222283812742,0.181499646824028,0.37627806936323
2010-09-28,0,0,0,0,0,0.442222283812742,0.181499646824028,0.37627806936323
2010-09-29,0,0,0,0,0,0.442222283812742,0.181499646824028,0.37627806936323
2010-09-30,0,0,0,0,0,0.442222283812742,0.181499646824028,0.37627806936323
2010-10-01,0,0,0,0,0,0.378214353624577,0.1614762988613,0.460309347514124
2010-10-04,0,0,0,0,0,0.378214353624577,0.1614762988613,0.460309347514124
2010-10-05,0,0,0,0,0,0.378214353624577,0.1614762988613,0.460309347514124
2010-10-06,0,0,0,0,0,0.378214353624577,0.1614762988613,0.460309347514124
2010-10-07,0,0,0,0,0,0.378214353624577,0.1614762988613,0.460309347514124
2010-10-08,0,0,0,0,0,0.378214353624577,0.1614762988613,0.460309347514124
2010-10-11,0,0,0,0,0,0.378214353624577,0.1614762988613,0.460309347514124
2010-10-12,0,0,0,0,0,0.378214353624577,0.1614762988613,0.460309347514124
2010-10-13,0,0,0,0,0,0.378214353624577,0.1614762988613,0.460309347514124
2010-10-14,0,0,0,0,0,0.378214353624577,0.1614762988613,0.460309347514124
2010-10-15,0,0,0,0,0,0.378214353624577,0.1614762988613,0.460309347514124
2010-10-18,0,0,0,0,0,0.378214353624577,0.1614762988613,0.460309347514124
2010-10-19,0,0,0,0,0,0.378214353624577,0.1614762988613,0.460309347514124
2010-10-20,0,0,0,0,0,0.378214353624577,0.1614762988613,0.460309347514124
2010-10-21,0,0,0,0,0,0.378214353624577,0.1614762988613,0.460309347514124
2010-10-22,0,0,0,0,0,0.378214353624577,0.1614762988613,0.460309347514124
2010-10-25,0,0,0,0,0,0.378214353624577,0.1614762988613,0.460309347514124
2010-10-26,0,0,0,0,0,0.378214353624577,0.1614762988613,0.460309347514124
2010-10-27,0,0,0,0,0,0.378214353624577,0.1614762988613,0.460309347514124
2010-10-28,0,0,0,0,0,0.378214353624577,0.1614762988613,0.460309347514124
2010-10-29,0,0,0,0,0,0.378214353624577,0.1614762988613,0.460309347514124
2010-11-01,0,0,0.257061163169307,0.300556264480473,0,0,0,0.44238257235022
2010-11-02,0,0,0.257061163169307,0.300556264480473,0,0,0,0.44238257235022
2010-11-03,0,0,0.257061163169307,0.300556264480473,0,0,0,0.44238257235022
2010-11-04,0,0,0.257061163169307,0.300556264480473,0,0,0,0.44238257235022
2010-11-05,0,0,0.257061163169307,0.300556264480473,0,0,0,0.44238257235022
2010-11-08,0,0,0.257061163169307,0.300556264480473,0,0,0,0.44238257235022
2010-11-09,0,0,0.257061163169307,0.300556264480473,0,0,0,0.44238257235022
2010-11-10,0,0,0.257061163169307,0.300556264480473,0,0,0,0.44238257235022
2010-11-11,0,0,0.257061163169307,0.300556264480473,0,0,0,0.44238257235022
2010-11-12,0,0,0.257061163169307,0.300556264480473,0,0,0,0.44238257235022
2010-11-15,0,0,0.257061163169307,0.300556264480473,0,0,0,0.44238257235022
2010-11-16,0,0,0.257061163169307,0.300556264480473,0,0,0,0.44238257235022
2010-11-17,0,0,0.257061163169307,0.300556264480473,0,0,0,0.44238257235022
2010-11-18,0,0,0.257061163169307,0.300556264480473,0,0,0,0.44238257235022
2010-11-19,0,0,0.257061163169307,0.300556264480473,0,0,0,0.44238257235022
2010-11-22,0,0,0.257061163169307,0.300556264480473,0,0,0,0.44238257235022
2010-11-23,0,0,0.257061163169307,0.300556264480473,0,0,0,0.44238257235022
2010-11-24,0,0,0.257061163169307,0.300556264480473,0,0,0,0.44238257235022
2010-11-26,0,0,0.257061163169307,0.300556264480473,0,0,0,0.44238257235022
2010-11-29,0,0,0.257061163169307,0.300556264480473,0,0,0,0.44238257235022
2010-11-30,0,0,0.257061163169307,0.300556264480473,0,0,0,0.44238257235022
2010-12-01,0,0.463321123026285,0.266062849026082,0.270616027947634,0,0,0,0
2010-12-02,0,0.463321123026285,0.266062849026082,0.270616027947634,0,0,0,0
2010-12-03,0,0.463321123026285,0.266062849026082,0.270616027947634,0,0,0,0
2010-12-06,0,0.463321123026285,0.266062849026082,0.270616027947634,0,0,0,0
2010-12-07,0,0.463321123026285,0.266062849026082,0.270616027947634,0,0,0,0
2010-12-08,0,0.463321123026285,0.266062849026082,0.270616027947634,0,0,0,0
2010-12-09,0,0.463321123026285,0.266062849026082,0.270616027947634,0,0,0,0
2010-12-10,0,0.463321123026285,0.266062849026082,0.270616027947634,0,0,0,0
2010-12-13,0,0.463321123026285,0.266062849026082,0.270616027947634,0,0,0,0
2010-12-14,0,0.463321123026285,0.266062849026082,0.270616027947634,0,0,0,0
2010-12-15,0,0.463321123026285,0.266062849026082,0.270616027947634,0,0,0,0
2010-12-16,0,0.463321123026285,0.266062849026082,0.270616027947634,0,0,0,0
2010-12-17,0,0.463321123026285,0.266062849026082,0.270616027947634,0,0,0,0
2010-12-20,0,0.463321123026285,0.266062849026082,0.270616027947634,0,0,0,0
2010-12-21,0,0.463321123026285,0.266062849026082,0.270616027947634,0,0,0,0
2010-12-22,0,0.463321123026285,0.266062849026082,0.270616027947634,0,0,0,0
2010-12-23,0,0.463321123026285,0.266062849026082,0.270616027947634,0,0,0,0
2010-12-27,0,0.463321123026285,0.266062849026082,0.270616027947634,0,0,0,0
2010-12-28,0,0.463321123026285,0.266062849026082,0.270616027947634,0,0,0,0
2010-12-29,0,0.463321123026285,0.266062849026082,0.270616027947634,0,0,0,0
2010-12-30,0,0.463321123026285,0.266062849026082,0.270616027947634,0,0,0,0
2010-12-31,0,0.463321123026285,0.266062849026082,0.270616027947634,0,0,0,0
2011-01-03,0,0.468354570070294,0.261107931662777,0.270537498266929,0,0,0,0
2011-01-04,0,0.468354570070294,0.261107931662777,0.270537498266929,0,0,0,0
2011-01-05,0,0.468354570070294,0.261107931662777,0.270537498266929,0,0,0,0
2011-01-06,0,0.468354570070294,0.261107931662777,0.270537498266929,0,0,0,0
2011-01-07,0,0.468354570070294,0.261107931662777,0.270537498266929,0,0,0,0
2011-01-10,0,0.468354570070294,0.261107931662777,0.270537498266929,0,0,0,0
2011-01-11,0,0.468354570070294,0.261107931662777,0.270537498266929,0,0,0,0
2011-01-12,0,0.468354570070294,0.261107931662777,0.270537498266929,0,0,0,0
2011-01-13,0,0.468354570070294,0.261107931662777,0.270537498266929,0,0,0,0
2011-01-14,0,0.468354570070294,0.261107931662777,0.270537498266929,0,0,0,0
2011-01-18,0,0.468354570070294,0.261107931662777,0.270537498266929,0,0,0,0
2011-01-19,0,0.468354570070294,0.261107931662777,0.270537498266929,0,0,0,0
2011-01-20,0,0.468354570070294,0.261107931662777,0.270537498266929,0,0,0,0
2011-01-21,0,0.468354570070294,0.261107931662777,0.270537498266929,0,0,0,0
2011-01-24,0,0.468354570070294,0.261107931662777,0.270537498266929,0,0,0,0
2011-01-25,0,0.468354570070294,0.261107931662777,0.270537498266929,0,0,0,0
2011-01-26,0,0.468354570070294,0.261107931662777,0.270537498266929,0,0,0,0
2011-01-27,0,0.468354570070294,0.261107931662777,0.270537498266929,0,0,0,0
2011-01-28,0,0.468354570070294,0.261107931662777,0.270537498266929,0,0,0,0
2011-01-31,0,0.468354570070294,0.261107931662777,0.270537498266929,0,0,0,0
2011-02-01,0,0.435476307312254,0.249463751247693,0,0.315059941440053,0,0,0
2011-02-02,0,0.435476307312254,0.249463751247693,0,0.315059941440053,0,0,0
2011-02-03,0,0.435476307312254,0.249463751247693,0,0.315059941440053,0,0,0
2011-02-04,0,0.435476307312254,0.249463751247693,0,0.315059941440053,0,0,0
2011-02-07,0,0.435476307312254,0.249463751247693,0,0.315059941440053,0,0,0
2011-02-08,0,0.435476307312254,0.249463751247693,0,0.315059941440053,0,0,0
2011-02-09,0,0.435476307312254,0.249463751247693,0,0.315059941440053,0,0,0
2011-02-10,0,0.435476307312254,0.249463751247693,0,0.315059941440053,0,0,0
2011-02-11,0,0.435476307312254,0.249463751247693,0,0.315059941440053,0,0,0
2011-02-14,0,0.435476307312254,0.249463751247693,0,0.315059941440053,0,0,0
2011-02-15,0,0.435476307312254,0.249463751247693,0,0.315059941440053,0,0,0
2011-02-16,0,0.435476307312254,0.249463751247693,0,0.315059941440053,0,0,0
2011-02-17,0,0.435476307312254,0.249463751247693,0,0.315059941440053,0,0,0
2011-02-18,0,0.435476307312254,0.249463751247693,0,0.315059941440053,0,0,0
2011-02-22,0,0.435476307312254,0.249463751247693,0,0.315059941440053,0,0,0
2011-02-23,0,0.435476307312254,0.249463751247693,0,0.315059941440053,0,0,0
2011-02-24,0,0.435476307312254,0.249463751247693,0,0.315059941440053,0,0,0
2011-02-25,0,0.435476307312254,0.249463751247693,0,0.315059941440053,0,0,0
2011-02-28,0,0.435476307312254,0.249463751247693,0,0.315059941440053,0,0,0
2011-03-01,0,0.401293243668406,0.266871670910872,0,0.331835085420721,0,0,0
2011-03-02,0,0.401293243668406,0.266871670910872,0,0.331835085420721,0,0,0
2011-03-03,0,0.401293243668406,0.266871670910872,0,0.331835085420721,0,0,0
2011-03-04,0,0.401293243668406,0.266871670910872,0,0.331835085420721,0,0,0
2011-03-07,0,0.401293243668406,0.266871670910872,0,0.331835085420721,0,0,0
2011-03-08,0,0.401293243668406,0.266871670910872,0,0.331835085420721,0,0,0
2011-03-09,0,0.401293243668406,0.266871670910872,0,0.331835085420721,0,0,0
2011-03-10,0,0.401293243668406,0.266871670910872,0,0.331835085420721,0,0,0
2011-03-11,0,0.401293243668406,0.266871670910872,0,0.331835085420721,0,0,0
2011-03-14,0,0.401293243668406,0.266871670910872,0,0.331835085420721,0,0,0
2011-03-15,0,0.401293243668406,0.266871670910872,0,0.331835085420721,0,0,0
2011-03-16,0,0.401293243668406,0.266871670910872,0,0.331835085420721,0,0,0
2011-03-17,0,0.401293243668406,0.266871670910872,0,0.331835085420721,0,0,0
2011-03-18,0,0.401293243668406,0.266871670910872,0,0.331835085420721,0,0,0
2011-03-21,0,0.401293243668406,0.266871670910872,0,0.331835085420721,0,0,0
2011-03-22,0,0.401293243668406,0.266871670910872,0,0.331835085420721,0,0,0
2011-03-23,0,0.401293243668406,0.266871670910872,0,0.331835085420721,0,0,0
2011-03-24,0,0.401293243668406,0.266871670910872,0,0.331835085420721,0,0,0
2011-03-25,0,0.401293243668406,0.266871670910872,0,0.331835085420721,0,0,0
2011-03-28,0,0.401293243668406,0.266871670910872,0,0.331835085420721,0,0,0
2011-03-29,0,0.401293243668406,0.266871670910872,0,0.331835085420721,0,0,0
2011-03-30,0,0.401293243668406,0.266871670910872,0,0.331835085420721,0,0,0
2011-03-31,0,0.401293243668406,0.266871670910872,0,0.331835085420721,0,0,0
2011-04-01,0,0.38037296699967,0.265332573220542,0,0.354294459779789,0,0,0
2011-04-04,0,0.38037296699967,0.265332573220542,0,0.354294459779789,0,0,0
2011-04-05,0,0.38037296699967,0.265332573220542,0,0.354294459779789,0,0,0
2011-04-06,0,0.38037296699967,0.265332573220542,0,0.354294459779789,0,0,0
2011-04-07,0,0.38037296699967,0.265332573220542,0,0.354294459779789,0,0,0
2011-04-08,0,0.38037296699967,0.265332573220542,0,0.354294459779789,0,0,0
2011-04-11,0,0.38037296699967,0.265332573220542,0,0.354294459779789,0,0,0
2011-04-12,0,0.38037296699967,0.265332573220542,0,0.354294459779789,0,0,0
2011-04-13,0,0.38037296699967,0.265332573220542,0,0.354294459779789,0,0,0
2011-04-14,0,0.38037296699967,0.265332573220542,0,0.354294459779789,0,0,0
2011-04-15,0,0.38037296699967,0.265332573220542,0,0.354294459779789,0,0,0
2011-04-18,0,0.38037296699967,0.265332573220542,0,0.354294459779789,0,0,0
2011-04-19,0,0.38037296699967,0.265332573220542,0,0.354294459779789,0,0,0
2011-04-20,0,0.38037296699967,0.265332573220542,0,0.354294459779789,0,0,0
2011-04-21,0,0.38037296699967,0.265332573220542,0,0.354294459779789,0,0,0
2011-04-25,0,0.38037296699967,0.265332573220542,0,0.354294459779789,0,0,0
2011-04-26,0,0.38037296699967,0.265332573220542,0,0.354294459779789,0,0,0
2011-04-27,0,0.38037296699967,0.265332573220542,0,0.354294459779789,0,0,0
2011-04-28,0,0.38037296699967,0.265332573220542,0,0.354294459779789,0,0,0
2011-04-29,0,0.38037296699967,0.265332573220542,0,0.354294459779789,0,0,0
2011-05-02,0,0.305653547425575,0,0,0.277621817686183,0,0,0.416724634888242
2011-05-03,0,0.305653547425575,0,0,0.277621817686183,0,0,0.416724634888242
2011-05-04,0,0.305653547425575,0,0,0.277621817686183,0,0,0.416724634888242
2011-05-05,0,0.305653547425575,0,0,0.277621817686183,0,0,0.416724634888242
2011-05-06,0,0.305653547425575,0,0,0.277621817686183,0,0,0.416724634888242
2011-05-09,0,0.305653547425575,0,0,0.277621817686183,0,0,0.416724634888242
2011-05-10,0,0.305653547425575,0,0,0.277621817686183,0,0,0.416724634888242
2011-05-11,0,0.305653547425575,0,0,0.277621817686183,0,0,0.416724634888242
2011-05-12,0,0.305653547425575,0,0,0.277621817686183,0,0,0.416724634888242
2011-05-13,0,0.305653547425575,0,0,0.277621817686183,0,0,0.416724634888242
2011-05-16,0,0.305653547425575,0,0,0.277621817686183,0,0,0.416724634888242
2011-05-17,0,0.305653547425575,0,0,0.277621817686183,0,0,0.416724634888242
2011-05-18,0,0.305653547425575,0,0,0.277621817686183,0,0,0.416724634888242
2011-05-19,0,0.305653547425575,0,0,0.277621817686183,0,0,0.416724634888242
2011-05-20,0,0.305653547425575,0,0,0.277621817686183,0,0,0.416724634888242
2011-05-23,0,0.305653547425575,0,0,0.277621817686183,0,0,0.416724634888242
2011-05-24,0,0.305653547425575,0,0,0.277621817686183,0,0,0.416724634888242
2011-05-25,0,0.305653547425575,0,0,0.277621817686183,0,0,0.416724634888242
2011-05-26,0,0.305653547425575,0,0,0.277621817686183,0,0,0.416724634888242
2011-05-27,0,0.305653547425575,0,0,0.277621817686183,0,0,0.416724634888242
2011-05-31,0,0.305653547425575,0,0,0.277621817686183,0,0,0.416724634888242
2011-06-01,0,0.417064878226103,0.229008514855892,0,0.353926606918005,0,0,0
2011-06-02,0,0.417064878226103,0.229008514855892,0,0.353926606918005,0,0,0
2011-06-03,0,0.417064878226103,0.229008514855892,0,0.353926606918005,0,0,0
2011-06-06,0,0.417064878226103,0.229008514855892,0,0.353926606918005,0,0,0
2011-06-07,0,0.417064878226103,0.229008514855892,0,0.353926606918005,0,0,0
2011-06-08,0,0.417064878226103,0.229008514855892,0,0.353926606918005,0,0,0
2011-06-09,0,0.417064878226103,0.229008514855892,0,0.353926606918005,0,0,0
2011-06-10,0,0.417064878226103,0.229008514855892,0,0.353926606918005,0,0,0
2011-06-13,0,0.417064878226103,0.229008514855892,0,0.353926606918005,0,0,0
2011-06-14,0,0.417064878226103,0.229008514855892,0,0.353926606918005,0,0,0
2011-06-15,0,0.417064878226103,0.229008514855892,0,0.353926606918005,0,0,0
2011-06-16,0,0.417064878226103,0.229008514855892,0,0.353926606918005,0,0,0
2011-06-17,0,0.417064878226103,0.229008514855892,0,0.353926606918005,0,0,0
2011-06-20,0,0.417064878226103,0.229008514855892,0,0.353926606918005,0,0,0
2011-06-21,0,0.417064878226103,0.229008514855892,0,0.353926606918005,0,0,0
2011-06-22,0,0.417064878226103,0.229008514855892,0,0.353926606918005,0,0,0
2011-06-23,0,0.417064878226103,0.229008514855892,0,0.353926606918005,0,0,0
2011-06-24,0,0.417064878226103,0.229008514855892,0,0.353926606918005,0,0,0
2011-06-27,0,0.417064878226103,0.229008514855892,0,0.353926606918005,0,0,0
2011-06-28,0,0.417064878226103,0.229008514855892,0,0.353926606918005,0,0,0
2011-06-29,0,0.417064878226103,0.229008514855892,0,0.353926606918005,0,0,0
2011-06-30,0,0.417064878226103,0.229008514855892,0,0.353926606918005,0,0,0
2011-07-01,0,0,0.209143794925089,0,0.310382282383148,0,0,0.480473922691763
2011-07-05,0,0,0.209143794925089,0,0.310382282383148,0,0,0.480473922691763
2011-07-06,0,0,0.209143794925089,0,0.310382282383148,0,0,0.480473922691763
2011-07-07,0,0,0.209143794925089,0,0.310382282383148,0,0,0.480473922691763
2011-07-08,0,0,0.209143794925089,0,0.310382282383148,0,0,0.480473922691763
2011-07-11,0,0,0.209143794925089,0,0.310382282383148,0,0,0.480473922691763
2011-07-12,0,0,0.209143794925089,0,0.310382282383148,0,0,0.480473922691763
2011-07-13,0,0,0.209143794925089,0,0.310382282383148,0,0,0.480473922691763
2011-07-14,0,0,0.209143794925089,0,0.310382282383148,0,0,0.480473922691763
2011-07-15,0,0,0.209143794925089,0,0.310382282383148,0,0,0.480473922691763
2011-07-18,0,0,0.209143794925089,0,0.310382282383148,0,0,0.480473922691763
2011-07-19,0,0,0.209143794925089,0,0.310382282383148,0,0,0.480473922691763
2011-07-20,0,0,0.209143794925089,0,0.310382282383148,0,0,0.480473922691763
2011-07-21,0,0,0.209143794925089,0,0.310382282383148,0,0,0.480473922691763
2011-07-22,0,0,0.209143794925089,0,0.310382282383148,0,0,0.480473922691763
2011-07-25,0,0,0.209143794925089,0,0.310382282383148,0,0,0.480473922691763
2011-07-26,0,0,0.209143794925089,0,0.310382282383148,0,0,0.480473922691763
2011-07-27,0,0,0.209143794925089,0,0.310382282383148,0,0,0.480473922691763
2011-07-28,0,0,0.209143794925089,0,0.310382282383148,0,0,0.480473922691763
2011-07-29,0,0,0.209143794925089,0,0.310382282383148,0,0,0.480473922691763
2011-08-01,0,0,0,0,0.257265556644717,0,0.349320469012023,0.39341397434326
2011-08-02,0,0,0,0,0.257265556644717,0,0.349320469012023,0.39341397434326
2011-08-03,0,0,0,0,0.257265556644717,0,0.349320469012023,0.39341397434326
2011-08-04,0,0,0,0,0.257265556644717,0,0.349320469012023,0.39341397434326
2011-08-05,0,0,0,0,0.257265556644717,0,0.349320469012023,0.39341397434326
2011-08-08,0,0,0,0,0.257265556644717,0,0.349320469012023,0.39341397434326
2011-08-09,0,0,0,0,0.257265556644717,0,0.349320469012023,0.39341397434326
2011-08-10,0,0,0,0,0.257265556644717,0,0.349320469012023,0.39341397434326
2011-08-11,0,0,0,0,0.257265556644717,0,0.349320469012023,0.39341397434326
2011-08-12,0,0,0,0,0.257265556644717,0,0.349320469012023,0.39341397434326
2011-08-15,0,0,0,0,0.257265556644717,0,0.349320469012023,0.39341397434326
2011-08-16,0,0,0,0,0.257265556644717,0,0.349320469012023,0.39341397434326
2011-08-17,0,0,0,0,0.257265556644717,0,0.349320469012023,0.39341397434326
2011-08-18,0,0,0,0,0.257265556644717,0,0.349320469012023,0.39341397434326
2011-08-19,0,0,0,0,0.257265556644717,0,0.349320469012023,0.39341397434326
2011-08-22,0,0,0,0,0.257265556644717,0,0.349320469012023,0.39341397434326
2011-08-23,0,0,0,0,0.257265556644717,0,0.349320469012023,0.39341397434326
2011-08-24,0,0,0,0,0.257265556644717,0,0.349320469012023,0.39341397434326
2011-08-25,0,0,0,0,0.257265556644717,0,0.349320469012023,0.39341397434326
2011-08-26,0,0,0,0,0.257265556644717,0,0.349320469012023,0.39341397434326
2011-08-29,0,0,0,0,0.257265556644717,0,0.349320469012023,0.39341397434326
2011-08-30,0,0,0,0,0.257265556644717,0,0.349320469012023,0.39341397434326
2011-08-31,0,0,0,0,0.257265556644717,0,0.349320469012023,0.39341397434326
2011-09-01,0,0,0,0,0,0.527132640819552,0.208008735795256,0.264858623385192
2011-09-02,0,0,0,0,0,0.527132640819552,0.208008735795256,0.264858623385192
2011-09-06,0,0,0,0,0,0.527132640819552,0.208008735795256,0.264858623385192
2011-09-07,0,0,0,0,0,0.527132640819552,0.208008735795256,0.264858623385192
2011-09-08,0,0,0,0,0,0.527132640819552,0.208008735795256,0.264858623385192
2011-09-09,0,0,0,0,0,0.527132640819552,0.208008735795256,0.264858623385192
2011-09-12,0,0,0,0,0,0.527132640819552,0.208008735795256,0.264858623385192
2011-09-13,0,0,0,0,0,0.527132640819552,0.208008735795256,0.264858623385192
2011-09-14,0,0,0,0,0,0.527132640819552,0.208008735795256,0.264858623385192
2011-09-15,0,0,0,0,0,0.527132640819552,0.208008735795256,0.264858623385192
2011-09-16,0,0,0,0,0,0.527132640819552,0.208008735795256,0.264858623385192
2011-09-19,0,0,0,0,0,0.527132640819552,0.208008735795256,0.264858623385192
2011-09-20,0,0,0,0,0,0.527132640819552,0.208008735795256,0.264858623385192
2011-09-21,0,0,0,0,0,0.527132640819552,0.208008735795256,0.264858623385192
2011-09-22,0,0,0,0,0,0.527132640819552,0.208008735795256,0.264858623385192
2011-09-23,0,0,0,0,0,0.527132640819552,0.208008735795256,0.264858623385192
2011-09-26,0,0,0,0,0,0.527132640819552,0.208008735795256,0.264858623385192
2011-09-27,0,0,0,0,0,0.527132640819552,0.208008735795256,0.264858623385192
2011-09-28,0,0,0,0,0,0.527132640819552,0.208008735795256,0.264858623385192
2011-09-29,0,0,0,0,0,0.527132640819552,0.208008735795256,0.264858623385192
2011-09-30,0,0,0,0,0,0.527132640819552,0.208008735795256,0.264858623385192
2011-10-03,0,0,0,0,0,0.568912915753323,0.206237298063762,0.224849786182915
2011-10-04,0,0,0,0,0,0.568912915753323,0.206237298063762,0.224849786182915
2011-10-05,0,0,0,0,0,0.568912915753323,0.206237298063762,0.224849786182915
2011-10-06,0,0,0,0,0,0.568912915753323,0.206237298063762,0.224849786182915
2011-10-07,0,0,0,0,0,0.568912915753323,0.206237298063762,0.224849786182915
2011-10-10,0,0,0,0,0,0.568912915753323,0.206237298063762,0.224849786182915
2011-10-11,0,0,0,0,0,0.568912915753323,0.206237298063762,0.224849786182915
2011-10-12,0,0,0,0,0,0.568912915753323,0.206237298063762,0.224849786182915
2011-10-13,0,0,0,0,0,0.568912915753323,0.206237298063762,0.224849786182915
2011-10-14,0,0,0,0,0,0.568912915753323,0.206237298063762,0.224849786182915
2011-10-17,0,0,0,0,0,0.568912915753323,0.206237298063762,0.224849786182915
2011-10-18,0,0,0,0,0,0.568912915753323,0.206237298063762,0.224849786182915
2011-10-19,0,0,0,0,0,0.568912915753323,0.206237298063762,0.224849786182915
2011-10-20,0,0,0,0,0,0.568912915753323,0.206237298063762,0.224849786182915
2011-10-21,0,0,0,0,0,0.568912915753323,0.206237298063762,0.224849786182915
2011-10-24,0,0,0,0,0,0.568912915753323,0.206237298063762,0.224849786182915
2011-10-25,0,0,0,0,0,0.568912915753323,0.206237298063762,0.224849786182915
2011-10-26,0,0,0,0,0,0.568912915753323,0.206237298063762,0.224849786182915
2011-10-27,0,0,0,0,0,0.568912915753323,0.206237298063762,0.224849786182915
2011-10-28,0,0,0,0,0,0.568912915753323,0.206237298063762,0.224849786182915
2011-10-31,0,0,0,0,0,0.568912915753323,0.206237298063762,0.224849786182915
2011-11-01,0,0,0,0,0,0.550681181073165,0.189656104095007,0.259662714831827
2011-11-02,0,0,0,0,0,0.550681181073165,0.189656104095007,0.259662714831827
2011-11-03,0,0,0,0,0,0.550681181073165,0.189656104095007,0.259662714831827
2011-11-04,0,0,0,0,0,0.550681181073165,0.189656104095007,0.259662714831827
2011-11-07,0,0,0,0,0,0.550681181073165,0.189656104095007,0.259662714831827
2011-11-08,0,0,0,0,0,0.550681181073165,0.189656104095007,0.259662714831827
2011-11-09,0,0,0,0,0,0.550681181073165,0.189656104095007,0.259662714831827
2011-11-10,0,0,0,0,0,0.550681181073165,0.189656104095007,0.259662714831827
2011-11-11,0,0,0,0,0,0.550681181073165,0.189656104095007,0.259662714831827
2011-11-14,0,0,0,0,0,0.550681181073165,0.189656104095007,0.259662714831827
2011-11-15,0,0,0,0,0,0.550681181073165,0.189656104095007,0.259662714831827
2011-11-16,0,0,0,0,0,0.550681181073165,0.189656104095007,0.259662714831827
2011-11-17,0,0,0,0,0,0.550681181073165,0.189656104095007,0.259662714831827
2011-11-18,0,0,0,0,0,0.550681181073165,0.189656104095007,0.259662714831827
2011-11-21,0,0,0,0,0,0.550681181073165,0.189656104095007,0.259662714831827
2011-11-22,0,0,0,0,0,0.550681181073165,0.189656104095007,0.259662714831827
2011-11-23,0,0,0,0,0,0.550681181073165,0.189656104095007,0.259662714831827
2011-11-25,0,0,0,0,0,0.550681181073165,0.189656104095007,0.259662714831827
2011-11-28,0,0,0,0,0,0.550681181073165,0.189656104095007,0.259662714831827
2011-11-29,0,0,0,0,0,0.550681181073165,0.189656104095007,0.259662714831827
2011-11-30,0,0,0,0,0,0.550681181073165,0.189656104095007,0.259662714831827
2011-12-01,0,0,0,0,0,0.501748932517952,0.177548413093929,0.320702654388119
2011-12-02,0,0,0,0,0,0.501748932517952,0.177548413093929,0.320702654388119
2011-12-05,0,0,0,0,0,0.501748932517952,0.177548413093929,0.320702654388119
2011-12-06,0,0,0,0,0,0.501748932517952,0.177548413093929,0.320702654388119
2011-12-07,0,0,0,0,0,0.501748932517952,0.177548413093929,0.320702654388119
2011-12-08,0,0,0,0,0,0.501748932517952,0.177548413093929,0.320702654388119
2011-12-09,0,0,0,0,0,0.501748932517952,0.177548413093929,0.320702654388119
2011-12-12,0,0,0,0,0,0.501748932517952,0.177548413093929,0.320702654388119
2011-12-13,0,0,0,0,0,0.501748932517952,0.177548413093929,0.320702654388119
2011-12-14,0,0,0,0,0,0.501748932517952,0.177548413093929,0.320702654388119
2011-12-15,0,0,0,0,0,0.501748932517952,0.177548413093929,0.320702654388119
2011-12-16,0,0,0,0,0,0.501748932517952,0.177548413093929,0.320702654388119
2011-12-19,0,0,0,0,0,0.501748932517952,0.177548413093929,0.320702654388119
2011-12-20,0,0,0,0,0,0.501748932517952,0.177548413093929,0.320702654388119
2011-12-21,0,0,0,0,0,0.501748932517952,0.177548413093929,0.320702654388119
2011-12-22,0,0,0,0,0,0.501748932517952,0.177548413093929,0.320702654388119
2011-12-23,0,0,0,0,0,0.501748932517952,0.177548413093929,0.320702654388119
2011-12-27,0,0,0,0,0,0.501748932517952,0.177548413093929,0.320702654388119
2011-12-28,0,0,0,0,0,0.501748932517952,0.177548413093929,0.320702654388119
2011-12-29,0,0,0,0,0,0.501748932517952,0.177548413093929,0.320702654388119
2011-12-30,0,0,0,0,0,0.501748932517952,0.177548413093929,0.320702654388119
2012-01-03,0,0,0,0,0,0.525509928239806,0.196913817797433,0.277576253962761
2012-01-04,0,0,0,0,0,0.525509928239806,0.196913817797433,0.277576253962761
2012-01-05,0,0,0,0,0,0.525509928239806,0.196913817797433,0.277576253962761
2012-01-06,0,0,0,0,0,0.525509928239806,0.196913817797433,0.277576253962761
2012-01-09,0,0,0,0,0,0.525509928239806,0.196913817797433,0.277576253962761
2012-01-10,0,0,0,0,0,0.525509928239806,0.196913817797433,0.277576253962761
2012-01-11,0,0,0,0,0,0.525509928239806,0.196913817797433,0.277576253962761
2012-01-12,0,0,0,0,0,0.525509928239806,0.196913817797433,0.277576253962761
2012-01-13,0,0,0,0,0,0.525509928239806,0.196913817797433,0.277576253962761
2012-01-17,0,0,0,0,0,0.525509928239806,0.196913817797433,0.277576253962761
2012-01-18,0,0,0,0,0,0.525509928239806,0.196913817797433,0.277576253962761
2012-01-19,0,0,0,0,0,0.525509928239806,0.196913817797433,0.277576253962761
2012-01-20,0,0,0,0,0,0.525509928239806,0.196913817797433,0.277576253962761
2012-01-23,0,0,0,0,0,0.525509928239806,0.196913817797433,0.277576253962761
2012-01-24,0,0,0,0,0,0.525509928239806,0.196913817797433,0.277576253962761
2012-01-25,0,0,0,0,0,0.525509928239806,0.196913817797433,0.277576253962761
2012-01-26,0,0,0,0,0,0.525509928239806,0.196913817797433,0.277576253962761
2012-01-27,0,0,0,0,0,0.525509928239806,0.196913817797433,0.277576253962761
2012-01-30,0,0,0,0,0,0.525509928239806,0.196913817797433,0.277576253962761
2012-01-31,0,0,0,0,0,0.525509928239806,0.196913817797433,0.277576253962761
2012-02-01,0,0.341301011147194,0,0,0.181593976300628,0,0.477105012552178,0
2012-02-02,0,0.341301011147194,0,0,0.181593976300628,0,0.477105012552178,0
2012-02-03,0,0.341301011147194,0,0,0.181593976300628,0,0.477105012552178,0
2012-02-06,0,0.341301011147194,0,0,0.181593976300628,0,0.477105012552178,0
2012-02-07,0,0.341301011147194,0,0,0.181593976300628,0,0.477105012552178,0
2012-02-08,0,0.341301011147194,0,0,0.181593976300628,0,0.477105012552178,0
2012-02-09,0,0.341301011147194,0,0,0.181593976300628,0,0.477105012552178,0
2012-02-10,0,0.341301011147194,0,0,0.181593976300628,0,0.477105012552178,0
2012-02-13,0,0.341301011147194,0,0,0.181593976300628,0,0.477105012552178,0
2012-02-14,0,0.341301011147194,0,0,0.181593976300628,0,0.477105012552178,0
2012-02-15,0,0.341301011147194,0,0,0.181593976300628,0,0.477105012552178,0
2012-02-16,0,0.341301011147194,0,0,0.181593976300628,0,0.477105012552178,0
2012-02-17,0,0.341301011147194,0,0,0.181593976300628,0,0.477105012552178,0
2012-02-21,0,0.341301011147194,0,0,0.181593976300628,0,0.477105012552178,0
2012-02-22,0,0.341301011147194,0,0,0.181593976300628,0,0.477105012552178,0
2012-02-23,0,0.341301011147194,0,0,0.181593976300628,0,0.477105012552178,0
2012-02-24,0,0.341301011147194,0,0,0.181593976300628,0,0.477105012552178,0
2012-02-27,0,0.341301011147194,0,0,0.181593976300628,0,0.477105012552178,0
2012-02-28,0,0.341301011147194,0,0,0.181593976300628,0,0.477105012552178,0
2012-02-29,0,0.341301011147194,0,0,0.181593976300628,0,0.477105012552178,0
2012-03-01,0,0.458741881597783,0.211876101196606,0,0.329382017205611,0,0,0
2012-03-02,0,0.458741881597783,0.211876101196606,0,0.329382017205611,0,0,0
2012-03-05,0,0.458741881597783,0.211876101196606,0,0.329382017205611,0,0,0
2012-03-06,0,0.458741881597783,0.211876101196606,0,0.329382017205611,0,0,0
2012-03-07,0,0.458741881597783,0.211876101196606,0,0.329382017205611,0,0,0
2012-03-08,0,0.458741881597783,0.211876101196606,0,0.329382017205611,0,0,0
2012-03-09,0,0.458741881597783,0.211876101196606,0,0.329382017205611,0,0,0
2012-03-12,0,0.458741881597783,0.211876101196606,0,0.329382017205611,0,0,0
2012-03-13,0,0.458741881597783,0.211876101196606,0,0.329382017205611,0,0,0
2012-03-14,0,0.458741881597783,0.211876101196606,0,0.329382017205611,0,0,0
2012-03-15,0,0.458741881597783,0.211876101196606,0,0.329382017205611,0,0,0
2012-03-16,0,0.458741881597783,0.211876101196606,0,0.329382017205611,0,0,0
2012-03-19,0,0.458741881597783,0.211876101196606,0,0.329382017205611,0,0,0
2012-03-20,0,0.458741881597783,0.211876101196606,0,0.329382017205611,0,0,0
2012-03-21,0,0.458741881597783,0.211876101196606,0,0.329382017205611,0,0,0
2012-03-22,0,0.458741881597783,0.211876101196606,0,0.329382017205611,0,0,0
2012-03-23,0,0.458741881597783,0.211876101196606,0,0.329382017205611,0,0,0
2012-03-26,0,0.458741881597783,0.211876101196606,0,0.329382017205611,0,0,0
2012-03-27,0,0.458741881597783,0.211876101196606,0,0.329382017205611,0,0,0
2012-03-28,0,0.458741881597783,0.211876101196606,0,0.329382017205611,0,0,0
2012-03-29,0,0.458741881597783,0.211876101196606,0,0.329382017205611,0,0,0
2012-03-30,0,0.458741881597783,0.211876101196606,0,0.329382017205611,0,0,0
2012-04-02,0,0.408161190432264,0,0.230721129901004,0.361117679666732,0,0,0
2012-04-03,0,0.408161190432264,0,0.230721129901004,0.361117679666732,0,0,0
2012-04-04,0,0.408161190432264,0,0.230721129901004,0.361117679666732,0,0,0
2012-04-05,0,0.408161190432264,0,0.230721129901004,0.361117679666732,0,0,0
2012-04-09,0,0.408161190432264,0,0.230721129901004,0.361117679666732,0,0,0
2012-04-10,0,0.408161190432264,0,0.230721129901004,0.361117679666732,0,0,0
2012-04-11,0,0.408161190432264,0,0.230721129901004,0.361117679666732,0,0,0
2012-04-12,0,0.408161190432264,0,0.230721129901004,0.361117679666732,0,0,0
2012-04-13,0,0.408161190432264,0,0.230721129901004,0.361117679666732,0,0,0
2012-04-16,0,0.408161190432264,0,0.230721129901004,0.361117679666732,0,0,0
2012-04-17,0,0.408161190432264,0,0.230721129901004,0.361117679666732,0,0,0
2012-04-18,0,0.408161190432264,0,0.230721129901004,0.361117679666732,0,0,0
2012-04-19,0,0.408161190432264,0,0.230721129901004,0.361117679666732,0,0,0
2012-04-20,0,0.408161190432264,0,0.230721129901004,0.361117679666732,0,0,0
2012-04-23,0,0.408161190432264,0,0.230721129901004,0.361117679666732,0,0,0
2012-04-24,0,0.408161190432264,0,0.230721129901004,0.361117679666732,0,0,0
2012-04-25,0,0.408161190432264,0,0.230721129901004,0.361117679666732,0,0,0
2012-04-26,0,0.408161190432264,0,0.230721129901004,0.361117679666732,0,0,0
2012-04-27,0,0.408161190432264,0,0.230721129901004,0.361117679666732,0,0,0
2012-04-30,0,0.408161190432264,0,0.230721129901004,0.361117679666732,0,0,0
2012-05-01,0,0.521398944070728,0,0,0.478601055929272,0,0,0
2012-05-02,0,0.521398944070728,0,0,0.478601055929272,0,0,0
2012-05-03,0,0.521398944070728,0,0,0.478601055929272,0,0,0
2012-05-04,0,0.521398944070728,0,0,0.478601055929272,0,0,0
2012-05-07,0,0.521398944070728,0,0,0.478601055929272,0,0,0
2012-05-08,0,0.521398944070728,0,0,0.478601055929272,0,0,0
2012-05-09,0,0.521398944070728,0,0,0.478601055929272,0,0,0
2012-05-10,0,0.521398944070728,0,0,0.478601055929272,0,0,0
2012-05-11,0,0.521398944070728,0,0,0.478601055929272,0,0,0
2012-05-14,0,0.521398944070728,0,0,0.478601055929272,0,0,0
2012-05-15,0,0.521398944070728,0,0,0.478601055929272,0,0,0
2012-05-16,0,0.521398944070728,0,0,0.478601055929272,0,0,0
2012-05-17,0,0.521398944070728,0,0,0.478601055929272,0,0,0
2012-05-18,0,0.521398944070728,0,0,0.478601055929272,0,0,0
2012-05-21,0,0.521398944070728,0,0,0.478601055929272,0,0,0
2012-05-22,0,0.521398944070728,0,0,0.478601055929272,0,0,0
2012-05-23,0,0.521398944070728,0,0,0.478601055929272,0,0,0
2012-05-24,0,0.521398944070728,0,0,0.478601055929272,0,0,0
2012-05-25,0,0.521398944070728,0,0,0.478601055929272,0,0,0
2012-05-29,0,0.521398944070728,0,0,0.478601055929272,0,0,0
2012-05-30,0,0.521398944070728,0,0,0.478601055929272,0,0,0
2012-05-31,0,0.521398944070728,0,0,0.478601055929272,0,0,0
2012-06-01,0,0,0,0,0.273512494124364,0.513526678799426,0.21296082707621,0
2012-06-04,0,0,0,0,0.273512494124364,0.513526678799426,0.21296082707621,0
2012-06-05,0,0,0,0,0.273512494124364,0.513526678799426,0.21296082707621,0
2012-06-06,0,0,0,0,0.273512494124364,0.513526678799426,0.21296082707621,0
2012-06-07,0,0,0,0,0.273512494124364,0.513526678799426,0.21296082707621,0
2012-06-08,0,0,0,0,0.273512494124364,0.513526678799426,0.21296082707621,0
2012-06-11,0,0,0,0,0.273512494124364,0.513526678799426,0.21296082707621,0
2012-06-12,0,0,0,0,0.273512494124364,0.513526678799426,0.21296082707621,0
2012-06-13,0,0,0,0,0.273512494124364,0.513526678799426,0.21296082707621,0
2012-06-14,0,0,0,0,0.273512494124364,0.513526678799426,0.21296082707621,0
2012-06-15,0,0,0,0,0.273512494124364,0.513526678799426,0.21296082707621,0
2012-06-18,0,0,0,0,0.273512494124364,0.513526678799426,0.21296082707621,0
2012-06-19,0,0,0,0,0.273512494124364,0.513526678799426,0.21296082707621,0
2012-06-20,0,0,0,0,0.273512494124364,0.513526678799426,0.21296082707621,0
2012-06-21,0,0,0,0,0.273512494124364,0.513526678799426,0.21296082707621,0
2012-06-22,0,0,0,0,0.273512494124364,0.513526678799426,0.21296082707621,0
2012-06-25,0,0,0,0,0.273512494124364,0.513526678799426,0.21296082707621,0
2012-06-26,0,0,0,0,0.273512494124364,0.513526678799426,0.21296082707621,0
2012-06-27,0,0,0,0,0.273512494124364,0.513526678799426,0.21296082707621,0
2012-06-28,0,0,0,0,0.273512494124364,0.513526678799426,0.21296082707621,0
2012-06-29,0,0,0,0,0.273512494124364,0.513526678799426,0.21296082707621,0
2012-07-02,0,0.276678812374575,0,0,0.196851276498385,0,0.526469911127041,0
2012-07-03,0,0.276678812374575,0,0,0.196851276498385,0,0.526469911127041,0
2012-07-05,0,0.276678812374575,0,0,0.196851276498385,0,0.526469911127041,0
2012-07-06,0,0.276678812374575,0,0,0.196851276498385,0,0.526469911127041,0
2012-07-09,0,0.276678812374575,0,0,0.196851276498385,0,0.526469911127041,0
2012-07-10,0,0.276678812374575,0,0,0.196851276498385,0,0.526469911127041,0
2012-07-11,0,0.276678812374575,0,0,0.196851276498385,0,0.526469911127041,0
2012-07-12,0,0.276678812374575,0,0,0.196851276498385,0,0.526469911127041,0
2012-07-13,0,0.276678812374575,0,0,0.196851276498385,0,0.526469911127041,0
2012-07-16,0,0.276678812374575,0,0,0.196851276498385,0,0.526469911127041,0
2012-07-17,0,0.276678812374575,0,0,0.196851276498385,0,0.526469911127041,0
2012-07-18,0,0.276678812374575,0,0,0.196851276498385,0,0.526469911127041,0
2012-07-19,0,0.276678812374575,0,0,0.196851276498385,0,0.526469911127041,0
2012-07-20,0,0.276678812374575,0,0,0.196851276498385,0,0.526469911127041,0
2012-07-23,0,0.276678812374575,0,0,0.196851276498385,0,0.526469911127041,0
2012-07-24,0,0.276678812374575,0,0,0.196851276498385,0,0.526469911127041,0
2012-07-25,0,0.276678812374575,0,0,0.196851276498385,0,0.526469911127041,0
2012-07-26,0,0.276678812374575,0,0,0.196851276498385,0,0.526469911127041,0
2012-07-27,0,0.276678812374575,0,0,0.196851276498385,0,0.526469911127041,0
2012-07-30,0,0.276678812374575,0,0,0.196851276498385,0,0.526469911127041,0
2012-07-31,0,0.276678812374575,0,0,0.196851276498385,0,0.526469911127041,0
2012-08-01,0,0,0,0,0.292853167265753,0.495355206158638,0.211791626575609,0
2012-08-02,0,0,0,0,0.292853167265753,0.495355206158638,0.211791626575609,0
2012-08-03,0,0,0,0,0.292853167265753,0.495355206158638,0.211791626575609,0
2012-08-06,0,0,0,0,0.292853167265753,0.495355206158638,0.211791626575609,0
2012-08-07,0,0,0,0,0.292853167265753,0.495355206158638,0.211791626575609,0
2012-08-08,0,0,0,0,0.292853167265753,0.495355206158638,0.211791626575609,0
2012-08-09,0,0,0,0,0.292853167265753,0.495355206158638,0.211791626575609,0
2012-08-10,0,0,0,0,0.292853167265753,0.495355206158638,0.211791626575609,0
2012-08-13,0,0,0,0,0.292853167265753,0.495355206158638,0.211791626575609,0
2012-08-14,0,0,0,0,0.292853167265753,0.495355206158638,0.211791626575609,0
2012-08-15,0,0,0,0,0.292853167265753,0.495355206158638,0.211791626575609,0
2012-08-16,0,0,0,0,0.292853167265753,0.495355206158638,0.211791626575609,0
2012-08-17,0,0,0,0,0.292853167265753,0.495355206158638,0.211791626575609,0
2012-08-20,0,0,0,0,0.292853167265753,0.495355206158638,0.211791626575609,0
2012-08-21,0,0,0,0,0.292853167265753,0.495355206158638,0.211791626575609,0
2012-08-22,0,0,0,0,0.292853167265753,0.495355206158638,0.211791626575609,0
2012-08-23,0,0,0,0,0.292853167265753,0.495355206158638,0.211791626575609,0
2012-08-24,0,0,0,0,0.292853167265753,0.495355206158638,0.211791626575609,0
2012-08-27,0,0,0,0,0.292853167265753,0.495355206158638,0.211791626575609,0
2012-08-28,0,0,0,0,0.292853167265753,0.495355206158638,0.211791626575609,0
2012-08-29,0,0,0,0,0.292853167265753,0.495355206158638,0.211791626575609,0
2012-08-30,0,0,0,0,0.292853167265753,0.495355206158638,0.211791626575609,0
2012-08-31,0,0,0,0,0.292853167265753,0.495355206158638,0.211791626575609,0
2012-09-04,0,0,0,0,0.36669038389773,0.451269798082442,0.182039818019828,0
2012-09-05,0,0,0,0,0.36669038389773,0.451269798082442,0.182039818019828,0
2012-09-06,0,0,0,0,0.36669038389773,0.451269798082442,0.182039818019828,0
2012-09-07,0,0,0,0,0.36669038389773,0.451269798082442,0.182039818019828,0
2012-09-10,0,0,0,0,0.36669038389773,0.451269798082442,0.182039818019828,0
2012-09-11,0,0,0,0,0.36669038389773,0.451269798082442,0.182039818019828,0
2012-09-12,0,0,0,0,0.36669038389773,0.451269798082442,0.182039818019828,0
2012-09-13,0,0,0,0,0.36669038389773,0.451269798082442,0.182039818019828,0
2012-09-14,0,0,0,0,0.36669038389773,0.451269798082442,0.182039818019828,0
2012-09-17,0,0,0,0,0.36669038389773,0.451269798082442,0.182039818019828,0
2012-09-18,0,0,0,0,0.36669038389773,0.451269798082442,0.182039818019828,0
2012-09-19,0,0,0,0,0.36669038389773,0.451269798082442,0.182039818019828,0
2012-09-20,0,0,0,0,0.36669038389773,0.451269798082442,0.182039818019828,0
2012-09-21,0,0,0,0,0.36669038389773,0.451269798082442,0.182039818019828,0
2012-09-24,0,0,0,0,0.36669038389773,0.451269798082442,0.182039818019828,0
2012-09-25,0,0,0,0,0.36669038389773,0.451269798082442,0.182039818019828,0
2012-09-26,0,0,0,0,0.36669038389773,0.451269798082442,0.182039818019828,0
2012-09-27,0,0,0,0,0.36669038389773,0.451269798082442,0.182039818019828,0
2012-09-28,0,0,0,0,0.36669038389773,0.451269798082442,0.182039818019828,0
2012-10-01,0,0,0,0,0.409438340988538,0,0.322097216462645,0.268464442548818
2012-10-02,0,0,0,0,0.409438340988538,0,0.322097216462645,0.268464442548818
2012-10-03,0,0,0,0,0.409438340988538,0,0.322097216462645,0.268464442548818
2012-10-04,0,0,0,0,0.409438340988538,0,0.322097216462645,0.268464442548818
2012-10-05,0,0,0,0,0.409438340988538,0,0.322097216462645,0.268464442548818
2012-10-08,0,0,0,0,0.409438340988538,0,0.322097216462645,0.268464442548818
2012-10-09,0,0,0,0,0.409438340988538,0,0.322097216462645,0.268464442548818
2012-10-10,0,0,0,0,0.409438340988538,0,0.322097216462645,0.268464442548818
2012-10-11,0,0,0,0,0.409438340988538,0,0.322097216462645,0.268464442548818
2012-10-12,0,0,0,0,0.409438340988538,0,0.322097216462645,0.268464442548818
2012-10-15,0,0,0,0,0.409438340988538,0,0.322097216462645,0.268464442548818
2012-10-16,0,0,0,0,0.409438340988538,0,0.322097216462645,0.268464442548818
2012-10-17,0,0,0,0,0.409438340988538,0,0.322097216462645,0.268464442548818
2012-10-18,0,0,0,0,0.409438340988538,0,0.322097216462645,0.268464442548818
2012-10-19,0,0,0,0,0.409438340988538,0,0.322097216462645,0.268464442548818
2012-10-22,0,0,0,0,0.409438340988538,0,0.322097216462645,0.268464442548818
2012-10-23,0,0,0,0,0.409438340988538,0,0.322097216462645,0.268464442548818
2012-10-24,0,0,0,0,0.409438340988538,0,0.322097216462645,0.268464442548818
2012-10-25,0,0,0,0,0.409438340988538,0,0.322097216462645,0.268464442548818
2012-10-26,0,0,0,0,0.409438340988538,0,0.322097216462645,0.268464442548818
2012-10-31,0,0,0,0,0.409438340988538,0,0.322097216462645,0.268464442548818
2012-11-01,0,0,0.279323787147573,0,0,0,0.438125883907266,0.282550328945161
2012-11-02,0,0,0.279323787147573,0,0,0,0.438125883907266,0.282550328945161
2012-11-05,0,0,0.279323787147573,0,0,0,0.438125883907266,0.282550328945161
2012-11-06,0,0,0.279323787147573,0,0,0,0.438125883907266,0.282550328945161
2012-11-07,0,0,0.279323787147573,0,0,0,0.438125883907266,0.282550328945161
2012-11-08,0,0,0.279323787147573,0,0,0,0.438125883907266,0.282550328945161
2012-11-09,0,0,0.279323787147573,0,0,0,0.438125883907266,0.282550328945161
2012-11-12,0,0,0.279323787147573,0,0,0,0.438125883907266,0.282550328945161
2012-11-13,0,0,0.279323787147573,0,0,0,0.438125883907266,0.282550328945161
2012-11-14,0,0,0.279323787147573,0,0,0,0.438125883907266,0.282550328945161
2012-11-15,0,0,0.279323787147573,0,0,0,0.438125883907266,0.282550328945161
2012-11-16,0,0,0.279323787147573,0,0,0,0.438125883907266,0.282550328945161
2012-11-19,0,0,0.279323787147573,0,0,0,0.438125883907266,0.282550328945161
2012-11-20,0,0,0.279323787147573,0,0,0,0.438125883907266,0.282550328945161
2012-11-21,0,0,0.279323787147573,0,0,0,0.438125883907266,0.282550328945161
2012-11-23,0,0,0.279323787147573,0,0,0,0.438125883907266,0.282550328945161
2012-11-26,0,0,0.279323787147573,0,0,0,0.438125883907266,0.282550328945161
2012-11-27,0,0,0.279323787147573,0,0,0,0.438125883907266,0.282550328945161
2012-11-28,0,0,0.279323787147573,0,0,0,0.438125883907266,0.282550328945161
2012-11-29,0,0,0.279323787147573,0,0,0,0.438125883907266,0.282550328945161
2012-11-30,0,0,0.279323787147573,0,0,0,0.438125883907266,0.282550328945161
2012-12-03,0,0.372912148382365,0.291790519399137,0.335297332218498,0,0,0,0
2012-12-04,0,0.372912148382365,0.291790519399137,0.335297332218498,0,0,0,0
2012-12-05,0,0.372912148382365,0.291790519399137,0.335297332218498,0,0,0,0
2012-12-06,0,0.372912148382365,0.291790519399137,0.335297332218498,0,0,0,0
2012-12-07,0,0.372912148382365,0.291790519399137,0.335297332218498,0,0,0,0
2012-12-10,0,0.372912148382365,0.291790519399137,0.335297332218498,0,0,0,0
2012-12-11,0,0.372912148382365,0.291790519399137,0.335297332218498,0,0,0,0
2012-12-12,0,0.372912148382365,0.291790519399137,0.335297332218498,0,0,0,0
2012-12-13,0,0.372912148382365,0.291790519399137,0.335297332218498,0,0,0,0
2012-12-14,0,0.372912148382365,0.291790519399137,0.335297332218498,0,0,0,0
2012-12-17,0,0.372912148382365,0.291790519399137,0.335297332218498,0,0,0,0
2012-12-18,0,0.372912148382365,0.291790519399137,0.335297332218498,0,0,0,0
2012-12-19,0,0.372912148382365,0.291790519399137,0.335297332218498,0,0,0,0
2012-12-20,0,0.372912148382365,0.291790519399137,0.335297332218498,0,0,0,0
2012-12-21,0,0.372912148382365,0.291790519399137,0.335297332218498,0,0,0,0
2012-12-24,0,0.372912148382365,0.291790519399137,0.335297332218498,0,0,0,0
2012-12-26,0,0.372912148382365,0.291790519399137,0.335297332218498,0,0,0,0
2012-12-27,0,0.372912148382365,0.291790519399137,0.335297332218498,0,0,0,0
2012-12-28,0,0.372912148382365,0.291790519399137,0.335297332218498,0,0,0,0
2012-12-31,0,0.372912148382365,0.291790519399137,0.335297332218498,0,0,0,0
2013-01-02,0,0.325990305760296,0.314262968099487,0.359746726140217,0,0,0,0
2013-01-03,0,0.325990305760296,0.314262968099487,0.359746726140217,0,0,0,0
2013-01-04,0,0.325990305760296,0.314262968099487,0.359746726140217,0,0,0,0
2013-01-07,0,0.325990305760296,0.314262968099487,0.359746726140217,0,0,0,0
2013-01-08,0,0.325990305760296,0.314262968099487,0.359746726140217,0,0,0,0
2013-01-09,0,0.325990305760296,0.314262968099487,0.359746726140217,0,0,0,0
2013-01-10,0,0.325990305760296,0.314262968099487,0.359746726140217,0,0,0,0
2013-01-11,0,0.325990305760296,0.314262968099487,0.359746726140217,0,0,0,0
2013-01-14,0,0.325990305760296,0.314262968099487,0.359746726140217,0,0,0,0
2013-01-15,0,0.325990305760296,0.314262968099487,0.359746726140217,0,0,0,0
2013-01-16,0,0.325990305760296,0.314262968099487,0.359746726140217,0,0,0,0
2013-01-17,0,0.325990305760296,0.314262968099487,0.359746726140217,0,0,0,0
2013-01-18,0,0.325990305760296,0.314262968099487,0.359746726140217,0,0,0,0
2013-01-22,0,0.325990305760296,0.314262968099487,0.359746726140217,0,0,0,0
2013-01-23,0,0.325990305760296,0.314262968099487,0.359746726140217,0,0,0,0
2013-01-24,0,0.325990305760296,0.314262968099487,0.359746726140217,0,0,0,0
2013-01-25,0,0.325990305760296,0.314262968099487,0.359746726140217,0,0,0,0
2013-01-28,0,0.325990305760296,0.314262968099487,0.359746726140217,0,0,0,0
2013-01-29,0,0.325990305760296,0.314262968099487,0.359746726140217,0,0,0,0
2013-01-30,0,0.325990305760296,0.314262968099487,0.359746726140217,0,0,0,0
2013-01-31,0,0.325990305760296,0.314262968099487,0.359746726140217,0,0,0,0
2013-02-01,0,0.326081177378613,0.325694016961851,0.348224805659535,0,0,0,0
2013-02-04,0,0.326081177378613,0.325694016961851,0.348224805659535,0,0,0,0
2013-02-05,0,0.326081177378613,0.325694016961851,0.348224805659535,0,0,0,0
2013-02-06,0,0.326081177378613,0.325694016961851,0.348224805659535,0,0,0,0
2013-02-07,0,0.326081177378613,0.325694016961851,0.348224805659535,0,0,0,0
2013-02-08,0,0.326081177378613,0.325694016961851,0.348224805659535,0,0,0,0
2013-02-11,0,0.326081177378613,0.325694016961851,0.348224805659535,0,0,0,0
2013-02-12,0,0.326081177378613,0.325694016961851,0.348224805659535,0,0,0,0
2013-02-13,0,0.326081177378613,0.325694016961851,0.348224805659535,0,0,0,0
2013-02-14,0,0.326081177378613,0.325694016961851,0.348224805659535,0,0,0,0
2013-02-15,0,0.326081177378613,0.325694016961851,0.348224805659535,0,0,0,0
2013-02-19,0,0.326081177378613,0.325694016961851,0.348224805659535,0,0,0,0
2013-02-20,0,0.326081177378613,0.325694016961851,0.348224805659535,0,0,0,0
2013-02-21,0,0.326081177378613,0.325694016961851,0.348224805659535,0,0,0,0
2013-02-22,0,0.326081177378613,0.325694016961851,0.348224805659535,0,0,0,0
2013-02-25,0,0.326081177378613,0.325694016961851,0.348224805659535,0,0,0,0
2013-02-26,0,0.326081177378613,0.325694016961851,0.348224805659535,0,0,0,0
2013-02-27,0,0.326081177378613,0.325694016961851,0.348224805659535,0,0,0,0
2013-02-28,0,0.326081177378613,0.325694016961851,0.348224805659535,0,0,0,0
2013-03-01,0,0.361314057828566,0.253498032161152,0.385187910010282,0,0,0,0
2013-03-04,0,0.361314057828566,0.253498032161152,0.385187910010282,0,0,0,0
2013-03-05,0,0.361314057828566,0.253498032161152,0.385187910010282,0,0,0,0
2013-03-06,0,0.361314057828566,0.253498032161152,0.385187910010282,0,0,0,0
2013-03-07,0,0.361314057828566,0.253498032161152,0.385187910010282,0,0,0,0
2013-03-08,0,0.361314057828566,0.253498032161152,0.385187910010282,0,0,0,0
2013-03-11,0,0.361314057828566,0.253498032161152,0.385187910010282,0,0,0,0
2013-03-12,0,0.361314057828566,0.253498032161152,0.385187910010282,0,0,0,0
2013-03-13,0,0.361314057828566,0.253498032161152,0.385187910010282,0,0,0,0
2013-03-14,0,0.361314057828566,0.253498032161152,0.385187910010282,0,0,0,0
2013-03-15,0,0.361314057828566,0.253498032161152,0.385187910010282,0,0,0,0
2013-03-18,0,0.361314057828566,0.253498032161152,0.385187910010282,0,0,0,0
2013-03-19,0,0.361314057828566,0.253498032161152,0.385187910010282,0,0,0,0
2013-03-20,0,0.361314057828566,0.253498032161152,0.385187910010282,0,0,0,0
2013-03-21,0,0.361314057828566,0.253498032161152,0.385187910010282,0,0,0,0
2013-03-22,0,0.361314057828566,0.253498032161152,0.385187910010282,0,0,0,0
2013-03-25,0,0.361314057828566,0.253498032161152,0.385187910010282,0,0,0,0
2013-03-26,0,0.361314057828566,0.253498032161152,0.385187910010282,0,0,0,0
2013-03-27,0,0.361314057828566,0.253498032161152,0.385187910010282,0,0,0,0
2013-03-28,0,0.361314057828566,0.253498032161152,0.385187910010282,0,0,0,0
2013-04-01,0,0.372495233705481,0.218458937182657,0,0.409045829111862,0,0,0
2013-04-02,0,0.372495233705481,0.218458937182657,0,0.409045829111862,0,0,0
2013-04-03,0,0.372495233705481,0.218458937182657,0,0.409045829111862,0,0,0
2013-04-04,0,0.372495233705481,0.218458937182657,0,0.409045829111862,0,0,0
2013-04-05,0,0.372495233705481,0.218458937182657,0,0.409045829111862,0,0,0
2013-04-08,0,0.372495233705481,0.218458937182657,0,0.409045829111862,0,0,0
2013-04-09,0,0.372495233705481,0.218458937182657,0,0.409045829111862,0,0,0
2013-04-10,0,0.372495233705481,0.218458937182657,0,0.409045829111862,0,0,0
2013-04-11,0,0.372495233705481,0.218458937182657,0,0.409045829111862,0,0,0
2013-04-12,0,0.372495233705481,0.218458937182657,0,0.409045829111862,0,0,0
2013-04-15,0,0.372495233705481,0.218458937182657,0,0.409045829111862,0,0,0
2013-04-16,0,0.372495233705481,0.218458937182657,0,0.409045829111862,0,0,0
2013-04-17,0,0.372495233705481,0.218458937182657,0,0.409045829111862,0,0,0
2013-04-18,0,0.372495233705481,0.218458937182657,0,0.409045829111862,0,0,0
2013-04-19,0,0.372495233705481,0.218458937182657,0,0.409045829111862,0,0,0
2013-04-22,0,0.372495233705481,0.218458937182657,0,0.409045829111862,0,0,0
2013-04-23,0,0.372495233705481,0.218458937182657,0,0.409045829111862,0,0,0
2013-04-24,0,0.372495233705481,0.218458937182657,0,0.409045829111862,0,0,0
2013-04-25,0,0.372495233705481,0.218458937182657,0,0.409045829111862,0,0,0
2013-04-26,0,0.372495233705481,0.218458937182657,0,0.409045829111862,0,0,0
2013-04-29,0,0.372495233705481,0.218458937182657,0,0.409045829111862,0,0,0
2013-04-30,0,0.372495233705481,0.218458937182657,0,0.409045829111862,0,0,0
2013-05-01,0,0.348690399793102,0.257624006025726,0,0.393685594181172,0,0,0
2013-05-02,0,0.348690399793102,0.257624006025726,0,0.393685594181172,0,0,0
2013-05-03,0,0.348690399793102,0.257624006025726,0,0.393685594181172,0,0,0
2013-05-06,0,0.348690399793102,0.257624006025726,0,0.393685594181172,0,0,0
2013-05-07,0,0.348690399793102,0.257624006025726,0,0.393685594181172,0,0,0
2013-05-08,0,0.348690399793102,0.257624006025726,0,0.393685594181172,0,0,0
2013-05-09,0,0.348690399793102,0.257624006025726,0,0.393685594181172,0,0,0
2013-05-10,0,0.348690399793102,0.257624006025726,0,0.393685594181172,0,0,0
2013-05-13,0,0.348690399793102,0.257624006025726,0,0.393685594181172,0,0,0
2013-05-14,0,0.348690399793102,0.257624006025726,0,0.393685594181172,0,0,0
2013-05-15,0,0.348690399793102,0.257624006025726,0,0.393685594181172,0,0,0
2013-05-16,0,0.348690399793102,0.257624006025726,0,0.393685594181172,0,0,0
2013-05-17,0,0.348690399793102,0.257624006025726,0,0.393685594181172,0,0,0
2013-05-20,0,0.348690399793102,0.257624006025726,0,0.393685594181172,0,0,0
2013-05-21,0,0.348690399793102,0.257624006025726,0,0.393685594181172,0,0,0
2013-05-22,0,0.348690399793102,0.257624006025726,0,0.393685594181172,0,0,0
2013-05-23,0,0.348690399793102,0.257624006025726,0,0.393685594181172,0,0,0
2013-05-24,0,0.348690399793102,0.257624006025726,0,0.393685594181172,0,0,0
2013-05-28,0,0.348690399793102,0.257624006025726,0,0.393685594181172,0,0,0
2013-05-29,0,0.348690399793102,0.257624006025726,0,0.393685594181172,0,0,0
2013-05-30,0,0.348690399793102,0.257624006025726,0,0.393685594181172,0,0,0
2013-05-31,0,0.348690399793102,0.257624006025726,0,0.393685594181172,0,0,0
2013-06-03,0,0.357379550736567,0.306807875657814,0,0.335812573605619,0,0,0
2013-06-04,0,0.357379550736567,0.306807875657814,0,0.335812573605619,0,0,0
2013-06-05,0,0.357379550736567,0.306807875657814,0,0.335812573605619,0,0,0
2013-06-06,0,0.357379550736567,0.306807875657814,0,0.335812573605619,0,0,0
2013-06-07,0,0.357379550736567,0.306807875657814,0,0.335812573605619,0,0,0
2013-06-10,0,0.357379550736567,0.306807875657814,0,0.335812573605619,0,0,0
2013-06-11,0,0.357379550736567,0.306807875657814,0,0.335812573605619,0,0,0
2013-06-12,0,0.357379550736567,0.306807875657814,0,0.335812573605619,0,0,0
2013-06-13,0,0.357379550736567,0.306807875657814,0,0.335812573605619,0,0,0
2013-06-14,0,0.357379550736567,0.306807875657814,0,0.335812573605619,0,0,0
2013-06-17,0,0.357379550736567,0.306807875657814,0,0.335812573605619,0,0,0
2013-06-18,0,0.357379550736567,0.306807875657814,0,0.335812573605619,0,0,0
2013-06-19,0,0.357379550736567,0.306807875657814,0,0.335812573605619,0,0,0
2013-06-20,0,0.357379550736567,0.306807875657814,0,0.335812573605619,0,0,0
2013-06-21,0,0.357379550736567,0.306807875657814,0,0.335812573605619,0,0,0
2013-06-24,0,0.357379550736567,0.306807875657814,0,0.335812573605619,0,0,0
2013-06-25,0,0.357379550736567,0.306807875657814,0,0.335812573605619,0,0,0
2013-06-26,0,0.357379550736567,0.306807875657814,0,0.335812573605619,0,0,0
2013-06-27,0,0.357379550736567,0.306807875657814,0,0.335812573605619,0,0,0
2013-06-28,0,0.357379550736567,0.306807875657814,0,0.335812573605619,0,0,0
2013-07-01,0,0.383060940191762,0.350576823706793,0,0.266362236101444,0,0,0
2013-07-02,0,0.383060940191762,0.350576823706793,0,0.266362236101444,0,0,0
2013-07-03,0,0.383060940191762,0.350576823706793,0,0.266362236101444,0,0,0
2013-07-05,0,0.383060940191762,0.350576823706793,0,0.266362236101444,0,0,0
2013-07-08,0,0.383060940191762,0.350576823706793,0,0.266362236101444,0,0,0
2013-07-09,0,0.383060940191762,0.350576823706793,0,0.266362236101444,0,0,0
2013-07-10,0,0.383060940191762,0.350576823706793,0,0.266362236101444,0,0,0
2013-07-11,0,0.383060940191762,0.350576823706793,0,0.266362236101444,0,0,0
2013-07-12,0,0.383060940191762,0.350576823706793,0,0.266362236101444,0,0,0
2013-07-15,0,0.383060940191762,0.350576823706793,0,0.266362236101444,0,0,0
2013-07-16,0,0.383060940191762,0.350576823706793,0,0.266362236101444,0,0,0
2013-07-17,0,0.383060940191762,0.350576823706793,0,0.266362236101444,0,0,0
2013-07-18,0,0.383060940191762,0.350576823706793,0,0.266362236101444,0,0,0
2013-07-19,0,0.383060940191762,0.350576823706793,0,0.266362236101444,0,0,0
2013-07-22,0,0.383060940191762,0.350576823706793,0,0.266362236101444,0,0,0
2013-07-23,0,0.383060940191762,0.350576823706793,0,0.266362236101444,0,0,0
2013-07-24,0,0.383060940191762,0.350576823706793,0,0.266362236101444,0,0,0
2013-07-25,0,0.383060940191762,0.350576823706793,0,0.266362236101444,0,0,0
2013-07-26,0,0.383060940191762,0.350576823706793,0,0.266362236101444,0,0,0
2013-07-29,0,0.383060940191762,0.350576823706793,0,0.266362236101444,0,0,0
2013-07-30,0,0.383060940191762,0.350576823706793,0,0.266362236101444,0,0,0
2013-07-31,0,0.383060940191762,0.350576823706793,0,0.266362236101444,0,0,0
2013-08-01,0,0.404133965316886,0.339580172602826,0,0.256285862080288,0,0,0
2013-08-02,0,0.404133965316886,0.339580172602826,0,0.256285862080288,0,0,0
2013-08-05,0,0.404133965316886,0.339580172602826,0,0.256285862080288,0,0,0
2013-08-06,0,0.404133965316886,0.339580172602826,0,0.256285862080288,0,0,0
2013-08-07,0,0.404133965316886,0.339580172602826,0,0.256285862080288,0,0,0
2013-08-08,0,0.404133965316886,0.339580172602826,0,0.256285862080288,0,0,0
2013-08-09,0,0.404133965316886,0.339580172602826,0,0.256285862080288,0,0,0
2013-08-12,0,0.404133965316886,0.339580172602826,0,0.256285862080288,0,0,0
2013-08-13,0,0.404133965316886,0.339580172602826,0,0.256285862080288,0,0,0
2013-08-14,0,0.404133965316886,0.339580172602826,0,0.256285862080288,0,0,0
2013-08-15,0,0.404133965316886,0.339580172602826,0,0.256285862080288,0,0,0
2013-08-16,0,0.404133965316886,0.339580172602826,0,0.256285862080288,0,0,0
2013-08-19,0,0.404133965316886,0.339580172602826,0,0.256285862080288,0,0,0
2013-08-20,0,0.404133965316886,0.339580172602826,0,0.256285862080288,0,0,0
2013-08-21,0,0.404133965316886,0.339580172602826,0,0.256285862080288,0,0,0
2013-08-22,0,0.404133965316886,0.339580172602826,0,0.256285862080288,0,0,0
2013-08-23,0,0.404133965316886,0.339580172602826,0,0.256285862080288,0,0,0
2013-08-26,0,0.404133965316886,0.339580172602826,0,0.256285862080288,0,0,0
2013-08-27,0,0.404133965316886,0.339580172602826,0,0.256285862080288,0,0,0
2013-08-28,0,0.404133965316886,0.339580172602826,0,0.256285862080288,0,0,0
2013-08-29,0,0.404133965316886,0.339580172602826,0,0.256285862080288,0,0,0
2013-08-30,0,0.404133965316886,0.339580172602826,0,0.256285862080288,0,0,0
2013-09-03,0.999999970985062,1.60476813792252e-08,1.29672563354165e-08,0,0,0,0,0
2013-09-04,0.999999970985062,1.60476813792252e-08,1.29672563354165e-08,0,0,0,0,0
2013-09-05,0.999999970985062,1.60476813792252e-08,1.29672563354165e-08,0,0,0,0,0
2013-09-06,0.999999970985062,1.60476813792252e-08,1.29672563354165e-08,0,0,0,0,0
2013-09-09,0.999999970985062,1.60476813792252e-08,1.29672563354165e-08,0,0,0,0,0
2013-09-10,0.999999970985062,1.60476813792252e-08,1.29672563354165e-08,0,0,0,0,0
2013-09-11,0.999999970985062,1.60476813792252e-08,1.29672563354165e-08,0,0,0,0,0
2013-09-12,0.999999970985062,1.60476813792252e-08,1.29672563354165e-08,0,0,0,0,0
2013-09-13,0.999999970985062,1.60476813792252e-08,1.29672563354165e-08,0,0,0,0,0
2013-09-16,0.999999970985062,1.60476813792252e-08,1.29672563354165e-08,0,0,0,0,0
2013-09-17,0.999999970985062,1.60476813792252e-08,1.29672563354165e-08,0,0,0,0,0
2013-09-18,0.999999970985062,1.60476813792252e-08,1.29672563354165e-08,0,0,0,0,0
2013-09-19,0.999999970985062,1.60476813792252e-08,1.29672563354165e-08,0,0,0,0,0
2013-09-20,0.999999970985062,1.60476813792252e-08,1.29672563354165e-08,0,0,0,0,0
2013-09-23,0.999999970985062,1.60476813792252e-08,1.29672563354165e-08,0,0,0,0,0
2013-09-24,0.999999970985062,1.60476813792252e-08,1.29672563354165e-08,0,0,0,0,0
2013-09-25,0.999999970985062,1.60476813792252e-08,1.29672563354165e-08,0,0,0,0,0
2013-09-26,0.999999970985062,1.60476813792252e-08,1.29672563354165e-08,0,0,0,0,0
2013-09-27,0.999999970985062,1.60476813792252e-08,1.29672563354165e-08,0,0,0,0,0
2013-09-30,0.999999970985062,1.60476813792252e-08,1.29672563354165e-08,0,0,0,0,0
2013-10-01,0.999999972690921,1.51378281830647e-08,1.2171251144045e-08,0,0,0,0,0
2013-10-02,0.999999972690921,1.51378281830647e-08,1.2171251144045e-08,0,0,0,0,0
2013-10-03,0.999999972690921,1.51378281830647e-08,1.2171251144045e-08,0,0,0,0,0
2013-10-04,0.999999972690921,1.51378281830647e-08,1.2171251144045e-08,0,0,0,0,0
2013-10-07,0.999999972690921,1.51378281830647e-08,1.2171251144045e-08,0,0,0,0,0
2013-10-08,0.999999972690921,1.51378281830647e-08,1.2171251144045e-08,0,0,0,0,0
2013-10-09,0.999999972690921,1.51378281830647e-08,1.2171251144045e-08,0,0,0,0,0
2013-10-10,0.999999972690921,1.51378281830647e-08,1.2171251144045e-08,0,0,0,0,0
2013-10-11,0.999999972690921,1.51378281830647e-08,1.2171251144045e-08,0,0,0,0,0
2013-10-14,0.999999972690921,1.51378281830647e-08,1.2171251144045e-08,0,0,0,0,0
2013-10-15,0.999999972690921,1.51378281830647e-08,1.2171251144045e-08,0,0,0,0,0
2013-10-16,0.999999972690921,1.51378281830647e-08,1.2171251144045e-08,0,0,0,0,0
2013-10-17,0.999999972690921,1.51378281830647e-08,1.2171251144045e-08,0,0,0,0,0
2013-10-18,0.999999972690921,1.51378281830647e-08,1.2171251144045e-08,0,0,0,0,0
2013-10-21,0.999999972690921,1.51378281830647e-08,1.2171251144045e-08,0,0,0,0,0
2013-10-22,0.999999972690921,1.51378281830647e-08,1.2171251144045e-08,0,0,0,0,0
2013-10-23,0.999999972690921,1.51378281830647e-08,1.2171251144045e-08,0,0,0,0,0
2013-10-24,0.999999972690921,1.51378281830647e-08,1.2171251144045e-08,0,0,0,0,0
2013-10-25,0.999999972690921,1.51378281830647e-08,1.2171251144045e-08,0,0,0,0,0
2013-10-28,0.999999972690921,1.51378281830647e-08,1.2171251144045e-08,0,0,0,0,0
2013-10-29,0.999999972690921,1.51378281830647e-08,1.2171251144045e-08,0,0,0,0,0
2013-10-30,0.999999972690921,1.51378281830647e-08,1.2171251144045e-08,0,0,0,0,0
2013-10-31,0.999999972690921,1.51378281830647e-08,1.2171251144045e-08,0,0,0,0,0
2013-11-01,0.999999973414437,1.37663999748902e-08,1.28191629759199e-08,0,0,0,0,0
2013-11-04,0.999999973414437,1.37663999748902e-08,1.28191629759199e-08,0,0,0,0,0
2013-11-05,0.999999973414437,1.37663999748902e-08,1.28191629759199e-08,0,0,0,0,0
2013-11-06,0.999999973414437,1.37663999748902e-08,1.28191629759199e-08,0,0,0,0,0
2013-11-07,0.999999973414437,1.37663999748902e-08,1.28191629759199e-08,0,0,0,0,0
2013-11-08,0.999999973414437,1.37663999748902e-08,1.28191629759199e-08,0,0,0,0,0
2013-11-11,0.999999973414437,1.37663999748902e-08,1.28191629759199e-08,0,0,0,0,0
2013-11-12,0.999999973414437,1.37663999748902e-08,1.28191629759199e-08,0,0,0,0,0
2013-11-13,0.999999973414437,1.37663999748902e-08,1.28191629759199e-08,0,0,0,0,0
2013-11-14,0.999999973414437,1.37663999748902e-08,1.28191629759199e-08,0,0,0,0,0
2013-11-15,0.999999973414437,1.37663999748902e-08,1.28191629759199e-08,0,0,0,0,0
2013-11-18,0.999999973414437,1.37663999748902e-08,1.28191629759199e-08,0,0,0,0,0
2013-11-19,0.999999973414437,1.37663999748902e-08,1.28191629759199e-08,0,0,0,0,0
2013-11-20,0.999999973414437,1.37663999748902e-08,1.28191629759199e-08,0,0,0,0,0
2013-11-21,0.999999973414437,1.37663999748902e-08,1.28191629759199e-08,0,0,0,0,0
2013-11-22,0.999999973414437,1.37663999748902e-08,1.28191629759199e-08,0,0,0,0,0
2013-11-25,0.999999973414437,1.37663999748902e-08,1.28191629759199e-08,0,0,0,0,0
2013-11-26,0.999999973414437,1.37663999748902e-08,1.28191629759199e-08,0,0,0,0,0
2013-11-27,0.999999973414437,1.37663999748902e-08,1.28191629759199e-08,0,0,0,0,0
2013-11-29,0.999999973414437,1.37663999748902e-08,1.28191629759199e-08,0,0,0,0,0
2013-12-02,0,0.369777694200241,0.359953515143817,0.270268790655943,0,0,0,0
2013-12-03,0,0.369777694200241,0.359953515143817,0.270268790655943,0,0,0,0
2013-12-04,0,0.369777694200241,0.359953515143817,0.270268790655943,0,0,0,0
2013-12-05,0,0.369777694200241,0.359953515143817,0.270268790655943,0,0,0,0
2013-12-06,0,0.369777694200241,0.359953515143817,0.270268790655943,0,0,0,0
2013-12-09,0,0.369777694200241,0.359953515143817,0.270268790655943,0,0,0,0
2013-12-10,0,0.369777694200241,0.359953515143817,0.270268790655943,0,0,0,0
2013-12-11,0,0.369777694200241,0.359953515143817,0.270268790655943,0,0,0,0
2013-12-12,0,0.369777694200241,0.359953515143817,0.270268790655943,0,0,0,0
2013-12-13,0,0.369777694200241,0.359953515143817,0.270268790655943,0,0,0,0
2013-12-16,0,0.369777694200241,0.359953515143817,0.270268790655943,0,0,0,0
2013-12-17,0,0.369777694200241,0.359953515143817,0.270268790655943,0,0,0,0
2013-12-18,0,0.369777694200241,0.359953515143817,0.270268790655943,0,0,0,0
2013-12-19,0,0.369777694200241,0.359953515143817,0.270268790655943,0,0,0,0
2013-12-20,0,0.369777694200241,0.359953515143817,0.270268790655943,0,0,0,0
2013-12-23,0,0.369777694200241,0.359953515143817,0.270268790655943,0,0,0,0
2013-12-24,0,0.369777694200241,0.359953515143817,0.270268790655943,0,0,0,0
2013-12-26,0,0.369777694200241,0.359953515143817,0.270268790655943,0,0,0,0
2013-12-27,0,0.369777694200241,0.359953515143817,0.270268790655943,0,0,0,0
2013-12-30,0,0.369777694200241,0.359953515143817,0.270268790655943,0,0,0,0
2013-12-31,0,0.369777694200241,0.359953515143817,0.270268790655943,0,0,0,0
2014-01-02,0,0.434319519539015,0.333762695675835,0.231917784785149,0,0,0,0
2014-01-03,0,0.434319519539015,0.333762695675835,0.231917784785149,0,0,0,0
2014-01-06,0,0.434319519539015,0.333762695675835,0.231917784785149,0,0,0,0
2014-01-07,0,0.434319519539015,0.333762695675835,0.231917784785149,0,0,0,0
2014-01-08,0,0.434319519539015,0.333762695675835,0.231917784785149,0,0,0,0
2014-01-09,0,0.434319519539015,0.333762695675835,0.231917784785149,0,0,0,0
2014-01-10,0,0.434319519539015,0.333762695675835,0.231917784785149,0,0,0,0
2014-01-13,0,0.434319519539015,0.333762695675835,0.231917784785149,0,0,0,0
2014-01-14,0,0.434319519539015,0.333762695675835,0.231917784785149,0,0,0,0
2014-01-15,0,0.434319519539015,0.333762695675835,0.231917784785149,0,0,0,0
2014-01-16,0,0.434319519539015,0.333762695675835,0.231917784785149,0,0,0,0
2014-01-17,0,0.434319519539015,0.333762695675835,0.231917784785149,0,0,0,0
2014-01-21,0,0.434319519539015,0.333762695675835,0.231917784785149,0,0,0,0
2014-01-22,0,0.434319519539015,0.333762695675835,0.231917784785149,0,0,0,0
2014-01-23,0,0.434319519539015,0.333762695675835,0.231917784785149,0,0,0,0
2014-01-24,0,0.434319519539015,0.333762695675835,0.231917784785149,0,0,0,0
2014-01-27,0,0.434319519539015,0.333762695675835,0.231917784785149,0,0,0,0
2014-01-28,0,0.434319519539015,0.333762695675835,0.231917784785149,0,0,0,0
2014-01-29,0,0.434319519539015,0.333762695675835,0.231917784785149,0,0,0,0
2014-01-30,0,0.434319519539015,0.333762695675835,0.231917784785149,0,0,0,0
2014-01-31,0,0.434319519539015,0.333762695675835,0.231917784785149,0,0,0,0
2014-02-03,0,0.297486422991935,0.210593299663611,0,0,0,0.491920277344454,0
2014-02-04,0,0.297486422991935,0.210593299663611,0,0,0,0.491920277344454,0
2014-02-05,0,0.297486422991935,0.210593299663611,0,0,0,0.491920277344454,0
2014-02-06,0,0.297486422991935,0.210593299663611,0,0,0,0.491920277344454,0
2014-02-07,0,0.297486422991935,0.210593299663611,0,0,0,0.491920277344454,0
2014-02-10,0,0.297486422991935,0.210593299663611,0,0,0,0.491920277344454,0
2014-02-11,0,0.297486422991935,0.210593299663611,0,0,0,0.491920277344454,0
2014-02-12,0,0.297486422991935,0.210593299663611,0,0,0,0.491920277344454,0
2014-02-13,0,0.297486422991935,0.210593299663611,0,0,0,0.491920277344454,0
2014-02-14,0,0.297486422991935,0.210593299663611,0,0,0,0.491920277344454,0
2014-02-18,0,0.297486422991935,0.210593299663611,0,0,0,0.491920277344454,0
2014-02-19,0,0.297486422991935,0.210593299663611,0,0,0,0.491920277344454,0
2014-02-20,0,0.297486422991935,0.210593299663611,0,0,0,0.491920277344454,0
2014-02-21,0,0.297486422991935,0.210593299663611,0,0,0,0.491920277344454,0
2014-02-24,0,0.297486422991935,0.210593299663611,0,0,0,0.491920277344454,0
2014-02-25,0,0.297486422991935,0.210593299663611,0,0,0,0.491920277344454,0
2014-02-26,0,0.297486422991935,0.210593299663611,0,0,0,0.491920277344454,0
2014-02-27,0,0.297486422991935,0.210593299663611,0,0,0,0.491920277344454,0
2014-02-28,0,0.297486422991935,0.210593299663611,0,0,0,0.491920277344454,0
2014-03-03,0,0.319235127622041,0.268733264808925,0,0.412031607569034,0,0,0
2014-03-04,0,0.319235127622041,0.268733264808925,0,0.412031607569034,0,0,0
2014-03-05,0,0.319235127622041,0.268733264808925,0,0.412031607569034,0,0,0
2014-03-06,0,0.319235127622041,0.268733264808925,0,0.412031607569034,0,0,0
2014-03-07,0,0.319235127622041,0.268733264808925,0,0.412031607569034,0,0,0
2014-03-10,0,0.319235127622041,0.268733264808925,0,0.412031607569034,0,0,0
2014-03-11,0,0.319235127622041,0.268733264808925,0,0.412031607569034,0,0,0
2014-03-12,0,0.319235127622041,0.268733264808925,0,0.412031607569034,0,0,0
2014-03-13,0,0.319235127622041,0.268733264808925,0,0.412031607569034,0,0,0
2014-03-14,0,0.319235127622041,0.268733264808925,0,0.412031607569034,0,0,0
2014-03-17,0,0.319235127622041,0.268733264808925,0,0.412031607569034,0,0,0
2014-03-18,0,0.319235127622041,0.268733264808925,0,0.412031607569034,0,0,0
2014-03-19,0,0.319235127622041,0.268733264808925,0,0.412031607569034,0,0,0
2014-03-20,0,0.319235127622041,0.268733264808925,0,0.412031607569034,0,0,0
2014-03-21,0,0.319235127622041,0.268733264808925,0,0.412031607569034,0,0,0
2014-03-24,0,0.319235127622041,0.268733264808925,0,0.412031607569034,0,0,0
2014-03-25,0,0.319235127622041,0.268733264808925,0,0.412031607569034,0,0,0
2014-03-26,0,0.319235127622041,0.268733264808925,0,0.412031607569034,0,0,0
2014-03-27,0,0.319235127622041,0.268733264808925,0,0.412031607569034,0,0,0
2014-03-28,0,0.319235127622041,0.268733264808925,0,0.412031607569034,0,0,0
2014-03-31,0,0.319235127622041,0.268733264808925,0,0.412031607569034,0,0,0
2014-04-01,0,0.352053366027021,0.267331454324464,0,0.380615179648515,0,0,0
2014-04-02,0,0.352053366027021,0.267331454324464,0,0.380615179648515,0,0,0
2014-04-03,0,0.352053366027021,0.267331454324464,0,0.380615179648515,0,0,0
2014-04-04,0,0.352053366027021,0.267331454324464,0,0.380615179648515,0,0,0
2014-04-07,0,0.352053366027021,0.267331454324464,0,0.380615179648515,0,0,0
2014-04-08,0,0.352053366027021,0.267331454324464,0,0.380615179648515,0,0,0
2014-04-09,0,0.352053366027021,0.267331454324464,0,0.380615179648515,0,0,0
2014-04-10,0,0.352053366027021,0.267331454324464,0,0.380615179648515,0,0,0
2014-04-11,0,0.352053366027021,0.267331454324464,0,0.380615179648515,0,0,0
2014-04-14,0,0.352053366027021,0.267331454324464,0,0.380615179648515,0,0,0
2014-04-15,0,0.352053366027021,0.267331454324464,0,0.380615179648515,0,0,0
2014-04-16,0,0.352053366027021,0.267331454324464,0,0.380615179648515,0,0,0
2014-04-17,0,0.352053366027021,0.267331454324464,0,0.380615179648515,0,0,0
2014-04-21,0,0.352053366027021,0.267331454324464,0,0.380615179648515,0,0,0
2014-04-22,0,0.352053366027021,0.267331454324464,0,0.380615179648515,0,0,0
2014-04-23,0,0.352053366027021,0.267331454324464,0,0.380615179648515,0,0,0
2014-04-24,0,0.352053366027021,0.267331454324464,0,0.380615179648515,0,0,0
2014-04-25,0,0.352053366027021,0.267331454324464,0,0.380615179648515,0,0,0
2014-04-28,0,0.352053366027021,0.267331454324464,0,0.380615179648515,0,0,0
2014-04-29,0,0.352053366027021,0.267331454324464,0,0.380615179648515,0,0,0
2014-04-30,0,0.352053366027021,0.267331454324464,0,0.380615179648515,0,0,0
2014-05-01,0,0.329114994095612,0.275090296317215,0,0.395794709587172,0,0,0
2014-05-02,0,0.329114994095612,0.275090296317215,0,0.395794709587172,0,0,0
2014-05-05,0,0.329114994095612,0.275090296317215,0,0.395794709587172,0,0,0
2014-05-06,0,0.329114994095612,0.275090296317215,0,0.395794709587172,0,0,0
2014-05-07,0,0.329114994095612,0.275090296317215,0,0.395794709587172,0,0,0
2014-05-08,0,0.329114994095612,0.275090296317215,0,0.395794709587172,0,0,0
2014-05-09,0,0.329114994095612,0.275090296317215,0,0.395794709587172,0,0,0
2014-05-12,0,0.329114994095612,0.275090296317215,0,0.395794709587172,0,0,0
2014-05-13,0,0.329114994095612,0.275090296317215,0,0.395794709587172,0,0,0
2014-05-14,0,0.329114994095612,0.275090296317215,0,0.395794709587172,0,0,0
2014-05-15,0,0.329114994095612,0.275090296317215,0,0.395794709587172,0,0,0
2014-05-16,0,0.329114994095612,0.275090296317215,0,0.395794709587172,0,0,0
2014-05-19,0,0.329114994095612,0.275090296317215,0,0.395794709587172,0,0,0
2014-05-20,0,0.329114994095612,0.275090296317215,0,0.395794709587172,0,0,0
2014-05-21,0,0.329114994095612,0.275090296317215,0,0.395794709587172,0,0,0
2014-05-22,0,0.329114994095612,0.275090296317215,0,0.395794709587172,0,0,0
2014-05-23,0,0.329114994095612,0.275090296317215,0,0.395794709587172,0,0,0
2014-05-27,0,0.329114994095612,0.275090296317215,0,0.395794709587172,0,0,0
2014-05-28,0,0.329114994095612,0.275090296317215,0,0.395794709587172,0,0,0
2014-05-29,0,0.329114994095612,0.275090296317215,0,0.395794709587172,0,0,0
2014-05-30,0,0.329114994095612,0.275090296317215,0,0.395794709587172,0,0,0
2014-06-02,0,0,0.352818841125003,0,0.256343756741927,0,0.39083740213307,0
2014-06-03,0,0,0.352818841125003,0,0.256343756741927,0,0.39083740213307,0
2014-06-04,0,0,0.352818841125003,0,0.256343756741927,0,0.39083740213307,0
2014-06-05,0,0,0.352818841125003,0,0.256343756741927,0,0.39083740213307,0
2014-06-06,0,0,0.352818841125003,0,0.256343756741927,0,0.39083740213307,0
2014-06-09,0,0,0.352818841125003,0,0.256343756741927,0,0.39083740213307,0
2014-06-10,0,0,0.352818841125003,0,0.256343756741927,0,0.39083740213307,0
2014-06-11,0,0,0.352818841125003,0,0.256343756741927,0,0.39083740213307,0
2014-06-12,0,0,0.352818841125003,0,0.256343756741927,0,0.39083740213307,0
2014-06-13,0,0,0.352818841125003,0,0.256343756741927,0,0.39083740213307,0
2014-06-16,0,0,0.352818841125003,0,0.256343756741927,0,0.39083740213307,0
2014-06-17,0,0,0.352818841125003,0,0.256343756741927,0,0.39083740213307,0
2014-06-18,0,0,0.352818841125003,0,0.256343756741927,0,0.39083740213307,0
2014-06-19,0,0,0.352818841125003,0,0.256343756741927,0,0.39083740213307,0
2014-06-20,0,0,0.352818841125003,0,0.256343756741927,0,0.39083740213307,0
2014-06-23,0,0,0.352818841125003,0,0.256343756741927,0,0.39083740213307,0
2014-06-24,0,0,0.352818841125003,0,0.256343756741927,0,0.39083740213307,0
2014-06-25,0,0,0.352818841125003,0,0.256343756741927,0,0.39083740213307,0
2014-06-26,0,0,0.352818841125003,0,0.256343756741927,0,0.39083740213307,0
2014-06-27,0,0,0.352818841125003,0,0.256343756741927,0,0.39083740213307,0
2014-06-30,0,0,0.352818841125003,0,0.256343756741927,0,0.39083740213307,0
2014-07-01,0,0,0,0.320281686118647,0.335740191431661,0,0.343978122449692,0
2014-07-02,0,0,0,0.320281686118647,0.335740191431661,0,0.343978122449692,0
2014-07-03,0,0,0,0.320281686118647,0.335740191431661,0,0.343978122449692,0
2014-07-07,0,0,0,0.320281686118647,0.335740191431661,0,0.343978122449692,0
2014-07-08,0,0,0,0.320281686118647,0.335740191431661,0,0.343978122449692,0
2014-07-09,0,0,0,0.320281686118647,0.335740191431661,0,0.343978122449692,0
2014-07-10,0,0,0,0.320281686118647,0.335740191431661,0,0.343978122449692,0
2014-07-11,0,0,0,0.320281686118647,0.335740191431661,0,0.343978122449692,0
2014-07-14,0,0,0,0.320281686118647,0.335740191431661,0,0.343978122449692,0
2014-07-15,0,0,0,0.320281686118647,0.335740191431661,0,0.343978122449692,0
2014-07-16,0,0,0,0.320281686118647,0.335740191431661,0,0.343978122449692,0
2014-07-17,0,0,0,0.320281686118647,0.335740191431661,0,0.343978122449692,0
2014-07-18,0,0,0,0.320281686118647,0.335740191431661,0,0.343978122449692,0
2014-07-21,0,0,0,0.320281686118647,0.335740191431661,0,0.343978122449692,0
2014-07-22,0,0,0,0.320281686118647,0.335740191431661,0,0.343978122449692,0
2014-07-23,0,0,0,0.320281686118647,0.335740191431661,0,0.343978122449692,0
2014-07-24,0,0,0,0.320281686118647,0.335740191431661,0,0.343978122449692,0
2014-07-25,0,0,0,0.320281686118647,0.335740191431661,0,0.343978122449692,0
2014-07-28,0,0,0,0.320281686118647,0.335740191431661,0,0.343978122449692,0
2014-07-29,0,0,0,0.320281686118647,0.335740191431661,0,0.343978122449692,0
2014-07-30,0,0,0,0.320281686118647,0.335740191431661,0,0.343978122449692,0
2014-07-31,0,0,0,0.320281686118647,0.335740191431661,0,0.343978122449692,0
2014-08-01,0,0.345746568818214,0,0.290985729105388,0.363267702076398,0,0,0
2014-08-04,0,0.345746568818214,0,0.290985729105388,0.363267702076398,0,0,0
2014-08-05,0,0.345746568818214,0,0.290985729105388,0.363267702076398,0,0,0
2014-08-06,0,0.345746568818214,0,0.290985729105388,0.363267702076398,0,0,0
2014-08-07,0,0.345746568818214,0,0.290985729105388,0.363267702076398,0,0,0
2014-08-08,0,0.345746568818214,0,0.290985729105388,0.363267702076398,0,0,0
2014-08-11,0,0.345746568818214,0,0.290985729105388,0.363267702076398,0,0,0
2014-08-12,0,0.345746568818214,0,0.290985729105388,0.363267702076398,0,0,0
2014-08-13,0,0.345746568818214,0,0.290985729105388,0.363267702076398,0,0,0
2014-08-14,0,0.345746568818214,0,0.290985729105388,0.363267702076398,0,0,0
2014-08-15,0,0.345746568818214,0,0.290985729105388,0.363267702076398,0,0,0
2014-08-18,0,0.345746568818214,0,0.290985729105388,0.363267702076398,0,0,0
2014-08-19,0,0.345746568818214,0,0.290985729105388,0.363267702076398,0,0,0
2014-08-20,0,0.345746568818214,0,0.290985729105388,0.363267702076398,0,0,0
2014-08-21,0,0.345746568818214,0,0.290985729105388,0.363267702076398,0,0,0
2014-08-22,0,0.345746568818214,0,0.290985729105388,0.363267702076398,0,0,0
2014-08-25,0,0.345746568818214,0,0.290985729105388,0.363267702076398,0,0,0
2014-08-26,0,0.345746568818214,0,0.290985729105388,0.363267702076398,0,0,0
2014-08-27,0,0.345746568818214,0,0.290985729105388,0.363267702076398,0,0,0
2014-08-28,0,0.345746568818214,0,0.290985729105388,0.363267702076398,0,0,0
2014-08-29,0,0.345746568818214,0,0.290985729105388,0.363267702076398,0,0,0
2014-09-02,0,0,0,0.266733770061092,0.309591001958293,0,0.423675227980615,0
2014-09-03,0,0,0,0.266733770061092,0.309591001958293,0,0.423675227980615,0
2014-09-04,0,0,0,0.266733770061092,0.309591001958293,0,0.423675227980615,0
2014-09-05,0,0,0,0.266733770061092,0.309591001958293,0,0.423675227980615,0
2014-09-08,0,0,0,0.266733770061092,0.309591001958293,0,0.423675227980615,0
2014-09-09,0,0,0,0.266733770061092,0.309591001958293,0,0.423675227980615,0
2014-09-10,0,0,0,0.266733770061092,0.309591001958293,0,0.423675227980615,0
2014-09-11,0,0,0,0.266733770061092,0.309591001958293,0,0.423675227980615,0
2014-09-12,0,0,0,0.266733770061092,0.309591001958293,0,0.423675227980615,0
2014-09-15,0,0,0,0.266733770061092,0.309591001958293,0,0.423675227980615,0
2014-09-16,0,0,0,0.266733770061092,0.309591001958293,0,0.423675227980615,0
2014-09-17,0,0,0,0.266733770061092,0.309591001958293,0,0.423675227980615,0
2014-09-18,0,0,0,0.266733770061092,0.309591001958293,0,0.423675227980615,0
2014-09-19,0,0,0,0.266733770061092,0.309591001958293,0,0.423675227980615,0
2014-09-22,0,0,0,0.266733770061092,0.309591001958293,0,0.423675227980615,0
2014-09-23,0,0,0,0.266733770061092,0.309591001958293,0,0.423675227980615,0
2014-09-24,0,0,0,0.266733770061092,0.309591001958293,0,0.423675227980615,0
2014-09-25,0,0,0,0.266733770061092,0.309591001958293,0,0.423675227980615,0
2014-09-26,0,0,0,0.266733770061092,0.309591001958293,0,0.423675227980615,0
2014-09-29,0,0,0,0.266733770061092,0.309591001958293,0,0.423675227980615,0
2014-09-30,0,0,0,0.266733770061092,0.309591001958293,0,0.423675227980615,0
2014-10-01,0,0.337663305932509,0,0,0,0.480629204716938,0.181707489350553,0
2014-10-02,0,0.337663305932509,0,0,0,0.480629204716938,0.181707489350553,0
2014-10-03,0,0.337663305932509,0,0,0,0.480629204716938,0.181707489350553,0
2014-10-06,0,0.337663305932509,0,0,0,0.480629204716938,0.181707489350553,0
2014-10-07,0,0.337663305932509,0,0,0,0.480629204716938,0.181707489350553,0
2014-10-08,0,0.337663305932509,0,0,0,0.480629204716938,0.181707489350553,0
2014-10-09,0,0.337663305932509,0,0,0,0.480629204716938,0.181707489350553,0
2014-10-10,0,0.337663305932509,0,0,0,0.480629204716938,0.181707489350553,0
2014-10-13,0,0.337663305932509,0,0,0,0.480629204716938,0.181707489350553,0
2014-10-14,0,0.337663305932509,0,0,0,0.480629204716938,0.181707489350553,0
2014-10-15,0,0.337663305932509,0,0,0,0.480629204716938,0.181707489350553,0
2014-10-16,0,0.337663305932509,0,0,0,0.480629204716938,0.181707489350553,0
2014-10-17,0,0.337663305932509,0,0,0,0.480629204716938,0.181707489350553,0
2014-10-20,0,0.337663305932509,0,0,0,0.480629204716938,0.181707489350553,0
2014-10-21,0,0.337663305932509,0,0,0,0.480629204716938,0.181707489350553,0
2014-10-22,0,0.337663305932509,0,0,0,0.480629204716938,0.181707489350553,0
2014-10-23,0,0.337663305932509,0,0,0,0.480629204716938,0.181707489350553,0
2014-10-24,0,0.337663305932509,0,0,0,0.480629204716938,0.181707489350553,0
2014-10-27,0,0.337663305932509,0,0,0,0.480629204716938,0.181707489350553,0
2014-10-28,0,0.337663305932509,0,0,0,0.480629204716938,0.181707489350553,0
2014-10-29,0,0.337663305932509,0,0,0,0.480629204716938,0.181707489350553,0
2014-10-30,0,0.337663305932509,0,0,0,0.480629204716938,0.181707489350553,0
2014-10-31,0,0.337663305932509,0,0,0,0.480629204716938,0.181707489350553,0
2014-11-03,0,0.31609679632861,0,0,0.208532018935134,0,0.475371184736256,0
2014-11-04,0,0.31609679632861,0,0,0.208532018935134,0,0.475371184736256,0
2014-11-05,0,0.31609679632861,0,0,0.208532018935134,0,0.475371184736256,0
2014-11-06,0,0.31609679632861,0,0,0.208532018935134,0,0.475371184736256,0
2014-11-07,0,0.31609679632861,0,0,0.208532018935134,0,0.475371184736256,0
2014-11-10,0,0.31609679632861,0,0,0.208532018935134,0,0.475371184736256,0
2014-11-11,0,0.31609679632861,0,0,0.208532018935134,0,0.475371184736256,0
2014-11-12,0,0.31609679632861,0,0,0.208532018935134,0,0.475371184736256,0
2014-11-13,0,0.31609679632861,0,0,0.208532018935134,0,0.475371184736256,0
2014-11-14,0,0.31609679632861,0,0,0.208532018935134,0,0.475371184736256,0
2014-11-17,0,0.31609679632861,0,0,0.208532018935134,0,0.475371184736256,0
2014-11-18,0,0.31609679632861,0,0,0.208532018935134,0,0.475371184736256,0
2014-11-19,0,0.31609679632861,0,0,0.208532018935134,0,0.475371184736256,0
2014-11-20,0,0.31609679632861,0,0,0.208532018935134,0,0.475371184736256,0
2014-11-21,0,0.31609679632861,0,0,0.208532018935134,0,0.475371184736256,0
2014-11-24,0,0.31609679632861,0,0,0.208532018935134,0,0.475371184736256,0
2014-11-25,0,0.31609679632861,0,0,0.208532018935134,0,0.475371184736256,0
2014-11-26,0,0.31609679632861,0,0,0.208532018935134,0,0.475371184736256,0
2014-11-28,0,0.31609679632861,0,0,0.208532018935134,0,0.475371184736256,0
2014-12-01,0,0.285917339941695,0,0,0.258139107804936,0,0.45594355225337,0
2014-12-02,0,0.285917339941695,0,0,0.258139107804936,0,0.45594355225337,0
2014-12-03,0,0.285917339941695,0,0,0.258139107804936,0,0.45594355225337,0
2014-12-04,0,0.285917339941695,0,0,0.258139107804936,0,0.45594355225337,0
2014-12-05,0,0.285917339941695,0,0,0.258139107804936,0,0.45594355225337,0
2014-12-08,0,0.285917339941695,0,0,0.258139107804936,0,0.45594355225337,0
2014-12-09,0,0.285917339941695,0,0,0.258139107804936,0,0.45594355225337,0
2014-12-10,0,0.285917339941695,0,0,0.258139107804936,0,0.45594355225337,0
2014-12-11,0,0.285917339941695,0,0,0.258139107804936,0,0.45594355225337,0
2014-12-12,0,0.285917339941695,0,0,0.258139107804936,0,0.45594355225337,0
2014-12-15,0,0.285917339941695,0,0,0.258139107804936,0,0.45594355225337,0
2014-12-16,0,0.285917339941695,0,0,0.258139107804936,0,0.45594355225337,0
2014-12-17,0,0.285917339941695,0,0,0.258139107804936,0,0.45594355225337,0
2014-12-18,0,0.285917339941695,0,0,0.258139107804936,0,0.45594355225337,0
2014-12-19,0,0.285917339941695,0,0,0.258139107804936,0,0.45594355225337,0
2014-12-22,0,0.285917339941695,0,0,0.258139107804936,0,0.45594355225337,0
2014-12-23,0,0.285917339941695,0,0,0.258139107804936,0,0.45594355225337,0
2014-12-24,0,0.285917339941695,0,0,0.258139107804936,0,0.45594355225337,0
2014-12-26,0,0.285917339941695,0,0,0.258139107804936,0,0.45594355225337,0
2014-12-29,0,0.285917339941695,0,0,0.258139107804936,0,0.45594355225337,0
2014-12-30,0,0.285917339941695,0,0,0.258139107804936,0,0.45594355225337,0
2014-12-31,0,0.285917339941695,0,0,0.258139107804936,0,0.45594355225337,0
2015-01-02,0,0.351783756060401,0,0,0.234268498117245,0,0.413947745822353,0
2015-01-05,0,0.351783756060401,0,0,0.234268498117245,0,0.413947745822353,0
2015-01-06,0,0.351783756060401,0,0,0.234268498117245,0,0.413947745822353,0
2015-01-07,0,0.351783756060401,0,0,0.234268498117245,0,0.413947745822353,0
2015-01-08,0,0.351783756060401,0,0,0.234268498117245,0,0.413947745822353,0
2015-01-09,0,0.351783756060401,0,0,0.234268498117245,0,0.413947745822353,0
2015-01-12,0,0.351783756060401,0,0,0.234268498117245,0,0.413947745822353,0
2015-01-13,0,0.351783756060401,0,0,0.234268498117245,0,0.413947745822353,0
2015-01-14,0,0.351783756060401,0,0,0.234268498117245,0,0.413947745822353,0
2015-01-15,0,0.351783756060401,0,0,0.234268498117245,0,0.413947745822353,0
2015-01-16,0,0.351783756060401,0,0,0.234268498117245,0,0.413947745822353,0
2015-01-20,0,0.351783756060401,0,0,0.234268498117245,0,0.413947745822353,0
2015-01-21,0,0.351783756060401,0,0,0.234268498117245,0,0.413947745822353,0
2015-01-22,0,0.351783756060401,0,0,0.234268498117245,0,0.413947745822353,0
2015-01-23,0,0.351783756060401,0,0,0.234268498117245,0,0.413947745822353,0
2015-01-26,0,0.351783756060401,0,0,0.234268498117245,0,0.413947745822353,0
2015-01-27,0,0.351783756060401,0,0,0.234268498117245,0,0.413947745822353,0
2015-01-28,0,0.351783756060401,0,0,0.234268498117245,0,0.413947745822353,0
2015-01-29,0,0.351783756060401,0,0,0.234268498117245,0,0.413947745822353,0
2015-01-30,0,0.351783756060401,0,0,0.234268498117245,0,0.413947745822353,0
2015-02-02,0,0,0,0,0.349289993787031,0.445532742857688,0.205177263355281,0
2015-02-03,0,0,0,0,0.349289993787031,0.445532742857688,0.205177263355281,0
2015-02-04,0,0,0,0,0.349289993787031,0.445532742857688,0.205177263355281,0
2015-02-05,0,0,0,0,0.349289993787031,0.445532742857688,0.205177263355281,0
2015-02-06,0,0,0,0,0.349289993787031,0.445532742857688,0.205177263355281,0
2015-02-09,0,0,0,0,0.349289993787031,0.445532742857688,0.205177263355281,0
2015-02-10,0,0,0,0,0.349289993787031,0.445532742857688,0.205177263355281,0
2015-02-11,0,0,0,0,0.349289993787031,0.445532742857688,0.205177263355281,0
2015-02-12,0,0,0,0,0.349289993787031,0.445532742857688,0.205177263355281,0
2015-02-13,0,0,0,0,0.349289993787031,0.445532742857688,0.205177263355281,0
2015-02-17,0,0,0,0,0.349289993787031,0.445532742857688,0.205177263355281,0
2015-02-18,0,0,0,0,0.349289993787031,0.445532742857688,0.205177263355281,0
2015-02-19,0,0,0,0,0.349289993787031,0.445532742857688,0.205177263355281,0
2015-02-20,0,0,0,0,0.349289993787031,0.445532742857688,0.205177263355281,0
2015-02-23,0,0,0,0,0.349289993787031,0.445532742857688,0.205177263355281,0
2015-02-24,0,0,0,0,0.349289993787031,0.445532742857688,0.205177263355281,0
2015-02-25,0,0,0,0,0.349289993787031,0.445532742857688,0.205177263355281,0
2015-02-26,0,0,0,0,0.349289993787031,0.445532742857688,0.205177263355281,0
2015-02-27,0,0,0,0,0.349289993787031,0.445532742857688,0.205177263355281,0
2015-03-02,0,0.444351625867611,0,0,0.17188779155253,0,0.383760582579859,0
2015-03-03,0,0.444351625867611,0,0,0.17188779155253,0,0.383760582579859,0
2015-03-04,0,0.444351625867611,0,0,0.17188779155253,0,0.383760582579859,0
2015-03-05,0,0.444351625867611,0,0,0.17188779155253,0,0.383760582579859,0
2015-03-06,0,0.444351625867611,0,0,0.17188779155253,0,0.383760582579859,0
2015-03-09,0,0.444351625867611,0,0,0.17188779155253,0,0.383760582579859,0
2015-03-10,0,0.444351625867611,0,0,0.17188779155253,0,0.383760582579859,0
2015-03-11,0,0.444351625867611,0,0,0.17188779155253,0,0.383760582579859,0
2015-03-12,0,0.444351625867611,0,0,0.17188779155253,0,0.383760582579859,0
2015-03-13,0,0.444351625867611,0,0,0.17188779155253,0,0.383760582579859,0
2015-03-16,0,0.444351625867611,0,0,0.17188779155253,0,0.383760582579859,0
2015-03-17,0,0.444351625867611,0,0,0.17188779155253,0,0.383760582579859,0
2015-03-18,0,0.444351625867611,0,0,0.17188779155253,0,0.383760582579859,0
2015-03-19,0,0.444351625867611,0,0,0.17188779155253,0,0.383760582579859,0
2015-03-20,0,0.444351625867611,0,0,0.17188779155253,0,0.383760582579859,0
2015-03-23,0,0.444351625867611,0,0,0.17188779155253,0,0.383760582579859,0
2015-03-24,0,0.444351625867611,0,0,0.17188779155253,0,0.383760582579859,0
2015-03-25,0,0.444351625867611,0,0,0.17188779155253,0,0.383760582579859,0
2015-03-26,0,0.444351625867611,0,0,0.17188779155253,0,0.383760582579859,0
2015-03-27,0,0.444351625867611,0,0,0.17188779155253,0,0.383760582579859,0
2015-03-30,0,0.444351625867611,0,0,0.17188779155253,0,0.383760582579859,0
2015-03-31,0,0.444351625867611,0,0,0.17188779155253,0,0.383760582579859,0
2015-04-01,0,0.429071388469905,0,0,0.208212707625705,0,0.36271590390439,0
2015-04-02,0,0.429071388469905,0,0,0.208212707625705,0,0.36271590390439,0
2015-04-06,0,0.429071388469905,0,0,0.208212707625705,0,0.36271590390439,0
2015-04-07,0,0.429071388469905,0,0,0.208212707625705,0,0.36271590390439,0
2015-04-08,0,0.429071388469905,0,0,0.208212707625705,0,0.36271590390439,0
2015-04-09,0,0.429071388469905,0,0,0.208212707625705,0,0.36271590390439,0
2015-04-10,0,0.429071388469905,0,0,0.208212707625705,0,0.36271590390439,0
2015-04-13,0,0.429071388469905,0,0,0.208212707625705,0,0.36271590390439,0
2015-04-14,0,0.429071388469905,0,0,0.208212707625705,0,0.36271590390439,0
2015-04-15,0,0.429071388469905,0,0,0.208212707625705,0,0.36271590390439,0
2015-04-16,0,0.429071388469905,0,0,0.208212707625705,0,0.36271590390439,0
2015-04-17,0,0.429071388469905,0,0,0.208212707625705,0,0.36271590390439,0
2015-04-20,0,0.429071388469905,0,0,0.208212707625705,0,0.36271590390439,0
2015-04-21,0,0.429071388469905,0,0,0.208212707625705,0,0.36271590390439,0
2015-04-22,0,0.429071388469905,0,0,0.208212707625705,0,0.36271590390439,0
2015-04-23,0,0.429071388469905,0,0,0.208212707625705,0,0.36271590390439,0
2015-04-24,0,0.429071388469905,0,0,0.208212707625705,0,0.36271590390439,0
2015-04-27,0,0.429071388469905,0,0,0.208212707625705,0,0.36271590390439,0
2015-04-28,0,0.429071388469905,0,0,0.208212707625705,0,0.36271590390439,0
2015-04-29,0,0.429071388469905,0,0,0.208212707625705,0,0.36271590390439,0
2015-04-30,0,0.429071388469905,0,0,0.208212707625705,0,0.36271590390439,0
2015-05-01,0,0.39111930861432,0.251184202705393,0,0,0,0.357696488680286,0
2015-05-04,0,0.39111930861432,0.251184202705393,0,0,0,0.357696488680286,0
2015-05-05,0,0.39111930861432,0.251184202705393,0,0,0,0.357696488680286,0
2015-05-06,0,0.39111930861432,0.251184202705393,0,0,0,0.357696488680286,0
2015-05-07,0,0.39111930861432,0.251184202705393,0,0,0,0.357696488680286,0
2015-05-08,0,0.39111930861432,0.251184202705393,0,0,0,0.357696488680286,0
2015-05-11,0,0.39111930861432,0.251184202705393,0,0,0,0.357696488680286,0
2015-05-12,0,0.39111930861432,0.251184202705393,0,0,0,0.357696488680286,0
2015-05-13,0,0.39111930861432,0.251184202705393,0,0,0,0.357696488680286,0
2015-05-14,0,0.39111930861432,0.251184202705393,0,0,0,0.357696488680286,0
2015-05-15,0,0.39111930861432,0.251184202705393,0,0,0,0.357696488680286,0
2015-05-18,0,0.39111930861432,0.251184202705393,0,0,0,0.357696488680286,0
2015-05-19,0,0.39111930861432,0.251184202705393,0,0,0,0.357696488680286,0
2015-05-20,0,0.39111930861432,0.251184202705393,0,0,0,0.357696488680286,0
2015-05-21,0,0.39111930861432,0.251184202705393,0,0,0,0.357696488680286,0
2015-05-22,0,0.39111930861432,0.251184202705393,0,0,0,0.357696488680286,0
2015-05-26,0,0.39111930861432,0.251184202705393,0,0,0,0.357696488680286,0
2015-05-27,0,0.39111930861432,0.251184202705393,0,0,0,0.357696488680286,0
2015-05-28,0,0.39111930861432,0.251184202705393,0,0,0,0.357696488680286,0
2015-05-29,0,0.39111930861432,0.251184202705393,0,0,0,0.357696488680286,0
2015-06-01,0,0.416729654321538,0.25109360659945,0,0,0,0.332176739079012,0
2015-06-02,0,0.416729654321538,0.25109360659945,0,0,0,0.332176739079012,0
2015-06-03,0,0.416729654321538,0.25109360659945,0,0,0,0.332176739079012,0
2015-06-04,0,0.416729654321538,0.25109360659945,0,0,0,0.332176739079012,0
2015-06-05,0,0.416729654321538,0.25109360659945,0,0,0,0.332176739079012,0
2015-06-08,0,0.416729654321538,0.25109360659945,0,0,0,0.332176739079012,0
2015-06-09,0,0.416729654321538,0.25109360659945,0,0,0,0.332176739079012,0
2015-06-10,0,0.416729654321538,0.25109360659945,0,0,0,0.332176739079012,0
2015-06-11,0,0.416729654321538,0.25109360659945,0,0,0,0.332176739079012,0
2015-06-12,0,0.416729654321538,0.25109360659945,0,0,0,0.332176739079012,0
2015-06-15,0,0.416729654321538,0.25109360659945,0,0,0,0.332176739079012,0
2015-06-16,0,0.416729654321538,0.25109360659945,0,0,0,0.332176739079012,0
2015-06-17,0,0.416729654321538,0.25109360659945,0,0,0,0.332176739079012,0
2015-06-18,0,0.416729654321538,0.25109360659945,0,0,0,0.332176739079012,0
2015-06-19,0,0.416729654321538,0.25109360659945,0,0,0,0.332176739079012,0
2015-06-22,0,0.416729654321538,0.25109360659945,0,0,0,0.332176739079012,0
2015-06-23,0,0.416729654321538,0.25109360659945,0,0,0,0.332176739079012,0
2015-06-24,0,0.416729654321538,0.25109360659945,0,0,0,0.332176739079012,0
2015-06-25,0,0.416729654321538,0.25109360659945,0,0,0,0.332176739079012,0
2015-06-26,0,0.416729654321538,0.25109360659945,0,0,0,0.332176739079012,0
2015-06-29,0,0.416729654321538,0.25109360659945,0,0,0,0.332176739079012,0
2015-06-30,0,0.416729654321538,0.25109360659945,0,0,0,0.332176739079012,0
2015-07-01,0,0.422345458234672,0.246433002496884,0.331221539268444,0,0,0,0
2015-07-02,0,0.422345458234672,0.246433002496884,0.331221539268444,0,0,0,0
2015-07-06,0,0.422345458234672,0.246433002496884,0.331221539268444,0,0,0,0
2015-07-07,0,0.422345458234672,0.246433002496884,0.331221539268444,0,0,0,0
2015-07-08,0,0.422345458234672,0.246433002496884,0.331221539268444,0,0,0,0
2015-07-09,0,0.422345458234672,0.246433002496884,0.331221539268444,0,0,0,0
2015-07-10,0,0.422345458234672,0.246433002496884,0.331221539268444,0,0,0,0
2015-07-13,0,0.422345458234672,0.246433002496884,0.331221539268444,0,0,0,0
2015-07-14,0,0.422345458234672,0.246433002496884,0.331221539268444,0,0,0,0
2015-07-15,0,0.422345458234672,0.246433002496884,0.331221539268444,0,0,0,0
2015-07-16,0,0.422345458234672,0.246433002496884,0.331221539268444,0,0,0,0
2015-07-17,0,0.422345458234672,0.246433002496884,0.331221539268444,0,0,0,0
2015-07-20,0,0.422345458234672,0.246433002496884,0.331221539268444,0,0,0,0
2015-07-21,0,0.422345458234672,0.246433002496884,0.331221539268444,0,0,0,0
2015-07-22,0,0.422345458234672,0.246433002496884,0.331221539268444,0,0,0,0
2015-07-23,0,0.422345458234672,0.246433002496884,0.331221539268444,0,0,0,0
2015-07-24,0,0.422345458234672,0.246433002496884,0.331221539268444,0,0,0,0
2015-07-27,0,0.422345458234672,0.246433002496884,0.331221539268444,0,0,0,0
2015-07-28,0,0.422345458234672,0.246433002496884,0.331221539268444,0,0,0,0
2015-07-29,0,0.422345458234672,0.246433002496884,0.331221539268444,0,0,0,0
2015-07-30,0,0.422345458234672,0.246433002496884,0.331221539268444,0,0,0,0
2015-07-31,0,0.422345458234672,0.246433002496884,0.331221539268444,0,0,0,0
2015-08-03,0.999999963220969,2.35372940783225e-08,1.32417373443324e-08,0,0,0,0,0
2015-08-04,0.999999963220969,2.35372940783225e-08,1.32417373443324e-08,0,0,0,0,0
2015-08-05,0.999999963220969,2.35372940783225e-08,1.32417373443324e-08,0,0,0,0,0
2015-08-06,0.999999963220969,2.35372940783225e-08,1.32417373443324e-08,0,0,0,0,0
2015-08-07,0.999999963220969,2.35372940783225e-08,1.32417373443324e-08,0,0,0,0,0
2015-08-10,0.999999963220969,2.35372940783225e-08,1.32417373443324e-08,0,0,0,0,0
2015-08-11,0.999999963220969,2.35372940783225e-08,1.32417373443324e-08,0,0,0,0,0
2015-08-12,0.999999963220969,2.35372940783225e-08,1.32417373443324e-08,0,0,0,0,0
2015-08-13,0.999999963220969,2.35372940783225e-08,1.32417373443324e-08,0,0,0,0,0
2015-08-14,0.999999963220969,2.35372940783225e-08,1.32417373443324e-08,0,0,0,0,0
2015-08-17,0.999999963220969,2.35372940783225e-08,1.32417373443324e-08,0,0,0,0,0
2015-08-18,0.999999963220969,2.35372940783225e-08,1.32417373443324e-08,0,0,0,0,0
2015-08-19,0.999999963220969,2.35372940783225e-08,1.32417373443324e-08,0,0,0,0,0
2015-08-20,0.999999963220969,2.35372940783225e-08,1.32417373443324e-08,0,0,0,0,0
2015-08-21,0.999999963220969,2.35372940783225e-08,1.32417373443324e-08,0,0,0,0,0
2015-08-24,0.999999963220969,2.35372940783225e-08,1.32417373443324e-08,0,0,0,0,0
2015-08-25,0.999999963220969,2.35372940783225e-08,1.32417373443324e-08,0,0,0,0,0
2015-08-26,0.999999963220969,2.35372940783225e-08,1.32417373443324e-08,0,0,0,0,0
2015-08-27,0.999999963220969,2.35372940783225e-08,1.32417373443324e-08,0,0,0,0,0
2015-08-28,0.999999963220969,2.35372940783225e-08,1.32417373443324e-08,0,0,0,0,0
2015-08-31,0.999999963220969,2.35372940783225e-08,1.32417373443324e-08,0,0,0,0,0
2015-09-01,0.99999991133347,0,2.09225050037394e-08,0,0,6.7744024902887e-08,0,0
2015-09-02,0.99999991133347,0,2.09225050037394e-08,0,0,6.7744024902887e-08,0,0
2015-09-03,0.99999991133347,0,2.09225050037394e-08,0,0,6.7744024902887e-08,0,0
2015-09-04,0.99999991133347,0,2.09225050037394e-08,0,0,6.7744024902887e-08,0,0
2015-09-08,0.99999991133347,0,2.09225050037394e-08,0,0,6.7744024902887e-08,0,0
2015-09-09,0.99999991133347,0,2.09225050037394e-08,0,0,6.7744024902887e-08,0,0
2015-09-10,0.99999991133347,0,2.09225050037394e-08,0,0,6.7744024902887e-08,0,0
2015-09-11,0.99999991133347,0,2.09225050037394e-08,0,0,6.7744024902887e-08,0,0
2015-09-14,0.99999991133347,0,2.09225050037394e-08,0,0,6.7744024902887e-08,0,0
2015-09-15,0.99999991133347,0,2.09225050037394e-08,0,0,6.7744024902887e-08,0,0
2015-09-16,0.99999991133347,0,2.09225050037394e-08,0,0,6.7744024902887e-08,0,0
2015-09-17,0.99999991133347,0,2.09225050037394e-08,0,0,6.7744024902887e-08,0,0
2015-09-18,0.99999991133347,0,2.09225050037394e-08,0,0,6.7744024902887e-08,0,0
2015-09-21,0.99999991133347,0,2.09225050037394e-08,0,0,6.7744024902887e-08,0,0
2015-09-22,0.99999991133347,0,2.09225050037394e-08,0,0,6.7744024902887e-08,0,0
2015-09-23,0.99999991133347,0,2.09225050037394e-08,0,0,6.7744024902887e-08,0,0
2015-09-24,0.99999991133347,0,2.09225050037394e-08,0,0,6.7744024902887e-08,0,0
2015-09-25,0.99999991133347,0,2.09225050037394e-08,0,0,6.7744024902887e-08,0,0
2015-09-28,0.99999991133347,0,2.09225050037394e-08,0,0,6.7744024902887e-08,0,0
2015-09-29,0.99999991133347,0,2.09225050037394e-08,0,0,6.7744024902887e-08,0,0
2015-09-30,0.99999991133347,0,2.09225050037394e-08,0,0,6.7744024902887e-08,0,0
2015-10-01,0.999999965089731,0,0,0,0,2.51657105120218e-08,9.74455893459942e-09,0
2015-10-02,0.999999965089731,0,0,0,0,2.51657105120218e-08,9.74455893459942e-09,0
2015-10-05,0.999999965089731,0,0,0,0,2.51657105120218e-08,9.74455893459942e-09,0
2015-10-06,0.999999965089731,0,0,0,0,2.51657105120218e-08,9.74455893459942e-09,0
2015-10-07,0.999999965089731,0,0,0,0,2.51657105120218e-08,9.74455893459942e-09,0
2015-10-08,0.999999965089731,0,0,0,0,2.51657105120218e-08,9.74455893459942e-09,0
2015-10-09,0.999999965089731,0,0,0,0,2.51657105120218e-08,9.74455893459942e-09,0
2015-10-12,0.999999965089731,0,0,0,0,2.51657105120218e-08,9.74455893459942e-09,0
2015-10-13,0.999999965089731,0,0,0,0,2.51657105120218e-08,9.74455893459942e-09,0
2015-10-14,0.999999965089731,0,0,0,0,2.51657105120218e-08,9.74455893459942e-09,0
2015-10-15,0.999999965089731,0,0,0,0,2.51657105120218e-08,9.74455893459942e-09,0
2015-10-16,0.999999965089731,0,0,0,0,2.51657105120218e-08,9.74455893459942e-09,0
2015-10-19,0.999999965089731,0,0,0,0,2.51657105120218e-08,9.74455893459942e-09,0
2015-10-20,0.999999965089731,0,0,0,0,2.51657105120218e-08,9.74455893459942e-09,0
2015-10-21,0.999999965089731,0,0,0,0,2.51657105120218e-08,9.74455893459942e-09,0
2015-10-22,0.999999965089731,0,0,0,0,2.51657105120218e-08,9.74455893459942e-09,0
2015-10-23,0.999999965089731,0,0,0,0,2.51657105120218e-08,9.74455893459942e-09,0
2015-10-26,0.999999965089731,0,0,0,0,2.51657105120218e-08,9.74455893459942e-09,0
2015-10-27,0.999999965089731,0,0,0,0,2.51657105120218e-08,9.74455893459942e-09,0
2015-10-28,0.999999965089731,0,0,0,0,2.51657105120218e-08,9.74455893459942e-09,0
2015-10-29,0.999999965089731,0,0,0,0,2.51657105120218e-08,9.74455893459942e-09,0
2015-10-30,0.999999965089731,0,0,0,0,2.51657105120218e-08,9.74455893459942e-09,0
2015-11-02,0,0,0,0,0.309331892482732,0.454701237697709,0.235966869819559,0
2015-11-03,0,0,0,0,0.309331892482732,0.454701237697709,0.235966869819559,0
2015-11-04,0,0,0,0,0.309331892482732,0.454701237697709,0.235966869819559,0
2015-11-05,0,0,0,0,0.309331892482732,0.454701237697709,0.235966869819559,0
2015-11-06,0,0,0,0,0.309331892482732,0.454701237697709,0.235966869819559,0
2015-11-09,0,0,0,0,0.309331892482732,0.454701237697709,0.235966869819559,0
2015-11-10,0,0,0,0,0.309331892482732,0.454701237697709,0.235966869819559,0
2015-11-11,0,0,0,0,0.309331892482732,0.454701237697709,0.235966869819559,0
2015-11-12,0,0,0,0,0.309331892482732,0.454701237697709,0.235966869819559,0
2015-11-13,0,0,0,0,0.309331892482732,0.454701237697709,0.235966869819559,0
2015-11-16,0,0,0,0,0.309331892482732,0.454701237697709,0.235966869819559,0
2015-11-17,0,0,0,0,0.309331892482732,0.454701237697709,0.235966869819559,0
2015-11-18,0,0,0,0,0.309331892482732,0.454701237697709,0.235966869819559,0
2015-11-19,0,0,0,0,0.309331892482732,0.454701237697709,0.235966869819559,0
2015-11-20,0,0,0,0,0.309331892482732,0.454701237697709,0.235966869819559,0
2015-11-23,0,0,0,0,0.309331892482732,0.454701237697709,0.235966869819559,0
2015-11-24,0,0,0,0,0.309331892482732,0.454701237697709,0.235966869819559,0
2015-11-25,0,0,0,0,0.309331892482732,0.454701237697709,0.235966869819559,0
2015-11-27,0,0,0,0,0.309331892482732,0.454701237697709,0.235966869819559,0
2015-11-30,0,0,0,0,0.309331892482732,0.454701237697709,0.235966869819559,0
2015-12-01,0,0,0,0,0.206233190387651,0.536297442609204,0.257469367003145,0
2015-12-02,0,0,0,0,0.206233190387651,0.536297442609204,0.257469367003145,0
2015-12-03,0,0,0,0,0.206233190387651,0.536297442609204,0.257469367003145,0
2015-12-04,0,0,0,0,0.206233190387651,0.536297442609204,0.257469367003145,0
2015-12-07,0,0,0,0,0.206233190387651,0.536297442609204,0.257469367003145,0
2015-12-08,0,0,0,0,0.206233190387651,0.536297442609204,0.257469367003145,0
2015-12-09,0,0,0,0,0.206233190387651,0.536297442609204,0.257469367003145,0
2015-12-10,0,0,0,0,0.206233190387651,0.536297442609204,0.257469367003145,0
2015-12-11,0,0,0,0,0.206233190387651,0.536297442609204,0.257469367003145,0
2015-12-14,0,0,0,0,0.206233190387651,0.536297442609204,0.257469367003145,0
2015-12-15,0,0,0,0,0.206233190387651,0.536297442609204,0.257469367003145,0
2015-12-16,0,0,0,0,0.206233190387651,0.536297442609204,0.257469367003145,0
2015-12-17,0,0,0,0,0.206233190387651,0.536297442609204,0.257469367003145,0
2015-12-18,0,0,0,0,0.206233190387651,0.536297442609204,0.257469367003145,0
2015-12-21,0,0,0,0,0.206233190387651,0.536297442609204,0.257469367003145,0
2015-12-22,0,0,0,0,0.206233190387651,0.536297442609204,0.257469367003145,0
2015-12-23,0,0,0,0,0.206233190387651,0.536297442609204,0.257469367003145,0
2015-12-24,0,0,0,0,0.206233190387651,0.536297442609204,0.257469367003145,0
2015-12-28,0,0,0,0,0.206233190387651,0.536297442609204,0.257469367003145,0
2015-12-29,0,0,0,0,0.206233190387651,0.536297442609204,0.257469367003145,0
2015-12-30,0,0,0,0,0.206233190387651,0.536297442609204,0.257469367003145,0
2015-12-31,0,0,0,0,0.206233190387651,0.536297442609204,0.257469367003145,0
2016-01-04,0,0,0,0,0.210581790019004,0.552454022107949,0.236964187873047,0
2016-01-05,0,0,0,0,0.210581790019004,0.552454022107949,0.236964187873047,0
2016-01-06,0,0,0,0,0.210581790019004,0.552454022107949,0.236964187873047,0
2016-01-07,0,0,0,0,0.210581790019004,0.552454022107949,0.236964187873047,0
2016-01-08,0,0,0,0,0.210581790019004,0.552454022107949,0.236964187873047,0
2016-01-11,0,0,0,0,0.210581790019004,0.552454022107949,0.236964187873047,0
2016-01-12,0,0,0,0,0.210581790019004,0.552454022107949,0.236964187873047,0
2016-01-13,0,0,0,0,0.210581790019004,0.552454022107949,0.236964187873047,0
2016-01-14,0,0,0,0,0.210581790019004,0.552454022107949,0.236964187873047,0
2016-01-15,0,0,0,0,0.210581790019004,0.552454022107949,0.236964187873047,0
2016-01-19,0,0,0,0,0.210581790019004,0.552454022107949,0.236964187873047,0
2016-01-20,0,0,0,0,0.210581790019004,0.552454022107949,0.236964187873047,0
2016-01-21,0,0,0,0,0.210581790019004,0.552454022107949,0.236964187873047,0
2016-01-22,0,0,0,0,0.210581790019004,0.552454022107949,0.236964187873047,0
2016-01-25,0,0,0,0,0.210581790019004,0.552454022107949,0.236964187873047,0
2016-01-26,0,0,0,0,0.210581790019004,0.552454022107949,0.236964187873047,0
2016-01-27,0,0,0,0,0.210581790019004,0.552454022107949,0.236964187873047,0
2016-01-28,0,0,0,0,0.210581790019004,0.552454022107949,0.236964187873047,0
2016-01-29,0,0,0,0,0.210581790019004,0.552454022107949,0.236964187873047,0
2016-02-01,0,0,0,0,0,0.52117017546358,0.224421286794037,0.254408537742383
2016-02-02,0,0,0,0,0,0.52117017546358,0.224421286794037,0.254408537742383
2016-02-03,0,0,0,0,0,0.52117017546358,0.224421286794037,0.254408537742383
2016-02-04,0,0,0,0,0,0.52117017546358,0.224421286794037,0.254408537742383
2016-02-05,0,0,0,0,0,0.52117017546358,0.224421286794037,0.254408537742383
2016-02-08,0,0,0,0,0,0.52117017546358,0.224421286794037,0.254408537742383
2016-02-09,0,0,0,0,0,0.52117017546358,0.224421286794037,0.254408537742383
2016-02-10,0,0,0,0,0,0.52117017546358,0.224421286794037,0.254408537742383
2016-02-11,0,0,0,0,0,0.52117017546358,0.224421286794037,0.254408537742383
2016-02-12,0,0,0,0,0,0.52117017546358,0.224421286794037,0.254408537742383
2016-02-16,0,0,0,0,0,0.52117017546358,0.224421286794037,0.254408537742383
2016-02-17,0,0,0,0,0,0.52117017546358,0.224421286794037,0.254408537742383
2016-02-18,0,0,0,0,0,0.52117017546358,0.224421286794037,0.254408537742383
2016-02-19,0,0,0,0,0,0.52117017546358,0.224421286794037,0.254408537742383
2016-02-22,0,0,0,0,0,0.52117017546358,0.224421286794037,0.254408537742383
2016-02-23,0,0,0,0,0,0.52117017546358,0.224421286794037,0.254408537742383
2016-02-24,0,0,0,0,0,0.52117017546358,0.224421286794037,0.254408537742383
2016-02-25,0,0,0,0,0,0.52117017546358,0.224421286794037,0.254408537742383
2016-02-26,0,0,0,0,0,0.52117017546358,0.224421286794037,0.254408537742383
2016-02-29,0,0,0,0,0,0.52117017546358,0.224421286794037,0.254408537742383
2016-03-01,0,0,0,0,0.342323860657546,0,0.400879560469467,0.256796578872987
2016-03-02,0,0,0,0,0.342323860657546,0,0.400879560469467,0.256796578872987
2016-03-03,0,0,0,0,0.342323860657546,0,0.400879560469467,0.256796578872987
2016-03-04,0,0,0,0,0.342323860657546,0,0.400879560469467,0.256796578872987
2016-03-07,0,0,0,0,0.342323860657546,0,0.400879560469467,0.256796578872987
2016-03-08,0,0,0,0,0.342323860657546,0,0.400879560469467,0.256796578872987
2016-03-09,0,0,0,0,0.342323860657546,0,0.400879560469467,0.256796578872987
2016-03-10,0,0,0,0,0.342323860657546,0,0.400879560469467,0.256796578872987
2016-03-11,0,0,0,0,0.342323860657546,0,0.400879560469467,0.256796578872987
2016-03-14,0,0,0,0,0.342323860657546,0,0.400879560469467,0.256796578872987
2016-03-15,0,0,0,0,0.342323860657546,0,0.400879560469467,0.256796578872987
2016-03-16,0,0,0,0,0.342323860657546,0,0.400879560469467,0.256796578872987
2016-03-17,0,0,0,0,0.342323860657546,0,0.400879560469467,0.256796578872987
2016-03-18,0,0,0,0,0.342323860657546,0,0.400879560469467,0.256796578872987
2016-03-21,0,0,0,0,0.342323860657546,0,0.400879560469467,0.256796578872987
2016-03-22,0,0,0,0,0.342323860657546,0,0.400879560469467,0.256796578872987
2016-03-23,0,0,0,0,0.342323860657546,0,0.400879560469467,0.256796578872987
2016-03-24,0,0,0,0,0.342323860657546,0,0.400879560469467,0.256796578872987
2016-03-28,0,0,0,0,0.342323860657546,0,0.400879560469467,0.256796578872987
2016-03-29,0,0,0,0,0.342323860657546,0,0.400879560469467,0.256796578872987
2016-03-30,0,0,0,0,0.342323860657546,0,0.400879560469467,0.256796578872987
2016-03-31,0,0,0,0,0.342323860657546,0,0.400879560469467,0.256796578872987
2016-04-01,0,0,0,0,0.364569400495898,0,0.412438647543688,0.222991951960414
2016-04-04,0,0,0,0,0.364569400495898,0,0.412438647543688,0.222991951960414
2016-04-05,0,0,0,0,0.364569400495898,0,0.412438647543688,0.222991951960414
2016-04-06,0,0,0,0,0.364569400495898,0,0.412438647543688,0.222991951960414
2016-04-07,0,0,0,0,0.364569400495898,0,0.412438647543688,0.222991951960414
2016-04-08,0,0,0,0,0.364569400495898,0,0.412438647543688,0.222991951960414
2016-04-11,0,0,0,0,0.364569400495898,0,0.412438647543688,0.222991951960414
2016-04-12,0,0,0,0,0.364569400495898,0,0.412438647543688,0.222991951960414
2016-04-13,0,0,0,0,0.364569400495898,0,0.412438647543688,0.222991951960414
2016-04-14,0,0,0,0,0.364569400495898,0,0.412438647543688,0.222991951960414
2016-04-15,0,0,0,0,0.364569400495898,0,0.412438647543688,0.222991951960414
2016-04-18,0,0,0,0,0.364569400495898,0,0.412438647543688,0.222991951960414
2016-04-19,0,0,0,0,0.364569400495898,0,0.412438647543688,0.222991951960414
2016-04-20,0,0,0,0,0.364569400495898,0,0.412438647543688,0.222991951960414
2016-04-21,0,0,0,0,0.364569400495898,0,0.412438647543688,0.222991951960414
2016-04-22,0,0,0,0,0.364569400495898,0,0.412438647543688,0.222991951960414
2016-04-25,0,0,0,0,0.364569400495898,0,0.412438647543688,0.222991951960414
2016-04-26,0,0,0,0,0.364569400495898,0,0.412438647543688,0.222991951960414
2016-04-27,0,0,0,0,0.364569400495898,0,0.412438647543688,0.222991951960414
2016-04-28,0,0,0,0,0.364569400495898,0,0.412438647543688,0.222991951960414
2016-04-29,0,0,0,0,0.364569400495898,0,0.412438647543688,0.222991951960414
2016-05-02,0,0,0,0,0,0.555191954284266,0.25825060310307,0.186557442612664
2016-05-03,0,0,0,0,0,0.555191954284266,0.25825060310307,0.186557442612664
2016-05-04,0,0,0,0,0,0.555191954284266,0.25825060310307,0.186557442612664
2016-05-05,0,0,0,0,0,0.555191954284266,0.25825060310307,0.186557442612664
2016-05-06,0,0,0,0,0,0.555191954284266,0.25825060310307,0.186557442612664
2016-05-09,0,0,0,0,0,0.555191954284266,0.25825060310307,0.186557442612664
2016-05-10,0,0,0,0,0,0.555191954284266,0.25825060310307,0.186557442612664
2016-05-11,0,0,0,0,0,0.555191954284266,0.25825060310307,0.186557442612664
2016-05-12,0,0,0,0,0,0.555191954284266,0.25825060310307,0.186557442612664
2016-05-13,0,0,0,0,0,0.555191954284266,0.25825060310307,0.186557442612664
2016-05-16,0,0,0,0,0,0.555191954284266,0.25825060310307,0.186557442612664
2016-05-17,0,0,0,0,0,0.555191954284266,0.25825060310307,0.186557442612664
2016-05-18,0,0,0,0,0,0.555191954284266,0.25825060310307,0.186557442612664
2016-05-19,0,0,0,0,0,0.555191954284266,0.25825060310307,0.186557442612664
2016-05-20,0,0,0,0,0,0.555191954284266,0.25825060310307,0.186557442612664
2016-05-23,0,0,0,0,0,0.555191954284266,0.25825060310307,0.186557442612664
2016-05-24,0,0,0,0,0,0.555191954284266,0.25825060310307,0.186557442612664
2016-05-25,0,0,0,0,0,0.555191954284266,0.25825060310307,0.186557442612664
2016-05-26,0,0,0,0,0,0.555191954284266,0.25825060310307,0.186557442612664
2016-05-27,0,0,0,0,0,0.555191954284266,0.25825060310307,0.186557442612664
2016-05-31,0,0,0,0,0,0.555191954284266,0.25825060310307,0.186557442612664
2016-06-01,0,0,0,0,0.342829806400044,0,0.372416071345567,0.284754122254389
2016-06-02,0,0,0,0,0.342829806400044,0,0.372416071345567,0.284754122254389
2016-06-03,0,0,0,0,0.342829806400044,0,0.372416071345567,0.284754122254389
2016-06-06,0,0,0,0,0.342829806400044,0,0.372416071345567,0.284754122254389
2016-06-07,0,0,0,0,0.342829806400044,0,0.372416071345567,0.284754122254389
2016-06-08,0,0,0,0,0.342829806400044,0,0.372416071345567,0.284754122254389
2016-06-09,0,0,0,0,0.342829806400044,0,0.372416071345567,0.284754122254389
2016-06-10,0,0,0,0,0.342829806400044,0,0.372416071345567,0.284754122254389
2016-06-13,0,0,0,0,0.342829806400044,0,0.372416071345567,0.284754122254389
2016-06-14,0,0,0,0,0.342829806400044,0,0.372416071345567,0.284754122254389
2016-06-15,0,0,0,0,0.342829806400044,0,0.372416071345567,0.284754122254389
2016-06-16,0,0,0,0,0.342829806400044,0,0.372416071345567,0.284754122254389
2016-06-17,0,0,0,0,0.342829806400044,0,0.372416071345567,0.284754122254389
2016-06-20,0,0,0,0,0.342829806400044,0,0.372416071345567,0.284754122254389
2016-06-21,0,0,0,0,0.342829806400044,0,0.372416071345567,0.284754122254389
2016-06-22,0,0,0,0,0.342829806400044,0,0.372416071345567,0.284754122254389
2016-06-23,0,0,0,0,0.342829806400044,0,0.372416071345567,0.284754122254389
2016-06-24,0,0,0,0,0.342829806400044,0,0.372416071345567,0.284754122254389
2016-06-27,0,0,0,0,0.342829806400044,0,0.372416071345567,0.284754122254389
2016-06-28,0,0,0,0,0.342829806400044,0,0.372416071345567,0.284754122254389
2016-06-29,0,0,0,0,0.342829806400044,0,0.372416071345567,0.284754122254389
2016-06-30,0,0,0,0,0.342829806400044,0,0.372416071345567,0.284754122254389
2016-07-01,0,0,0,0.310430079813643,0,0,0.454101833895997,0.23546808629036
2016-07-05,0,0,0,0.310430079813643,0,0,0.454101833895997,0.23546808629036
2016-07-06,0,0,0,0.310430079813643,0,0,0.454101833895997,0.23546808629036
2016-07-07,0,0,0,0.310430079813643,0,0,0.454101833895997,0.23546808629036
2016-07-08,0,0,0,0.310430079813643,0,0,0.454101833895997,0.23546808629036
2016-07-11,0,0,0,0.310430079813643,0,0,0.454101833895997,0.23546808629036
2016-07-12,0,0,0,0.310430079813643,0,0,0.454101833895997,0.23546808629036
2016-07-13,0,0,0,0.310430079813643,0,0,0.454101833895997,0.23546808629036
2016-07-14,0,0,0,0.310430079813643,0,0,0.454101833895997,0.23546808629036
2016-07-15,0,0,0,0.310430079813643,0,0,0.454101833895997,0.23546808629036
2016-07-18,0,0,0,0.310430079813643,0,0,0.454101833895997,0.23546808629036
2016-07-19,0,0,0,0.310430079813643,0,0,0.454101833895997,0.23546808629036
2016-07-20,0,0,0,0.310430079813643,0,0,0.454101833895997,0.23546808629036
2016-07-21,0,0,0,0.310430079813643,0,0,0.454101833895997,0.23546808629036
2016-07-22,0,0,0,0.310430079813643,0,0,0.454101833895997,0.23546808629036
2016-07-25,0,0,0,0.310430079813643,0,0,0.454101833895997,0.23546808629036
2016-07-26,0,0,0,0.310430079813643,0,0,0.454101833895997,0.23546808629036
2016-07-27,0,0,0,0.310430079813643,0,0,0.454101833895997,0.23546808629036
2016-07-28,0,0,0,0.310430079813643,0,0,0.454101833895997,0.23546808629036
2016-07-29,0,0,0,0.310430079813643,0,0,0.454101833895997,0.23546808629036
2016-08-01,0,0.312702694947491,0,0.194292388315509,0.493004916737,0,0,0
2016-08-02,0,0.312702694947491,0,0.194292388315509,0.493004916737,0,0,0
2016-08-03,0,0.312702694947491,0,0.194292388315509,0.493004916737,0,0,0
2016-08-04,0,0.312702694947491,0,0.194292388315509,0.493004916737,0,0,0
2016-08-05,0,0.312702694947491,0,0.194292388315509,0.493004916737,0,0,0
2016-08-08,0,0.312702694947491,0,0.194292388315509,0.493004916737,0,0,0
2016-08-09,0,0.312702694947491,0,0.194292388315509,0.493004916737,0,0,0
2016-08-10,0,0.312702694947491,0,0.194292388315509,0.493004916737,0,0,0
2016-08-11,0,0.312702694947491,0,0.194292388315509,0.493004916737,0,0,0
2016-08-12,0,0.312702694947491,0,0.194292388315509,0.493004916737,0,0,0
2016-08-15,0,0.312702694947491,0,0.194292388315509,0.493004916737,0,0,0
2016-08-16,0,0.312702694947491,0,0.194292388315509,0.493004916737,0,0,0
2016-08-17,0,0.312702694947491,0,0.194292388315509,0.493004916737,0,0,0
2016-08-18,0,0.312702694947491,0,0.194292388315509,0.493004916737,0,0,0
2016-08-19,0,0.312702694947491,0,0.194292388315509,0.493004916737,0,0,0
2016-08-22,0,0.312702694947491,0,0.194292388315509,0.493004916737,0,0,0
2016-08-23,0,0.312702694947491,0,0.194292388315509,0.493004916737,0,0,0
2016-08-24,0,0.312702694947491,0,0.194292388315509,0.493004916737,0,0,0
2016-08-25,0,0.312702694947491,0,0.194292388315509,0.493004916737,0,0,0
2016-08-26,0,0.312702694947491,0,0.194292388315509,0.493004916737,0,0,0
2016-08-29,0,0.312702694947491,0,0.194292388315509,0.493004916737,0,0,0
2016-08-30,0,0.312702694947491,0,0.194292388315509,0.493004916737,0,0,0
2016-08-31,0,0.312702694947491,0,0.194292388315509,0.493004916737,0,0,0
2016-09-01,0,0.416019367241403,0,0.244124374453395,0.339856258305202,0,0,0
2016-09-02,0,0.416019367241403,0,0.244124374453395,0.339856258305202,0,0,0
2016-09-06,0,0.416019367241403,0,0.244124374453395,0.339856258305202,0,0,0
2016-09-07,0,0.416019367241403,0,0.244124374453395,0.339856258305202,0,0,0
2016-09-08,0,0.416019367241403,0,0.244124374453395,0.339856258305202,0,0,0
2016-09-09,0,0.416019367241403,0,0.244124374453395,0.339856258305202,0,0,0
2016-09-12,0,0.416019367241403,0,0.244124374453395,0.339856258305202,0,0,0
2016-09-13,0,0.416019367241403,0,0.244124374453395,0.339856258305202,0,0,0
2016-09-14,0,0.416019367241403,0,0.244124374453395,0.339856258305202,0,0,0
2016-09-15,0,0.416019367241403,0,0.244124374453395,0.339856258305202,0,0,0
2016-09-16,0,0.416019367241403,0,0.244124374453395,0.339856258305202,0,0,0
2016-09-19,0,0.416019367241403,0,0.244124374453395,0.339856258305202,0,0,0
2016-09-20,0,0.416019367241403,0,0.244124374453395,0.339856258305202,0,0,0
2016-09-21,0,0.416019367241403,0,0.244124374453395,0.339856258305202,0,0,0
2016-09-22,0,0.416019367241403,0,0.244124374453395,0.339856258305202,0,0,0
2016-09-23,0,0.416019367241403,0,0.244124374453395,0.339856258305202,0,0,0
2016-09-26,0,0.416019367241403,0,0.244124374453395,0.339856258305202,0,0,0
2016-09-27,0,0.416019367241403,0,0.244124374453395,0.339856258305202,0,0,0
2016-09-28,0,0.416019367241403,0,0.244124374453395,0.339856258305202,0,0,0
2016-09-29,0,0.416019367241403,0,0.244124374453395,0.339856258305202,0,0,0
2016-09-30,0,0.416019367241403,0,0.244124374453395,0.339856258305202,0,0,0
2016-10-03,0,0.351976916266454,0,0.208135747188599,0,0,0.439887336544946,0
2016-10-04,0,0.351976916266454,0,0.208135747188599,0,0,0.439887336544946,0
2016-10-05,0,0.351976916266454,0,0.208135747188599,0,0,0.439887336544946,0
2016-10-06,0,0.351976916266454,0,0.208135747188599,0,0,0.439887336544946,0
2016-10-07,0,0.351976916266454,0,0.208135747188599,0,0,0.439887336544946,0
2016-10-10,0,0.351976916266454,0,0.208135747188599,0,0,0.439887336544946,0
2016-10-11,0,0.351976916266454,0,0.208135747188599,0,0,0.439887336544946,0
2016-10-12,0,0.351976916266454,0,0.208135747188599,0,0,0.439887336544946,0
2016-10-13,0,0.351976916266454,0,0.208135747188599,0,0,0.439887336544946,0
2016-10-14,0,0.351976916266454,0,0.208135747188599,0,0,0.439887336544946,0
2016-10-17,0,0.351976916266454,0,0.208135747188599,0,0,0.439887336544946,0
2016-10-18,0,0.351976916266454,0,0.208135747188599,0,0,0.439887336544946,0
2016-10-19,0,0.351976916266454,0,0.208135747188599,0,0,0.439887336544946,0
2016-10-20,0,0.351976916266454,0,0.208135747188599,0,0,0.439887336544946,0
2016-10-21,0,0.351976916266454,0,0.208135747188599,0,0,0.439887336544946,0
2016-10-24,0,0.351976916266454,0,0.208135747188599,0,0,0.439887336544946,0
2016-10-25,0,0.351976916266454,0,0.208135747188599,0,0,0.439887336544946,0
2016-10-26,0,0.351976916266454,0,0.208135747188599,0,0,0.439887336544946,0
2016-10-27,0,0.351976916266454,0,0.208135747188599,0,0,0.439887336544946,0
2016-10-28,0,0.351976916266454,0,0.208135747188599,0,0,0.439887336544946,0
2016-10-31,0,0.351976916266454,0,0.208135747188599,0,0,0.439887336544946,0
2016-11-01,0,0.637215939395308,0,0.362784060604692,0,0,0,0
2016-11-02,0,0.637215939395308,0,0.362784060604692,0,0,0,0
2016-11-03,0,0.637215939395308,0,0.362784060604692,0,0,0,0
2016-11-04,0,0.637215939395308,0,0.362784060604692,0,0,0,0
2016-11-07,0,0.637215939395308,0,0.362784060604692,0,0,0,0
2016-11-08,0,0.637215939395308,0,0.362784060604692,0,0,0,0
2016-11-09,0,0.637215939395308,0,0.362784060604692,0,0,0,0
2016-11-10,0,0.637215939395308,0,0.362784060604692,0,0,0,0
2016-11-11,0,0.637215939395308,0,0.362784060604692,0,0,0,0
2016-11-14,0,0.637215939395308,0,0.362784060604692,0,0,0,0
2016-11-15,0,0.637215939395308,0,0.362784060604692,0,0,0,0
2016-11-16,0,0.637215939395308,0,0.362784060604692,0,0,0,0
2016-11-17,0,0.637215939395308,0,0.362784060604692,0,0,0,0
2016-11-18,0,0.637215939395308,0,0.362784060604692,0,0,0,0
2016-11-21,0,0.637215939395308,0,0.362784060604692,0,0,0,0
2016-11-22,0,0.637215939395308,0,0.362784060604692,0,0,0,0
2016-11-23,0,0.637215939395308,0,0.362784060604692,0,0,0,0
2016-11-25,0,0.637215939395308,0,0.362784060604692,0,0,0,0
2016-11-28,0,0.637215939395308,0,0.362784060604692,0,0,0,0
2016-11-29,0,0.637215939395308,0,0.362784060604692,0,0,0,0
2016-11-30,0,0.637215939395308,0,0.362784060604692,0,0,0,0
2016-12-01,0.999999946441363,3.66057014878205e-08,0,1.69529358655577e-08,0,0,0,0
2016-12-02,0.999999946441363,3.66057014878205e-08,0,1.69529358655577e-08,0,0,0,0
2016-12-05,0.999999946441363,3.66057014878205e-08,0,1.69529358655577e-08,0,0,0,0
2016-12-06,0.999999946441363,3.66057014878205e-08,0,1.69529358655577e-08,0,0,0,0
2016-12-07,0.999999946441363,3.66057014878205e-08,0,1.69529358655577e-08,0,0,0,0
2016-12-08,0.999999946441363,3.66057014878205e-08,0,1.69529358655577e-08,0,0,0,0
2016-12-09,0.999999946441363,3.66057014878205e-08,0,1.69529358655577e-08,0,0,0,0
2016-12-12,0.999999946441363,3.66057014878205e-08,0,1.69529358655577e-08,0,0,0,0
2016-12-13,0.999999946441363,3.66057014878205e-08,0,1.69529358655577e-08,0,0,0,0
2016-12-14,0.999999946441363,3.66057014878205e-08,0,1.69529358655577e-08,0,0,0,0
2016-12-15,0.999999946441363,3.66057014878205e-08,0,1.69529358655577e-08,0,0,0,0
2016-12-16,0.999999946441363,3.66057014878205e-08,0,1.69529358655577e-08,0,0,0,0
2016-12-19,0.999999946441363,3.66057014878205e-08,0,1.69529358655577e-08,0,0,0,0
2016-12-20,0.999999946441363,3.66057014878205e-08,0,1.69529358655577e-08,0,0,0,0
2016-12-21,0.999999946441363,3.66057014878205e-08,0,1.69529358655577e-08,0,0,0,0
2016-12-22,0.999999946441363,3.66057014878205e-08,0,1.69529358655577e-08,0,0,0,0
2016-12-23,0.999999946441363,3.66057014878205e-08,0,1.69529358655577e-08,0,0,0,0
2016-12-27,0.999999946441363,3.66057014878205e-08,0,1.69529358655577e-08,0,0,0,0
2016-12-28,0.999999946441363,3.66057014878205e-08,0,1.69529358655577e-08,0,0,0,0
2016-12-29,0.999999946441363,3.66057014878205e-08,0,1.69529358655577e-08,0,0,0,0
2016-12-30,0.999999946441363,3.66057014878205e-08,0,1.69529358655577e-08,0,0,0,0
2017-01-03,0,0.455074612434559,0.333439884909444,0.211485502655997,0,0,0,0
2017-01-04,0,0.455074612434559,0.333439884909444,0.211485502655997,0,0,0,0
2017-01-05,0,0.455074612434559,0.333439884909444,0.211485502655997,0,0,0,0
2017-01-06,0,0.455074612434559,0.333439884909444,0.211485502655997,0,0,0,0
2017-01-09,0,0.455074612434559,0.333439884909444,0.211485502655997,0,0,0,0
2017-01-10,0,0.455074612434559,0.333439884909444,0.211485502655997,0,0,0,0
2017-01-11,0,0.455074612434559,0.333439884909444,0.211485502655997,0,0,0,0
2017-01-12,0,0.455074612434559,0.333439884909444,0.211485502655997,0,0,0,0
2017-01-13,0,0.455074612434559,0.333439884909444,0.211485502655997,0,0,0,0
2017-01-17,0,0.455074612434559,0.333439884909444,0.211485502655997,0,0,0,0
2017-01-18,0,0.455074612434559,0.333439884909444,0.211485502655997,0,0,0,0
2017-01-19,0,0.455074612434559,0.333439884909444,0.211485502655997,0,0,0,0
2017-01-20,0,0.455074612434559,0.333439884909444,0.211485502655997,0,0,0,0
2017-01-23,0,0.455074612434559,0.333439884909444,0.211485502655997,0,0,0,0
2017-01-24,0,0.455074612434559,0.333439884909444,0.211485502655997,0,0,0,0
2017-01-25,0,0.455074612434559,0.333439884909444,0.211485502655997,0,0,0,0
2017-01-26,0,0.455074612434559,0.333439884909444,0.211485502655997,0,0,0,0
2017-01-27,0,0.455074612434559,0.333439884909444,0.211485502655997,0,0,0,0
2017-01-30,0,0.455074612434559,0.333439884909444,0.211485502655997,0,0,0,0
2017-01-31,0,0.455074612434559,0.333439884909444,0.211485502655997,0,0,0,0
2017-02-01,0,0.438642350374847,0.324533405470471,0.236824244154682,0,0,0,0
2017-02-02,0,0.438642350374847,0.324533405470471,0.236824244154682,0,0,0,0
2017-02-03,0,0.438642350374847,0.324533405470471,0.236824244154682,0,0,0,0
2017-02-06,0,0.438642350374847,0.324533405470471,0.236824244154682,0,0,0,0
2017-02-07,0,0.438642350374847,0.324533405470471,0.236824244154682,0,0,0,0
2017-02-08,0,0.438642350374847,0.324533405470471,0.236824244154682,0,0,0,0
2017-02-09,0,0.438642350374847,0.324533405470471,0.236824244154682,0,0,0,0
2017-02-10,0,0.438642350374847,0.324533405470471,0.236824244154682,0,0,0,0
2017-02-13,0,0.438642350374847,0.324533405470471,0.236824244154682,0,0,0,0
2017-02-14,0,0.438642350374847,0.324533405470471,0.236824244154682,0,0,0,0
2017-02-15,0,0.438642350374847,0.324533405470471,0.236824244154682,0,0,0,0
2017-02-16,0,0.438642350374847,0.324533405470471,0.236824244154682,0,0,0,0
2017-02-17,0,0.438642350374847,0.324533405470471,0.236824244154682,0,0,0,0
2017-02-21,0,0.438642350374847,0.324533405470471,0.236824244154682,0,0,0,0
2017-02-22,0,0.438642350374847,0.324533405470471,0.236824244154682,0,0,0,0
2017-02-23,0,0.438642350374847,0.324533405470471,0.236824244154682,0,0,0,0
2017-02-24,0,0.438642350374847,0.324533405470471,0.236824244154682,0,0,0,0
2017-02-27,0,0.438642350374847,0.324533405470471,0.236824244154682,0,0,0,0
2017-02-28,0,0.438642350374847,0.324533405470471,0.236824244154682,0,0,0,0
2017-03-01,0,0.418316153645738,0.333011314387028,0.248672531967234,0,0,0,0
2017-03-02,0,0.418316153645738,0.333011314387028,0.248672531967234,0,0,0,0
2017-03-03,0,0.418316153645738,0.333011314387028,0.248672531967234,0,0,0,0
2017-03-06,0,0.418316153645738,0.333011314387028,0.248672531967234,0,0,0,0
2017-03-07,0,0.418316153645738,0.333011314387028,0.248672531967234,0,0,0,0
2017-03-08,0,0.418316153645738,0.333011314387028,0.248672531967234,0,0,0,0
2017-03-09,0,0.418316153645738,0.333011314387028,0.248672531967234,0,0,0,0
2017-03-10,0,0.418316153645738,0.333011314387028,0.248672531967234,0,0,0,0
2017-03-13,0,0.418316153645738,0.333011314387028,0.248672531967234,0,0,0,0
2017-03-14,0,0.418316153645738,0.333011314387028,0.248672531967234,0,0,0,0
2017-03-15,0,0.418316153645738,0.333011314387028,0.248672531967234,0,0,0,0
2017-03-16,0,0.418316153645738,0.333011314387028,0.248672531967234,0,0,0,0
2017-03-17,0,0.418316153645738,0.333011314387028,0.248672531967234,0,0,0,0
2017-03-20,0,0.418316153645738,0.333011314387028,0.248672531967234,0,0,0,0
2017-03-21,0,0.418316153645738,0.333011314387028,0.248672531967234,0,0,0,0
2017-03-22,0,0.418316153645738,0.333011314387028,0.248672531967234,0,0,0,0
2017-03-23,0,0.418316153645738,0.333011314387028,0.248672531967234,0,0,0,0
2017-03-24,0,0.418316153645738,0.333011314387028,0.248672531967234,0,0,0,0
2017-03-27,0,0.418316153645738,0.333011314387028,0.248672531967234,0,0,0,0
2017-03-28,0,0.418316153645738,0.333011314387028,0.248672531967234,0,0,0,0
2017-03-29,0,0.418316153645738,0.333011314387028,0.248672531967234,0,0,0,0
2017-03-30,0,0.418316153645738,0.333011314387028,0.248672531967234,0,0,0,0
2017-03-31,0,0.418316153645738,0.333011314387028,0.248672531967234,0,0,0,0
2017-04-03,0,0.411084098178895,0.372466360625916,0.216449541195189,0,0,0,0
2017-04-04,0,0.411084098178895,0.372466360625916,0.216449541195189,0,0,0,0
2017-04-05,0,0.411084098178895,0.372466360625916,0.216449541195189,0,0,0,0
2017-04-06,0,0.411084098178895,0.372466360625916,0.216449541195189,0,0,0,0
2017-04-07,0,0.411084098178895,0.372466360625916,0.216449541195189,0,0,0,0
2017-04-10,0,0.411084098178895,0.372466360625916,0.216449541195189,0,0,0,0
2017-04-11,0,0.411084098178895,0.372466360625916,0.216449541195189,0,0,0,0
2017-04-12,0,0.411084098178895,0.372466360625916,0.216449541195189,0,0,0,0
2017-04-13,0,0.411084098178895,0.372466360625916,0.216449541195189,0,0,0,0
2017-04-17,0,0.411084098178895,0.372466360625916,0.216449541195189,0,0,0,0
2017-04-18,0,0.411084098178895,0.372466360625916,0.216449541195189,0,0,0,0
2017-04-19,0,0.411084098178895,0.372466360625916,0.216449541195189,0,0,0,0
2017-04-20,0,0.411084098178895,0.372466360625916,0.216449541195189,0,0,0,0
2017-04-21,0,0.411084098178895,0.372466360625916,0.216449541195189,0,0,0,0
2017-04-24,0,0.411084098178895,0.372466360625916,0.216449541195189,0,0,0,0
2017-04-25,0,0.411084098178895,0.372466360625916,0.216449541195189,0,0,0,0
2017-04-26,0,0.411084098178895,0.372466360625916,0.216449541195189,0,0,0,0
2017-04-27,0,0.411084098178895,0.372466360625916,0.216449541195189,0,0,0,0
2017-04-28,0,0.411084098178895,0.372466360625916,0.216449541195189,0,0,0,0
2017-05-01,0,0.437088419855715,0.298132835783304,0.264778744360981,0,0,0,0
2017-05-02,0,0.437088419855715,0.298132835783304,0.264778744360981,0,0,0,0
2017-05-03,0,0.437088419855715,0.298132835783304,0.264778744360981,0,0,0,0
2017-05-04,0,0.437088419855715,0.298132835783304,0.264778744360981,0,0,0,0
2017-05-05,0,0.437088419855715,0.298132835783304,0.264778744360981,0,0,0,0
2017-05-08,0,0.437088419855715,0.298132835783304,0.264778744360981,0,0,0,0
2017-05-09,0,0.437088419855715,0.298132835783304,0.264778744360981,0,0,0,0
2017-05-10,0,0.437088419855715,0.298132835783304,0.264778744360981,0,0,0,0
2017-05-11,0,0.437088419855715,0.298132835783304,0.264778744360981,0,0,0,0
2017-05-12,0,0.437088419855715,0.298132835783304,0.264778744360981,0,0,0,0
2017-05-15,0,0.437088419855715,0.298132835783304,0.264778744360981,0,0,0,0
2017-05-16,0,0.437088419855715,0.298132835783304,0.264778744360981,0,0,0,0
2017-05-17,0,0.437088419855715,0.298132835783304,0.264778744360981,0,0,0,0
2017-05-18,0,0.437088419855715,0.298132835783304,0.264778744360981,0,0,0,0
2017-05-19,0,0.437088419855715,0.298132835783304,0.264778744360981,0,0,0,0
2017-05-22,0,0.437088419855715,0.298132835783304,0.264778744360981,0,0,0,0
2017-05-23,0,0.437088419855715,0.298132835783304,0.264778744360981,0,0,0,0
2017-05-24,0,0.437088419855715,0.298132835783304,0.264778744360981,0,0,0,0
2017-05-25,0,0.437088419855715,0.298132835783304,0.264778744360981,0,0,0,0
2017-05-26,0,0.437088419855715,0.298132835783304,0.264778744360981,0,0,0,0
2017-05-30,0,0.437088419855715,0.298132835783304,0.264778744360981,0,0,0,0
2017-05-31,0,0.437088419855715,0.298132835783304,0.264778744360981,0,0,0,0
2017-06-01,0,0.444362111494684,0.272691681233428,0.282946207271887,0,0,0,0
2017-06-02,0,0.444362111494684,0.272691681233428,0.282946207271887,0,0,0,0
2017-06-05,0,0.444362111494684,0.272691681233428,0.282946207271887,0,0,0,0
2017-06-06,0,0.444362111494684,0.272691681233428,0.282946207271887,0,0,0,0
2017-06-07,0,0.444362111494684,0.272691681233428,0.282946207271887,0,0,0,0
2017-06-08,0,0.444362111494684,0.272691681233428,0.282946207271887,0,0,0,0
2017-06-09,0,0.444362111494684,0.272691681233428,0.282946207271887,0,0,0,0
2017-06-12,0,0.444362111494684,0.272691681233428,0.282946207271887,0,0,0,0
2017-06-13,0,0.444362111494684,0.272691681233428,0.282946207271887,0,0,0,0
2017-06-14,0,0.444362111494684,0.272691681233428,0.282946207271887,0,0,0,0
2017-06-15,0,0.444362111494684,0.272691681233428,0.282946207271887,0,0,0,0
2017-06-16,0,0.444362111494684,0.272691681233428,0.282946207271887,0,0,0,0
2017-06-19,0,0.444362111494684,0.272691681233428,0.282946207271887,0,0,0,0
2017-06-20,0,0.444362111494684,0.272691681233428,0.282946207271887,0,0,0,0
2017-06-21,0,0.444362111494684,0.272691681233428,0.282946207271887,0,0,0,0
2017-06-22,0,0.444362111494684,0.272691681233428,0.282946207271887,0,0,0,0
2017-06-23,0,0.444362111494684,0.272691681233428,0.282946207271887,0,0,0,0
2017-06-26,0,0.444362111494684,0.272691681233428,0.282946207271887,0,0,0,0
2017-06-27,0,0.444362111494684,0.272691681233428,0.282946207271887,0,0,0,0
2017-06-28,0,0.444362111494684,0.272691681233428,0.282946207271887,0,0,0,0
2017-06-29,0,0.444362111494684,0.272691681233428,0.282946207271887,0,0,0,0
2017-06-30,0,0.444362111494684,0.272691681233428,0.282946207271887,0,0,0,0
2017-07-03,0,0.424606650610014,0.311299732402145,0.264093616987841,0,0,0,0
2017-07-05,0,0.424606650610014,0.311299732402145,0.264093616987841,0,0,0,0
2017-07-06,0,0.424606650610014,0.311299732402145,0.264093616987841,0,0,0,0
2017-07-07,0,0.424606650610014,0.311299732402145,0.264093616987841,0,0,0,0
2017-07-10,0,0.424606650610014,0.311299732402145,0.264093616987841,0,0,0,0
2017-07-11,0,0.424606650610014,0.311299732402145,0.264093616987841,0,0,0,0
2017-07-12,0,0.424606650610014,0.311299732402145,0.264093616987841,0,0,0,0
2017-07-13,0,0.424606650610014,0.311299732402145,0.264093616987841,0,0,0,0
2017-07-14,0,0.424606650610014,0.311299732402145,0.264093616987841,0,0,0,0
2017-07-17,0,0.424606650610014,0.311299732402145,0.264093616987841,0,0,0,0
2017-07-18,0,0.424606650610014,0.311299732402145,0.264093616987841,0,0,0,0
2017-07-19,0,0.424606650610014,0.311299732402145,0.264093616987841,0,0,0,0
2017-07-20,0,0.424606650610014,0.311299732402145,0.264093616987841,0,0,0,0
2017-07-21,0,0.424606650610014,0.311299732402145,0.264093616987841,0,0,0,0
2017-07-24,0,0.424606650610014,0.311299732402145,0.264093616987841,0,0,0,0
2017-07-25,0,0.424606650610014,0.311299732402145,0.264093616987841,0,0,0,0
2017-07-26,0,0.424606650610014,0.311299732402145,0.264093616987841,0,0,0,0
2017-07-27,0,0.424606650610014,0.311299732402145,0.264093616987841,0,0,0,0
2017-07-28,0,0.424606650610014,0.311299732402145,0.264093616987841,0,0,0,0
2017-07-31,0,0.424606650610014,0.311299732402145,0.264093616987841,0,0,0,0
2017-08-01,0,0.425726048489805,0.328080792433269,0.246193159076926,0,0,0,0
2017-08-02,0,0.425726048489805,0.328080792433269,0.246193159076926,0,0,0,0
2017-08-03,0,0.425726048489805,0.328080792433269,0.246193159076926,0,0,0,0
2017-08-04,0,0.425726048489805,0.328080792433269,0.246193159076926,0,0,0,0
2017-08-07,0,0.425726048489805,0.328080792433269,0.246193159076926,0,0,0,0
2017-08-08,0,0.425726048489805,0.328080792433269,0.246193159076926,0,0,0,0
2017-08-09,0,0.425726048489805,0.328080792433269,0.246193159076926,0,0,0,0
2017-08-10,0,0.425726048489805,0.328080792433269,0.246193159076926,0,0,0,0
2017-08-11,0,0.425726048489805,0.328080792433269,0.246193159076926,0,0,0,0
2017-08-14,0,0.425726048489805,0.328080792433269,0.246193159076926,0,0,0,0
2017-08-15,0,0.425726048489805,0.328080792433269,0.246193159076926,0,0,0,0
2017-08-16,0,0.425726048489805,0.328080792433269,0.246193159076926,0,0,0,0
2017-08-17,0,0.425726048489805,0.328080792433269,0.246193159076926,0,0,0,0
2017-08-18,0,0.425726048489805,0.328080792433269,0.246193159076926,0,0,0,0
2017-08-21,0,0.425726048489805,0.328080792433269,0.246193159076926,0,0,0,0
2017-08-22,0,0.425726048489805,0.328080792433269,0.246193159076926,0,0,0,0
2017-08-23,0,0.425726048489805,0.328080792433269,0.246193159076926,0,0,0,0
2017-08-24,0,0.425726048489805,0.328080792433269,0.246193159076926,0,0,0,0
2017-08-25,0,0.425726048489805,0.328080792433269,0.246193159076926,0,0,0,0
2017-08-28,0,0.425726048489805,0.328080792433269,0.246193159076926,0,0,0,0
2017-08-29,0,0.425726048489805,0.328080792433269,0.246193159076926,0,0,0,0
2017-08-30,0,0.425726048489805,0.328080792433269,0.246193159076926,0,0,0,0
2017-08-31,0,0.425726048489805,0.328080792433269,0.246193159076926,0,0,0,0
2017-09-01,0,0,0.328580802342458,0.223715718023844,0,0,0.447703479633697,0
2017-09-05,0,0,0.328580802342458,0.223715718023844,0,0,0.447703479633697,0
2017-09-06,0,0,0.328580802342458,0.223715718023844,0,0,0.447703479633697,0
2017-09-07,0,0,0.328580802342458,0.223715718023844,0,0,0.447703479633697,0
2017-09-08,0,0,0.328580802342458,0.223715718023844,0,0,0.447703479633697,0
2017-09-11,0,0,0.328580802342458,0.223715718023844,0,0,0.447703479633697,0
2017-09-12,0,0,0.328580802342458,0.223715718023844,0,0,0.447703479633697,0
2017-09-13,0,0,0.328580802342458,0.223715718023844,0,0,0.447703479633697,0
2017-09-14,0,0,0.328580802342458,0.223715718023844,0,0,0.447703479633697,0
2017-09-15,0,0,0.328580802342458,0.223715718023844,0,0,0.447703479633697,0
2017-09-18,0,0,0.328580802342458,0.223715718023844,0,0,0.447703479633697,0
2017-09-19,0,0,0.328580802342458,0.223715718023844,0,0,0.447703479633697,0
2017-09-20,0,0,0.328580802342458,0.223715718023844,0,0,0.447703479633697,0
2017-09-21,0,0,0.328580802342458,0.223715718023844,0,0,0.447703479633697,0
2017-09-22,0,0,0.328580802342458,0.223715718023844,0,0,0.447703479633697,0
2017-09-25,0,0,0.328580802342458,0.223715718023844,0,0,0.447703479633697,0
2017-09-26,0,0,0.328580802342458,0.223715718023844,0,0,0.447703479633697,0
2017-09-27,0,0,0.328580802342458,0.223715718023844,0,0,0.447703479633697,0
2017-09-28,0,0,0.328580802342458,0.223715718023844,0,0,0.447703479633697,0
2017-09-29,0,0,0.328580802342458,0.223715718023844,0,0,0.447703479633697,0
2017-10-02,0,0.394650938797041,0.353299787872344,0.252049273330615,0,0,0,0
2017-10-03,0,0.394650938797041,0.353299787872344,0.252049273330615,0,0,0,0
2017-10-04,0,0.394650938797041,0.353299787872344,0.252049273330615,0,0,0,0
2017-10-05,0,0.394650938797041,0.353299787872344,0.252049273330615,0,0,0,0
2017-10-06,0,0.394650938797041,0.353299787872344,0.252049273330615,0,0,0,0
2017-10-09,0,0.394650938797041,0.353299787872344,0.252049273330615,0,0,0,0
2017-10-10,0,0.394650938797041,0.353299787872344,0.252049273330615,0,0,0,0
2017-10-11,0,0.394650938797041,0.353299787872344,0.252049273330615,0,0,0,0
2017-10-12,0,0.394650938797041,0.353299787872344,0.252049273330615,0,0,0,0
2017-10-13,0,0.394650938797041,0.353299787872344,0.252049273330615,0,0,0,0
2017-10-16,0,0.394650938797041,0.353299787872344,0.252049273330615,0,0,0,0
2017-10-17,0,0.394650938797041,0.353299787872344,0.252049273330615,0,0,0,0
2017-10-18,0,0.394650938797041,0.353299787872344,0.252049273330615,0,0,0,0
2017-10-19,0,0.394650938797041,0.353299787872344,0.252049273330615,0,0,0,0
2017-10-20,0,0.394650938797041,0.353299787872344,0.252049273330615,0,0,0,0
2017-10-23,0,0.394650938797041,0.353299787872344,0.252049273330615,0,0,0,0
2017-10-24,0,0.394650938797041,0.353299787872344,0.252049273330615,0,0,0,0
2017-10-25,0,0.394650938797041,0.353299787872344,0.252049273330615,0,0,0,0
2017-10-26,0,0.394650938797041,0.353299787872344,0.252049273330615,0,0,0,0
2017-10-27,0,0.394650938797041,0.353299787872344,0.252049273330615,0,0,0,0
2017-10-30,0,0.394650938797041,0.353299787872344,0.252049273330615,0,0,0,0
2017-10-31,0,0.394650938797041,0.353299787872344,0.252049273330615,0,0,0,0
2017-11-01,0,0.464498626114606,0.352060498972635,0.183440874912759,0,0,0,0
2017-11-02,0,0.464498626114606,0.352060498972635,0.183440874912759,0,0,0,0
2017-11-03,0,0.464498626114606,0.352060498972635,0.183440874912759,0,0,0,0
2017-11-06,0,0.464498626114606,0.352060498972635,0.183440874912759,0,0,0,0
2017-11-07,0,0.464498626114606,0.352060498972635,0.183440874912759,0,0,0,0
2017-11-08,0,0.464498626114606,0.352060498972635,0.183440874912759,0,0,0,0
2017-11-09,0,0.464498626114606,0.352060498972635,0.183440874912759,0,0,0,0
2017-11-10,0,0.464498626114606,0.352060498972635,0.183440874912759,0,0,0,0
2017-11-13,0,0.464498626114606,0.352060498972635,0.183440874912759,0,0,0,0
2017-11-14,0,0.464498626114606,0.352060498972635,0.183440874912759,0,0,0,0
2017-11-15,0,0.464498626114606,0.352060498972635,0.183440874912759,0,0,0,0
2017-11-16,0,0.464498626114606,0.352060498972635,0.183440874912759,0,0,0,0
2017-11-17,0,0.464498626114606,0.352060498972635,0.183440874912759,0,0,0,0
2017-11-20,0,0.464498626114606,0.352060498972635,0.183440874912759,0,0,0,0
2017-11-21,0,0.464498626114606,0.352060498972635,0.183440874912759,0,0,0,0
2017-11-22,0,0.464498626114606,0.352060498972635,0.183440874912759,0,0,0,0
2017-11-24,0,0.464498626114606,0.352060498972635,0.183440874912759,0,0,0,0
2017-11-27,0,0.464498626114606,0.352060498972635,0.183440874912759,0,0,0,0
2017-11-28,0,0.464498626114606,0.352060498972635,0.183440874912759,0,0,0,0
2017-11-29,0,0.464498626114606,0.352060498972635,0.183440874912759,0,0,0,0
2017-11-30,0,0.464498626114606,0.352060498972635,0.183440874912759,0,0,0,0
2017-12-01,0,0.447940198952286,0.364286556820201,0.187773244227513,0,0,0,0
2017-12-04,0,0.447940198952286,0.364286556820201,0.187773244227513,0,0,0,0
2017-12-05,0,0.447940198952286,0.364286556820201,0.187773244227513,0,0,0,0
2017-12-06,0,0.447940198952286,0.364286556820201,0.187773244227513,0,0,0,0
2017-12-07,0,0.447940198952286,0.364286556820201,0.187773244227513,0,0,0,0
2017-12-08,0,0.447940198952286,0.364286556820201,0.187773244227513,0,0,0,0
2017-12-11,0,0.447940198952286,0.364286556820201,0.187773244227513,0,0,0,0
2017-12-12,0,0.447940198952286,0.364286556820201,0.187773244227513,0,0,0,0
2017-12-13,0,0.447940198952286,0.364286556820201,0.187773244227513,0,0,0,0
2017-12-14,0,0.447940198952286,0.364286556820201,0.187773244227513,0,0,0,0
2017-12-15,0,0.447940198952286,0.364286556820201,0.187773244227513,0,0,0,0
2017-12-18,0,0.447940198952286,0.364286556820201,0.187773244227513,0,0,0,0
2017-12-19,0,0.447940198952286,0.364286556820201,0.187773244227513,0,0,0,0
2017-12-20,0,0.447940198952286,0.364286556820201,0.187773244227513,0,0,0,0
2017-12-21,0,0.447940198952286,0.364286556820201,0.187773244227513,0,0,0,0
2017-12-22,0,0.447940198952286,0.364286556820201,0.187773244227513,0,0,0,0
2017-12-26,0,0.447940198952286,0.364286556820201,0.187773244227513,0,0,0,0
2017-12-27,0,0.447940198952286,0.364286556820201,0.187773244227513,0,0,0,0
2017-12-28,0,0.447940198952286,0.364286556820201,0.187773244227513,0,0,0,0
2017-12-29,0,0.447940198952286,0.364286556820201,0.187773244227513,0,0,0,0
2018-01-02,0,0.444306246481983,0.346330263520747,0.20936348999727,0,0,0,0
2018-01-03,0,0.444306246481983,0.346330263520747,0.20936348999727,0,0,0,0
2018-01-04,0,0.444306246481983,0.346330263520747,0.20936348999727,0,0,0,0
2018-01-05,0,0.444306246481983,0.346330263520747,0.20936348999727,0,0,0,0
2018-01-08,0,0.444306246481983,0.346330263520747,0.20936348999727,0,0,0,0
2018-01-09,0,0.444306246481983,0.346330263520747,0.20936348999727,0,0,0,0
2018-01-10,0,0.444306246481983,0.346330263520747,0.20936348999727,0,0,0,0
2018-01-11,0,0.444306246481983,0.346330263520747,0.20936348999727,0,0,0,0
2018-01-12,0,0.444306246481983,0.346330263520747,0.20936348999727,0,0,0,0
2018-01-16,0,0.444306246481983,0.346330263520747,0.20936348999727,0,0,0,0
2018-01-17,0,0.444306246481983,0.346330263520747,0.20936348999727,0,0,0,0
2018-01-18,0,0.444306246481983,0.346330263520747,0.20936348999727,0,0,0,0
2018-01-19,0,0.444306246481983,0.346330263520747,0.20936348999727,0,0,0,0
2018-01-22,0,0.444306246481983,0.346330263520747,0.20936348999727,0,0,0,0
2018-01-23,0,0.444306246481983,0.346330263520747,0.20936348999727,0,0,0,0
2018-01-24,0,0.444306246481983,0.346330263520747,0.20936348999727,0,0,0,0
2018-01-25,0,0.444306246481983,0.346330263520747,0.20936348999727,0,0,0,0
2018-01-26,0,0.444306246481983,0.346330263520747,0.20936348999727,0,0,0,0
2018-01-29,0,0.444306246481983,0.346330263520747,0.20936348999727,0,0,0,0
2018-01-30,0,0.444306246481983,0.346330263520747,0.20936348999727,0,0,0,0
2018-01-31,0,0.444306246481983,0.346330263520747,0.20936348999727,0,0,0,0
2018-02-01,0,0.398208831399485,0.364556797609544,0.237234370990971,0,0,0,0
2018-02-02,0,0.398208831399485,0.364556797609544,0.237234370990971,0,0,0,0
2018-02-05,0,0.398208831399485,0.364556797609544,0.237234370990971,0,0,0,0
2018-02-06,0,0.398208831399485,0.364556797609544,0.237234370990971,0,0,0,0
2018-02-07,0,0.398208831399485,0.364556797609544,0.237234370990971,0,0,0,0
2018-02-08,0,0.398208831399485,0.364556797609544,0.237234370990971,0,0,0,0
2018-02-09,0,0.398208831399485,0.364556797609544,0.237234370990971,0,0,0,0
2018-02-12,0,0.398208831399485,0.364556797609544,0.237234370990971,0,0,0,0
2018-02-13,0,0.398208831399485,0.364556797609544,0.237234370990971,0,0,0,0
2018-02-14,0,0.398208831399485,0.364556797609544,0.237234370990971,0,0,0,0
2018-02-15,0,0.398208831399485,0.364556797609544,0.237234370990971,0,0,0,0
2018-02-16,0,0.398208831399485,0.364556797609544,0.237234370990971,0,0,0,0
2018-02-20,0,0.398208831399485,0.364556797609544,0.237234370990971,0,0,0,0
2018-02-21,0,0.398208831399485,0.364556797609544,0.237234370990971,0,0,0,0
2018-02-22,0,0.398208831399485,0.364556797609544,0.237234370990971,0,0,0,0
2018-02-23,0,0.398208831399485,0.364556797609544,0.237234370990971,0,0,0,0
2018-02-26,0,0.398208831399485,0.364556797609544,0.237234370990971,0,0,0,0
2018-02-27,0,0.398208831399485,0.364556797609544,0.237234370990971,0,0,0,0
2018-02-28,0,0.398208831399485,0.364556797609544,0.237234370990971,0,0,0,0
2018-03-01,0,0.365208057374069,0.361989864800305,0.272802077825626,0,0,0,0
2018-03-02,0,0.365208057374069,0.361989864800305,0.272802077825626,0,0,0,0
2018-03-05,0,0.365208057374069,0.361989864800305,0.272802077825626,0,0,0,0
2018-03-06,0,0.365208057374069,0.361989864800305,0.272802077825626,0,0,0,0
2018-03-07,0,0.365208057374069,0.361989864800305,0.272802077825626,0,0,0,0
2018-03-08,0,0.365208057374069,0.361989864800305,0.272802077825626,0,0,0,0
2018-03-09,0,0.365208057374069,0.361989864800305,0.272802077825626,0,0,0,0
2018-03-12,0,0.365208057374069,0.361989864800305,0.272802077825626,0,0,0,0
2018-03-13,0,0.365208057374069,0.361989864800305,0.272802077825626,0,0,0,0
2018-03-14,0,0.365208057374069,0.361989864800305,0.272802077825626,0,0,0,0
2018-03-15,0,0.365208057374069,0.361989864800305,0.272802077825626,0,0,0,0
2018-03-16,0,0.365208057374069,0.361989864800305,0.272802077825626,0,0,0,0
2018-03-19,0,0.365208057374069,0.361989864800305,0.272802077825626,0,0,0,0
2018-03-20,0,0.365208057374069,0.361989864800305,0.272802077825626,0,0,0,0
2018-03-21,0,0.365208057374069,0.361989864800305,0.272802077825626,0,0,0,0
2018-03-22,0,0.365208057374069,0.361989864800305,0.272802077825626,0,0,0,0
2018-03-23,0,0.365208057374069,0.361989864800305,0.272802077825626,0,0,0,0
2018-03-26,0,0.365208057374069,0.361989864800305,0.272802077825626,0,0,0,0
2018-03-27,0,0.365208057374069,0.361989864800305,0.272802077825626,0,0,0,0
2018-03-28,0,0.365208057374069,0.361989864800305,0.272802077825626,0,0,0,0
2018-03-29,0,0.365208057374069,0.361989864800305,0.272802077825626,0,0,0,0
2018-04-02,0,0.241394542614974,0,0.177527443732422,0,0,0,0.581078013652604
2018-04-03,0,0.241394542614974,0,0.177527443732422,0,0,0,0.581078013652604
2018-04-04,0,0.241394542614974,0,0.177527443732422,0,0,0,0.581078013652604
2018-04-05,0,0.241394542614974,0,0.177527443732422,0,0,0,0.581078013652604
2018-04-06,0,0.241394542614974,0,0.177527443732422,0,0,0,0.581078013652604
2018-04-09,0,0.241394542614974,0,0.177527443732422,0,0,0,0.581078013652604
2018-04-10,0,0.241394542614974,0,0.177527443732422,0,0,0,0.581078013652604
2018-04-11,0,0.241394542614974,0,0.177527443732422,0,0,0,0.581078013652604
2018-04-12,0,0.241394542614974,0,0.177527443732422,0,0,0,0.581078013652604
2018-04-13,0,0.241394542614974,0,0.177527443732422,0,0,0,0.581078013652604
2018-04-16,0,0.241394542614974,0,0.177527443732422,0,0,0,0.581078013652604
2018-04-17,0,0.241394542614974,0,0.177527443732422,0,0,0,0.581078013652604
2018-04-18,0,0.241394542614974,0,0.177527443732422,0,0,0,0.581078013652604
2018-04-19,0,0.241394542614974,0,0.177527443732422,0,0,0,0.581078013652604
2018-04-20,0,0.241394542614974,0,0.177527443732422,0,0,0,0.581078013652604
2018-04-23,0,0.241394542614974,0,0.177527443732422,0,0,0,0.581078013652604
2018-04-24,0,0.241394542614974,0,0.177527443732422,0,0,0,0.581078013652604
2018-04-25,0,0.241394542614974,0,0.177527443732422,0,0,0,0.581078013652604
2018-04-26,0,0.241394542614974,0,0.177527443732422,0,0,0,0.581078013652604
2018-04-27,0,0.241394542614974,0,0.177527443732422,0,0,0,0.581078013652604
2018-04-30,0,0.241394542614974,0,0.177527443732422,0,0,0,0.581078013652604
2018-05-01,0,0.248416182283976,0,0.197869047588813,0,0,0,0.553714770127211
2018-05-02,0,0.248416182283976,0,0.197869047588813,0,0,0,0.553714770127211
2018-05-03,0,0.248416182283976,0,0.197869047588813,0,0,0,0.553714770127211
2018-05-04,0,0.248416182283976,0,0.197869047588813,0,0,0,0.553714770127211
2018-05-07,0,0.248416182283976,0,0.197869047588813,0,0,0,0.553714770127211
2018-05-08,0,0.248416182283976,0,0.197869047588813,0,0,0,0.553714770127211
2018-05-09,0,0.248416182283976,0,0.197869047588813,0,0,0,0.553714770127211
2018-05-10,0,0.248416182283976,0,0.197869047588813,0,0,0,0.553714770127211
2018-05-11,0,0.248416182283976,0,0.197869047588813,0,0,0,0.553714770127211
2018-05-14,0,0.248416182283976,0,0.197869047588813,0,0,0,0.553714770127211
2018-05-15,0,0.248416182283976,0,0.197869047588813,0,0,0,0.553714770127211
2018-05-16,0,0.248416182283976,0,0.197869047588813,0,0,0,0.553714770127211
2018-05-17,0,0.248416182283976,0,0.197869047588813,0,0,0,0.553714770127211
2018-05-18,0,0.248416182283976,0,0.197869047588813,0,0,0,0.553714770127211
2018-05-21,0,0.248416182283976,0,0.197869047588813,0,0,0,0.553714770127211
2018-05-22,0,0.248416182283976,0,0.197869047588813,0,0,0,0.553714770127211
2018-05-23,0,0.248416182283976,0,0.197869047588813,0,0,0,0.553714770127211
2018-05-24,0,0.248416182283976,0,0.197869047588813,0,0,0,0.553714770127211
2018-05-25,0,0.248416182283976,0,0.197869047588813,0,0,0,0.553714770127211
2018-05-29,0,0.248416182283976,0,0.197869047588813,0,0,0,0.553714770127211
2018-05-30,0,0.248416182283976,0,0.197869047588813,0,0,0,0.553714770127211
2018-05-31,0,0.248416182283976,0,0.197869047588813,0,0,0,0.553714770127211
2018-06-01,0,0.290102261848935,0,0.199260430336975,0,0,0,0.51063730781409
2018-06-04,0,0.290102261848935,0,0.199260430336975,0,0,0,0.51063730781409
2018-06-05,0,0.290102261848935,0,0.199260430336975,0,0,0,0.51063730781409
2018-06-06,0,0.290102261848935,0,0.199260430336975,0,0,0,0.51063730781409
2018-06-07,0,0.290102261848935,0,0.199260430336975,0,0,0,0.51063730781409
2018-06-08,0,0.290102261848935,0,0.199260430336975,0,0,0,0.51063730781409
2018-06-11,0,0.290102261848935,0,0.199260430336975,0,0,0,0.51063730781409
2018-06-12,0,0.290102261848935,0,0.199260430336975,0,0,0,0.51063730781409
2018-06-13,0,0.290102261848935,0,0.199260430336975,0,0,0,0.51063730781409
2018-06-14,0,0.290102261848935,0,0.199260430336975,0,0,0,0.51063730781409
2018-06-15,0,0.290102261848935,0,0.199260430336975,0,0,0,0.51063730781409
2018-06-18,0,0.290102261848935,0,0.199260430336975,0,0,0,0.51063730781409
2018-06-19,0,0.290102261848935,0,0.199260430336975,0,0,0,0.51063730781409
2018-06-20,0,0.290102261848935,0,0.199260430336975,0,0,0,0.51063730781409
2018-06-21,0,0.290102261848935,0,0.199260430336975,0,0,0,0.51063730781409
2018-06-22,0,0.290102261848935,0,0.199260430336975,0,0,0,0.51063730781409
2018-06-25,0,0.290102261848935,0,0.199260430336975,0,0,0,0.51063730781409
2018-06-26,0,0.290102261848935,0,0.199260430336975,0,0,0,0.51063730781409
2018-06-27,0,0.290102261848935,0,0.199260430336975,0,0,0,0.51063730781409
2018-06-28,0,0.290102261848935,0,0.199260430336975,0,0,0,0.51063730781409
2018-06-29,0,0.290102261848935,0,0.199260430336975,0,0,0,0.51063730781409
2018-07-02,0.999999967593767,1.82893643726214e-08,0,0,1.41168685479236e-08,0,0,0
2018-07-03,0.999999967593767,1.82893643726214e-08,0,0,1.41168685479236e-08,0,0,0
2018-07-05,0.999999967593767,1.82893643726214e-08,0,0,1.41168685479236e-08,0,0,0
2018-07-06,0.999999967593767,1.82893643726214e-08,0,0,1.41168685479236e-08,0,0,0
2018-07-09,0.999999967593767,1.82893643726214e-08,0,0,1.41168685479236e-08,0,0,0
2018-07-10,0.999999967593767,1.82893643726214e-08,0,0,1.41168685479236e-08,0,0,0
2018-07-11,0.999999967593767,1.82893643726214e-08,0,0,1.41168685479236e-08,0,0,0
2018-07-12,0.999999967593767,1.82893643726214e-08,0,0,1.41168685479236e-08,0,0,0
2018-07-13,0.999999967593767,1.82893643726214e-08,0,0,1.41168685479236e-08,0,0,0
2018-07-16,0.999999967593767,1.82893643726214e-08,0,0,1.41168685479236e-08,0,0,0
2018-07-17,0.999999967593767,1.82893643726214e-08,0,0,1.41168685479236e-08,0,0,0
2018-07-18,0.999999967593767,1.82893643726214e-08,0,0,1.41168685479236e-08,0,0,0
2018-07-19,0.999999967593767,1.82893643726214e-08,0,0,1.41168685479236e-08,0,0,0
2018-07-20,0.999999967593767,1.82893643726214e-08,0,0,1.41168685479236e-08,0,0,0
2018-07-23,0.999999967593767,1.82893643726214e-08,0,0,1.41168685479236e-08,0,0,0
2018-07-24,0.999999967593767,1.82893643726214e-08,0,0,1.41168685479236e-08,0,0,0
2018-07-25,0.999999967593767,1.82893643726214e-08,0,0,1.41168685479236e-08,0,0,0
2018-07-26,0.999999967593767,1.82893643726214e-08,0,0,1.41168685479236e-08,0,0,0
2018-07-27,0.999999967593767,1.82893643726214e-08,0,0,1.41168685479236e-08,0,0,0
2018-07-30,0.999999967593767,1.82893643726214e-08,0,0,1.41168685479236e-08,0,0,0
2018-07-31,0.999999967593767,1.82893643726214e-08,0,0,1.41168685479236e-08,0,0,0
2018-08-01,0,0.380040381722883,0,0,0.200546141686621,0,0.419413476590496,0
2018-08-02,0,0.380040381722883,0,0,0.200546141686621,0,0.419413476590496,0
2018-08-03,0,0.380040381722883,0,0,0.200546141686621,0,0.419413476590496,0
2018-08-06,0,0.380040381722883,0,0,0.200546141686621,0,0.419413476590496,0
2018-08-07,0,0.380040381722883,0,0,0.200546141686621,0,0.419413476590496,0
2018-08-08,0,0.380040381722883,0,0,0.200546141686621,0,0.419413476590496,0
2018-08-09,0,0.380040381722883,0,0,0.200546141686621,0,0.419413476590496,0
2018-08-10,0,0.380040381722883,0,0,0.200546141686621,0,0.419413476590496,0
2018-08-13,0,0.380040381722883,0,0,0.200546141686621,0,0.419413476590496,0
2018-08-14,0,0.380040381722883,0,0,0.200546141686621,0,0.419413476590496,0
2018-08-15,0,0.380040381722883,0,0,0.200546141686621,0,0.419413476590496,0
2018-08-16,0,0.380040381722883,0,0,0.200546141686621,0,0.419413476590496,0
2018-08-17,0,0.380040381722883,0,0,0.200546141686621,0,0.419413476590496,0
2018-08-20,0,0.380040381722883,0,0,0.200546141686621,0,0.419413476590496,0
2018-08-21,0,0.380040381722883,0,0,0.200546141686621,0,0.419413476590496,0
2018-08-22,0,0.380040381722883,0,0,0.200546141686621,0,0.419413476590496,0
2018-08-23,0,0.380040381722883,0,0,0.200546141686621,0,0.419413476590496,0
2018-08-24,0,0.380040381722883,0,0,0.200546141686621,0,0.419413476590496,0
2018-08-27,0,0.380040381722883,0,0,0.200546141686621,0,0.419413476590496,0
2018-08-28,0,0.380040381722883,0,0,0.200546141686621,0,0.419413476590496,0
2018-08-29,0,0.380040381722883,0,0,0.200546141686621,0,0.419413476590496,0
2018-08-30,0,0.380040381722883,0,0,0.200546141686621,0,0.419413476590496,0
2018-08-31,0,0.380040381722883,0,0,0.200546141686621,0,0.419413476590496,0
2018-09-04,0,0.388557660223601,0,0,0.216009710959484,0,0.395432628816915,0
2018-09-05,0,0.388557660223601,0,0,0.216009710959484,0,0.395432628816915,0
2018-09-06,0,0.388557660223601,0,0,0.216009710959484,0,0.395432628816915,0
2018-09-07,0,0.388557660223601,0,0,0.216009710959484,0,0.395432628816915,0
2018-09-10,0,0.388557660223601,0,0,0.216009710959484,0,0.395432628816915,0
2018-09-11,0,0.388557660223601,0,0,0.216009710959484,0,0.395432628816915,0
2018-09-12,0,0.388557660223601,0,0,0.216009710959484,0,0.395432628816915,0
2018-09-13,0,0.388557660223601,0,0,0.216009710959484,0,0.395432628816915,0
2018-09-14,0,0.388557660223601,0,0,0.216009710959484,0,0.395432628816915,0
2018-09-17,0,0.388557660223601,0,0,0.216009710959484,0,0.395432628816915,0
2018-09-18,0,0.388557660223601,0,0,0.216009710959484,0,0.395432628816915,0
2018-09-19,0,0.388557660223601,0,0,0.216009710959484,0,0.395432628816915,0
2018-09-20,0,0.388557660223601,0,0,0.216009710959484,0,0.395432628816915,0
2018-09-21,0,0.388557660223601,0,0,0.216009710959484,0,0.395432628816915,0
2018-09-24,0,0.388557660223601,0,0,0.216009710959484,0,0.395432628816915,0
2018-09-25,0,0.388557660223601,0,0,0.216009710959484,0,0.395432628816915,0
2018-09-26,0,0.388557660223601,0,0,0.216009710959484,0,0.395432628816915,0
2018-09-27,0,0.388557660223601,0,0,0.216009710959484,0,0.395432628816915,0
2018-09-28,0,0.388557660223601,0,0,0.216009710959484,0,0.395432628816915,0
2018-10-01,0.999999953257078,3.07034120215403e-08,0,0,1.60395096610309e-08,0,0,0
2018-10-02,0.999999953257078,3.07034120215403e-08,0,0,1.60395096610309e-08,0,0,0
2018-10-03,0.999999953257078,3.07034120215403e-08,0,0,1.60395096610309e-08,0,0,0
2018-10-04,0.999999953257078,3.07034120215403e-08,0,0,1.60395096610309e-08,0,0,0
2018-10-05,0.999999953257078,3.07034120215403e-08,0,0,1.60395096610309e-08,0,0,0
2018-10-08,0.999999953257078,3.07034120215403e-08,0,0,1.60395096610309e-08,0,0,0
2018-10-09,0.999999953257078,3.07034120215403e-08,0,0,1.60395096610309e-08,0,0,0
2018-10-10,0.999999953257078,3.07034120215403e-08,0,0,1.60395096610309e-08,0,0,0
2018-10-11,0.999999953257078,3.07034120215403e-08,0,0,1.60395096610309e-08,0,0,0
2018-10-12,0.999999953257078,3.07034120215403e-08,0,0,1.60395096610309e-08,0,0,0
2018-10-15,0.999999953257078,3.07034120215403e-08,0,0,1.60395096610309e-08,0,0,0
2018-10-16,0.999999953257078,3.07034120215403e-08,0,0,1.60395096610309e-08,0,0,0
2018-10-17,0.999999953257078,3.07034120215403e-08,0,0,1.60395096610309e-08,0,0,0
2018-10-18,0.999999953257078,3.07034120215403e-08,0,0,1.60395096610309e-08,0,0,0
2018-10-19,0.999999953257078,3.07034120215403e-08,0,0,1.60395096610309e-08,0,0,0
2018-10-22,0.999999953257078,3.07034120215403e-08,0,0,1.60395096610309e-08,0,0,0
2018-10-23,0.999999953257078,3.07034120215403e-08,0,0,1.60395096610309e-08,0,0,0
2018-10-24,0.999999953257078,3.07034120215403e-08,0,0,1.60395096610309e-08,0,0,0
2018-10-25,0.999999953257078,3.07034120215403e-08,0,0,1.60395096610309e-08,0,0,0
2018-10-26,0.999999953257078,3.07034120215403e-08,0,0,1.60395096610309e-08,0,0,0
2018-10-29,0.999999953257078,3.07034120215403e-08,0,0,1.60395096610309e-08,0,0,0
2018-10-30,0.999999953257078,3.07034120215403e-08,0,0,1.60395096610309e-08,0,0,0
2018-10-31,0.999999953257078,3.07034120215403e-08,0,0,1.60395096610309e-08,0,0,0
2018-11-01,0.999999908282588,0,0,0,1.72373965396799e-08,7.44800153241324e-08,0,0
2018-11-02,0.999999908282588,0,0,0,1.72373965396799e-08,7.44800153241324e-08,0,0
2018-11-05,0.999999908282588,0,0,0,1.72373965396799e-08,7.44800153241324e-08,0,0
2018-11-06,0.999999908282588,0,0,0,1.72373965396799e-08,7.44800153241324e-08,0,0
2018-11-07,0.999999908282588,0,0,0,1.72373965396799e-08,7.44800153241324e-08,0,0
2018-11-08,0.999999908282588,0,0,0,1.72373965396799e-08,7.44800153241324e-08,0,0
2018-11-09,0.999999908282588,0,0,0,1.72373965396799e-08,7.44800153241324e-08,0,0
2018-11-12,0.999999908282588,0,0,0,1.72373965396799e-08,7.44800153241324e-08,0,0
2018-11-13,0.999999908282588,0,0,0,1.72373965396799e-08,7.44800153241324e-08,0,0
2018-11-14,0.999999908282588,0,0,0,1.72373965396799e-08,7.44800153241324e-08,0,0
2018-11-15,0.999999908282588,0,0,0,1.72373965396799e-08,7.44800153241324e-08,0,0
2018-11-16,0.999999908282588,0,0,0,1.72373965396799e-08,7.44800153241324e-08,0,0
2018-11-19,0.999999908282588,0,0,0,1.72373965396799e-08,7.44800153241324e-08,0,0
2018-11-20,0.999999908282588,0,0,0,1.72373965396799e-08,7.44800153241324e-08,0,0
2018-11-21,0.999999908282588,0,0,0,1.72373965396799e-08,7.44800153241324e-08,0,0
2018-11-23,0.999999908282588,0,0,0,1.72373965396799e-08,7.44800153241324e-08,0,0
2018-11-26,0.999999908282588,0,0,0,1.72373965396799e-08,7.44800153241324e-08,0,0
2018-11-27,0.999999908282588,0,0,0,1.72373965396799e-08,7.44800153241324e-08,0,0
2018-11-28,0.999999908282588,0,0,0,1.72373965396799e-08,7.44800153241324e-08,0,0
2018-11-29,0.999999908282588,0,0,0,1.72373965396799e-08,7.44800153241324e-08,0,0
2018-11-30,0.999999908282588,0,0,0,1.72373965396799e-08,7.44800153241324e-08,0,0
2018-12-03,0.999999892799855,0,0,0,2.08130351354202e-08,8.63871099679325e-08,0,0
2018-12-04,0.999999892799855,0,0,0,2.08130351354202e-08,8.63871099679325e-08,0,0
2018-12-06,0.999999892799855,0,0,0,2.08130351354202e-08,8.63871099679325e-08,0,0
2018-12-07,0.999999892799855,0,0,0,2.08130351354202e-08,8.63871099679325e-08,0,0
2018-12-10,0.999999892799855,0,0,0,2.08130351354202e-08,8.63871099679325e-08,0,0
2018-12-11,0.999999892799855,0,0,0,2.08130351354202e-08,8.63871099679325e-08,0,0
2018-12-12,0.999999892799855,0,0,0,2.08130351354202e-08,8.63871099679325e-08,0,0
2018-12-13,0.999999892799855,0,0,0,2.08130351354202e-08,8.63871099679325e-08,0,0
2018-12-14,0.999999892799855,0,0,0,2.08130351354202e-08,8.63871099679325e-08,0,0
2018-12-17,0.999999892799855,0,0,0,2.08130351354202e-08,8.63871099679325e-08,0,0
2018-12-18,0.999999892799855,0,0,0,2.08130351354202e-08,8.63871099679325e-08,0,0
2018-12-19,0.999999892799855,0,0,0,2.08130351354202e-08,8.63871099679325e-08,0,0
2018-12-20,0.999999892799855,0,0,0,2.08130351354202e-08,8.63871099679325e-08,0,0
2018-12-21,0.999999892799855,0,0,0,2.08130351354202e-08,8.63871099679325e-08,0,0
2018-12-24,0.999999892799855,0,0,0,2.08130351354202e-08,8.63871099679325e-08,0,0
2018-12-26,0.999999892799855,0,0,0,2.08130351354202e-08,8.63871099679325e-08,0,0
2018-12-27,0.999999892799855,0,0,0,2.08130351354202e-08,8.63871099679325e-08,0,0
2018-12-28,0.999999892799855,0,0,0,2.08130351354202e-08,8.63871099679325e-08,0,0
2018-12-31,0.999999892799855,0,0,0,2.08130351354202e-08,8.63871099679325e-08,0,0
2019-01-02,0,0,0,0,0,0.486950661478051,0.232351513562312,0.280697824959637
2019-01-03,0,0,0,0,0,0.486950661478051,0.232351513562312,0.280697824959637
2019-01-04,0,0,0,0,0,0.486950661478051,0.232351513562312,0.280697824959637
2019-01-07,0,0,0,0,0,0.486950661478051,0.232351513562312,0.280697824959637
2019-01-08,0,0,0,0,0,0.486950661478051,0.232351513562312,0.280697824959637
2019-01-09,0,0,0,0,0,0.486950661478051,0.232351513562312,0.280697824959637
2019-01-10,0,0,0,0,0,0.486950661478051,0.232351513562312,0.280697824959637
2019-01-11,0,0,0,0,0,0.486950661478051,0.232351513562312,0.280697824959637
2019-01-14,0,0,0,0,0,0.486950661478051,0.232351513562312,0.280697824959637
2019-01-15,0,0,0,0,0,0.486950661478051,0.232351513562312,0.280697824959637
2019-01-16,0,0,0,0,0,0.486950661478051,0.232351513562312,0.280697824959637
2019-01-17,0,0,0,0,0,0.486950661478051,0.232351513562312,0.280697824959637
2019-01-18,0,0,0,0,0,0.486950661478051,0.232351513562312,0.280697824959637
2019-01-22,0,0,0,0,0,0.486950661478051,0.232351513562312,0.280697824959637
2019-01-23,0,0,0,0,0,0.486950661478051,0.232351513562312,0.280697824959637
2019-01-24,0,0,0,0,0,0.486950661478051,0.232351513562312,0.280697824959637
2019-01-25,0,0,0,0,0,0.486950661478051,0.232351513562312,0.280697824959637
2019-01-28,0,0,0,0,0,0.486950661478051,0.232351513562312,0.280697824959637
2019-01-29,0,0,0,0,0,0.486950661478051,0.232351513562312,0.280697824959637
2019-01-30,0,0,0,0,0,0.486950661478051,0.232351513562312,0.280697824959637
2019-01-31,0,0,0,0,0,0.486950661478051,0.232351513562312,0.280697824959637
2019-02-01,0,0,0,0,0.154311692873547,0.539254984258535,0,0.306433322867918
2019-02-04,0,0,0,0,0.154311692873547,0.539254984258535,0,0.306433322867918
2019-02-05,0,0,0,0,0.154311692873547,0.539254984258535,0,0.306433322867918
2019-02-06,0,0,0,0,0.154311692873547,0.539254984258535,0,0.306433322867918
2019-02-07,0,0,0,0,0.154311692873547,0.539254984258535,0,0.306433322867918
2019-02-08,0,0,0,0,0.154311692873547,0.539254984258535,0,0.306433322867918
2019-02-11,0,0,0,0,0.154311692873547,0.539254984258535,0,0.306433322867918
2019-02-12,0,0,0,0,0.154311692873547,0.539254984258535,0,0.306433322867918
2019-02-13,0,0,0,0,0.154311692873547,0.539254984258535,0,0.306433322867918
2019-02-14,0,0,0,0,0.154311692873547,0.539254984258535,0,0.306433322867918
2019-02-15,0,0,0,0,0.154311692873547,0.539254984258535,0,0.306433322867918
2019-02-19,0,0,0,0,0.154311692873547,0.539254984258535,0,0.306433322867918
2019-02-20,0,0,0,0,0.154311692873547,0.539254984258535,0,0.306433322867918
2019-02-21,0,0,0,0,0.154311692873547,0.539254984258535,0,0.306433322867918
2019-02-22,0,0,0,0,0.154311692873547,0.539254984258535,0,0.306433322867918
2019-02-25,0,0,0,0,0.154311692873547,0.539254984258535,0,0.306433322867918
2019-02-26,0,0,0,0,0.154311692873547,0.539254984258535,0,0.306433322867918
2019-02-27,0,0,0,0,0.154311692873547,0.539254984258535,0,0.306433322867918
2019-02-28,0,0,0,0,0.154311692873547,0.539254984258535,0,0.306433322867918
2019-03-01,0,0,0,0,0.239951394853866,0.498920759463985,0,0.261127845682149
2019-03-04,0,0,0,0,0.239951394853866,0.498920759463985,0,0.261127845682149
2019-03-05,0,0,0,0,0.239951394853866,0.498920759463985,0,0.261127845682149
2019-03-06,0,0,0,0,0.239951394853866,0.498920759463985,0,0.261127845682149
2019-03-07,0,0,0,0,0.239951394853866,0.498920759463985,0,0.261127845682149
2019-03-08,0,0,0,0,0.239951394853866,0.498920759463985,0,0.261127845682149
2019-03-11,0,0,0,0,0.239951394853866,0.498920759463985,0,0.261127845682149
2019-03-12,0,0,0,0,0.239951394853866,0.498920759463985,0,0.261127845682149
2019-03-13,0,0,0,0,0.239951394853866,0.498920759463985,0,0.261127845682149
2019-03-14,0,0,0,0,0.239951394853866,0.498920759463985,0,0.261127845682149
2019-03-15,0,0,0,0,0.239951394853866,0.498920759463985,0,0.261127845682149
2019-03-18,0,0,0,0,0.239951394853866,0.498920759463985,0,0.261127845682149
2019-03-19,0,0,0,0,0.239951394853866,0.498920759463985,0,0.261127845682149
2019-03-20,0,0,0,0,0.239951394853866,0.498920759463985,0,0.261127845682149
2019-03-21,0,0,0,0,0.239951394853866,0.498920759463985,0,0.261127845682149
2019-03-22,0,0,0,0,0.239951394853866,0.498920759463985,0,0.261127845682149
2019-03-25,0,0,0,0,0.239951394853866,0.498920759463985,0,0.261127845682149
2019-03-26,0,0,0,0,0.239951394853866,0.498920759463985,0,0.261127845682149
2019-03-27,0,0,0,0,0.239951394853866,0.498920759463985,0,0.261127845682149
2019-03-28,0,0,0,0,0.239951394853866,0.498920759463985,0,0.261127845682149
2019-03-29,0,0,0,0,0.239951394853866,0.498920759463985,0,0.261127845682149
2019-04-01,0,0,0,0,0.368726426106932,0,0.320992772303278,0.310280801589791
2019-04-02,0,0,0,0,0.368726426106932,0,0.320992772303278,0.310280801589791
2019-04-03,0,0,0,0,0.368726426106932,0,0.320992772303278,0.310280801589791
2019-04-04,0,0,0,0,0.368726426106932,0,0.320992772303278,0.310280801589791
2019-04-05,0,0,0,0,0.368726426106932,0,0.320992772303278,0.310280801589791
2019-04-08,0,0,0,0,0.368726426106932,0,0.320992772303278,0.310280801589791
2019-04-09,0,0,0,0,0.368726426106932,0,0.320992772303278,0.310280801589791
2019-04-10,0,0,0,0,0.368726426106932,0,0.320992772303278,0.310280801589791
2019-04-11,0,0,0,0,0.368726426106932,0,0.320992772303278,0.310280801589791
2019-04-12,0,0,0,0,0.368726426106932,0,0.320992772303278,0.310280801589791
2019-04-15,0,0,0,0,0.368726426106932,0,0.320992772303278,0.310280801589791
2019-04-16,0,0,0,0,0.368726426106932,0,0.320992772303278,0.310280801589791
2019-04-17,0,0,0,0,0.368726426106932,0,0.320992772303278,0.310280801589791
2019-04-18,0,0,0,0,0.368726426106932,0,0.320992772303278,0.310280801589791
2019-04-22,0,0,0,0,0.368726426106932,0,0.320992772303278,0.310280801589791
2019-04-23,0,0,0,0,0.368726426106932,0,0.320992772303278,0.310280801589791
2019-04-24,0,0,0,0,0.368726426106932,0,0.320992772303278,0.310280801589791
2019-04-25,0,0,0,0,0.368726426106932,0,0.320992772303278,0.310280801589791
2019-04-26,0,0,0,0,0.368726426106932,0,0.320992772303278,0.310280801589791
2019-04-29,0,0,0,0,0.368726426106932,0,0.320992772303278,0.310280801589791
2019-04-30,0,0,0,0,0.368726426106932,0,0.320992772303278,0.310280801589791
2019-05-01,0,0,0,0.316130790447935,0.231425437675996,0,0.452443771876069,0
2019-05-02,0,0,0,0.316130790447935,0.231425437675996,0,0.452443771876069,0
2019-05-03,0,0,0,0.316130790447935,0.231425437675996,0,0.452443771876069,0
2019-05-06,0,0,0,0.316130790447935,0.231425437675996,0,0.452443771876069,0
2019-05-07,0,0,0,0.316130790447935,0.231425437675996,0,0.452443771876069,0
2019-05-08,0,0,0,0.316130790447935,0.231425437675996,0,0.452443771876069,0
2019-05-09,0,0,0,0.316130790447935,0.231425437675996,0,0.452443771876069,0
2019-05-10,0,0,0,0.316130790447935,0.231425437675996,0,0.452443771876069,0
2019-05-13,0,0,0,0.316130790447935,0.231425437675996,0,0.452443771876069,0
2019-05-14,0,0,0,0.316130790447935,0.231425437675996,0,0.452443771876069,0
2019-05-15,0,0,0,0.316130790447935,0.231425437675996,0,0.452443771876069,0
2019-05-16,0,0,0,0.316130790447935,0.231425437675996,0,0.452443771876069,0
2019-05-17,0,0,0,0.316130790447935,0.231425437675996,0,0.452443771876069,0
2019-05-20,0,0,0,0.316130790447935,0.231425437675996,0,0.452443771876069,0
2019-05-21,0,0,0,0.316130790447935,0.231425437675996,0,0.452443771876069,0
2019-05-22,0,0,0,0.316130790447935,0.231425437675996,0,0.452443771876069,0
2019-05-23,0,0,0,0.316130790447935,0.231425437675996,0,0.452443771876069,0
2019-05-24,0,0,0,0.316130790447935,0.231425437675996,0,0.452443771876069,0
2019-05-28,0,0,0,0.316130790447935,0.231425437675996,0,0.452443771876069,0
2019-05-29,0,0,0,0.316130790447935,0.231425437675996,0,0.452443771876069,0
2019-05-30,0,0,0,0.316130790447935,0.231425437675996,0,0.452443771876069,0
2019-05-31,0,0,0,0.316130790447935,0.231425437675996,0,0.452443771876069,0
2019-06-03,0,0,0,0,0.207162140478541,0.523250018701764,0.269587840819695,0
2019-06-04,0,0,0,0,0.207162140478541,0.523250018701764,0.269587840819695,0
2019-06-05,0,0,0,0,0.207162140478541,0.523250018701764,0.269587840819695,0
2019-06-06,0,0,0,0,0.207162140478541,0.523250018701764,0.269587840819695,0
2019-06-07,0,0,0,0,0.207162140478541,0.523250018701764,0.269587840819695,0
2019-06-10,0,0,0,0,0.207162140478541,0.523250018701764,0.269587840819695,0
2019-06-11,0,0,0,0,0.207162140478541,0.523250018701764,0.269587840819695,0
2019-06-12,0,0,0,0,0.207162140478541,0.523250018701764,0.269587840819695,0
2019-06-13,0,0,0,0,0.207162140478541,0.523250018701764,0.269587840819695,0
2019-06-14,0,0,0,0,0.207162140478541,0.523250018701764,0.269587840819695,0
2019-06-17,0,0,0,0,0.207162140478541,0.523250018701764,0.269587840819695,0
2019-06-18,0,0,0,0,0.207162140478541,0.523250018701764,0.269587840819695,0
2019-06-19,0,0,0,0,0.207162140478541,0.523250018701764,0.269587840819695,0
2019-06-20,0,0,0,0,0.207162140478541,0.523250018701764,0.269587840819695,0
2019-06-21,0,0,0,0,0.207162140478541,0.523250018701764,0.269587840819695,0
2019-06-24,0,0,0,0,0.207162140478541,0.523250018701764,0.269587840819695,0
2019-06-25,0,0,0,0,0.207162140478541,0.523250018701764,0.269587840819695,0
2019-06-26,0,0,0,0,0.207162140478541,0.523250018701764,0.269587840819695,0
2019-06-27,0,0,0,0,0.207162140478541,0.523250018701764,0.269587840819695,0
2019-06-28,0,0,0,0,0.207162140478541,0.523250018701764,0.269587840819695,0
2019-07-01,0,0.302224184738904,0.310094320926858,0,0.387681494334239,0,0,0
2019-07-02,0,0.302224184738904,0.310094320926858,0,0.387681494334239,0,0,0
2019-07-03,0,0.302224184738904,0.310094320926858,0,0.387681494334239,0,0,0
2019-07-05,0,0.302224184738904,0.310094320926858,0,0.387681494334239,0,0,0
2019-07-08,0,0.302224184738904,0.310094320926858,0,0.387681494334239,0,0,0
2019-07-09,0,0.302224184738904,0.310094320926858,0,0.387681494334239,0,0,0
2019-07-10,0,0.302224184738904,0.310094320926858,0,0.387681494334239,0,0,0
2019-07-11,0,0.302224184738904,0.310094320926858,0,0.387681494334239,0,0,0
2019-07-12,0,0.302224184738904,0.310094320926858,0,0.387681494334239,0,0,0
2019-07-15,0,0.302224184738904,0.310094320926858,0,0.387681494334239,0,0,0
2019-07-16,0,0.302224184738904,0.310094320926858,0,0.387681494334239,0,0,0
2019-07-17,0,0.302224184738904,0.310094320926858,0,0.387681494334239,0,0,0
2019-07-18,0,0.302224184738904,0.310094320926858,0,0.387681494334239,0,0,0
2019-07-19,0,0.302224184738904,0.310094320926858,0,0.387681494334239,0,0,0
2019-07-22,0,0.302224184738904,0.310094320926858,0,0.387681494334239,0,0,0
2019-07-23,0,0.302224184738904,0.310094320926858,0,0.387681494334239,0,0,0
2019-07-24,0,0.302224184738904,0.310094320926858,0,0.387681494334239,0,0,0
2019-07-25,0,0.302224184738904,0.310094320926858,0,0.387681494334239,0,0,0
2019-07-26,0,0.302224184738904,0.310094320926858,0,0.387681494334239,0,0,0
2019-07-29,0,0.302224184738904,0.310094320926858,0,0.387681494334239,0,0,0
2019-07-30,0,0.302224184738904,0.310094320926858,0,0.387681494334239,0,0,0
2019-07-31,0,0.302224184738904,0.310094320926858,0,0.387681494334239,0,0,0
2019-08-01,0,0.393834896494211,0,0,0.210924375189606,0,0.395240728316183,0
2019-08-02,0,0.393834896494211,0,0,0.210924375189606,0,0.395240728316183,0
2019-08-05,0,0.393834896494211,0,0,0.210924375189606,0,0.395240728316183,0
2019-08-06,0,0.393834896494211,0,0,0.210924375189606,0,0.395240728316183,0
2019-08-07,0,0.393834896494211,0,0,0.210924375189606,0,0.395240728316183,0
2019-08-08,0,0.393834896494211,0,0,0.210924375189606,0,0.395240728316183,0
2019-08-09,0,0.393834896494211,0,0,0.210924375189606,0,0.395240728316183,0
2019-08-12,0,0.393834896494211,0,0,0.210924375189606,0,0.395240728316183,0
2019-08-13,0,0.393834896494211,0,0,0.210924375189606,0,0.395240728316183,0
2019-08-14,0,0.393834896494211,0,0,0.210924375189606,0,0.395240728316183,0
2019-08-15,0,0.393834896494211,0,0,0.210924375189606,0,0.395240728316183,0
2019-08-16,0,0.393834896494211,0,0,0.210924375189606,0,0.395240728316183,0
2019-08-19,0,0.393834896494211,0,0,0.210924375189606,0,0.395240728316183,0
2019-08-20,0,0.393834896494211,0,0,0.210924375189606,0,0.395240728316183,0
2019-08-21,0,0.393834896494211,0,0,0.210924375189606,0,0.395240728316183,0
2019-08-22,0,0.393834896494211,0,0,0.210924375189606,0,0.395240728316183,0
2019-08-23,0,0.393834896494211,0,0,0.210924375189606,0,0.395240728316183,0
2019-08-26,0,0.393834896494211,0,0,0.210924375189606,0,0.395240728316183,0
2019-08-27,0,0.393834896494211,0,0,0.210924375189606,0,0.395240728316183,0
2019-08-28,0,0.393834896494211,0,0,0.210924375189606,0,0.395240728316183,0
2019-08-29,0,0.393834896494211,0,0,0.210924375189606,0,0.395240728316183,0
2019-08-30,0,0.393834896494211,0,0,0.210924375189606,0,0.395240728316183,0
2019-09-03,0,0,0,0,0.439349735041434,0,0.309364348240731,0.251285916717835
2019-09-04,0,0,0,0,0.439349735041434,0,0.309364348240731,0.251285916717835
2019-09-05,0,0,0,0,0.439349735041434,0,0.309364348240731,0.251285916717835
2019-09-06,0,0,0,0,0.439349735041434,0,0.309364348240731,0.251285916717835
2019-09-09,0,0,0,0,0.439349735041434,0,0.309364348240731,0.251285916717835
2019-09-10,0,0,0,0,0.439349735041434,0,0.309364348240731,0.251285916717835
2019-09-11,0,0,0,0,0.439349735041434,0,0.309364348240731,0.251285916717835
2019-09-12,0,0,0,0,0.439349735041434,0,0.309364348240731,0.251285916717835
2019-09-13,0,0,0,0,0.439349735041434,0,0.309364348240731,0.251285916717835
2019-09-16,0,0,0,0,0.439349735041434,0,0.309364348240731,0.251285916717835
2019-09-17,0,0,0,0,0.439349735041434,0,0.309364348240731,0.251285916717835
2019-09-18,0,0,0,0,0.439349735041434,0,0.309364348240731,0.251285916717835
2019-09-19,0,0,0,0,0.439349735041434,0,0.309364348240731,0.251285916717835
2019-09-20,0,0,0,0,0.439349735041434,0,0.309364348240731,0.251285916717835
2019-09-23,0,0,0,0,0.439349735041434,0,0.309364348240731,0.251285916717835
2019-09-24,0,0,0,0,0.439349735041434,0,0.309364348240731,0.251285916717835
2019-09-25,0,0,0,0,0.439349735041434,0,0.309364348240731,0.251285916717835
2019-09-26,0,0,0,0,0.439349735041434,0,0.309364348240731,0.251285916717835
2019-09-27,0,0,0,0,0.439349735041434,0,0.309364348240731,0.251285916717835
2019-09-30,0,0,0,0,0.439349735041434,0,0.309364348240731,0.251285916717835
2019-10-01,0,0,0,0,0.45679038373196,0,0.262467480546676,0.280742135721364
2019-10-02,0,0,0,0,0.45679038373196,0,0.262467480546676,0.280742135721364
2019-10-03,0,0,0,0,0.45679038373196,0,0.262467480546676,0.280742135721364
2019-10-04,0,0,0,0,0.45679038373196,0,0.262467480546676,0.280742135721364
2019-10-07,0,0,0,0,0.45679038373196,0,0.262467480546676,0.280742135721364
2019-10-08,0,0,0,0,0.45679038373196,0,0.262467480546676,0.280742135721364
2019-10-09,0,0,0,0,0.45679038373196,0,0.262467480546676,0.280742135721364
2019-10-10,0,0,0,0,0.45679038373196,0,0.262467480546676,0.280742135721364
2019-10-11,0,0,0,0,0.45679038373196,0,0.262467480546676,0.280742135721364
2019-10-14,0,0,0,0,0.45679038373196,0,0.262467480546676,0.280742135721364
2019-10-15,0,0,0,0,0.45679038373196,0,0.262467480546676,0.280742135721364
2019-10-16,0,0,0,0,0.45679038373196,0,0.262467480546676,0.280742135721364
2019-10-17,0,0,0,0,0.45679038373196,0,0.262467480546676,0.280742135721364
2019-10-18,0,0,0,0,0.45679038373196,0,0.262467480546676,0.280742135721364
2019-10-21,0,0,0,0,0.45679038373196,0,0.262467480546676,0.280742135721364
2019-10-22,0,0,0,0,0.45679038373196,0,0.262467480546676,0.280742135721364
2019-10-23,0,0,0,0,0.45679038373196,0,0.262467480546676,0.280742135721364
2019-10-24,0,0,0,0,0.45679038373196,0,0.262467480546676,0.280742135721364
2019-10-25,0,0,0,0,0.45679038373196,0,0.262467480546676,0.280742135721364
2019-10-28,0,0,0,0,0.45679038373196,0,0.262467480546676,0.280742135721364
2019-10-29,0,0,0,0,0.45679038373196,0,0.262467480546676,0.280742135721364
2019-10-30,0,0,0,0,0.45679038373196,0,0.262467480546676,0.280742135721364
2019-10-31,0,0,0,0,0.45679038373196,0,0.262467480546676,0.280742135721364
2019-11-01,0,0,0,0,0.422306358825371,0,0.249603698446028,0.328089942728601
2019-11-04,0,0,0,0,0.422306358825371,0,0.249603698446028,0.328089942728601
2019-11-05,0,0,0,0,0.422306358825371,0,0.249603698446028,0.328089942728601
2019-11-06,0,0,0,0,0.422306358825371,0,0.249603698446028,0.328089942728601
2019-11-07,0,0,0,0,0.422306358825371,0,0.249603698446028,0.328089942728601
2019-11-08,0,0,0,0,0.422306358825371,0,0.249603698446028,0.328089942728601
2019-11-11,0,0,0,0,0.422306358825371,0,0.249603698446028,0.328089942728601
2019-11-12,0,0,0,0,0.422306358825371,0,0.249603698446028,0.328089942728601
2019-11-13,0,0,0,0,0.422306358825371,0,0.249603698446028,0.328089942728601
2019-11-14,0,0,0,0,0.422306358825371,0,0.249603698446028,0.328089942728601
2019-11-15,0,0,0,0,0.422306358825371,0,0.249603698446028,0.328089942728601
2019-11-18,0,0,0,0,0.422306358825371,0,0.249603698446028,0.328089942728601
2019-11-19,0,0,0,0,0.422306358825371,0,0.249603698446028,0.328089942728601
2019-11-20,0,0,0,0,0.422306358825371,0,0.249603698446028,0.328089942728601
2019-11-21,0,0,0,0,0.422306358825371,0,0.249603698446028,0.328089942728601
2019-11-22,0,0,0,0,0.422306358825371,0,0.249603698446028,0.328089942728601
2019-11-25,0,0,0,0,0.422306358825371,0,0.249603698446028,0.328089942728601
2019-11-26,0,0,0,0,0.422306358825371,0,0.249603698446028,0.328089942728601
2019-11-27,0,0,0,0,0.422306358825371,0,0.249603698446028,0.328089942728601
2019-11-29,0,0,0,0,0.422306358825371,0,0.249603698446028,0.328089942728601
2019-12-02,0,0.459494489245915,0,0,0,0,0.21952947671073,0.320976034043355
2019-12-03,0,0.459494489245915,0,0,0,0,0.21952947671073,0.320976034043355
2019-12-04,0,0.459494489245915,0,0,0,0,0.21952947671073,0.320976034043355
2019-12-05,0,0.459494489245915,0,0,0,0,0.21952947671073,0.320976034043355
2019-12-06,0,0.459494489245915,0,0,0,0,0.21952947671073,0.320976034043355
2019-12-09,0,0.459494489245915,0,0,0,0,0.21952947671073,0.320976034043355
2019-12-10,0,0.459494489245915,0,0,0,0,0.21952947671073,0.320976034043355
2019-12-11,0,0.459494489245915,0,0,0,0,0.21952947671073,0.320976034043355
2019-12-12,0,0.459494489245915,0,0,0,0,0.21952947671073,0.320976034043355
2019-12-13,0,0.459494489245915,0,0,0,0,0.21952947671073,0.320976034043355
2019-12-16,0,0.459494489245915,0,0,0,0,0.21952947671073,0.320976034043355
2019-12-17,0,0.459494489245915,0,0,0,0,0.21952947671073,0.320976034043355
2019-12-18,0,0.459494489245915,0,0,0,0,0.21952947671073,0.320976034043355
2019-12-19,0,0.459494489245915,0,0,0,0,0.21952947671073,0.320976034043355
2019-12-20,0,0.459494489245915,0,0,0,0,0.21952947671073,0.320976034043355
2019-12-23,0,0.459494489245915,0,0,0,0,0.21952947671073,0.320976034043355
2019-12-24,0,0.459494489245915,0,0,0,0,0.21952947671073,0.320976034043355
2019-12-26,0,0.459494489245915,0,0,0,0,0.21952947671073,0.320976034043355
2019-12-27,0,0.459494489245915,0,0,0,0,0.21952947671073,0.320976034043355
2019-12-30,0,0.459494489245915,0,0,0,0,0.21952947671073,0.320976034043355
2019-12-31,0,0.459494489245915,0,0,0,0,0.21952947671073,0.320976034043355
2020-01-02,0,0.395017765264368,0.347274823840416,0.257707410895216,0,0,0,0
2020-01-03,0,0.395017765264368,0.347274823840416,0.257707410895216,0,0,0,0
2020-01-06,0,0.395017765264368,0.347274823840416,0.257707410895216,0,0,0,0
2020-01-07,0,0.395017765264368,0.347274823840416,0.257707410895216,0,0,0,0
2020-01-08,0,0.395017765264368,0.347274823840416,0.257707410895216,0,0,0,0
2020-01-09,0,0.395017765264368,0.347274823840416,0.257707410895216,0,0,0,0
2020-01-10,0,0.395017765264368,0.347274823840416,0.257707410895216,0,0,0,0
2020-01-13,0,0.395017765264368,0.347274823840416,0.257707410895216,0,0,0,0
2020-01-14,0,0.395017765264368,0.347274823840416,0.257707410895216,0,0,0,0
2020-01-15,0,0.395017765264368,0.347274823840416,0.257707410895216,0,0,0,0
2020-01-16,0,0.395017765264368,0.347274823840416,0.257707410895216,0,0,0,0
2020-01-17,0,0.395017765264368,0.347274823840416,0.257707410895216,0,0,0,0
2020-01-21,0,0.395017765264368,0.347274823840416,0.257707410895216,0,0,0,0
2020-01-22,0,0.395017765264368,0.347274823840416,0.257707410895216,0,0,0,0
2020-01-23,0,0.395017765264368,0.347274823840416,0.257707410895216,0,0,0,0
2020-01-24,0,0.395017765264368,0.347274823840416,0.257707410895216,0,0,0,0
2020-01-27,0,0.395017765264368,0.347274823840416,0.257707410895216,0,0,0,0
2020-01-28,0,0.395017765264368,0.347274823840416,0.257707410895216,0,0,0,0
2020-01-29,0,0.395017765264368,0.347274823840416,0.257707410895216,0,0,0,0
2020-01-30,0,0.395017765264368,0.347274823840416,0.257707410895216,0,0,0,0
2020-01-31,0,0.395017765264368,0.347274823840416,0.257707410895216,0,0,0,0
2020-02-03,0,0.412468264316847,0.353626627124731,0.233905108558422,0,0,0,0
2020-02-04,0,0.412468264316847,0.353626627124731,0.233905108558422,0,0,0,0
2020-02-05,0,0.412468264316847,0.353626627124731,0.233905108558422,0,0,0,0
2020-02-06,0,0.412468264316847,0.353626627124731,0.233905108558422,0,0,0,0
2020-02-07,0,0.412468264316847,0.353626627124731,0.233905108558422,0,0,0,0
2020-02-10,0,0.412468264316847,0.353626627124731,0.233905108558422,0,0,0,0
2020-02-11,0,0.412468264316847,0.353626627124731,0.233905108558422,0,0,0,0
2020-02-12,0,0.412468264316847,0.353626627124731,0.233905108558422,0,0,0,0
2020-02-13,0,0.412468264316847,0.353626627124731,0.233905108558422,0,0,0,0
2020-02-14,0,0.412468264316847,0.353626627124731,0.233905108558422,0,0,0,0
2020-02-18,0,0.412468264316847,0.353626627124731,0.233905108558422,0,0,0,0
2020-02-19,0,0.412468264316847,0.353626627124731,0.233905108558422,0,0,0,0
2020-02-20,0,0.412468264316847,0.353626627124731,0.233905108558422,0,0,0,0
2020-02-21,0,0.412468264316847,0.353626627124731,0.233905108558422,0,0,0,0
2020-02-24,0,0.412468264316847,0.353626627124731,0.233905108558422,0,0,0,0
2020-02-25,0,0.412468264316847,0.353626627124731,0.233905108558422,0,0,0,0
2020-02-26,0,0.412468264316847,0.353626627124731,0.233905108558422,0,0,0,0
2020-02-27,0,0.412468264316847,0.353626627124731,0.233905108558422,0,0,0,0
2020-02-28,0,0.412468264316847,0.353626627124731,0.233905108558422,0,0,0,0
2020-03-02,0,0,0,0,0,0.51348300170027,0.212760308575563,0.273756689724167
2020-03-03,0,0,0,0,0,0.51348300170027,0.212760308575563,0.273756689724167
2020-03-04,0,0,0,0,0,0.51348300170027,0.212760308575563,0.273756689724167
2020-03-05,0,0,0,0,0,0.51348300170027,0.212760308575563,0.273756689724167
2020-03-06,0,0,0,0,0,0.51348300170027,0.212760308575563,0.273756689724167
2020-03-09,0,0,0,0,0,0.51348300170027,0.212760308575563,0.273756689724167
2020-03-10,0,0,0,0,0,0.51348300170027,0.212760308575563,0.273756689724167
2020-03-11,0,0,0,0,0,0.51348300170027,0.212760308575563,0.273756689724167
2020-03-12,0,0,0,0,0,0.51348300170027,0.212760308575563,0.273756689724167
2020-03-13,0,0,0,0,0,0.51348300170027,0.212760308575563,0.273756689724167
2020-03-16,0,0,0,0,0,0.51348300170027,0.212760308575563,0.273756689724167
2020-03-17,0,0,0,0,0,0.51348300170027,0.212760308575563,0.273756689724167
2020-03-18,0,0,0,0,0,0.51348300170027,0.212760308575563,0.273756689724167
2020-03-19,0,0,0,0,0,0.51348300170027,0.212760308575563,0.273756689724167
2020-03-20,0,0,0,0,0,0.51348300170027,0.212760308575563,0.273756689724167
2020-03-23,0,0,0,0,0,0.51348300170027,0.212760308575563,0.273756689724167
2020-03-24,0,0,0,0,0,0.51348300170027,0.212760308575563,0.273756689724167
2020-03-25,0,0,0,0,0,0.51348300170027,0.212760308575563,0.273756689724167
2020-03-26,0,0,0,0,0,0.51348300170027,0.212760308575563,0.273756689724167
2020-03-27,0,0,0,0,0,0.51348300170027,0.212760308575563,0.273756689724167
2020-03-30,0,0,0,0,0,0.51348300170027,0.212760308575563,0.273756689724167
2020-03-31,0,0,0,0,0,0.51348300170027,0.212760308575563,0.273756689724167
2020-04-01,0,0,0,0,0,0.501267921343825,0.16710424791042,0.331627830745755
2020-04-02,0,0,0,0,0,0.501267921343825,0.16710424791042,0.331627830745755
2020-04-03,0,0,0,0,0,0.501267921343825,0.16710424791042,0.331627830745755
2020-04-06,0,0,0,0,0,0.501267921343825,0.16710424791042,0.331627830745755
2020-04-07,0,0,0,0,0,0.501267921343825,0.16710424791042,0.331627830745755
2020-04-08,0,0,0,0,0,0.501267921343825,0.16710424791042,0.331627830745755
2020-04-09,0,0,0,0,0,0.501267921343825,0.16710424791042,0.331627830745755
2020-04-13,0,0,0,0,0,0.501267921343825,0.16710424791042,0.331627830745755
2020-04-14,0,0,0,0,0,0.501267921343825,0.16710424791042,0.331627830745755
2020-04-15,0,0,0,0,0,0.501267921343825,0.16710424791042,0.331627830745755
2020-04-16,0,0,0,0,0,0.501267921343825,0.16710424791042,0.331627830745755
2020-04-17,0,0,0,0,0,0.501267921343825,0.16710424791042,0.331627830745755
2020-04-20,0,0,0,0,0,0.501267921343825,0.16710424791042,0.331627830745755
2020-04-21,0,0,0,0,0,0.501267921343825,0.16710424791042,0.331627830745755
2020-04-22,0,0,0,0,0,0.501267921343825,0.16710424791042,0.331627830745755
2020-04-23,0,0,0,0,0,0.501267921343825,0.16710424791042,0.331627830745755
2020-04-24,0,0,0,0,0,0.501267921343825,0.16710424791042,0.331627830745755
2020-04-27,0,0,0,0,0,0.501267921343825,0.16710424791042,0.331627830745755
2020-04-28,0,0,0,0,0,0.501267921343825,0.16710424791042,0.331627830745755
2020-04-29,0,0,0,0,0,0.501267921343825,0.16710424791042,0.331627830745755
2020-04-30,0,0,0,0,0,0.501267921343825,0.16710424791042,0.331627830745755
2020-05-01,0,0,0,0,0,0.511483116349034,0.166034044812041,0.322482838838925
2020-05-04,0,0,0,0,0,0.511483116349034,0.166034044812041,0.322482838838925
2020-05-05,0,0,0,0,0,0.511483116349034,0.166034044812041,0.322482838838925
2020-05-06,0,0,0,0,0,0.511483116349034,0.166034044812041,0.322482838838925
2020-05-07,0,0,0,0,0,0.511483116349034,0.166034044812041,0.322482838838925
2020-05-08,0,0,0,0,0,0.511483116349034,0.166034044812041,0.322482838838925
2020-05-11,0,0,0,0,0,0.511483116349034,0.166034044812041,0.322482838838925
2020-05-12,0,0,0,0,0,0.511483116349034,0.166034044812041,0.322482838838925
2020-05-13,0,0,0,0,0,0.511483116349034,0.166034044812041,0.322482838838925
2020-05-14,0,0,0,0,0,0.511483116349034,0.166034044812041,0.322482838838925
2020-05-15,0,0,0,0,0,0.511483116349034,0.166034044812041,0.322482838838925
2020-05-18,0,0,0,0,0,0.511483116349034,0.166034044812041,0.322482838838925
2020-05-19,0,0,0,0,0,0.511483116349034,0.166034044812041,0.322482838838925
2020-05-20,0,0,0,0,0,0.511483116349034,0.166034044812041,0.322482838838925
2020-05-21,0,0,0,0,0,0.511483116349034,0.166034044812041,0.322482838838925
2020-05-22,0,0,0,0,0,0.511483116349034,0.166034044812041,0.322482838838925
2020-05-26,0,0,0,0,0,0.511483116349034,0.166034044812041,0.322482838838925
2020-05-27,0,0,0,0,0,0.511483116349034,0.166034044812041,0.322482838838925
2020-05-28,0,0,0,0,0,0.511483116349034,0.166034044812041,0.322482838838925
2020-05-29,0,0,0,0,0,0.511483116349034,0.166034044812041,0.322482838838925
2020-06-01,0,0,0,0,0,0.634586949798399,0.170846921633803,0.194566128567798
2020-06-02,0,0,0,0,0,0.634586949798399,0.170846921633803,0.194566128567798
2020-06-03,0,0,0,0,0,0.634586949798399,0.170846921633803,0.194566128567798
2020-06-04,0,0,0,0,0,0.634586949798399,0.170846921633803,0.194566128567798
2020-06-05,0,0,0,0,0,0.634586949798399,0.170846921633803,0.194566128567798
2020-06-08,0,0,0,0,0,0.634586949798399,0.170846921633803,0.194566128567798
2020-06-09,0,0,0,0,0,0.634586949798399,0.170846921633803,0.194566128567798
2020-06-10,0,0,0,0,0,0.634586949798399,0.170846921633803,0.194566128567798
2020-06-11,0,0,0,0,0,0.634586949798399,0.170846921633803,0.194566128567798
2020-06-12,0,0,0,0,0,0.634586949798399,0.170846921633803,0.194566128567798
2020-06-15,0,0,0,0,0,0.634586949798399,0.170846921633803,0.194566128567798
2020-06-16,0,0,0,0,0,0.634586949798399,0.170846921633803,0.194566128567798
2020-06-17,0,0,0,0,0,0.634586949798399,0.170846921633803,0.194566128567798
2020-06-18,0,0,0,0,0,0.634586949798399,0.170846921633803,0.194566128567798
2020-06-19,0,0,0,0,0,0.634586949798399,0.170846921633803,0.194566128567798
2020-06-22,0,0,0,0,0,0.634586949798399,0.170846921633803,0.194566128567798
2020-06-23,0,0,0,0,0,0.634586949798399,0.170846921633803,0.194566128567798
2020-06-24,0,0,0,0,0,0.634586949798399,0.170846921633803,0.194566128567798
2020-06-25,0,0,0,0,0,0.634586949798399,0.170846921633803,0.194566128567798
2020-06-26,0,0,0,0,0,0.634586949798399,0.170846921633803,0.194566128567798
2020-06-29,0,0,0,0,0,0.634586949798399,0.170846921633803,0.194566128567798
2020-06-30,0,0,0,0,0,0.634586949798399,0.170846921633803,0.194566128567798
2020-07-01,0,0,0,0,0,0.580784771722893,0.186674022359095,0.232541205918012
2020-07-02,0,0,0,0,0,0.580784771722893,0.186674022359095,0.232541205918012
2020-07-06,0,0,0,0,0,0.580784771722893,0.186674022359095,0.232541205918012
2020-07-07,0,0,0,0,0,0.580784771722893,0.186674022359095,0.232541205918012
2020-07-08,0,0,0,0,0,0.580784771722893,0.186674022359095,0.232541205918012
2020-07-09,0,0,0,0,0,0.580784771722893,0.186674022359095,0.232541205918012
2020-07-10,0,0,0,0,0,0.580784771722893,0.186674022359095,0.232541205918012
2020-07-13,0,0,0,0,0,0.580784771722893,0.186674022359095,0.232541205918012
2020-07-14,0,0,0,0,0,0.580784771722893,0.186674022359095,0.232541205918012
2020-07-15,0,0,0,0,0,0.580784771722893,0.186674022359095,0.232541205918012
2020-07-16,0,0,0,0,0,0.580784771722893,0.186674022359095,0.232541205918012
2020-07-17,0,0,0,0,0,0.580784771722893,0.186674022359095,0.232541205918012
2020-07-20,0,0,0,0,0,0.580784771722893,0.186674022359095,0.232541205918012
2020-07-21,0,0,0,0,0,0.580784771722893,0.186674022359095,0.232541205918012
2020-07-22,0,0,0,0,0,0.580784771722893,0.186674022359095,0.232541205918012
2020-07-23,0,0,0,0,0,0.580784771722893,0.186674022359095,0.232541205918012
2020-07-24,0,0,0,0,0,0.580784771722893,0.186674022359095,0.232541205918012
2020-07-27,0,0,0,0,0,0.580784771722893,0.186674022359095,0.232541205918012
2020-07-28,0,0,0,0,0,0.580784771722893,0.186674022359095,0.232541205918012
2020-07-29,0,0,0,0,0,0.580784771722893,0.186674022359095,0.232541205918012
2020-07-30,0,0,0,0,0,0.580784771722893,0.186674022359095,0.232541205918012
2020-07-31,0,0,0,0,0,0.580784771722893,0.186674022359095,0.232541205918012
2020-08-03,0,0,0,0,0,0.574165225479738,0.195696521649482,0.23013825287078
2020-08-04,0,0,0,0,0,0.574165225479738,0.195696521649482,0.23013825287078
2020-08-05,0,0,0,0,0,0.574165225479738,0.195696521649482,0.23013825287078
2020-08-06,0,0,0,0,0,0.574165225479738,0.195696521649482,0.23013825287078
2020-08-07,0,0,0,0,0,0.574165225479738,0.195696521649482,0.23013825287078
2020-08-10,0,0,0,0,0,0.574165225479738,0.195696521649482,0.23013825287078
2020-08-11,0,0,0,0,0,0.574165225479738,0.195696521649482,0.23013825287078
2020-08-12,0,0,0,0,0,0.574165225479738,0.195696521649482,0.23013825287078
2020-08-13,0,0,0,0,0,0.574165225479738,0.195696521649482,0.23013825287078
2020-08-14,0,0,0,0,0,0.574165225479738,0.195696521649482,0.23013825287078
2020-08-17,0,0,0,0,0,0.574165225479738,0.195696521649482,0.23013825287078
2020-08-18,0,0,0,0,0,0.574165225479738,0.195696521649482,0.23013825287078
2020-08-19,0,0,0,0,0,0.574165225479738,0.195696521649482,0.23013825287078
2020-08-20,0,0,0,0,0,0.574165225479738,0.195696521649482,0.23013825287078
2020-08-21,0,0,0,0,0,0.574165225479738,0.195696521649482,0.23013825287078
2020-08-24,0,0,0,0,0,0.574165225479738,0.195696521649482,0.23013825287078
2020-08-25,0,0,0,0,0,0.574165225479738,0.195696521649482,0.23013825287078
2020-08-26,0,0,0,0,0,0.574165225479738,0.195696521649482,0.23013825287078
2020-08-27,0,0,0,0,0,0.574165225479738,0.195696521649482,0.23013825287078
2020-08-28,0,0,0,0,0,0.574165225479738,0.195696521649482,0.23013825287078
2020-08-31,0,0,0,0,0,0.574165225479738,0.195696521649482,0.23013825287078
2020-09-01,0,0.474455821872294,0,0.254037180410791,0,0,0,0.271506997716915
2020-09-02,0,0.474455821872294,0,0.254037180410791,0,0,0,0.271506997716915
2020-09-03,0,0.474455821872294,0,0.254037180410791,0,0,0,0.271506997716915
2020-09-04,0,0.474455821872294,0,0.254037180410791,0,0,0,0.271506997716915
2020-09-08,0,0.474455821872294,0,0.254037180410791,0,0,0,0.271506997716915
2020-09-09,0,0.474455821872294,0,0.254037180410791,0,0,0,0.271506997716915
2020-09-10,0,0.474455821872294,0,0.254037180410791,0,0,0,0.271506997716915
2020-09-11,0,0.474455821872294,0,0.254037180410791,0,0,0,0.271506997716915
2020-09-14,0,0.474455821872294,0,0.254037180410791,0,0,0,0.271506997716915
2020-09-15,0,0.474455821872294,0,0.254037180410791,0,0,0,0.271506997716915
2020-09-16,0,0.474455821872294,0,0.254037180410791,0,0,0,0.271506997716915
2020-09-17,0,0.474455821872294,0,0.254037180410791,0,0,0,0.271506997716915
2020-09-18,0,0.474455821872294,0,0.254037180410791,0,0,0,0.271506997716915
2020-09-21,0,0.474455821872294,0,0.254037180410791,0,0,0,0.271506997716915
2020-09-22,0,0.474455821872294,0,0.254037180410791,0,0,0,0.271506997716915
2020-09-23,0,0.474455821872294,0,0.254037180410791,0,0,0,0.271506997716915
2020-09-24,0,0.474455821872294,0,0.254037180410791,0,0,0,0.271506997716915
2020-09-25,0,0.474455821872294,0,0.254037180410791,0,0,0,0.271506997716915
2020-09-28,0,0.474455821872294,0,0.254037180410791,0,0,0,0.271506997716915
2020-09-29,0,0.474455821872294,0,0.254037180410791,0,0,0,0.271506997716915
2020-09-30,0,0.474455821872294,0,0.254037180410791,0,0,0,0.271506997716915
2020-10-01,0,0.322834410961019,0.328912079739841,0.34825350929914,0,0,0,0
2020-10-02,0,0.322834410961019,0.328912079739841,0.34825350929914,0,0,0,0
2020-10-05,0,0.322834410961019,0.328912079739841,0.34825350929914,0,0,0,0
2020-10-06,0,0.322834410961019,0.328912079739841,0.34825350929914,0,0,0,0
2020-10-07,0,0.322834410961019,0.328912079739841,0.34825350929914,0,0,0,0
2020-10-08,0,0.322834410961019,0.328912079739841,0.34825350929914,0,0,0,0
2020-10-09,0,0.322834410961019,0.328912079739841,0.34825350929914,0,0,0,0
2020-10-12,0,0.322834410961019,0.328912079739841,0.34825350929914,0,0,0,0
2020-10-13,0,0.322834410961019,0.328912079739841,0.34825350929914,0,0,0,0
2020-10-14,0,0.322834410961019,0.328912079739841,0.34825350929914,0,0,0,0
2020-10-15,0,0.322834410961019,0.328912079739841,0.34825350929914,0,0,0,0
2020-10-16,0,0.322834410961019,0.328912079739841,0.34825350929914,0,0,0,0
2020-10-19,0,0.322834410961019,0.328912079739841,0.34825350929914,0,0,0,0
2020-10-20,0,0.322834410961019,0.328912079739841,0.34825350929914,0,0,0,0
2020-10-21,0,0.322834410961019,0.328912079739841,0.34825350929914,0,0,0,0
2020-10-22,0,0.322834410961019,0.328912079739841,0.34825350929914,0,0,0,0
2020-10-23,0,0.322834410961019,0.328912079739841,0.34825350929914,0,0,0,0
2020-10-26,0,0.322834410961019,0.328912079739841,0.34825350929914,0,0,0,0
2020-10-27,0,0.322834410961019,0.328912079739841,0.34825350929914,0,0,0,0
2020-10-28,0,0.322834410961019,0.328912079739841,0.34825350929914,0,0,0,0
2020-10-29,0,0.322834410961019,0.328912079739841,0.34825350929914,0,0,0,0
2020-10-30,0,0.322834410961019,0.328912079739841,0.34825350929914,0,0,0,0
2020-11-02,0,0.237970456828112,0,0.31079599548079,0,0,0,0.451233547691099
2020-11-03,0,0.237970456828112,0,0.31079599548079,0,0,0,0.451233547691099
2020-11-04,0,0.237970456828112,0,0.31079599548079,0,0,0,0.451233547691099
2020-11-05,0,0.237970456828112,0,0.31079599548079,0,0,0,0.451233547691099
2020-11-06,0,0.237970456828112,0,0.31079599548079,0,0,0,0.451233547691099
2020-11-09,0,0.237970456828112,0,0.31079599548079,0,0,0,0.451233547691099
2020-11-10,0,0.237970456828112,0,0.31079599548079,0,0,0,0.451233547691099
2020-11-11,0,0.237970456828112,0,0.31079599548079,0,0,0,0.451233547691099
2020-11-12,0,0.237970456828112,0,0.31079599548079,0,0,0,0.451233547691099
2020-11-13,0,0.237970456828112,0,0.31079599548079,0,0,0,0.451233547691099
2020-11-16,0,0.237970456828112,0,0.31079599548079,0,0,0,0.451233547691099
2020-11-17,0,0.237970456828112,0,0.31079599548079,0,0,0,0.451233547691099
2020-11-18,0,0.237970456828112,0,0.31079599548079,0,0,0,0.451233547691099
2020-11-19,0,0.237970456828112,0,0.31079599548079,0,0,0,0.451233547691099
2020-11-20,0,0.237970456828112,0,0.31079599548079,0,0,0,0.451233547691099
2020-11-23,0,0.237970456828112,0,0.31079599548079,0,0,0,0.451233547691099
2020-11-24,0,0.237970456828112,0,0.31079599548079,0,0,0,0.451233547691099
2020-11-25,0,0.237970456828112,0,0.31079599548079,0,0,0,0.451233547691099
2020-11-27,0,0.237970456828112,0,0.31079599548079,0,0,0,0.451233547691099
2020-11-30,0,0.237970456828112,0,0.31079599548079,0,0,0,0.451233547691099
2020-12-01,0,0.332117659193173,0.293134219195202,0.374748121611625,0,0,0,0
2020-12-02,0,0.332117659193173,0.293134219195202,0.374748121611625,0,0,0,0
2020-12-03,0,0.332117659193173,0.293134219195202,0.374748121611625,0,0,0,0
2020-12-04,0,0.332117659193173,0.293134219195202,0.374748121611625,0,0,0,0
2020-12-07,0,0.332117659193173,0.293134219195202,0.374748121611625,0,0,0,0
2020-12-08,0,0.332117659193173,0.293134219195202,0.374748121611625,0,0,0,0
2020-12-09,0,0.332117659193173,0.293134219195202,0.374748121611625,0,0,0,0
2020-12-10,0,0.332117659193173,0.293134219195202,0.374748121611625,0,0,0,0
2020-12-11,0,0.332117659193173,0.293134219195202,0.374748121611625,0,0,0,0
2020-12-14,0,0.332117659193173,0.293134219195202,0.374748121611625,0,0,0,0
2020-12-15,0,0.332117659193173,0.293134219195202,0.374748121611625,0,0,0,0
2020-12-16,0,0.332117659193173,0.293134219195202,0.374748121611625,0,0,0,0
2020-12-17,0,0.332117659193173,0.293134219195202,0.374748121611625,0,0,0,0
2020-12-18,0,0.332117659193173,0.293134219195202,0.374748121611625,0,0,0,0
2020-12-21,0,0.332117659193173,0.293134219195202,0.374748121611625,0,0,0,0
2020-12-22,0,0.332117659193173,0.293134219195202,0.374748121611625,0,0,0,0
2020-12-23,0,0.332117659193173,0.293134219195202,0.374748121611625,0,0,0,0
2020-12-24,0,0.332117659193173,0.293134219195202,0.374748121611625,0,0,0,0
2020-12-28,0,0.332117659193173,0.293134219195202,0.374748121611625,0,0,0,0
2020-12-29,0,0.332117659193173,0.293134219195202,0.374748121611625,0,0,0,0
2020-12-30,0,0.332117659193173,0.293134219195202,0.374748121611625,0,0,0,0
2020-12-31,0,0.332117659193173,0.293134219195202,0.374748121611625,0,0,0,0
2021-01-04,0,0.39002459941962,0.292074889288493,0.317900511291886,0,0,0,0
2021-01-05,0,0.39002459941962,0.292074889288493,0.317900511291886,0,0,0,0
2021-01-06,0,0.39002459941962,0.292074889288493,0.317900511291886,0,0,0,0
2021-01-07,0,0.39002459941962,0.292074889288493,0.317900511291886,0,0,0,0
2021-01-08,0,0.39002459941962,0.292074889288493,0.317900511291886,0,0,0,0
2021-01-11,0,0.39002459941962,0.292074889288493,0.317900511291886,0,0,0,0
2021-01-12,0,0.39002459941962,0.292074889288493,0.317900511291886,0,0,0,0
2021-01-13,0,0.39002459941962,0.292074889288493,0.317900511291886,0,0,0,0
2021-01-14,0,0.39002459941962,0.292074889288493,0.317900511291886,0,0,0,0
2021-01-15,0,0.39002459941962,0.292074889288493,0.317900511291886,0,0,0,0
2021-01-19,0,0.39002459941962,0.292074889288493,0.317900511291886,0,0,0,0
2021-01-20,0,0.39002459941962,0.292074889288493,0.317900511291886,0,0,0,0
2021-01-21,0,0.39002459941962,0.292074889288493,0.317900511291886,0,0,0,0
2021-01-22,0,0.39002459941962,0.292074889288493,0.317900511291886,0,0,0,0
2021-01-25,0,0.39002459941962,0.292074889288493,0.317900511291886,0,0,0,0
2021-01-26,0,0.39002459941962,0.292074889288493,0.317900511291886,0,0,0,0
2021-01-27,0,0.39002459941962,0.292074889288493,0.317900511291886,0,0,0,0
2021-01-28,0,0.39002459941962,0.292074889288493,0.317900511291886,0,0,0,0
2021-01-29,0,0.39002459941962,0.292074889288493,0.317900511291886,0,0,0,0
2021-02-01,0,0.420139388800122,0.322113147039494,0.257747464160385,0,0,0,0
2021-02-02,0,0.420139388800122,0.322113147039494,0.257747464160385,0,0,0,0
2021-02-03,0,0.420139388800122,0.322113147039494,0.257747464160385,0,0,0,0
2021-02-04,0,0.420139388800122,0.322113147039494,0.257747464160385,0,0,0,0
2021-02-05,0,0.420139388800122,0.322113147039494,0.257747464160385,0,0,0,0
2021-02-08,0,0.420139388800122,0.322113147039494,0.257747464160385,0,0,0,0
2021-02-09,0,0.420139388800122,0.322113147039494,0.257747464160385,0,0,0,0
2021-02-10,0,0.420139388800122,0.322113147039494,0.257747464160385,0,0,0,0
2021-02-11,0,0.420139388800122,0.322113147039494,0.257747464160385,0,0,0,0
2021-02-12,0,0.420139388800122,0.322113147039494,0.257747464160385,0,0,0,0
2021-02-16,0,0.420139388800122,0.322113147039494,0.257747464160385,0,0,0,0
2021-02-17,0,0.420139388800122,0.322113147039494,0.257747464160385,0,0,0,0
2021-02-18,0,0.420139388800122,0.322113147039494,0.257747464160385,0,0,0,0
2021-02-19,0,0.420139388800122,0.322113147039494,0.257747464160385,0,0,0,0
2021-02-22,0,0.420139388800122,0.322113147039494,0.257747464160385,0,0,0,0
2021-02-23,0,0.420139388800122,0.322113147039494,0.257747464160385,0,0,0,0
2021-02-24,0,0.420139388800122,0.322113147039494,0.257747464160385,0,0,0,0
2021-02-25,0,0.420139388800122,0.322113147039494,0.257747464160385,0,0,0,0
2021-02-26,0,0.420139388800122,0.322113147039494,0.257747464160385,0,0,0,0
2021-03-01,0,0.370853124914335,0.372441951903209,0.256704923182456,0,0,0,0
2021-03-02,0,0.370853124914335,0.372441951903209,0.256704923182456,0,0,0,0
2021-03-03,0,0.370853124914335,0.372441951903209,0.256704923182456,0,0,0,0
2021-03-04,0,0.370853124914335,0.372441951903209,0.256704923182456,0,0,0,0
2021-03-05,0,0.370853124914335,0.372441951903209,0.256704923182456,0,0,0,0
2021-03-08,0,0.370853124914335,0.372441951903209,0.256704923182456,0,0,0,0
2021-03-09,0,0.370853124914335,0.372441951903209,0.256704923182456,0,0,0,0
2021-03-10,0,0.370853124914335,0.372441951903209,0.256704923182456,0,0,0,0
2021-03-11,0,0.370853124914335,0.372441951903209,0.256704923182456,0,0,0,0
2021-03-12,0,0.370853124914335,0.372441951903209,0.256704923182456,0,0,0,0
2021-03-15,0,0.370853124914335,0.372441951903209,0.256704923182456,0,0,0,0
2021-03-16,0,0.370853124914335,0.372441951903209,0.256704923182456,0,0,0,0
2021-03-17,0,0.370853124914335,0.372441951903209,0.256704923182456,0,0,0,0
2021-03-18,0,0.370853124914335,0.372441951903209,0.256704923182456,0,0,0,0
2021-03-19,0,0.370853124914335,0.372441951903209,0.256704923182456,0,0,0,0
2021-03-22,0,0.370853124914335,0.372441951903209,0.256704923182456,0,0,0,0
2021-03-23,0,0.370853124914335,0.372441951903209,0.256704923182456,0,0,0,0
2021-03-24,0,0.370853124914335,0.372441951903209,0.256704923182456,0,0,0,0
2021-03-25,0,0.370853124914335,0.372441951903209,0.256704923182456,0,0,0,0
2021-03-26,0,0.370853124914335,0.372441951903209,0.256704923182456,0,0,0,0
2021-03-29,0,0.370853124914335,0.372441951903209,0.256704923182456,0,0,0,0
2021-03-30,0,0.370853124914335,0.372441951903209,0.256704923182456,0,0,0,0
2021-03-31,0,0.370853124914335,0.372441951903209,0.256704923182456,0,0,0,0
2021-04-01,0,0.324727677219584,0.437000983812028,0.238271338968388,0,0,0,0
2021-04-05,0,0.324727677219584,0.437000983812028,0.238271338968388,0,0,0,0
2021-04-06,0,0.324727677219584,0.437000983812028,0.238271338968388,0,0,0,0
2021-04-07,0,0.324727677219584,0.437000983812028,0.238271338968388,0,0,0,0
2021-04-08,0,0.324727677219584,0.437000983812028,0.238271338968388,0,0,0,0
2021-04-09,0,0.324727677219584,0.437000983812028,0.238271338968388,0,0,0,0
2021-04-12,0,0.324727677219584,0.437000983812028,0.238271338968388,0,0,0,0
2021-04-13,0,0.324727677219584,0.437000983812028,0.238271338968388,0,0,0,0
2021-04-14,0,0.324727677219584,0.437000983812028,0.238271338968388,0,0,0,0
2021-04-15,0,0.324727677219584,0.437000983812028,0.238271338968388,0,0,0,0
2021-04-16,0,0.324727677219584,0.437000983812028,0.238271338968388,0,0,0,0
2021-04-19,0,0.324727677219584,0.437000983812028,0.238271338968388,0,0,0,0
2021-04-20,0,0.324727677219584,0.437000983812028,0.238271338968388,0,0,0,0
2021-04-21,0,0.324727677219584,0.437000983812028,0.238271338968388,0,0,0,0
2021-04-22,0,0.324727677219584,0.437000983812028,0.238271338968388,0,0,0,0
2021-04-23,0,0.324727677219584,0.437000983812028,0.238271338968388,0,0,0,0
2021-04-26,0,0.324727677219584,0.437000983812028,0.238271338968388,0,0,0,0
2021-04-27,0,0.324727677219584,0.437000983812028,0.238271338968388,0,0,0,0
2021-04-28,0,0.324727677219584,0.437000983812028,0.238271338968388,0,0,0,0
2021-04-29,0,0.324727677219584,0.437000983812028,0.238271338968388,0,0,0,0
2021-04-30,0,0.324727677219584,0.437000983812028,0.238271338968388,0,0,0,0
2021-05-03,0,0.289133330644345,0.33978374762234,0,0.371082921733315,0,0,0
2021-05-04,0,0.289133330644345,0.33978374762234,0,0.371082921733315,0,0,0
2021-05-05,0,0.289133330644345,0.33978374762234,0,0.371082921733315,0,0,0
2021-05-06,0,0.289133330644345,0.33978374762234,0,0.371082921733315,0,0,0
2021-05-07,0,0.289133330644345,0.33978374762234,0,0.371082921733315,0,0,0
2021-05-10,0,0.289133330644345,0.33978374762234,0,0.371082921733315,0,0,0
2021-05-11,0,0.289133330644345,0.33978374762234,0,0.371082921733315,0,0,0
2021-05-12,0,0.289133330644345,0.33978374762234,0,0.371082921733315,0,0,0
2021-05-13,0,0.289133330644345,0.33978374762234,0,0.371082921733315,0,0,0
2021-05-14,0,0.289133330644345,0.33978374762234,0,0.371082921733315,0,0,0
2021-05-17,0,0.289133330644345,0.33978374762234,0,0.371082921733315,0,0,0
2021-05-18,0,0.289133330644345,0.33978374762234,0,0.371082921733315,0,0,0
2021-05-19,0,0.289133330644345,0.33978374762234,0,0.371082921733315,0,0,0
2021-05-20,0,0.289133330644345,0.33978374762234,0,0.371082921733315,0,0,0
2021-05-21,0,0.289133330644345,0.33978374762234,0,0.371082921733315,0,0,0
2021-05-24,0,0.289133330644345,0.33978374762234,0,0.371082921733315,0,0,0
2021-05-25,0,0.289133330644345,0.33978374762234,0,0.371082921733315,0,0,0
2021-05-26,0,0.289133330644345,0.33978374762234,0,0.371082921733315,0,0,0
2021-05-27,0,0.289133330644345,0.33978374762234,0,0.371082921733315,0,0,0
2021-05-28,0,0.289133330644345,0.33978374762234,0,0.371082921733315,0,0,0
2021-06-01,0,0.324512310621235,0.307883537270683,0,0.367604152108082,0,0,0
2021-06-02,0,0.324512310621235,0.307883537270683,0,0.367604152108082,0,0,0
2021-06-03,0,0.324512310621235,0.307883537270683,0,0.367604152108082,0,0,0
2021-06-04,0,0.324512310621235,0.307883537270683,0,0.367604152108082,0,0,0
2021-06-07,0,0.324512310621235,0.307883537270683,0,0.367604152108082,0,0,0
2021-06-08,0,0.324512310621235,0.307883537270683,0,0.367604152108082,0,0,0
2021-06-09,0,0.324512310621235,0.307883537270683,0,0.367604152108082,0,0,0
2021-06-10,0,0.324512310621235,0.307883537270683,0,0.367604152108082,0,0,0
2021-06-11,0,0.324512310621235,0.307883537270683,0,0.367604152108082,0,0,0
2021-06-14,0,0.324512310621235,0.307883537270683,0,0.367604152108082,0,0,0
2021-06-15,0,0.324512310621235,0.307883537270683,0,0.367604152108082,0,0,0
2021-06-16,0,0.324512310621235,0.307883537270683,0,0.367604152108082,0,0,0
2021-06-17,0,0.324512310621235,0.307883537270683,0,0.367604152108082,0,0,0
2021-06-18,0,0.324512310621235,0.307883537270683,0,0.367604152108082,0,0,0
2021-06-21,0,0.324512310621235,0.307883537270683,0,0.367604152108082,0,0,0
2021-06-22,0,0.324512310621235,0.307883537270683,0,0.367604152108082,0,0,0
2021-06-23,0,0.324512310621235,0.307883537270683,0,0.367604152108082,0,0,0
2021-06-24,0,0.324512310621235,0.307883537270683,0,0.367604152108082,0,0,0
2021-06-25,0,0.324512310621235,0.307883537270683,0,0.367604152108082,0,0,0
2021-06-28,0,0.324512310621235,0.307883537270683,0,0.367604152108082,0,0,0
2021-06-29,0,0.324512310621235,0.307883537270683,0,0.367604152108082,0,0,0
2021-06-30,0,0.324512310621235,0.307883537270683,0,0.367604152108082,0,0,0
2021-07-01,0,0.368521293592922,0.313228696473084,0,0.318250009933994,0,0,0
2021-07-02,0,0.368521293592922,0.313228696473084,0,0.318250009933994,0,0,0
2021-07-06,0,0.368521293592922,0.313228696473084,0,0.318250009933994,0,0,0
2021-07-07,0,0.368521293592922,0.313228696473084,0,0.318250009933994,0,0,0
2021-07-08,0,0.368521293592922,0.313228696473084,0,0.318250009933994,0,0,0
2021-07-09,0,0.368521293592922,0.313228696473084,0,0.318250009933994,0,0,0
2021-07-12,0,0.368521293592922,0.313228696473084,0,0.318250009933994,0,0,0
2021-07-13,0,0.368521293592922,0.313228696473084,0,0.318250009933994,0,0,0
2021-07-14,0,0.368521293592922,0.313228696473084,0,0.318250009933994,0,0,0
2021-07-15,0,0.368521293592922,0.313228696473084,0,0.318250009933994,0,0,0
2021-07-16,0,0.368521293592922,0.313228696473084,0,0.318250009933994,0,0,0
2021-07-19,0,0.368521293592922,0.313228696473084,0,0.318250009933994,0,0,0
2021-07-20,0,0.368521293592922,0.313228696473084,0,0.318250009933994,0,0,0
2021-07-21,0,0.368521293592922,0.313228696473084,0,0.318250009933994,0,0,0
2021-07-22,0,0.368521293592922,0.313228696473084,0,0.318250009933994,0,0,0
2021-07-23,0,0.368521293592922,0.313228696473084,0,0.318250009933994,0,0,0
2021-07-26,0,0.368521293592922,0.313228696473084,0,0.318250009933994,0,0,0
2021-07-27,0,0.368521293592922,0.313228696473084,0,0.318250009933994,0,0,0
2021-07-28,0,0.368521293592922,0.313228696473084,0,0.318250009933994,0,0,0
2021-07-29,0,0.368521293592922,0.313228696473084,0,0.318250009933994,0,0,0
2021-07-30,0,0.368521293592922,0.313228696473084,0,0.318250009933994,0,0,0
2021-08-02,0,0.375769652090071,0.299047397806015,0,0.325182950103914,0,0,0
2021-08-03,0,0.375769652090071,0.299047397806015,0,0.325182950103914,0,0,0
2021-08-04,0,0.375769652090071,0.299047397806015,0,0.325182950103914,0,0,0
2021-08-05,0,0.375769652090071,0.299047397806015,0,0.325182950103914,0,0,0
2021-08-06,0,0.375769652090071,0.299047397806015,0,0.325182950103914,0,0,0
2021-08-09,0,0.375769652090071,0.299047397806015,0,0.325182950103914,0,0,0
2021-08-10,0,0.375769652090071,0.299047397806015,0,0.325182950103914,0,0,0
2021-08-11,0,0.375769652090071,0.299047397806015,0,0.325182950103914,0,0,0
2021-08-12,0,0.375769652090071,0.299047397806015,0,0.325182950103914,0,0,0
2021-08-13,0,0.375769652090071,0.299047397806015,0,0.325182950103914,0,0,0
2021-08-16,0,0.375769652090071,0.299047397806015,0,0.325182950103914,0,0,0
2021-08-17,0,0.375769652090071,0.299047397806015,0,0.325182950103914,0,0,0
2021-08-18,0,0.375769652090071,0.299047397806015,0,0.325182950103914,0,0,0
2021-08-19,0,0.375769652090071,0.299047397806015,0,0.325182950103914,0,0,0
2021-08-20,0,0.375769652090071,0.299047397806015,0,0.325182950103914,0,0,0
2021-08-23,0,0.375769652090071,0.299047397806015,0,0.325182950103914,0,0,0
2021-08-24,0,0.375769652090071,0.299047397806015,0,0.325182950103914,0,0,0
2021-08-25,0,0.375769652090071,0.299047397806015,0,0.325182950103914,0,0,0
2021-08-26,0,0.375769652090071,0.299047397806015,0,0.325182950103914,0,0,0
2021-08-27,0,0.375769652090071,0.299047397806015,0,0.325182950103914,0,0,0
2021-08-30,0,0.375769652090071,0.299047397806015,0,0.325182950103914,0,0,0
2021-08-31,0,0.375769652090071,0.299047397806015,0,0.325182950103914,0,0,0
2021-09-01,0,0.335776427897146,0.31167381206333,0,0.352549760039524,0,0,0
2021-09-02,0,0.335776427897146,0.31167381206333,0,0.352549760039524,0,0,0
2021-09-03,0,0.335776427897146,0.31167381206333,0,0.352549760039524,0,0,0
2021-09-07,0,0.335776427897146,0.31167381206333,0,0.352549760039524,0,0,0
2021-09-08,0,0.335776427897146,0.31167381206333,0,0.352549760039524,0,0,0
2021-09-09,0,0.335776427897146,0.31167381206333,0,0.352549760039524,0,0,0
2021-09-10,0,0.335776427897146,0.31167381206333,0,0.352549760039524,0,0,0
2021-09-13,0,0.335776427897146,0.31167381206333,0,0.352549760039524,0,0,0
2021-09-14,0,0.335776427897146,0.31167381206333,0,0.352549760039524,0,0,0
2021-09-15,0,0.335776427897146,0.31167381206333,0,0.352549760039524,0,0,0
2021-09-16,0,0.335776427897146,0.31167381206333,0,0.352549760039524,0,0,0
2021-09-17,0,0.335776427897146,0.31167381206333,0,0.352549760039524,0,0,0
2021-09-20,0,0.335776427897146,0.31167381206333,0,0.352549760039524,0,0,0
2021-09-21,0,0.335776427897146,0.31167381206333,0,0.352549760039524,0,0,0
2021-09-22,0,0.335776427897146,0.31167381206333,0,0.352549760039524,0,0,0
2021-09-23,0,0.335776427897146,0.31167381206333,0,0.352549760039524,0,0,0
2021-09-24,0,0.335776427897146,0.31167381206333,0,0.352549760039524,0,0,0
2021-09-27,0,0.335776427897146,0.31167381206333,0,0.352549760039524,0,0,0
2021-09-28,0,0.335776427897146,0.31167381206333,0,0.352549760039524,0,0,0
2021-09-29,0,0.335776427897146,0.31167381206333,0,0.352549760039524,0,0,0
2021-09-30,0,0.335776427897146,0.31167381206333,0,0.352549760039524,0,0,0
2021-10-01,0,0.384165221798911,0,0,0.258769768230697,0,0.357065009970392,0
2021-10-04,0,0.384165221798911,0,0,0.258769768230697,0,0.357065009970392,0
2021-10-05,0,0.384165221798911,0,0,0.258769768230697,0,0.357065009970392,0
2021-10-06,0,0.384165221798911,0,0,0.258769768230697,0,0.357065009970392,0
2021-10-07,0,0.384165221798911,0,0,0.258769768230697,0,0.357065009970392,0
2021-10-08,0,0.384165221798911,0,0,0.258769768230697,0,0.357065009970392,0
2021-10-11,0,0.384165221798911,0,0,0.258769768230697,0,0.357065009970392,0
2021-10-12,0,0.384165221798911,0,0,0.258769768230697,0,0.357065009970392,0
2021-10-13,0,0.384165221798911,0,0,0.258769768230697,0,0.357065009970392,0
2021-10-14,0,0.384165221798911,0,0,0.258769768230697,0,0.357065009970392,0
2021-10-15,0,0.384165221798911,0,0,0.258769768230697,0,0.357065009970392,0
2021-10-18,0,0.384165221798911,0,0,0.258769768230697,0,0.357065009970392,0
2021-10-19,0,0.384165221798911,0,0,0.258769768230697,0,0.357065009970392,0
2021-10-20,0,0.384165221798911,0,0,0.258769768230697,0,0.357065009970392,0
2021-10-21,0,0.384165221798911,0,0,0.258769768230697,0,0.357065009970392,0
2021-10-22,0,0.384165221798911,0,0,0.258769768230697,0,0.357065009970392,0
2021-10-25,0,0.384165221798911,0,0,0.258769768230697,0,0.357065009970392,0
2021-10-26,0,0.384165221798911,0,0,0.258769768230697,0,0.357065009970392,0
2021-10-27,0,0.384165221798911,0,0,0.258769768230697,0,0.357065009970392,0
2021-10-28,0,0.384165221798911,0,0,0.258769768230697,0,0.357065009970392,0
2021-10-29,0,0.384165221798911,0,0,0.258769768230697,0,0.357065009970392,0
2021-11-01,0,0.378074310807443,0,0,0.259030824114561,0,0.362894865077996,0
2021-11-02,0,0.378074310807443,0,0,0.259030824114561,0,0.362894865077996,0
2021-11-03,0,0.378074310807443,0,0,0.259030824114561,0,0.362894865077996,0
2021-11-04,0,0.378074310807443,0,0,0.259030824114561,0,0.362894865077996,0
2021-11-05,0,0.378074310807443,0,0,0.259030824114561,0,0.362894865077996,0
2021-11-08,0,0.378074310807443,0,0,0.259030824114561,0,0.362894865077996,0
2021-11-09,0,0.378074310807443,0,0,0.259030824114561,0,0.362894865077996,0
2021-11-10,0,0.378074310807443,0,0,0.259030824114561,0,0.362894865077996,0
2021-11-11,0,0.378074310807443,0,0,0.259030824114561,0,0.362894865077996,0
2021-11-12,0,0.378074310807443,0,0,0.259030824114561,0,0.362894865077996,0
2021-11-15,0,0.378074310807443,0,0,0.259030824114561,0,0.362894865077996,0
2021-11-16,0,0.378074310807443,0,0,0.259030824114561,0,0.362894865077996,0
2021-11-17,0,0.378074310807443,0,0,0.259030824114561,0,0.362894865077996,0
2021-11-18,0,0.378074310807443,0,0,0.259030824114561,0,0.362894865077996,0
2021-11-19,0,0.378074310807443,0,0,0.259030824114561,0,0.362894865077996,0
2021-11-22,0,0.378074310807443,0,0,0.259030824114561,0,0.362894865077996,0
2021-11-23,0,0.378074310807443,0,0,0.259030824114561,0,0.362894865077996,0
2021-11-24,0,0.378074310807443,0,0,0.259030824114561,0,0.362894865077996,0
2021-11-26,0,0.378074310807443,0,0,0.259030824114561,0,0.362894865077996,0
2021-11-29,0,0.378074310807443,0,0,0.259030824114561,0,0.362894865077996,0
2021-11-30,0,0.378074310807443,0,0,0.259030824114561,0,0.362894865077996,0
2021-12-01,0,0.364025467436373,0,0,0.275240112409625,0,0.360734420154001,0
2021-12-02,0,0.364025467436373,0,0,0.275240112409625,0,0.360734420154001,0
2021-12-03,0,0.364025467436373,0,0,0.275240112409625,0,0.360734420154001,0
2021-12-06,0,0.364025467436373,0,0,0.275240112409625,0,0.360734420154001,0
2021-12-07,0,0.364025467436373,0,0,0.275240112409625,0,0.360734420154001,0
2021-12-08,0,0.364025467436373,0,0,0.275240112409625,0,0.360734420154001,0
2021-12-09,0,0.364025467436373,0,0,0.275240112409625,0,0.360734420154001,0
2021-12-10,0,0.364025467436373,0,0,0.275240112409625,0,0.360734420154001,0
2021-12-13,0,0.364025467436373,0,0,0.275240112409625,0,0.360734420154001,0
2021-12-14,0,0.364025467436373,0,0,0.275240112409625,0,0.360734420154001,0
2021-12-15,0,0.364025467436373,0,0,0.275240112409625,0,0.360734420154001,0
2021-12-16,0,0.364025467436373,0,0,0.275240112409625,0,0.360734420154001,0
2021-12-17,0,0.364025467436373,0,0,0.275240112409625,0,0.360734420154001,0
2021-12-20,0,0.364025467436373,0,0,0.275240112409625,0,0.360734420154001,0
2021-12-21,0,0.364025467436373,0,0,0.275240112409625,0,0.360734420154001,0
2021-12-22,0,0.364025467436373,0,0,0.275240112409625,0,0.360734420154001,0
2021-12-23,0,0.364025467436373,0,0,0.275240112409625,0,0.360734420154001,0
2021-12-27,0,0.364025467436373,0,0,0.275240112409625,0,0.360734420154001,0
2021-12-28,0,0.364025467436373,0,0,0.275240112409625,0,0.360734420154001,0
2021-12-29,0,0.364025467436373,0,0,0.275240112409625,0,0.360734420154001,0
2021-12-30,0,0.364025467436373,0,0,0.275240112409625,0,0.360734420154001,0
2021-12-31,0,0.364025467436373,0,0,0.275240112409625,0,0.360734420154001,0
2022-01-03,0,0.516968379074966,0,0,0.483031620925034,0,0,0
2022-01-04,0,0.516968379074966,0,0,0.483031620925034,0,0,0
2022-01-05,0,0.516968379074966,0,0,0.483031620925034,0,0,0
2022-01-06,0,0.516968379074966,0,0,0.483031620925034,0,0,0
2022-01-07,0,0.516968379074966,0,0,0.483031620925034,0,0,0
2022-01-10,0,0.516968379074966,0,0,0.483031620925034,0,0,0
2022-01-11,0,0.516968379074966,0,0,0.483031620925034,0,0,0
2022-01-12,0,0.516968379074966,0,0,0.483031620925034,0,0,0
2022-01-13,0,0.516968379074966,0,0,0.483031620925034,0,0,0
2022-01-14,0,0.516968379074966,0,0,0.483031620925034,0,0,0
2022-01-18,0,0.516968379074966,0,0,0.483031620925034,0,0,0
2022-01-19,0,0.516968379074966,0,0,0.483031620925034,0,0,0
2022-01-20,0,0.516968379074966,0,0,0.483031620925034,0,0,0
2022-01-21,0,0.516968379074966,0,0,0.483031620925034,0,0,0
2022-01-24,0,0.516968379074966,0,0,0.483031620925034,0,0,0
2022-01-25,0,0.516968379074966,0,0,0.483031620925034,0,0,0
2022-01-26,0,0.516968379074966,0,0,0.483031620925034,0,0,0
2022-01-27,0,0.516968379074966,0,0,0.483031620925034,0,0,0
2022-01-28,0,0.516968379074966,0,0,0.483031620925034,0,0,0
2022-01-31,0,0.516968379074966,0,0,0.483031620925034,0,0,0
2022-02-01,0.999999947647698,0,0,0,1.93892520299907e-08,0,0,3.29630503027886e-08
2022-02-02,0.999999947647698,0,0,0,1.93892520299907e-08,0,0,3.29630503027886e-08
2022-02-03,0.999999947647698,0,0,0,1.93892520299907e-08,0,0,3.29630503027886e-08
2022-02-04,0.999999947647698,0,0,0,1.93892520299907e-08,0,0,3.29630503027886e-08
2022-02-07,0.999999947647698,0,0,0,1.93892520299907e-08,0,0,3.29630503027886e-08
2022-02-08,0.999999947647698,0,0,0,1.93892520299907e-08,0,0,3.29630503027886e-08
2022-02-09,0.999999947647698,0,0,0,1.93892520299907e-08,0,0,3.29630503027886e-08
2022-02-10,0.999999947647698,0,0,0,1.93892520299907e-08,0,0,3.29630503027886e-08
2022-02-11,0.999999947647698,0,0,0,1.93892520299907e-08,0,0,3.29630503027886e-08
2022-02-14,0.999999947647698,0,0,0,1.93892520299907e-08,0,0,3.29630503027886e-08
2022-02-15,0.999999947647698,0,0,0,1.93892520299907e-08,0,0,3.29630503027886e-08
2022-02-16,0.999999947647698,0,0,0,1.93892520299907e-08,0,0,3.29630503027886e-08
2022-02-17,0.999999947647698,0,0,0,1.93892520299907e-08,0,0,3.29630503027886e-08
2022-02-18,0.999999947647698,0,0,0,1.93892520299907e-08,0,0,3.29630503027886e-08
2022-02-22,0.999999947647698,0,0,0,1.93892520299907e-08,0,0,3.29630503027886e-08
2022-02-23,0.999999947647698,0,0,0,1.93892520299907e-08,0,0,3.29630503027886e-08
2022-02-24,0.999999947647698,0,0,0,1.93892520299907e-08,0,0,3.29630503027886e-08
2022-02-25,0.999999947647698,0,0,0,1.93892520299907e-08,0,0,3.29630503027886e-08
2022-02-28,0.999999947647698,0,0,0,1.93892520299907e-08,0,0,3.29630503027886e-08
2022-03-01,0.99999996174436,0,0,0,0,2.37925288763241e-08,0,1.44631112332458e-08
2022-03-02,0.99999996174436,0,0,0,0,2.37925288763241e-08,0,1.44631112332458e-08
2022-03-03,0.99999996174436,0,0,0,0,2.37925288763241e-08,0,1.44631112332458e-08
2022-03-04,0.99999996174436,0,0,0,0,2.37925288763241e-08,0,1.44631112332458e-08
2022-03-07,0.99999996174436,0,0,0,0,2.37925288763241e-08,0,1.44631112332458e-08
2022-03-08,0.99999996174436,0,0,0,0,2.37925288763241e-08,0,1.44631112332458e-08
2022-03-09,0.99999996174436,0,0,0,0,2.37925288763241e-08,0,1.44631112332458e-08
2022-03-10,0.99999996174436,0,0,0,0,2.37925288763241e-08,0,1.44631112332458e-08
2022-03-11,0.99999996174436,0,0,0,0,2.37925288763241e-08,0,1.44631112332458e-08
2022-03-14,0.99999996174436,0,0,0,0,2.37925288763241e-08,0,1.44631112332458e-08
2022-03-15,0.99999996174436,0,0,0,0,2.37925288763241e-08,0,1.44631112332458e-08
2022-03-16,0.99999996174436,0,0,0,0,2.37925288763241e-08,0,1.44631112332458e-08
2022-03-17,0.99999996174436,0,0,0,0,2.37925288763241e-08,0,1.44631112332458e-08
2022-03-18,0.99999996174436,0,0,0,0,2.37925288763241e-08,0,1.44631112332458e-08
2022-03-21,0.99999996174436,0,0,0,0,2.37925288763241e-08,0,1.44631112332458e-08
2022-03-22,0.99999996174436,0,0,0,0,2.37925288763241e-08,0,1.44631112332458e-08
2022-03-23,0.99999996174436,0,0,0,0,2.37925288763241e-08,0,1.44631112332458e-08
2022-03-24,0.99999996174436,0,0,0,0,2.37925288763241e-08,0,1.44631112332458e-08
2022-03-25,0.99999996174436,0,0,0,0,2.37925288763241e-08,0,1.44631112332458e-08
2022-03-28,0.99999996174436,0,0,0,0,2.37925288763241e-08,0,1.44631112332458e-08
2022-03-29,0.99999996174436,0,0,0,0,2.37925288763241e-08,0,1.44631112332458e-08
2022-03-30,0.99999996174436,0,0,0,0,2.37925288763241e-08,0,1.44631112332458e-08
2022-03-31,0.99999996174436,0,0,0,0,2.37925288763241e-08,0,1.44631112332458e-08
2022-04-01,0,0.263710274816983,0,0,0.243057330753183,0,0,0.493232394429834
2022-04-04,0,0.263710274816983,0,0,0.243057330753183,0,0,0.493232394429834
2022-04-05,0,0.263710274816983,0,0,0.243057330753183,0,0,0.493232394429834
2022-04-06,0,0.263710274816983,0,0,0.243057330753183,0,0,0.493232394429834
2022-04-07,0,0.263710274816983,0,0,0.243057330753183,0,0,0.493232394429834
2022-04-08,0,0.263710274816983,0,0,0.243057330753183,0,0,0.493232394429834
2022-04-11,0,0.263710274816983,0,0,0.243057330753183,0,0,0.493232394429834
2022-04-12,0,0.263710274816983,0,0,0.243057330753183,0,0,0.493232394429834
2022-04-13,0,0.263710274816983,0,0,0.243057330753183,0,0,0.493232394429834
2022-04-14,0,0.263710274816983,0,0,0.243057330753183,0,0,0.493232394429834
2022-04-18,0,0.263710274816983,0,0,0.243057330753183,0,0,0.493232394429834
2022-04-19,0,0.263710274816983,0,0,0.243057330753183,0,0,0.493232394429834
2022-04-20,0,0.263710274816983,0,0,0.243057330753183,0,0,0.493232394429834
2022-04-21,0,0.263710274816983,0,0,0.243057330753183,0,0,0.493232394429834
2022-04-22,0,0.263710274816983,0,0,0.243057330753183,0,0,0.493232394429834
2022-04-25,0,0.263710274816983,0,0,0.243057330753183,0,0,0.493232394429834
2022-04-26,0,0.263710274816983,0,0,0.243057330753183,0,0,0.493232394429834
2022-04-27,0,0.263710274816983,0,0,0.243057330753183,0,0,0.493232394429834
2022-04-28,0,0.263710274816983,0,0,0.243057330753183,0,0,0.493232394429834
2022-04-29,0,0.263710274816983,0,0,0.243057330753183,0,0,0.493232394429834
2022-05-02,0.999999959031231,0,0,0,1.77173802020168e-08,0,0,2.32513884656011e-08
2022-05-03,0.999999959031231,0,0,0,1.77173802020168e-08,0,0,2.32513884656011e-08
2022-05-04,0.999999959031231,0,0,0,1.77173802020168e-08,0,0,2.32513884656011e-08
2022-05-05,0.999999959031231,0,0,0,1.77173802020168e-08,0,0,2.32513884656011e-08
2022-05-06,0.999999959031231,0,0,0,1.77173802020168e-08,0,0,2.32513884656011e-08
2022-05-09,0.999999959031231,0,0,0,1.77173802020168e-08,0,0,2.32513884656011e-08
2022-05-10,0.999999959031231,0,0,0,1.77173802020168e-08,0,0,2.32513884656011e-08
2022-05-11,0.999999959031231,0,0,0,1.77173802020168e-08,0,0,2.32513884656011e-08
2022-05-12,0.999999959031231,0,0,0,1.77173802020168e-08,0,0,2.32513884656011e-08
2022-05-13,0.999999959031231,0,0,0,1.77173802020168e-08,0,0,2.32513884656011e-08
2022-05-16,0.999999959031231,0,0,0,1.77173802020168e-08,0,0,2.32513884656011e-08
2022-05-17,0.999999959031231,0,0,0,1.77173802020168e-08,0,0,2.32513884656011e-08
2022-05-18,0.999999959031231,0,0,0,1.77173802020168e-08,0,0,2.32513884656011e-08
2022-05-19,0.999999959031231,0,0,0,1.77173802020168e-08,0,0,2.32513884656011e-08
2022-05-20,0.999999959031231,0,0,0,1.77173802020168e-08,0,0,2.32513884656011e-08
2022-05-23,0.999999959031231,0,0,0,1.77173802020168e-08,0,0,2.32513884656011e-08
2022-05-24,0.999999959031231,0,0,0,1.77173802020168e-08,0,0,2.32513884656011e-08
2022-05-25,0.999999959031231,0,0,0,1.77173802020168e-08,0,0,2.32513884656011e-08
2022-05-26,0.999999959031231,0,0,0,1.77173802020168e-08,0,0,2.32513884656011e-08
2022-05-27,0.999999959031231,0,0,0,1.77173802020168e-08,0,0,2.32513884656011e-08
2022-05-31,0.999999959031231,0,0,0,1.77173802020168e-08,0,0,2.32513884656011e-08
2022-06-01,0.999999960074111,0,0,0,1.26619359486676e-08,0,0,2.72639532300911e-08
2022-06-02,0.999999960074111,0,0,0,1.26619359486676e-08,0,0,2.72639532300911e-08
2022-06-03,0.999999960074111,0,0,0,1.26619359486676e-08,0,0,2.72639532300911e-08
2022-06-06,0.999999960074111,0,0,0,1.26619359486676e-08,0,0,2.72639532300911e-08
2022-06-07,0.999999960074111,0,0,0,1.26619359486676e-08,0,0,2.72639532300911e-08
2022-06-08,0.999999960074111,0,0,0,1.26619359486676e-08,0,0,2.72639532300911e-08
2022-06-09,0.999999960074111,0,0,0,1.26619359486676e-08,0,0,2.72639532300911e-08
2022-06-10,0.999999960074111,0,0,0,1.26619359486676e-08,0,0,2.72639532300911e-08
2022-06-13,0.999999960074111,0,0,0,1.26619359486676e-08,0,0,2.72639532300911e-08
2022-06-14,0.999999960074111,0,0,0,1.26619359486676e-08,0,0,2.72639532300911e-08
2022-06-15,0.999999960074111,0,0,0,1.26619359486676e-08,0,0,2.72639532300911e-08
2022-06-16,0.999999960074111,0,0,0,1.26619359486676e-08,0,0,2.72639532300911e-08
2022-06-17,0.999999960074111,0,0,0,1.26619359486676e-08,0,0,2.72639532300911e-08
2022-06-21,0.999999960074111,0,0,0,1.26619359486676e-08,0,0,2.72639532300911e-08
2022-06-22,0.999999960074111,0,0,0,1.26619359486676e-08,0,0,2.72639532300911e-08
2022-06-23,0.999999960074111,0,0,0,1.26619359486676e-08,0,0,2.72639532300911e-08
2022-06-24,0.999999960074111,0,0,0,1.26619359486676e-08,0,0,2.72639532300911e-08
2022-06-27,0.999999960074111,0,0,0,1.26619359486676e-08,0,0,2.72639532300911e-08
2022-06-28,0.999999960074111,0,0,0,1.26619359486676e-08,0,0,2.72639532300911e-08
2022-06-29,0.999999960074111,0,0,0,1.26619359486676e-08,0,0,2.72639532300911e-08
2022-06-30,0.999999960074111,0,0,0,1.26619359486676e-08,0,0,2.72639532300911e-08
2022-07-01,0.999999971652679,0,0,0,0,1.60715615744714e-08,0,1.22757598528055e-08
2022-07-05,0.999999971652679,0,0,0,0,1.60715615744714e-08,0,1.22757598528055e-08
2022-07-06,0.999999971652679,0,0,0,0,1.60715615744714e-08,0,1.22757598528055e-08
2022-07-07,0.999999971652679,0,0,0,0,1.60715615744714e-08,0,1.22757598528055e-08
2022-07-08,0.999999971652679,0,0,0,0,1.60715615744714e-08,0,1.22757598528055e-08
2022-07-11,0.999999971652679,0,0,0,0,1.60715615744714e-08,0,1.22757598528055e-08
2022-07-12,0.999999971652679,0,0,0,0,1.60715615744714e-08,0,1.22757598528055e-08
2022-07-13,0.999999971652679,0,0,0,0,1.60715615744714e-08,0,1.22757598528055e-08
2022-07-14,0.999999971652679,0,0,0,0,1.60715615744714e-08,0,1.22757598528055e-08
2022-07-15,0.999999971652679,0,0,0,0,1.60715615744714e-08,0,1.22757598528055e-08
2022-07-18,0.999999971652679,0,0,0,0,1.60715615744714e-08,0,1.22757598528055e-08
2022-07-19,0.999999971652679,0,0,0,0,1.60715615744714e-08,0,1.22757598528055e-08
2022-07-20,0.999999971652679,0,0,0,0,1.60715615744714e-08,0,1.22757598528055e-08
2022-07-21,0.999999971652679,0,0,0,0,1.60715615744714e-08,0,1.22757598528055e-08
2022-07-22,0.999999971652679,0,0,0,0,1.60715615744714e-08,0,1.22757598528055e-08
2022-07-25,0.999999971652679,0,0,0,0,1.60715615744714e-08,0,1.22757598528055e-08
2022-07-26,0.999999971652679,0,0,0,0,1.60715615744714e-08,0,1.22757598528055e-08
2022-07-27,0.999999971652679,0,0,0,0,1.60715615744714e-08,0,1.22757598528055e-08
2022-07-28,0.999999971652679,0,0,0,0,1.60715615744714e-08,0,1.22757598528055e-08
2022-07-29,0.999999971652679,0,0,0,0,1.60715615744714e-08,0,1.22757598528055e-08
2022-08-01,0.999999950105063,0,0,0,1.809295849734e-08,0,0,3.18019788415799e-08
2022-08-02,0.999999950105063,0,0,0,1.809295849734e-08,0,0,3.18019788415799e-08
2022-08-03,0.999999950105063,0,0,0,1.809295849734e-08,0,0,3.18019788415799e-08
2022-08-04,0.999999950105063,0,0,0,1.809295849734e-08,0,0,3.18019788415799e-08
2022-08-05,0.999999950105063,0,0,0,1.809295849734e-08,0,0,3.18019788415799e-08
2022-08-08,0.999999950105063,0,0,0,1.809295849734e-08,0,0,3.18019788415799e-08
2022-08-09,0.999999950105063,0,0,0,1.809295849734e-08,0,0,3.18019788415799e-08
2022-08-10,0.999999950105063,0,0,0,1.809295849734e-08,0,0,3.18019788415799e-08
2022-08-11,0.999999950105063,0,0,0,1.809295849734e-08,0,0,3.18019788415799e-08
2022-08-12,0.999999950105063,0,0,0,1.809295849734e-08,0,0,3.18019788415799e-08
2022-08-15,0.999999950105063,0,0,0,1.809295849734e-08,0,0,3.18019788415799e-08
2022-08-16,0.999999950105063,0,0,0,1.809295849734e-08,0,0,3.18019788415799e-08
2022-08-17,0.999999950105063,0,0,0,1.809295849734e-08,0,0,3.18019788415799e-08
2022-08-18,0.999999950105063,0,0,0,1.809295849734e-08,0,0,3.18019788415799e-08
2022-08-19,0.999999950105063,0,0,0,1.809295849734e-08,0,0,3.18019788415799e-08
2022-08-22,0.999999950105063,0,0,0,1.809295849734e-08,0,0,3.18019788415799e-08
2022-08-23,0.999999950105063,0,0,0,1.809295849734e-08,0,0,3.18019788415799e-08
2022-08-24,0.999999950105063,0,0,0,1.809295849734e-08,0,0,3.18019788415799e-08
2022-08-25,0.999999950105063,0,0,0,1.809295849734e-08,0,0,3.18019788415799e-08
2022-08-26,0.999999950105063,0,0,0,1.809295849734e-08,0,0,3.18019788415799e-08
2022-08-29,0.999999950105063,0,0,0,1.809295849734e-08,0,0,3.18019788415799e-08
2022-08-30,0.999999950105063,0,0,0,1.809295849734e-08,0,0,3.18019788415799e-08
2022-08-31,0.999999950105063,0,0,0,1.809295849734e-08,0,0,3.18019788415799e-08
2022-09-01,0.999999969970514,1.44521061024161e-08,0,0,1.55773799615395e-08,0,0,0
2022-09-02,0.999999969970514,1.44521061024161e-08,0,0,1.55773799615395e-08,0,0,0
2022-09-06,0.999999969970514,1.44521061024161e-08,0,0,1.55773799615395e-08,0,0,0
2022-09-07,0.999999969970514,1.44521061024161e-08,0,0,1.55773799615395e-08,0,0,0
2022-09-08,0.999999969970514,1.44521061024161e-08,0,0,1.55773799615395e-08,0,0,0
2022-09-09,0.999999969970514,1.44521061024161e-08,0,0,1.55773799615395e-08,0,0,0
2022-09-12,0.999999969970514,1.44521061024161e-08,0,0,1.55773799615395e-08,0,0,0
2022-09-13,0.999999969970514,1.44521061024161e-08,0,0,1.55773799615395e-08,0,0,0
2022-09-14,0.999999969970514,1.44521061024161e-08,0,0,1.55773799615395e-08,0,0,0
2022-09-15,0.999999969970514,1.44521061024161e-08,0,0,1.55773799615395e-08,0,0,0
2022-09-16,0.999999969970514,1.44521061024161e-08,0,0,1.55773799615395e-08,0,0,0
2022-09-19,0.999999969970514,1.44521061024161e-08,0,0,1.55773799615395e-08,0,0,0
2022-09-20,0.999999969970514,1.44521061024161e-08,0,0,1.55773799615395e-08,0,0,0
2022-09-21,0.999999969970514,1.44521061024161e-08,0,0,1.55773799615395e-08,0,0,0
2022-09-22,0.999999969970514,1.44521061024161e-08,0,0,1.55773799615395e-08,0,0,0
2022-09-23,0.999999969970514,1.44521061024161e-08,0,0,1.55773799615395e-08,0,0,0
2022-09-26,0.999999969970514,1.44521061024161e-08,0,0,1.55773799615395e-08,0,0,0
2022-09-27,0.999999969970514,1.44521061024161e-08,0,0,1.55773799615395e-08,0,0,0
2022-09-28,0.999999969970514,1.44521061024161e-08,0,0,1.55773799615395e-08,0,0,0
2022-09-29,0.999999969970514,1.44521061024161e-08,0,0,1.55773799615395e-08,0,0,0
2022-09-30,0.999999969970514,1.44521061024161e-08,0,0,1.55773799615395e-08,0,0,0
2022-10-03,0.999999972531862,0,0,0,0,1.52544469571529e-08,0,1.22136906325117e-08
2022-10-04,0.999999972531862,0,0,0,0,1.52544469571529e-08,0,1.22136906325117e-08
2022-10-05,0.999999972531862,0,0,0,0,1.52544469571529e-08,0,1.22136906325117e-08
2022-10-06,0.999999972531862,0,0,0,0,1.52544469571529e-08,0,1.22136906325117e-08
2022-10-07,0.999999972531862,0,0,0,0,1.52544469571529e-08,0,1.22136906325117e-08
2022-10-10,0.999999972531862,0,0,0,0,1.52544469571529e-08,0,1.22136906325117e-08
2022-10-11,0.999999972531862,0,0,0,0,1.52544469571529e-08,0,1.22136906325117e-08
2022-10-12,0.999999972531862,0,0,0,0,1.52544469571529e-08,0,1.22136906325117e-08
2022-10-13,0.999999972531862,0,0,0,0,1.52544469571529e-08,0,1.22136906325117e-08
2022-10-14,0.999999972531862,0,0,0,0,1.52544469571529e-08,0,1.22136906325117e-08
2022-10-17,0.999999972531862,0,0,0,0,1.52544469571529e-08,0,1.22136906325117e-08
2022-10-18,0.999999972531862,0,0,0,0,1.52544469571529e-08,0,1.22136906325117e-08
2022-10-19,0.999999972531862,0,0,0,0,1.52544469571529e-08,0,1.22136906325117e-08
2022-10-20,0.999999972531862,0,0,0,0,1.52544469571529e-08,0,1.22136906325117e-08
2022-10-21,0.999999972531862,0,0,0,0,1.52544469571529e-08,0,1.22136906325117e-08
2022-10-24,0.999999972531862,0,0,0,0,1.52544469571529e-08,0,1.22136906325117e-08
2022-10-25,0.999999972531862,0,0,0,0,1.52544469571529e-08,0,1.22136906325117e-08
2022-10-26,0.999999972531862,0,0,0,0,1.52544469571529e-08,0,1.22136906325117e-08
2022-10-27,0.999999972531862,0,0,0,0,1.52544469571529e-08,0,1.22136906325117e-08
2022-10-28,0.999999972531862,0,0,0,0,1.52544469571529e-08,0,1.22136906325117e-08
2022-10-31,0.999999972531862,0,0,0,0,1.52544469571529e-08,0,1.22136906325117e-08
2022-11-01,0.999999960290805,1.21265249407784e-08,0,0,0,2.75826705091482e-08,0,0
2022-11-02,0.999999960290805,1.21265249407784e-08,0,0,0,2.75826705091482e-08,0,0
2022-11-03,0.999999960290805,1.21265249407784e-08,0,0,0,2.75826705091482e-08,0,0
2022-11-04,0.999999960290805,1.21265249407784e-08,0,0,0,2.75826705091482e-08,0,0
2022-11-07,0.999999960290805,1.21265249407784e-08,0,0,0,2.75826705091482e-08,0,0
2022-11-08,0.999999960290805,1.21265249407784e-08,0,0,0,2.75826705091482e-08,0,0
2022-11-09,0.999999960290805,1.21265249407784e-08,0,0,0,2.75826705091482e-08,0,0
2022-11-10,0.999999960290805,1.21265249407784e-08,0,0,0,2.75826705091482e-08,0,0
2022-11-11,0.999999960290805,1.21265249407784e-08,0,0,0,2.75826705091482e-08,0,0
2022-11-14,0.999999960290805,1.21265249407784e-08,0,0,0,2.75826705091482e-08,0,0
2022-11-15,0.999999960290805,1.21265249407784e-08,0,0,0,2.75826705091482e-08,0,0
2022-11-16,0.999999960290805,1.21265249407784e-08,0,0,0,2.75826705091482e-08,0,0
2022-11-17,0.999999960290805,1.21265249407784e-08,0,0,0,2.75826705091482e-08,0,0
2022-11-18,0.999999960290805,1.21265249407784e-08,0,0,0,2.75826705091482e-08,0,0
2022-11-21,0.999999960290805,1.21265249407784e-08,0,0,0,2.75826705091482e-08,0,0
2022-11-22,0.999999960290805,1.21265249407784e-08,0,0,0,2.75826705091482e-08,0,0
2022-11-23,0.999999960290805,1.21265249407784e-08,0,0,0,2.75826705091482e-08,0,0
2022-11-25,0.999999960290805,1.21265249407784e-08,0,0,0,2.75826705091482e-08,0,0
2022-11-28,0.999999960290805,1.21265249407784e-08,0,0,0,2.75826705091482e-08,0,0
2022-11-29,0.999999960290805,1.21265249407784e-08,0,0,0,2.75826705091482e-08,0,0
2022-11-30,0.999999960290805,1.21265249407784e-08,0,0,0,2.75826705091482e-08,0,0
2022-12-01,0.999999968972844,1.61216983081047e-08,1.49054576406179e-08,0,0,0,0,0
2022-12-02,0.999999968972844,1.61216983081047e-08,1.49054576406179e-08,0,0,0,0,0
2022-12-05,0.999999968972844,1.61216983081047e-08,1.49054576406179e-08,0,0,0,0,0
2022-12-06,0.999999968972844,1.61216983081047e-08,1.49054576406179e-08,0,0,0,0,0
2022-12-07,0.999999968972844,1.61216983081047e-08,1.49054576406179e-08,0,0,0,0,0
2022-12-08,0.999999968972844,1.61216983081047e-08,1.49054576406179e-08,0,0,0,0,0
2022-12-09,0.999999968972844,1.61216983081047e-08,1.49054576406179e-08,0,0,0,0,0
2022-12-12,0.999999968972844,1.61216983081047e-08,1.49054576406179e-08,0,0,0,0,0
2022-12-13,0.999999968972844,1.61216983081047e-08,1.49054576406179e-08,0,0,0,0,0
2022-12-14,0.999999968972844,1.61216983081047e-08,1.49054576406179e-08,0,0,0,0,0
2022-12-15,0.999999968972844,1.61216983081047e-08,1.49054576406179e-08,0,0,0,0,0
2022-12-16,0.999999968972844,1.61216983081047e-08,1.49054576406179e-08,0,0,0,0,0
2022-12-19,0.999999968972844,1.61216983081047e-08,1.49054576406179e-08,0,0,0,0,0
2022-12-20,0.999999968972844,1.61216983081047e-08,1.49054576406179e-08,0,0,0,0,0
2022-12-21,0.999999968972844,1.61216983081047e-08,1.49054576406179e-08,0,0,0,0,0
2022-12-22,0.999999968972844,1.61216983081047e-08,1.49054576406179e-08,0,0,0,0,0
2022-12-23,0.999999968972844,1.61216983081047e-08,1.49054576406179e-08,0,0,0,0,0
2022-12-27,0.999999968972844,1.61216983081047e-08,1.49054576406179e-08,0,0,0,0,0
2022-12-28,0.999999968972844,1.61216983081047e-08,1.49054576406179e-08,0,0,0,0,0
2022-12-29,0.999999968972844,1.61216983081047e-08,1.49054576406179e-08,0,0,0,0,0
2022-12-30,0.999999968972844,1.61216983081047e-08,1.49054576406179e-08,0,0,0,0,0
2023-01-03,0,0.294859021648962,0.27356951335417,0,0,0,0,0.431571464996868
2023-01-04,0,0.294859021648962,0.27356951335417,0,0,0,0,0.431571464996868
2023-01-05,0,0.294859021648962,0.27356951335417,0,0,0,0,0.431571464996868
2023-01-06,0,0.294859021648962,0.27356951335417,0,0,0,0,0.431571464996868
2023-01-09,0,0.294859021648962,0.27356951335417,0,0,0,0,0.431571464996868
2023-01-10,0,0.294859021648962,0.27356951335417,0,0,0,0,0.431571464996868
2023-01-11,0,0.294859021648962,0.27356951335417,0,0,0,0,0.431571464996868
2023-01-12,0,0.294859021648962,0.27356951335417,0,0,0,0,0.431571464996868
2023-01-13,0,0.294859021648962,0.27356951335417,0,0,0,0,0.431571464996868
2023-01-17,0,0.294859021648962,0.27356951335417,0,0,0,0,0.431571464996868
2023-01-18,0,0.294859021648962,0.27356951335417,0,0,0,0,0.431571464996868
2023-01-19,0,0.294859021648962,0.27356951335417,0,0,0,0,0.431571464996868
2023-01-20,0,0.294859021648962,0.27356951335417,0,0,0,0,0.431571464996868
2023-01-23,0,0.294859021648962,0.27356951335417,0,0,0,0,0.431571464996868
2023-01-24,0,0.294859021648962,0.27356951335417,0,0,0,0,0.431571464996868
2023-01-25,0,0.294859021648962,0.27356951335417,0,0,0,0,0.431571464996868
2023-01-26,0,0.294859021648962,0.27356951335417,0,0,0,0,0.431571464996868
2023-01-27,0,0.294859021648962,0.27356951335417,0,0,0,0,0.431571464996868
2023-01-30,0,0.294859021648962,0.27356951335417,0,0,0,0,0.431571464996868
2023-01-31,0,0.294859021648962,0.27356951335417,0,0,0,0,0.431571464996868
2023-02-01,0,0,0.314311890972836,0.293506990550068,0,0,0,0.392181118477097
2023-02-02,0,0,0.314311890972836,0.293506990550068,0,0,0,0.392181118477097
2023-02-03,0,0,0.314311890972836,0.293506990550068,0,0,0,0.392181118477097
2023-02-06,0,0,0.314311890972836,0.293506990550068,0,0,0,0.392181118477097
2023-02-07,0,0,0.314311890972836,0.293506990550068,0,0,0,0.392181118477097
2023-02-08,0,0,0.314311890972836,0.293506990550068,0,0,0,0.392181118477097
2023-02-09,0,0,0.314311890972836,0.293506990550068,0,0,0,0.392181118477097
2023-02-10,0,0,0.314311890972836,0.293506990550068,0,0,0,0.392181118477097
2023-02-13,0,0,0.314311890972836,0.293506990550068,0,0,0,0.392181118477097
2023-02-14,0,0,0.314311890972836,0.293506990550068,0,0,0,0.392181118477097
2023-02-15,0,0,0.314311890972836,0.293506990550068,0,0,0,0.392181118477097
2023-02-16,0,0,0.314311890972836,0.293506990550068,0,0,0,0.392181118477097
2023-02-17,0,0,0.314311890972836,0.293506990550068,0,0,0,0.392181118477097
2023-02-21,0,0,0.314311890972836,0.293506990550068,0,0,0,0.392181118477097
2023-02-22,0,0,0.314311890972836,0.293506990550068,0,0,0,0.392181118477097
2023-02-23,0,0,0.314311890972836,0.293506990550068,0,0,0,0.392181118477097
2023-02-24,0,0,0.314311890972836,0.293506990550068,0,0,0,0.392181118477097
2023-02-27,0,0,0.314311890972836,0.293506990550068,0,0,0,0.392181118477097
2023-02-28,0,0,0.314311890972836,0.293506990550068,0,0,0,0.392181118477097
2023-03-01,0,0.297185983625066,0.297485137259828,0,0,0,0,0.405328879115106
2023-03-02,0,0.297185983625066,0.297485137259828,0,0,0,0,0.405328879115106
2023-03-03,0,0.297185983625066,0.297485137259828,0,0,0,0,0.405328879115106
2023-03-06,0,0.297185983625066,0.297485137259828,0,0,0,0,0.405328879115106
2023-03-07,0,0.297185983625066,0.297485137259828,0,0,0,0,0.405328879115106
2023-03-08,0,0.297185983625066,0.297485137259828,0,0,0,0,0.405328879115106
2023-03-09,0,0.297185983625066,0.297485137259828,0,0,0,0,0.405328879115106
2023-03-10,0,0.297185983625066,0.297485137259828,0,0,0,0,0.405328879115106
2023-03-13,0,0.297185983625066,0.297485137259828,0,0,0,0,0.405328879115106
2023-03-14,0,0.297185983625066,0.297485137259828,0,0,0,0,0.405328879115106
2023-03-15,0,0.297185983625066,0.297485137259828,0,0,0,0,0.405328879115106
2023-03-16,0,0.297185983625066,0.297485137259828,0,0,0,0,0.405328879115106
2023-03-17,0,0.297185983625066,0.297485137259828,0,0,0,0,0.405328879115106
2023-03-20,0,0.297185983625066,0.297485137259828,0,0,0,0,0.405328879115106
2023-03-21,0,0.297185983625066,0.297485137259828,0,0,0,0,0.405328879115106
2023-03-22,0,0.297185983625066,0.297485137259828,0,0,0,0,0.405328879115106
2023-03-23,0,0.297185983625066,0.297485137259828,0,0,0,0,0.405328879115106
2023-03-24,0,0.297185983625066,0.297485137259828,0,0,0,0,0.405328879115106
2023-03-27,0,0.297185983625066,0.297485137259828,0,0,0,0,0.405328879115106
2023-03-28,0,0.297185983625066,0.297485137259828,0,0,0,0,0.405328879115106
2023-03-29,0,0.297185983625066,0.297485137259828,0,0,0,0,0.405328879115106
2023-03-30,0,0.297185983625066,0.297485137259828,0,0,0,0,0.405328879115106
2023-03-31,0,0.297185983625066,0.297485137259828,0,0,0,0,0.405328879115106
2023-04-03,0,0,0.480730127417761,0,0,0,0,0.519269872582239
2023-04-04,0,0,0.480730127417761,0,0,0,0,0.519269872582239
2023-04-05,0,0,0.480730127417761,0,0,0,0,0.519269872582239
2023-04-06,0,0,0.480730127417761,0,0,0,0,0.519269872582239
2023-04-10,0,0,0.480730127417761,0,0,0,0,0.519269872582239
2023-04-11,0,0,0.480730127417761,0,0,0,0,0.519269872582239
2023-04-12,0,0,0.480730127417761,0,0,0,0,0.519269872582239
2023-04-13,0,0,0.480730127417761,0,0,0,0,0.519269872582239
2023-04-14,0,0,0.480730127417761,0,0,0,0,0.519269872582239
2023-04-17,0,0,0.480730127417761,0,0,0,0,0.519269872582239
2023-04-18,0,0,0.480730127417761,0,0,0,0,0.519269872582239
2023-04-19,0,0,0.480730127417761,0,0,0,0,0.519269872582239
2023-04-20,0,0,0.480730127417761,0,0,0,0,0.519269872582239
2023-04-21,0,0,0.480730127417761,0,0,0,0,0.519269872582239
2023-04-24,0,0,0.480730127417761,0,0,0,0,0.519269872582239
2023-04-25,0,0,0.480730127417761,0,0,0,0,0.519269872582239
2023-04-26,0,0,0.480730127417761,0,0,0,0,0.519269872582239
2023-04-27,0,0,0.480730127417761,0,0,0,0,0.519269872582239
2023-04-28,0,0,0.480730127417761,0,0,0,0,0.519269872582239
2023-05-01,0,0,0.311799398594101,0.299221479069854,0,0,0,0.388979122336045
2023-05-02,0,0,0.311799398594101,0.299221479069854,0,0,0,0.388979122336045
2023-05-03,0,0,0.311799398594101,0.299221479069854,0,0,0,0.388979122336045
2023-05-04,0,0,0.311799398594101,0.299221479069854,0,0,0,0.388979122336045
2023-05-05,0,0,0.311799398594101,0.299221479069854,0,0,0,0.388979122336045
2023-05-08,0,0,0.311799398594101,0.299221479069854,0,0,0,0.388979122336045
2023-05-09,0,0,0.311799398594101,0.299221479069854,0,0,0,0.388979122336045
2023-05-10,0,0,0.311799398594101,0.299221479069854,0,0,0,0.388979122336045
2023-05-11,0,0,0.311799398594101,0.299221479069854,0,0,0,0.388979122336045
2023-05-12,0,0,0.311799398594101,0.299221479069854,0,0,0,0.388979122336045
2023-05-15,0,0,0.311799398594101,0.299221479069854,0,0,0,0.388979122336045
2023-05-16,0,0,0.311799398594101,0.299221479069854,0,0,0,0.388979122336045
2023-05-17,0,0,0.311799398594101,0.299221479069854,0,0,0,0.388979122336045
2023-05-18,0,0,0.311799398594101,0.299221479069854,0,0,0,0.388979122336045
2023-05-19,0,0,0.311799398594101,0.299221479069854,0,0,0,0.388979122336045
2023-05-22,0,0,0.311799398594101,0.299221479069854,0,0,0,0.388979122336045
2023-05-23,0,0,0.311799398594101,0.299221479069854,0,0,0,0.388979122336045
2023-05-24,0,0,0.311799398594101,0.299221479069854,0,0,0,0.388979122336045
2023-05-25,0,0,0.311799398594101,0.299221479069854,0,0,0,0.388979122336045
2023-05-26,0,0,0.311799398594101,0.299221479069854,0,0,0,0.388979122336045
2023-05-30,0,0,0.311799398594101,0.299221479069854,0,0,0,0.388979122336045
2023-05-31,0,0,0.311799398594101,0.299221479069854,0,0,0,0.388979122336045
2023-06-01,0,0.331489046891016,0.269757228706174,0,0,0,0,0.39875372440281
2023-06-02,0,0.331489046891016,0.269757228706174,0,0,0,0,0.39875372440281
2023-06-05,0,0.331489046891016,0.269757228706174,0,0,0,0,0.39875372440281
2023-06-06,0,0.331489046891016,0.269757228706174,0,0,0,0,0.39875372440281
2023-06-07,0,0.331489046891016,0.269757228706174,0,0,0,0,0.39875372440281
2023-06-08,0,0.331489046891016,0.269757228706174,0,0,0,0,0.39875372440281
2023-06-09,0,0.331489046891016,0.269757228706174,0,0,0,0,0.39875372440281
2023-06-12,0,0.331489046891016,0.269757228706174,0,0,0,0,0.39875372440281
2023-06-13,0,0.331489046891016,0.269757228706174,0,0,0,0,0.39875372440281
2023-06-14,0,0.331489046891016,0.269757228706174,0,0,0,0,0.39875372440281
2023-06-15,0,0.331489046891016,0.269757228706174,0,0,0,0,0.39875372440281
2023-06-16,0,0.331489046891016,0.269757228706174,0,0,0,0,0.39875372440281
2023-06-20,0,0.331489046891016,0.269757228706174,0,0,0,0,0.39875372440281
2023-06-21,0,0.331489046891016,0.269757228706174,0,0,0,0,0.39875372440281
2023-06-22,0,0.331489046891016,0.269757228706174,0,0,0,0,0.39875372440281
2023-06-23,0,0.331489046891016,0.269757228706174,0,0,0,0,0.39875372440281
2023-06-26,0,0.331489046891016,0.269757228706174,0,0,0,0,0.39875372440281
2023-06-27,0,0.331489046891016,0.269757228706174,0,0,0,0,0.39875372440281
2023-06-28,0,0.331489046891016,0.269757228706174,0,0,0,0,0.39875372440281
2023-06-29,0,0.331489046891016,0.269757228706174,0,0,0,0,0.39875372440281
2023-06-30,0,0.331489046891016,0.269757228706174,0,0,0,0,0.39875372440281
2023-07-03,0,0.528703981123971,0.471296018876029,0,0,0,0,0
2023-07-05,0,0.528703981123971,0.471296018876029,0,0,0,0,0
2023-07-06,0,0.528703981123971,0.471296018876029,0,0,0,0,0
2023-07-07,0,0.528703981123971,0.471296018876029,0,0,0,0,0
2023-07-10,0,0.528703981123971,0.471296018876029,0,0,0,0,0
2023-07-11,0,0.528703981123971,0.471296018876029,0,0,0,0,0
2023-07-12,0,0.528703981123971,0.471296018876029,0,0,0,0,0
2023-07-13,0,0.528703981123971,0.471296018876029,0,0,0,0,0
2023-07-14,0,0.528703981123971,0.471296018876029,0,0,0,0,0
2023-07-17,0,0.528703981123971,0.471296018876029,0,0,0,0,0
2023-07-18,0,0.528703981123971,0.471296018876029,0,0,0,0,0
2023-07-19,0,0.528703981123971,0.471296018876029,0,0,0,0,0
2023-07-20,0,0.528703981123971,0.471296018876029,0,0,0,0,0
2023-07-21,0,0.528703981123971,0.471296018876029,0,0,0,0,0
2023-07-24,0,0.528703981123971,0.471296018876029,0,0,0,0,0
2023-07-25,0,0.528703981123971,0.471296018876029,0,0,0,0,0
2023-07-26,0,0.528703981123971,0.471296018876029,0,0,0,0,0
2023-07-27,0,0.528703981123971,0.471296018876029,0,0,0,0,0
2023-07-28,0,0.528703981123971,0.471296018876029,0,0,0,0,0
2023-07-31,0,0.528703981123971,0.471296018876029,0,0,0,0,0
2023-08-01,0,0.374358617243985,0.238170836415708,0,0,0,0,0.387470546340308
2023-08-02,0,0.374358617243985,0.238170836415708,0,0,0,0,0.387470546340308
2023-08-03,0,0.374358617243985,0.238170836415708,0,0,0,0,0.387470546340308
2023-08-04,0,0.374358617243985,0.238170836415708,0,0,0,0,0.387470546340308
2023-08-07,0,0.374358617243985,0.238170836415708,0,0,0,0,0.387470546340308
2023-08-08,0,0.374358617243985,0.238170836415708,0,0,0,0,0.387470546340308
2023-08-09,0,0.374358617243985,0.238170836415708,0,0,0,0,0.387470546340308
2023-08-10,0,0.374358617243985,0.238170836415708,0,0,0,0,0.387470546340308
2023-08-11,0,0.374358617243985,0.238170836415708,0,0,0,0,0.387470546340308
2023-08-14,0,0.374358617243985,0.238170836415708,0,0,0,0,0.387470546340308
2023-08-15,0,0.374358617243985,0.238170836415708,0,0,0,0,0.387470546340308
2023-08-16,0,0.374358617243985,0.238170836415708,0,0,0,0,0.387470546340308
2023-08-17,0,0.374358617243985,0.238170836415708,0,0,0,0,0.387470546340308
2023-08-18,0,0.374358617243985,0.238170836415708,0,0,0,0,0.387470546340308
2023-08-21,0,0.374358617243985,0.238170836415708,0,0,0,0,0.387470546340308
2023-08-22,0,0.374358617243985,0.238170836415708,0,0,0,0,0.387470546340308
2023-08-23,0,0.374358617243985,0.238170836415708,0,0,0,0,0.387470546340308
2023-08-24,0,0.374358617243985,0.238170836415708,0,0,0,0,0.387470546340308
2023-08-25,0,0.374358617243985,0.238170836415708,0,0,0,0,0.387470546340308
2023-08-28,0,0.374358617243985,0.238170836415708,0,0,0,0,0.387470546340308
2023-08-29,0,0.374358617243985,0.238170836415708,0,0,0,0,0.387470546340308
2023-08-30,0,0.374358617243985,0.238170836415708,0,0,0,0,0.387470546340308
2023-08-31,0,0.374358617243985,0.238170836415708,0,0,0,0,0.387470546340308
2023-09-01,0,0.330003080070958,0.247013526621847,0,0,0,0,0.422983393307195
2023-09-05,0,0.330003080070958,0.247013526621847,0,0,0,0,0.422983393307195
2023-09-06,0,0.330003080070958,0.247013526621847,0,0,0,0,0.422983393307195
2023-09-07,0,0.330003080070958,0.247013526621847,0,0,0,0,0.422983393307195
2023-09-08,0,0.330003080070958,0.247013526621847,0,0,0,0,0.422983393307195
2023-09-11,0,0.330003080070958,0.247013526621847,0,0,0,0,0.422983393307195
2023-09-12,0,0.330003080070958,0.247013526621847,0,0,0,0,0.422983393307195
2023-09-13,0,0.330003080070958,0.247013526621847,0,0,0,0,0.422983393307195
2023-09-14,0,0.330003080070958,0.247013526621847,0,0,0,0,0.422983393307195
2023-09-15,0,0.330003080070958,0.247013526621847,0,0,0,0,0.422983393307195
2023-09-18,0,0.330003080070958,0.247013526621847,0,0,0,0,0.422983393307195
2023-09-19,0,0.330003080070958,0.247013526621847,0,0,0,0,0.422983393307195
2023-09-20,0,0.330003080070958,0.247013526621847,0,0,0,0,0.422983393307195
2023-09-21,0,0.330003080070958,0.247013526621847,0,0,0,0,0.422983393307195
2023-09-22,0,0.330003080070958,0.247013526621847,0,0,0,0,0.422983393307195
2023-09-25,0,0.330003080070958,0.247013526621847,0,0,0,0,0.422983393307195
2023-09-26,0,0.330003080070958,0.247013526621847,0,0,0,0,0.422983393307195
2023-09-27,0,0.330003080070958,0.247013526621847,0,0,0,0,0.422983393307195
2023-09-28,0,0.330003080070958,0.247013526621847,0,0,0,0,0.422983393307195
2023-09-29,0,0.330003080070958,0.247013526621847,0,0,0,0,0.422983393307195
2023-10-02,0.999999974955609,1.35460696588528e-08,0,1.14983210435284e-08,0,0,0,0
2023-10-03,0.999999974955609,1.35460696588528e-08,0,1.14983210435284e-08,0,0,0,0
2023-10-04,0.999999974955609,1.35460696588528e-08,0,1.14983210435284e-08,0,0,0,0
2023-10-05,0.999999974955609,1.35460696588528e-08,0,1.14983210435284e-08,0,0,0,0
2023-10-06,0.999999974955609,1.35460696588528e-08,0,1.14983210435284e-08,0,0,0,0
2023-10-09,0.999999974955609,1.35460696588528e-08,0,1.14983210435284e-08,0,0,0,0
2023-10-10,0.999999974955609,1.35460696588528e-08,0,1.14983210435284e-08,0,0,0,0
2023-10-11,0.999999974955609,1.35460696588528e-08,0,1.14983210435284e-08,0,0,0,0
2023-10-12,0.999999974955609,1.35460696588528e-08,0,1.14983210435284e-08,0,0,0,0
2023-10-13,0.999999974955609,1.35460696588528e-08,0,1.14983210435284e-08,0,0,0,0
2023-10-16,0.999999974955609,1.35460696588528e-08,0,1.14983210435284e-08,0,0,0,0
2023-10-17,0.999999974955609,1.35460696588528e-08,0,1.14983210435284e-08,0,0,0,0
2023-10-18,0.999999974955609,1.35460696588528e-08,0,1.14983210435284e-08,0,0,0,0
2023-10-19,0.999999974955609,1.35460696588528e-08,0,1.14983210435284e-08,0,0,0,0
2023-10-20,0.999999974955609,1.35460696588528e-08,0,1.14983210435284e-08,0,0,0,0
2023-10-23,0.999999974955609,1.35460696588528e-08,0,1.14983210435284e-08,0,0,0,0
2023-10-24,0.999999974955609,1.35460696588528e-08,0,1.14983210435284e-08,0,0,0,0
2023-10-25,0.999999974955609,1.35460696588528e-08,0,1.14983210435284e-08,0,0,0,0
2023-10-26,0.999999974955609,1.35460696588528e-08,0,1.14983210435284e-08,0,0,0,0
2023-10-27,0.999999974955609,1.35460696588528e-08,0,1.14983210435284e-08,0,0,0,0
2023-10-30,0.999999974955609,1.35460696588528e-08,0,1.14983210435284e-08,0,0,0,0
2023-10-31,0.999999974955609,1.35460696588528e-08,0,1.14983210435284e-08,0,0,0,0
2023-11-01,0.999999965497696,1.74996513611605e-08,0,0,0,0,0,1.70026523732018e-08
2023-11-02,0.999999965497696,1.74996513611605e-08,0,0,0,0,0,1.70026523732018e-08
2023-11-03,0.999999965497696,1.74996513611605e-08,0,0,0,0,0,1.70026523732018e-08
2023-11-06,0.999999965497696,1.74996513611605e-08,0,0,0,0,0,1.70026523732018e-08
2023-11-07,0.999999965497696,1.74996513611605e-08,0,0,0,0,0,1.70026523732018e-08
2023-11-08,0.999999965497696,1.74996513611605e-08,0,0,0,0,0,1.70026523732018e-08
2023-11-09,0.999999965497696,1.74996513611605e-08,0,0,0,0,0,1.70026523732018e-08
2023-11-10,0.999999965497696,1.74996513611605e-08,0,0,0,0,0,1.70026523732018e-08
2023-11-13,0.999999965497696,1.74996513611605e-08,0,0,0,0,0,1.70026523732018e-08
2023-11-14,0.999999965497696,1.74996513611605e-08,0,0,0,0,0,1.70026523732018e-08
2023-11-15,0.999999965497696,1.74996513611605e-08,0,0,0,0,0,1.70026523732018e-08
2023-11-16,0.999999965497696,1.74996513611605e-08,0,0,0,0,0,1.70026523732018e-08
2023-11-17,0.999999965497696,1.74996513611605e-08,0,0,0,0,0,1.70026523732018e-08
2023-11-20,0.999999965497696,1.74996513611605e-08,0,0,0,0,0,1.70026523732018e-08
2023-11-21,0.999999965497696,1.74996513611605e-08,0,0,0,0,0,1.70026523732018e-08
2023-11-22,0.999999965497696,1.74996513611605e-08,0,0,0,0,0,1.70026523732018e-08
2023-11-24,0.999999965497696,1.74996513611605e-08,0,0,0,0,0,1.70026523732018e-08
2023-11-27,0.999999965497696,1.74996513611605e-08,0,0,0,0,0,1.70026523732018e-08
2023-11-28,0.999999965497696,1.74996513611605e-08,0,0,0,0,0,1.70026523732018e-08
2023-11-29,0.999999965497696,1.74996513611605e-08,0,0,0,0,0,1.70026523732018e-08
2023-11-30,0.999999965497696,1.74996513611605e-08,0,0,0,0,0,1.70026523732018e-08
2023-12-01,0,0.282979650892089,0.266434793576367,0,0,0,0,0.450585555531544
2023-12-04,0,0.282979650892089,0.266434793576367,0,0,0,0,0.450585555531544
2023-12-05,0,0.282979650892089,0.266434793576367,0,0,0,0,0.450585555531544
2023-12-06,0,0.282979650892089,0.266434793576367,0,0,0,0,0.450585555531544
2023-12-07,0,0.282979650892089,0.266434793576367,0,0,0,0,0.450585555531544
2023-12-08,0,0.282979650892089,0.266434793576367,0,0,0,0,0.450585555531544
2023-12-11,0,0.282979650892089,0.266434793576367,0,0,0,0,0.450585555531544
2023-12-12,0,0.282979650892089,0.266434793576367,0,0,0,0,0.450585555531544
2023-12-13,0,0.282979650892089,0.266434793576367,0,0,0,0,0.450585555531544
2023-12-14,0,0.282979650892089,0.266434793576367,0,0,0,0,0.450585555531544
2023-12-15,0,0.282979650892089,0.266434793576367,0,0,0,0,0.450585555531544
2023-12-18,0,0.282979650892089,0.266434793576367,0,0,0,0,0.450585555531544
2023-12-19,0,0.282979650892089,0.266434793576367,0,0,0,0,0.450585555531544
2023-12-20,0,0.282979650892089,0.266434793576367,0,0,0,0,0.450585555531544
2023-12-21,0,0.282979650892089,0.266434793576367,0,0,0,0,0.450585555531544
2023-12-22,0,0.282979650892089,0.266434793576367,0,0,0,0,0.450585555531544
2023-12-26,0,0.282979650892089,0.266434793576367,0,0,0,0,0.450585555531544
2023-12-27,0,0.282979650892089,0.266434793576367,0,0,0,0,0.450585555531544
2023-12-28,0,0.282979650892089,0.266434793576367,0,0,0,0,0.450585555531544
2023-12-29,0,0.282979650892089,0.266434793576367,0,0,0,0,0.450585555531544
2024-01-02,0,0.416686468781037,0.369636230306346,0,0.213677300912617,0,0,0
2024-01-03,0,0.416686468781037,0.369636230306346,0,0.213677300912617,0,0,0
2024-01-04,0,0.416686468781037,0.369636230306346,0,0.213677300912617,0,0,0
2024-01-05,0,0.416686468781037,0.369636230306346,0,0.213677300912617,0,0,0
2024-01-08,0,0.416686468781037,0.369636230306346,0,0.213677300912617,0,0,0
2024-01-09,0,0.416686468781037,0.369636230306346,0,0.213677300912617,0,0,0
2024-01-10,0,0.416686468781037,0.369636230306346,0,0.213677300912617,0,0,0
2024-01-11,0,0.416686468781037,0.369636230306346,0,0.213677300912617,0,0,0
2024-01-12,0,0.416686468781037,0.369636230306346,0,0.213677300912617,0,0,0
2024-01-16,0,0.416686468781037,0.369636230306346,0,0.213677300912617,0,0,0
2024-01-17,0,0.416686468781037,0.369636230306346,0,0.213677300912617,0,0,0
2024-01-18,0,0.416686468781037,0.369636230306346,0,0.213677300912617,0,0,0
2024-01-19,0,0.416686468781037,0.369636230306346,0,0.213677300912617,0,0,0
2024-01-22,0,0.416686468781037,0.369636230306346,0,0.213677300912617,0,0,0
2024-01-23,0,0.416686468781037,0.369636230306346,0,0.213677300912617,0,0,0
2024-01-24,0,0.416686468781037,0.369636230306346,0,0.213677300912617,0,0,0
2024-01-25,0,0.416686468781037,0.369636230306346,0,0.213677300912617,0,0,0
2024-01-26,0,0.416686468781037,0.369636230306346,0,0.213677300912617,0,0,0
2024-01-29,0,0.416686468781037,0.369636230306346,0,0.213677300912617,0,0,0
2024-01-30,0,0.416686468781037,0.369636230306346,0,0.213677300912617,0,0,0
2024-01-31,0,0.416686468781037,0.369636230306346,0,0.213677300912617,0,0,0
2024-02-01,0,0.366788147596635,0.30786308975309,0,0,0,0,0.325348762650275
2024-02-02,0,0.366788147596635,0.30786308975309,0,0,0,0,0.325348762650275
2024-02-05,0,0.366788147596635,0.30786308975309,0,0,0,0,0.325348762650275
2024-02-06,0,0.366788147596635,0.30786308975309,0,0,0,0,0.325348762650275
2024-02-07,0,0.366788147596635,0.30786308975309,0,0,0,0,0.325348762650275
2024-02-08,0,0.366788147596635,0.30786308975309,0,0,0,0,0.325348762650275
2024-02-09,0,0.366788147596635,0.30786308975309,0,0,0,0,0.325348762650275
2024-02-12,0,0.366788147596635,0.30786308975309,0,0,0,0,0.325348762650275
2024-02-13,0,0.366788147596635,0.30786308975309,0,0,0,0,0.325348762650275
2024-02-14,0,0.366788147596635,0.30786308975309,0,0,0,0,0.325348762650275
2024-02-15,0,0.366788147596635,0.30786308975309,0,0,0,0,0.325348762650275
2024-02-16,0,0.366788147596635,0.30786308975309,0,0,0,0,0.325348762650275
2024-02-20,0,0.366788147596635,0.30786308975309,0,0,0,0,0.325348762650275
2024-02-21,0,0.366788147596635,0.30786308975309,0,0,0,0,0.325348762650275
2024-02-22,0,0.366788147596635,0.30786308975309,0,0,0,0,0.325348762650275
2024-02-23,0,0.366788147596635,0.30786308975309,0,0,0,0,0.325348762650275
2024-02-26,0,0.366788147596635,0.30786308975309,0,0,0,0,0.325348762650275
2024-02-27,0,0.366788147596635,0.30786308975309,0,0,0,0,0.325348762650275
2024-02-28,0,0.366788147596635,0.30786308975309,0,0,0,0,0.325348762650275
2024-02-29,0,0.366788147596635,0.30786308975309,0,0,0,0,0.325348762650275
2024-03-01,0,0.379807809019573,0.357106564246806,0,0.263085626733621,0,0,0
2024-03-04,0,0.379807809019573,0.357106564246806,0,0.263085626733621,0,0,0
2024-03-05,0,0.379807809019573,0.357106564246806,0,0.263085626733621,0,0,0
2024-03-06,0,0.379807809019573,0.357106564246806,0,0.263085626733621,0,0,0
2024-03-07,0,0.379807809019573,0.357106564246806,0,0.263085626733621,0,0,0
2024-03-08,0,0.379807809019573,0.357106564246806,0,0.263085626733621,0,0,0
2024-03-11,0,0.379807809019573,0.357106564246806,0,0.263085626733621,0,0,0
2024-03-12,0,0.379807809019573,0.357106564246806,0,0.263085626733621,0,0,0
2024-03-13,0,0.379807809019573,0.357106564246806,0,0.263085626733621,0,0,0
2024-03-14,0,0.379807809019573,0.357106564246806,0,0.263085626733621,0,0,0
2024-03-15,0,0.379807809019573,0.357106564246806,0,0.263085626733621,0,0,0
2024-03-18,0,0.379807809019573,0.357106564246806,0,0.263085626733621,0,0,0
2024-03-19,0,0.379807809019573,0.357106564246806,0,0.263085626733621,0,0,0
2024-03-20,0,0.379807809019573,0.357106564246806,0,0.263085626733621,0,0,0
2024-03-21,0,0.379807809019573,0.357106564246806,0,0.263085626733621,0,0,0
2024-03-22,0,0.379807809019573,0.357106564246806,0,0.263085626733621,0,0,0
2024-03-25,0,0.379807809019573,0.357106564246806,0,0.263085626733621,0,0,0
2024-03-26,0,0.379807809019573,0.357106564246806,0,0.263085626733621,0,0,0
2024-03-27,0,0.379807809019573,0.357106564246806,0,0.263085626733621,0,0,0
2024-03-28,0,0.379807809019573,0.357106564246806,0,0.263085626733621,0,0,0
2024-04-01,0,0.326785569535543,0.295459460130971,0,0,0,0,0.377754970333486
2024-04-02,0,0.326785569535543,0.295459460130971,0,0,0,0,0.377754970333486
2024-04-03,0,0.326785569535543,0.295459460130971,0,0,0,0,0.377754970333486
2024-04-04,0,0.326785569535543,0.295459460130971,0,0,0,0,0.377754970333486
2024-04-05,0,0.326785569535543,0.295459460130971,0,0,0,0,0.377754970333486
2024-04-08,0,0.326785569535543,0.295459460130971,0,0,0,0,0.377754970333486
2024-04-09,0,0.326785569535543,0.295459460130971,0,0,0,0,0.377754970333486
2024-04-10,0,0.326785569535543,0.295459460130971,0,0,0,0,0.377754970333486
2024-04-11,0,0.326785569535543,0.295459460130971,0,0,0,0,0.377754970333486
2024-04-12,0,0.326785569535543,0.295459460130971,0,0,0,0,0.377754970333486
2024-04-15,0,0.326785569535543,0.295459460130971,0,0,0,0,0.377754970333486
2024-04-16,0,0.326785569535543,0.295459460130971,0,0,0,0,0.377754970333486
2024-04-17,0,0.326785569535543,0.295459460130971,0,0,0,0,0.377754970333486
2024-04-18,0,0.326785569535543,0.295459460130971,0,0,0,0,0.377754970333486
2024-04-19,0,0.326785569535543,0.295459460130971,0,0,0,0,0.377754970333486
2024-04-22,0,0.326785569535543,0.295459460130971,0,0,0,0,0.377754970333486
2024-04-23,0,0.326785569535543,0.295459460130971,0,0,0,0,0.377754970333486
2024-04-24,0,0.326785569535543,0.295459460130971,0,0,0,0,0.377754970333486
2024-04-25,0,0.326785569535543,0.295459460130971,0,0,0,0,0.377754970333486
2024-04-26,0,0.326785569535543,0.295459460130971,0,0,0,0,0.377754970333486
2024-04-29,0,0.326785569535543,0.295459460130971,0,0,0,0,0.377754970333486
2024-04-30,0,0.326785569535543,0.295459460130971,0,0,0,0,0.377754970333486
2024-05-01,0,0.34061483565802,0.343599098016146,0,0,0,0,0.315786066325834
2024-05-02,0,0.34061483565802,0.343599098016146,0,0,0,0,0.315786066325834
2024-05-03,0,0.34061483565802,0.343599098016146,0,0,0,0,0.315786066325834
2024-05-06,0,0.34061483565802,0.343599098016146,0,0,0,0,0.315786066325834
2024-05-07,0,0.34061483565802,0.343599098016146,0,0,0,0,0.315786066325834
2024-05-08,0,0.34061483565802,0.343599098016146,0,0,0,0,0.315786066325834
2024-05-09,0,0.34061483565802,0.343599098016146,0,0,0,0,0.315786066325834
2024-05-10,0,0.34061483565802,0.343599098016146,0,0,0,0,0.315786066325834
2024-05-13,0,0.34061483565802,0.343599098016146,0,0,0,0,0.315786066325834
2024-05-14,0,0.34061483565802,0.343599098016146,0,0,0,0,0.315786066325834
2024-05-15,0,0.34061483565802,0.343599098016146,0,0,0,0,0.315786066325834
2024-05-16,0,0.34061483565802,0.343599098016146,0,0,0,0,0.315786066325834
2024-05-17,0,0.34061483565802,0.343599098016146,0,0,0,0,0.315786066325834
2024-05-20,0,0.34061483565802,0.343599098016146,0,0,0,0,0.315786066325834
2024-05-21,0,0.34061483565802,0.343599098016146,0,0,0,0,0.315786066325834
2024-05-22,0,0.34061483565802,0.343599098016146,0,0,0,0,0.315786066325834
2024-05-23,0,0.34061483565802,0.343599098016146,0,0,0,0,0.315786066325834
2024-05-24,0,0.34061483565802,0.343599098016146,0,0,0,0,0.315786066325834
2024-05-28,0,0.34061483565802,0.343599098016146,0,0,0,0,0.315786066325834
2024-05-29,0,0.34061483565802,0.343599098016146,0,0,0,0,0.315786066325834
2024-05-30,0,0.34061483565802,0.343599098016146,0,0,0,0,0.315786066325834
2024-05-31,0,0.34061483565802,0.343599098016146,0,0,0,0,0.315786066325834
2024-06-03,0,0.359190970523877,0.348310617587744,0,0,0,0,0.292498411888379
2024-06-04,0,0.359190970523877,0.348310617587744,0,0,0,0,0.292498411888379
2024-06-05,0,0.359190970523877,0.348310617587744,0,0,0,0,0.292498411888379
2024-06-06,0,0.359190970523877,0.348310617587744,0,0,0,0,0.292498411888379
2024-06-07,0,0.359190970523877,0.348310617587744,0,0,0,0,0.292498411888379
2024-06-10,0,0.359190970523877,0.348310617587744,0,0,0,0,0.292498411888379
2024-06-11,0,0.359190970523877,0.348310617587744,0,0,0,0,0.292498411888379
2024-06-12,0,0.359190970523877,0.348310617587744,0,0,0,0,0.292498411888379
2024-06-13,0,0.359190970523877,0.348310617587744,0,0,0,0,0.292498411888379
2024-06-14,0,0.359190970523877,0.348310617587744,0,0,0,0,0.292498411888379
2024-06-17,0,0.359190970523877,0.348310617587744,0,0,0,0,0.292498411888379
2024-06-18,0,0.359190970523877,0.348310617587744,0,0,0,0,0.292498411888379
2024-06-20,0,0.359190970523877,0.348310617587744,0,0,0,0,0.292498411888379
2024-06-21,0,0.359190970523877,0.348310617587744,0,0,0,0,0.292498411888379
2024-06-24,0,0.359190970523877,0.348310617587744,0,0,0,0,0.292498411888379
2024-06-25,0,0.359190970523877,0.348310617587744,0,0,0,0,0.292498411888379
2024-06-26,0,0.359190970523877,0.348310617587744,0,0,0,0,0.292498411888379
2024-06-27,0,0.359190970523877,0.348310617587744,0,0,0,0,0.292498411888379
2024-06-28,0,0.359190970523877,0.348310617587744,0,0,0,0,0.292498411888379
2024-07-01,0,0.450407501581495,0,0.308562610093161,0,0,0,0.241029888325344
2024-07-02,0,0.450407501581495,0,0.308562610093161,0,0,0,0.241029888325344
2024-07-03,0,0.450407501581495,0,0.308562610093161,0,0,0,0.241029888325344
2024-07-05,0,0.450407501581495,0,0.308562610093161,0,0,0,0.241029888325344
2024-07-08,0,0.450407501581495,0,0.308562610093161,0,0,0,0.241029888325344
2024-07-09,0,0.450407501581495,0,0.308562610093161,0,0,0,0.241029888325344
2024-07-10,0,0.450407501581495,0,0.308562610093161,0,0,0,0.241029888325344
2024-07-11,0,0.450407501581495,0,0.308562610093161,0,0,0,0.241029888325344
2024-07-12,0,0.450407501581495,0,0.308562610093161,0,0,0,0.241029888325344
2024-07-15,0,0.450407501581495,0,0.308562610093161,0,0,0,0.241029888325344
2024-07-16,0,0.450407501581495,0,0.308562610093161,0,0,0,0.241029888325344
2024-07-17,0,0.450407501581495,0,0.308562610093161,0,0,0,0.241029888325344
2024-07-18,0,0.450407501581495,0,0.308562610093161,0,0,0,0.241029888325344
2024-07-19,0,0.450407501581495,0,0.308562610093161,0,0,0,0.241029888325344
2024-07-22,0,0.450407501581495,0,0.308562610093161,0,0,0,0.241029888325344
2024-07-23,0,0.450407501581495,0,0.308562610093161,0,0,0,0.241029888325344
2024-07-24,0,0.450407501581495,0,0.308562610093161,0,0,0,0.241029888325344
2024-07-25,0,0.450407501581495,0,0.308562610093161,0,0,0,0.241029888325344
2024-07-26,0,0.450407501581495,0,0.308562610093161,0,0,0,0.241029888325344
2024-07-29,0,0.450407501581495,0,0.308562610093161,0,0,0,0.241029888325344
2024-07-30,0,0.450407501581495,0,0.308562610093161,0,0,0,0.241029888325344
2024-07-31,0,0.450407501581495,0,0.308562610093161,0,0,0,0.241029888325344
2024-08-01,0,0.419097003415804,0,0.302909334702677,0,0,0,0.277993661881519
2024-08-02,0,0.419097003415804,0,0.302909334702677,0,0,0,0.277993661881519
2024-08-05,0,0.419097003415804,0,0.302909334702677,0,0,0,0.277993661881519
2024-08-06,0,0.419097003415804,0,0.302909334702677,0,0,0,0.277993661881519
2024-08-07,0,0.419097003415804,0,0.302909334702677,0,0,0,0.277993661881519
2024-08-08,0,0.419097003415804,0,0.302909334702677,0,0,0,0.277993661881519
2024-08-09,0,0.419097003415804,0,0.302909334702677,0,0,0,0.277993661881519
2024-08-12,0,0.419097003415804,0,0.302909334702677,0,0,0,0.277993661881519
2024-08-13,0,0.419097003415804,0,0.302909334702677,0,0,0,0.277993661881519
2024-08-14,0,0.419097003415804,0,0.302909334702677,0,0,0,0.277993661881519
2024-08-15,0,0.419097003415804,0,0.302909334702677,0,0,0,0.277993661881519
2024-08-16,0,0.419097003415804,0,0.302909334702677,0,0,0,0.277993661881519
2024-08-19,0,0.419097003415804,0,0.302909334702677,0,0,0,0.277993661881519
2024-08-20,0,0.419097003415804,0,0.302909334702677,0,0,0,0.277993661881519
2024-08-21,0,0.419097003415804,0,0.302909334702677,0,0,0,0.277993661881519
2024-08-22,0,0.419097003415804,0,0.302909334702677,0,0,0,0.277993661881519
2024-08-23,0,0.419097003415804,0,0.302909334702677,0,0,0,0.277993661881519
2024-08-26,0,0.419097003415804,0,0.302909334702677,0,0,0,0.277993661881519
2024-08-27,0,0.419097003415804,0,0.302909334702677,0,0,0,0.277993661881519
2024-08-28,0,0.419097003415804,0,0.302909334702677,0,0,0,0.277993661881519
2024-08-29,0,0.419097003415804,0,0.302909334702677,0,0,0,0.277993661881519
2024-08-30,0,0.419097003415804,0,0.302909334702677,0,0,0,0.277993661881519
2024-09-03,0,0.300329859808769,0,0,0.349324128661387,0,0,0.350346011529844
2024-09-04,0,0.300329859808769,0,0,0.349324128661387,0,0,0.350346011529844
2024-09-05,0,0.300329859808769,0,0,0.349324128661387,0,0,0.350346011529844
2024-09-06,0,0.300329859808769,0,0,0.349324128661387,0,0,0.350346011529844
2024-09-09,0,0.300329859808769,0,0,0.349324128661387,0,0,0.350346011529844
2024-09-10,0,0.300329859808769,0,0,0.349324128661387,0,0,0.350346011529844
2024-09-11,0,0.300329859808769,0,0,0.349324128661387,0,0,0.350346011529844
2024-09-12,0,0.300329859808769,0,0,0.349324128661387,0,0,0.350346011529844
2024-09-13,0,0.300329859808769,0,0,0.349324128661387,0,0,0.350346011529844
2024-09-16,0,0.300329859808769,0,0,0.349324128661387,0,0,0.350346011529844
2024-09-17,0,0.300329859808769,0,0,0.349324128661387,0,0,0.350346011529844
2024-09-18,0,0.300329859808769,0,0,0.349324128661387,0,0,0.350346011529844
2024-09-19,0,0.300329859808769,0,0,0.349324128661387,0,0,0.350346011529844
2024-09-20,0,0.300329859808769,0,0,0.349324128661387,0,0,0.350346011529844
2024-09-23,0,0.300329859808769,0,0,0.349324128661387,0,0,0.350346011529844
2024-09-24,0,0.300329859808769,0,0,0.349324128661387,0,0,0.350346011529844
2024-09-25,0,0.300329859808769,0,0,0.349324128661387,0,0,0.350346011529844
2024-09-26,0,0.300329859808769,0,0,0.349324128661387,0,0,0.350346011529844
2024-09-27,0,0.300329859808769,0,0,0.349324128661387,0,0,0.350346011529844
2024-09-30,0,0.300329859808769,0,0,0.349324128661387,0,0,0.350346011529844
2024-10-01,0,0.266392552982145,0,0,0.355774291128734,0,0,0.377833155889121
2024-10-02,0,0.266392552982145,0,0,0.355774291128734,0,0,0.377833155889121
2024-10-03,0,0.266392552982145,0,0,0.355774291128734,0,0,0.377833155889121
2024-10-04,0,0.266392552982145,0,0,0.355774291128734,0,0,0.377833155889121
2024-10-07,0,0.266392552982145,0,0,0.355774291128734,0,0,0.377833155889121
2024-10-08,0,0.266392552982145,0,0,0.355774291128734,0,0,0.377833155889121
2024-10-09,0,0.266392552982145,0,0,0.355774291128734,0,0,0.377833155889121
2024-10-10,0,0.266392552982145,0,0,0.355774291128734,0,0,0.377833155889121
2024-10-11,0,0.266392552982145,0,0,0.355774291128734,0,0,0.377833155889121
2024-10-14,0,0.266392552982145,0,0,0.355774291128734,0,0,0.377833155889121
2024-10-15,0,0.266392552982145,0,0,0.355774291128734,0,0,0.377833155889121
2024-10-16,0,0.266392552982145,0,0,0.355774291128734,0,0,0.377833155889121
2024-10-17,0,0.266392552982145,0,0,0.355774291128734,0,0,0.377833155889121
2024-10-18,0,0.266392552982145,0,0,0.355774291128734,0,0,0.377833155889121
2024-10-21,0,0.266392552982145,0,0,0.355774291128734,0,0,0.377833155889121
2024-10-22,0,0.266392552982145,0,0,0.355774291128734,0,0,0.377833155889121
2024-10-23,0,0.266392552982145,0,0,0.355774291128734,0,0,0.377833155889121
2024-10-24,0,0.266392552982145,0,0,0.355774291128734,0,0,0.377833155889121
2024-10-25,0,0.266392552982145,0,0,0.355774291128734,0,0,0.377833155889121
2024-10-28,0,0.266392552982145,0,0,0.355774291128734,0,0,0.377833155889121
2024-10-29,0,0.266392552982145,0,0,0.355774291128734,0,0,0.377833155889121
2024-10-30,0,0.266392552982145,0,0,0.355774291128734,0,0,0.377833155889121
2024-10-31,0,0.266392552982145,0,0,0.355774291128734,0,0,0.377833155889121
2024-11-01,0,0.341117042380996,0,0,0.32149349973122,0,0,0.337389457887784
2024-11-04,0,0.341117042380996,0,0,0.32149349973122,0,0,0.337389457887784
2024-11-05,0,0.341117042380996,0,0,0.32149349973122,0,0,0.337389457887784
2024-11-06,0,0.341117042380996,0,0,0.32149349973122,0,0,0.337389457887784
2024-11-07,0,0.341117042380996,0,0,0.32149349973122,0,0,0.337389457887784
2024-11-08,0,0.341117042380996,0,0,0.32149349973122,0,0,0.337389457887784
2024-11-11,0,0.341117042380996,0,0,0.32149349973122,0,0,0.337389457887784
2024-11-12,0,0.341117042380996,0,0,0.32149349973122,0,0,0.337389457887784
2024-11-13,0,0.341117042380996,0,0,0.32149349973122,0,0,0.337389457887784
2024-11-14,0,0.341117042380996,0,0,0.32149349973122,0,0,0.337389457887784
2024-11-15,0,0.341117042380996,0,0,0.32149349973122,0,0,0.337389457887784
2024-11-18,0,0.341117042380996,0,0,0.32149349973122,0,0,0.337389457887784
2024-11-19,0,0.341117042380996,0,0,0.32149349973122,0,0,0.337389457887784
2024-11-20,0,0.341117042380996,0,0,0.32149349973122,0,0,0.337389457887784
2024-11-21,0,0.341117042380996,0,0,0.32149349973122,0,0,0.337389457887784
2024-11-22,0,0.341117042380996,0,0,0.32149349973122,0,0,0.337389457887784
2024-11-25,0,0.341117042380996,0,0,0.32149349973122,0,0,0.337389457887784
2024-11-26,0,0.341117042380996,0,0,0.32149349973122,0,0,0.337389457887784
2024-11-27,0,0.341117042380996,0,0,0.32149349973122,0,0,0.337389457887784
2024-11-29,0,0.341117042380996,0,0,0.32149349973122,0,0,0.337389457887784
2024-12-02,0,0.443929560008778,0,0,0.286707572687016,0,0,0.269362867304207
2024-12-03,0,0.443929560008778,0,0,0.286707572687016,0,0,0.269362867304207
2024-12-04,0,0.443929560008778,0,0,0.286707572687016,0,0,0.269362867304207
2024-12-05,0,0.443929560008778,0,0,0.286707572687016,0,0,0.269362867304207
2024-12-06,0,0.443929560008778,0,0,0.286707572687016,0,0,0.269362867304207
2024-12-09,0,0.443929560008778,0,0,0.286707572687016,0,0,0.269362867304207
2024-12-10,0,0.443929560008778,0,0,0.286707572687016,0,0,0.269362867304207
2024-12-11,0,0.443929560008778,0,0,0.286707572687016,0,0,0.269362867304207
2024-12-12,0,0.443929560008778,0,0,0.286707572687016,0,0,0.269362867304207
2024-12-13,0,0.443929560008778,0,0,0.286707572687016,0,0,0.269362867304207
2024-12-16,0,0.443929560008778,0,0,0.286707572687016,0,0,0.269362867304207
2024-12-17,0,0.443929560008778,0,0,0.286707572687016,0,0,0.269362867304207
2024-12-18,0,0.443929560008778,0,0,0.286707572687016,0,0,0.269362867304207
2024-12-19,0,0.443929560008778,0,0,0.286707572687016,0,0,0.269362867304207
2024-12-20,0,0.443929560008778,0,0,0.286707572687016,0,0,0.269362867304207
2024-12-23,0,0.443929560008778,0,0,0.286707572687016,0,0,0.269362867304207
2024-12-24,0,0.443929560008778,0,0,0.286707572687016,0,0,0.269362867304207
2024-12-26,0,0.443929560008778,0,0,0.286707572687016,0,0,0.269362867304207
2024-12-27,0,0.443929560008778,0,0,0.286707572687016,0,0,0.269362867304207
2024-12-30,0,0.443929560008778,0,0,0.286707572687016,0,0,0.269362867304207
2024-12-31,0,0.443929560008778,0,0,0.286707572687016,0,0,0.269362867304207
2025-01-02,0,0.406572334936542,0,0,0.278813509354048,0,0,0.314614155709409
2025-01-03,0,0.406572334936542,0,0,0.278813509354048,0,0,0.314614155709409
2025-01-06,0,0.406572334936542,0,0,0.278813509354048,0,0,0.314614155709409
2025-01-07,0,0.406572334936542,0,0,0.278813509354048,0,0,0.314614155709409
2025-01-08,0,0.406572334936542,0,0,0.278813509354048,0,0,0.314614155709409
2025-01-10,0,0.406572334936542,0,0,0.278813509354048,0,0,0.314614155709409
2025-01-13,0,0.406572334936542,0,0,0.278813509354048,0,0,0.314614155709409
2025-01-14,0,0.406572334936542,0,0,0.278813509354048,0,0,0.314614155709409
2025-01-15,0,0.406572334936542,0,0,0.278813509354048,0,0,0.314614155709409
2025-01-16,0,0.406572334936542,0,0,0.278813509354048,0,0,0.314614155709409
2025-01-17,0,0.406572334936542,0,0,0.278813509354048,0,0,0.314614155709409
2025-01-21,0,0.406572334936542,0,0,0.278813509354048,0,0,0.314614155709409
2025-01-22,0,0.406572334936542,0,0,0.278813509354048,0,0,0.314614155709409
2025-01-23,0,0.406572334936542,0,0,0.278813509354048,0,0,0.314614155709409
2025-01-24,0,0.406572334936542,0,0,0.278813509354048,0,0,0.314614155709409
2025-01-27,0,0.406572334936542,0,0,0.278813509354048,0,0,0.314614155709409
2025-01-28,0,0.406572334936542,0,0,0.278813509354048,0,0,0.314614155709409
2025-01-29,0,0.406572334936542,0,0,0.278813509354048,0,0,0.314614155709409
2025-01-30,0,0.406572334936542,0,0,0.278813509354048,0,0,0.314614155709409
2025-01-31,0,0.406572334936542,0,0,0.278813509354048,0,0,0.314614155709409
2025-02-03,0,0.322482161555658,0,0.295972296581174,0,0,0,0.381545541863167
2025-02-04,0,0.322482161555658,0,0.295972296581174,0,0,0,0.381545541863167
2025-02-05,0,0.322482161555658,0,0.295972296581174,0,0,0,0.381545541863167
2025-02-06,0,0.322482161555658,0,0.295972296581174,0,0,0,0.381545541863167
2025-02-07,0,0.322482161555658,0,0.295972296581174,0,0,0,0.381545541863167
2025-02-10,0,0.322482161555658,0,0.295972296581174,0,0,0,0.381545541863167
2025-02-11,0,0.322482161555658,0,0.295972296581174,0,0,0,0.381545541863167
2025-02-12,0,0.322482161555658,0,0.295972296581174,0,0,0,0.381545541863167
2025-02-13,0,0.322482161555658,0,0.295972296581174,0,0,0,0.381545541863167
2025-02-14,0,0.322482161555658,0,0.295972296581174,0,0,0,0.381545541863167
2025-02-18,0,0.322482161555658,0,0.295972296581174,0,0,0,0.381545541863167
2025-02-19,0,0.322482161555658,0,0.295972296581174,0,0,0,0.381545541863167
2025-02-20,0,0.322482161555658,0,0.295972296581174,0,0,0,0.381545541863167
2025-02-21,0,0.322482161555658,0,0.295972296581174,0,0,0,0.381545541863167
2025-02-24,0,0.322482161555658,0,0.295972296581174,0,0,0,0.381545541863167
2025-02-25,0,0.322482161555658,0,0.295972296581174,0,0,0,0.381545541863167
2025-02-26,0,0.322482161555658,0,0.295972296581174,0,0,0,0.381545541863167
2025-02-27,0,0.322482161555658,0,0.295972296581174,0,0,0,0.381545541863167
2025-02-28,0,0.322482161555658,0,0.295972296581174,0,0,0,0.381545541863167
2025-03-03,0,0.337132307355658,0,0.288729933959856,0,0,0,0.374137758684485
2025-03-04,0,0.337132307355658,0,0.288729933959856,0,0,0,0.374137758684485
2025-03-05,0,0.337132307355658,0,0.288729933959856,0,0,0,0.374137758684485
2025-03-06,0,0.337132307355658,0,0.288729933959856,0,0,0,0.374137758684485
2025-03-07,0,0.337132307355658,0,0.288729933959856,0,0,0,0.374137758684485
2025-03-10,0,0.337132307355658,0,0.288729933959856,0,0,0,0.374137758684485
2025-03-11,0,0.337132307355658,0,0.288729933959856,0,0,0,0.374137758684485
2025-03-12,0,0.337132307355658,0,0.288729933959856,0,0,0,0.374137758684485
2025-03-13,0,0.337132307355658,0,0.288729933959856,0,0,0,0.374137758684485
2025-03-14,0,0.337132307355658,0,0.288729933959856,0,0,0,0.374137758684485
2025-03-17,0,0.337132307355658,0,0.288729933959856,0,0,0,0.374137758684485
2025-03-18,0,0.337132307355658,0,0.288729933959856,0,0,0,0.374137758684485
2025-03-19,0,0.337132307355658,0,0.288729933959856,0,0,0,0.374137758684485
2025-03-20,0,0.337132307355658,0,0.288729933959856,0,0,0,0.374137758684485
2025-03-21,0,0.337132307355658,0,0.288729933959856,0,0,0,0.374137758684485
2025-03-24,0,0.337132307355658,0,0.288729933959856,0,0,0,0.374137758684485
2025-03-25,0,0.337132307355658,0,0.288729933959856,0,0,0,0.374137758684485
2025-03-26,0,0.337132307355658,0,0.288729933959856,0,0,0,0.374137758684485
2025-03-27,0,0.337132307355658,0,0.288729933959856,0,0,0,0.374137758684485
2025-03-28,0,0.337132307355658,0,0.288729933959856,0,0,0,0.374137758684485
2025-03-31,0,0.337132307355658,0,0.288729933959856,0,0,0,0.374137758684485
2025-04-01,0.999999975758907,0,1.07121544427917e-08,0,0,0,0,1.35289381796647e-08
2025-04-02,0.999999975758907,0,1.07121544427917e-08,0,0,0,0,1.35289381796647e-08
2025-04-03,0.999999975758907,0,1.07121544427917e-08,0,0,0,0,1.35289381796647e-08
2025-04-04,0.999999975758907,0,1.07121544427917e-08,0,0,0,0,1.35289381796647e-08
2025-04-07,0.999999975758907,0,1.07121544427917e-08,0,0,0,0,1.35289381796647e-08
2025-04-08,0.999999975758907,0,1.07121544427917e-08,0,0,0,0,1.35289381796647e-08
2025-04-09,0.999999975758907,0,1.07121544427917e-08,0,0,0,0,1.35289381796647e-08
2025-04-10,0.999999975758907,0,1.07121544427917e-08,0,0,0,0,1.35289381796647e-08
2025-04-11,0.999999975758907,0,1.07121544427917e-08,0,0,0,0,1.35289381796647e-08
2025-04-14,0.999999975758907,0,1.07121544427917e-08,0,0,0,0,1.35289381796647e-08
2025-04-15,0.999999975758907,0,1.07121544427917e-08,0,0,0,0,1.35289381796647e-08
2025-04-16,0.999999975758907,0,1.07121544427917e-08,0,0,0,0,1.35289381796647e-08
2025-04-17,0.999999975758907,0,1.07121544427917e-08,0,0,0,0,1.35289381796647e-08
2025-04-21,0.999999975758907,0,1.07121544427917e-08,0,0,0,0,1.35289381796647e-08
2025-04-22,0.999999975758907,0,1.07121544427917e-08,0,0,0,0,1.35289381796647e-08
2025-04-23,0.999999975758907,0,1.07121544427917e-08,0,0,0,0,1.35289381796647e-08
2025-04-24,0.999999975758907,0,1.07121544427917e-08,0,0,0,0,1.35289381796647e-08
2025-04-25,0.999999975758907,0,1.07121544427917e-08,0,0,0,0,1.35289381796647e-08
2025-04-28,0.999999975758907,0,1.07121544427917e-08,0,0,0,0,1.35289381796647e-08
2025-04-29,0.999999975758907,0,1.07121544427917e-08,0,0,0,0,1.35289381796647e-08
2025-04-30,0.999999975758907,0,1.07121544427917e-08,0,0,0,0,1.35289381796647e-08
2025-05-01,0,0,0.414203093203333,0,0,0,0,0.585796906796667
2025-05-02,0,0,0.414203093203333,0,0,0,0,0.585796906796667
2025-05-05,0,0,0.414203093203333,0,0,0,0,0.585796906796667
2025-05-06,0,0,0.414203093203333,0,0,0,0,0.585796906796667
2025-05-07,0,0,0.414203093203333,0,0,0,0,0.585796906796667
2025-05-08,0,0,0.414203093203333,0,0,0,0,0.585796906796667
2025-05-09,0,0,0.414203093203333,0,0,0,0,0.585796906796667
2025-05-12,0,0,0.414203093203333,0,0,0,0,0.585796906796667
2025-05-13,0,0,0.414203093203333,0,0,0,0,0.585796906796667
2025-05-14,0,0,0.414203093203333,0,0,0,0,0.585796906796667
2025-05-15,0,0,0.414203093203333,0,0,0,0,0.585796906796667
2025-05-16,0,0,0.414203093203333,0,0,0,0,0.585796906796667
2025-05-19,0,0,0.414203093203333,0,0,0,0,0.585796906796667
2025-05-20,0,0,0.414203093203333,0,0,0,0,0.585796906796667
2025-05-21,0,0,0.414203093203333,0,0,0,0,0.585796906796667
2025-05-22,0,0,0.414203093203333,0,0,0,0,0.585796906796667
2025-05-23,0,0,0.414203093203333,0,0,0,0,0.585796906796667
2025-05-27,0,0,0.414203093203333,0,0,0,0,0.585796906796667
2025-05-28,0,0,0.414203093203333,0,0,0,0,0.585796906796667
2025-05-29,0,0,0.414203093203333,0,0,0,0,0.585796906796667
2025-05-30,0,0,0.414203093203333,0,0,0,0,0.585796906796667
2025-06-02,0,0,0.29803518312916,0.31192879127758,0,0,0,0.39003602559326
2025-06-03,0,0,0.29803518312916,0.31192879127758,0,0,0,0.39003602559326
2025-06-04,0,0,0.29803518312916,0.31192879127758,0,0,0,0.39003602559326
2025-06-05,0,0,0.29803518312916,0.31192879127758,0,0,0,0.39003602559326
2025-06-06,0,0,0.29803518312916,0.31192879127758,0,0,0,0.39003602559326
2025-06-09,0,0,0.29803518312916,0.31192879127758,0,0,0,0.39003602559326
2025-06-10,0,0,0.29803518312916,0.31192879127758,0,0,0,0.39003602559326
2025-06-11,0,0,0.29803518312916,0.31192879127758,0,0,0,0.39003602559326
2025-06-12,0,0,0.29803518312916,0.31192879127758,0,0,0,0.39003602559326
2025-06-13,0,0,0.29803518312916,0.31192879127758,0,0,0,0.39003602559326
2025-06-16,0,0,0.29803518312916,0.31192879127758,0,0,0,0.39003602559326
2025-06-17,0,0,0.29803518312916,0.31192879127758,0,0,0,0.39003602559326
2025-06-18,0,0,0.29803518312916,0.31192879127758,0,0,0,0.39003602559326
2025-06-20,0,0,0.29803518312916,0.31192879127758,0,0,0,0.39003602559326
2025-06-23,0,0,0.29803518312916,0.31192879127758,0,0,0,0.39003602559326
2025-06-24,0,0,0.29803518312916,0.31192879127758,0,0,0,0.39003602559326
2025-06-25,0,0,0.29803518312916,0.31192879127758,0,0,0,0.39003602559326
2025-06-26,0,0,0.29803518312916,0.31192879127758,0,0,0,0.39003602559326
2025-06-27,0,0,0.29803518312916,0.31192879127758,0,0,0,0.39003602559326
2025-06-30,0,0,0.29803518312916,0.31192879127758,0,0,0,0.39003602559326
2025-07-01,0,0,0.362766733923386,0.36252370608996,0,0,0,0.274709559986653
2025-07-02,0,0,0.362766733923386,0.36252370608996,0,0,0,0.274709559986653
2025-07-03,0,0,0.362766733923386,0.36252370608996,0,0,0,0.274709559986653
2025-07-07,0,0,0.362766733923386,0.36252370608996,0,0,0,0.274709559986653
2025-07-08,0,0,0.362766733923386,0.36252370608996,0,0,0,0.274709559986653
2025-07-09,0,0,0.362766733923386,0.36252370608996,0,0,0,0.274709559986653
2025-07-10,0,0,0.362766733923386,0.36252370608996,0,0,0,0.274709559986653
2025-07-11,0,0,0.362766733923386,0.36252370608996,0,0,0,0.274709559986653
2025-07-14,0,0,0.362766733923386,0.36252370608996,0,0,0,0.274709559986653
2025-07-15,0,0,0.362766733923386,0.36252370608996,0,0,0,0.274709559986653
2025-07-16,0,0,0.362766733923386,0.36252370608996,0,0,0,0.274709559986653
2025-07-17,0,0,0.362766733923386,0.36252370608996,0,0,0,0.274709559986653
2025-07-18,0,0,0.362766733923386,0.36252370608996,0,0,0,0.274709559986653
2025-07-21,0,0,0.362766733923386,0.36252370608996,0,0,0,0.274709559986653
2025-07-22,0,0,0.362766733923386,0.36252370608996,0,0,0,0.274709559986653
2025-07-23,0,0,0.362766733923386,0.36252370608996,0,0,0,0.274709559986653
2025-07-24,0,0,0.362766733923386,0.36252370608996,0,0,0,0.274709559986653
2025-07-25,0,0,0.362766733923386,0.36252370608996,0,0,0,0.274709559986653
2025-07-28,0,0,0.362766733923386,0.36252370608996,0,0,0,0.274709559986653
2025-07-29,0,0,0.362766733923386,0.36252370608996,0,0,0,0.274709559986653
2025-07-30,0,0,0.362766733923386,0.36252370608996,0,0,0,0.274709559986653
2025-07-31,0,0,0.362766733923386,0.36252370608996,0,0,0,0.274709559986653
2025-08-01,0,0,0.285651104501218,0.35686542353937,0,0,0,0.357483471959411
2025-08-04,0,0,0.285651104501218,0.35686542353937,0,0,0,0.357483471959411
2025-08-05,0,0,0.285651104501218,0.35686542353937,0,0,0,0.357483471959411
2025-08-06,0,0,0.285651104501218,0.35686542353937,0,0,0,0.357483471959411
2025-08-07,0,0,0.285651104501218,0.35686542353937,0,0,0,0.357483471959411
2025-08-08,0,0,0.285651104501218,0.35686542353937,0,0,0,0.357483471959411
2025-08-11,0,0,0.285651104501218,0.35686542353937,0,0,0,0.357483471959411
2025-08-12,0,0,0.285651104501218,0.35686542353937,0,0,0,0.357483471959411
2025-08-13,0,0,0.285651104501218,0.35686542353937,0,0,0,0.357483471959411
2025-08-14,0,0,0.285651104501218,0.35686542353937,0,0,0,0.357483471959411
2025-08-15,0,0,0.285651104501218,0.35686542353937,0,0,0,0.357483471959411
2025-08-18,0,0,0.285651104501218,0.35686542353937,0,0,0,0.357483471959411
2025-08-19,0,0,0.285651104501218,0.35686542353937,0,0,0,0.357483471959411
2025-08-20,0,0,0.285651104501218,0.35686542353937,0,0,0,0.357483471959411
2025-08-21,0,0,0.285651104501218,0.35686542353937,0,0,0,0.357483471959411
2025-08-22,0,0,0.285651104501218,0.35686542353937,0,0,0,0.357483471959411
2025-08-25,0,0,0.285651104501218,0.35686542353937,0,0,0,0.357483471959411
2025-08-26,0,0,0.285651104501218,0.35686542353937,0,0,0,0.357483471959411
2025-08-27,0,0,0.285651104501218,0.35686542353937,0,0,0,0.357483471959411
2025-08-28,0,0,0.285651104501218,0.35686542353937,0,0,0,0.357483471959411
2025-08-29,0,0,0.285651104501218,0.35686542353937,0,0,0,0.357483471959411
2025-09-02,0,0.380521659425474,0,0.276261485964236,0,0,0,0.34321685461029
2025-09-03,0,0.380521659425474,0,0.276261485964236,0,0,0,0.34321685461029
2025-09-04,0,0.380521659425474,0,0.276261485964236,0,0,0,0.34321685461029
2025-09-05,0,0.380521659425474,0,0.276261485964236,0,0,0,0.34321685461029
2025-09-08,0,0.380521659425474,0,0.276261485964236,0,0,0,0.34321685461029
2025-09-09,0,0.380521659425474,0,0.276261485964236,0,0,0,0.34321685461029
2025-09-10,0,0.380521659425474,0,0.276261485964236,0,0,0,0.34321685461029
2025-09-11,0,0.380521659425474,0,0.276261485964236,0,0,0,0.34321685461029
2025-09-12,0,0.380521659425474,0,0.276261485964236,0,0,0,0.34321685461029
2025-09-15,0,0.380521659425474,0,0.276261485964236,0,0,0,0.34321685461029
2025-09-16,0,0.380521659425474,0,0.276261485964236,0,0,0,0.34321685461029
2025-09-17,0,0.380521659425474,0,0.276261485964236,0,0,0,0.34321685461029
2025-09-18,0,0.380521659425474,0,0.276261485964236,0,0,0,0.34321685461029
2025-09-19,0,0.380521659425474,0,0.276261485964236,0,0,0,0.34321685461029
2025-09-22,0,0.380521659425474,0,0.276261485964236,0,0,0,0.34321685461029
2025-09-23,0,0.380521659425474,0,0.276261485964236,0,0,0,0.34321685461029
2025-09-24,0,0.380521659425474,0,0.276261485964236,0,0,0,0.34321685461029
2025-09-25,0,0.380521659425474,0,0.276261485964236,0,0,0,0.34321685461029
2025-09-26,0,0.380521659425474,0,0.276261485964236,0,0,0,0.34321685461029
2025-09-29,0,0.380521659425474,0,0.276261485964236,0,0,0,0.34321685461029
2025-09-30,0,0.380521659425474,0,0.276261485964236,0,0,0,0.34321685461029
2025-10-01,0,0.389066959816062,0,0.28297578729324,0,0,0,0.327957252890698
2025-10-02,0,0.389066959816062,0,0.28297578729324,0,0,0,0.327957252890698
2025-10-03,0,0.389066959816062,0,0.28297578729324,0,0,0,0.327957252890698
2025-10-06,0,0.389066959816062,0,0.28297578729324,0,0,0,0.327957252890698
2025-10-07,0,0.389066959816062,0,0.28297578729324,0,0,0,0.327957252890698
2025-10-08,0,0.389066959816062,0,0.28297578729324,0,0,0,0.327957252890698
2025-10-09,0,0.389066959816062,0,0.28297578729324,0,0,0,0.327957252890698
2025-10-10,0,0.389066959816062,0,0.28297578729324,0,0,0,0.327957252890698
2025-10-13,0,0.389066959816062,0,0.28297578729324,0,0,0,0.327957252890698
2025-10-14,0,0.389066959816062,0,0.28297578729324,0,0,0,0.327957252890698
2025-10-15,0,0.389066959816062,0,0.28297578729324,0,0,0,0.327957252890698
2025-10-16,0,0.389066959816062,0,0.28297578729324,0,0,0,0.327957252890698
2025-10-17,0,0.389066959816062,0,0.28297578729324,0,0,0,0.327957252890698
2025-10-20,0,0.389066959816062,0,0.28297578729324,0,0,0,0.327957252890698
2025-10-21,0,0.389066959816062,0,0.28297578729324,0,0,0,0.327957252890698
2025-10-22,0,0.389066959816062,0,0.28297578729324,0,0,0,0.327957252890698
2025-10-23,0,0.389066959816062,0,0.28297578729324,0,0,0,0.327957252890698
2025-10-24,0,0.389066959816062,0,0.28297578729324,0,0,0,0.327957252890698
2025-10-27,0,0.389066959816062,0,0.28297578729324,0,0,0,0.327957252890698
2025-10-28,0,0.389066959816062,0,0.28297578729324,0,0,0,0.327957252890698
2025-10-29,0,0.389066959816062,0,0.28297578729324,0,0,0,0.327957252890698
2025-10-30,0,0.389066959816062,0,0.28297578729324,0,0,0,0.327957252890698
2025-10-31,0,0.389066959816062,0,0.28297578729324,0,0,0,0.327957252890698
2025-11-03,0,0.487526070763046,0,0.273727145081449,0,0,0,0.238746784155505
2025-11-04,0,0.487526070763046,0,0.273727145081449,0,0,0,0.238746784155505
2025-11-05,0,0.487526070763046,0,0.273727145081449,0,0,0,0.238746784155505
2025-11-06,0,0.487526070763046,0,0.273727145081449,0,0,0,0.238746784155505
2025-11-07,0,0.487526070763046,0,0.273727145081449,0,0,0,0.238746784155505
2025-11-10,0,0.487526070763046,0,0.273727145081449,0,0,0,0.238746784155505
2025-11-11,0,0.487526070763046,0,0.273727145081449,0,0,0,0.238746784155505
2025-11-12,0,0.487526070763046,0,0.273727145081449,0,0,0,0.238746784155505
2025-11-13,0,0.487526070763046,0,0.273727145081449,0,0,0,0.238746784155505
2025-11-14,0,0.487526070763046,0,0.273727145081449,0,0,0,0.238746784155505
2025-11-17,0,0.487526070763046,0,0.273727145081449,0,0,0,0.238746784155505
2025-11-18,0,0.487526070763046,0,0.273727145081449,0,0,0,0.238746784155505
2025-11-19,0,0.487526070763046,0,0.273727145081449,0,0,0,0.238746784155505
2025-11-20,0,0.487526070763046,0,0.273727145081449,0,0,0,0.238746784155505
2025-11-21,0,0.487526070763046,0,0.273727145081449,0,0,0,0.238746784155505
2025-11-24,0,0.487526070763046,0,0.273727145081449,0,0,0,0.238746784155505
2025-11-25,0,0.487526070763046,0,0.273727145081449,0,0,0,0.238746784155505
2025-11-26,0,0.487526070763046,0,0.273727145081449,0,0,0,0.238746784155505
2025-11-28,0,0.487526070763046,0,0.273727145081449,0,0,0,0.238746784155505
2025-12-01,0,0.43007737203317,0,0.307854924040313,0,0,0,0.262067703926517
2025-12-02,0,0.43007737203317,0,0.307854924040313,0,0,0,0.262067703926517
2025-12-03,0,0.43007737203317,0,0.307854924040313,0,0,0,0.262067703926517
2025-12-04,0,0.43007737203317,0,0.307854924040313,0,0,0,0.262067703926517
2025-12-05,0,0.43007737203317,0,0.307854924040313,0,0,0,0.262067703926517
2025-12-08,0,0.43007737203317,0,0.307854924040313,0,0,0,0.262067703926517
2025-12-09,0,0.43007737203317,0,0.307854924040313,0,0,0,0.262067703926517
2025-12-10,0,0.43007737203317,0,0.307854924040313,0,0,0,0.262067703926517
2025-12-11,0,0.43007737203317,0,0.307854924040313,0,0,0,0.262067703926517
2025-12-12,0,0.43007737203317,0,0.307854924040313,0,0,0,0.262067703926517
2025-12-15,0,0.43007737203317,0,0.307854924040313,0,0,0,0.262067703926517
2025-12-16,0,0.43007737203317,0,0.307854924040313,0,0,0,0.262067703926517
2025-12-17,0,0.43007737203317,0,0.307854924040313,0,0,0,0.262067703926517
2025-12-18,0,0.43007737203317,0,0.307854924040313,0,0,0,0.262067703926517
2025-12-19,0,0.43007737203317,0,0.307854924040313,0,0,0,0.262067703926517
2025-12-22,0,0.43007737203317,0,0.307854924040313,0,0,0,0.262067703926517
2025-12-23,0,0.43007737203317,0,0.307854924040313,0,0,0,0.262067703926517
2025-12-24,0,0.43007737203317,0,0.307854924040313,0,0,0,0.262067703926517
2025-12-26,0,0.43007737203317,0,0.307854924040313,0,0,0,0.262067703926517
2025-12-29,0,0.43007737203317,0,0.307854924040313,0,0,0,0.262067703926517
2025-12-30,0,0.43007737203317,0,0.307854924040313,0,0,0,0.262067703926517
2025-12-31,0,0.43007737203317,0,0.307854924040313,0,0,0,0.262067703926517
2026-01-02,0,0.377579918552802,0,0.345598738198187,0,0,0,0.276821343249011
2026-01-05,0,0.377579918552802,0,0.345598738198187,0,0,0,0.276821343249011
2026-01-06,0,0.377579918552802,0,0.345598738198187,0,0,0,0.276821343249011
2026-01-07,0,0.377579918552802,0,0.345598738198187,0,0,0,0.276821343249011
2026-01-08,0,0.377579918552802,0,0.345598738198187,0,0,0,0.276821343249011
2026-01-09,0,0.377579918552802,0,0.345598738198187,0,0,0,0.276821343249011
2026-01-12,0,0.377579918552802,0,0.345598738198187,0,0,0,0.276821343249011
2026-01-13,0,0.377579918552802,0,0.345598738198187,0,0,0,0.276821343249011
2026-01-14,0,0.377579918552802,0,0.345598738198187,0,0,0,0.276821343249011
2026-01-15,0,0.377579918552802,0,0.345598738198187,0,0,0,0.276821343249011
2026-01-16,0,0.377579918552802,0,0.345598738198187,0,0,0,0.276821343249011
2026-01-20,0,0.377579918552802,0,0.345598738198187,0,0,0,0.276821343249011
2026-01-21,0,0.377579918552802,0,0.345598738198187,0,0,0,0.276821343249011
2026-01-22,0,0.377579918552802,0,0.345598738198187,0,0,0,0.276821343249011
2026-01-23,0,0.377579918552802,0,0.345598738198187,0,0,0,0.276821343249011
2026-01-26,0,0.377579918552802,0,0.345598738198187,0,0,0,0.276821343249011
2026-01-27,0,0.377579918552802,0,0.345598738198187,0,0,0,0.276821343249011
2026-01-28,0,0.377579918552802,0,0.345598738198187,0,0,0,0.276821343249011
2026-01-29,0,0.377579918552802,0,0.345598738198187,0,0,0,0.276821343249011
2026-01-30,0,0.377579918552802,0,0.345598738198187,0,0,0,0.276821343249011
2026-02-02,0,0,0.515936098224941,0.317743488174834,0,0,0,0.166320413600225
2026-02-03,0,0,0.515936098224941,0.317743488174834,0,0,0,0.166320413600225
2026-02-04,0,0,0.515936098224941,0.317743488174834,0,0,0,0.166320413600225
2026-02-05,0,0,0.515936098224941,0.317743488174834,0,0,0,0.166320413600225
2026-02-06,0,0,0.515936098224941,0.317743488174834,0,0,0,0.166320413600225
2026-02-09,0,0,0.515936098224941,0.317743488174834,0,0,0,0.166320413600225
2026-02-10,0,0,0.515936098224941,0.317743488174834,0,0,0,0.166320413600225
2026-02-11,0,0,0.515936098224941,0.317743488174834,0,0,0,0.166320413600225
2026-02-12,0,0,0.515936098224941,0.317743488174834,0,0,0,0.166320413600225
2026-02-13,0,0,0.515936098224941,0.317743488174834,0,0,0,0.166320413600225
2026-02-17,0,0,0.515936098224941,0.317743488174834,0,0,0,0.166320413600225
2026-02-18,0,0,0.515936098224941,0.317743488174834,0,0,0,0.166320413600225
2026-02-19,0,0,0.515936098224941,0.317743488174834,0,0,0,0.166320413600225
2026-02-20,0,0,0.515936098224941,0.317743488174834,0,0,0,0.166320413600225
2026-02-23,0,0,0.515936098224941,0.317743488174834,0,0,0,0.166320413600225
2026-02-24,0,0,0.515936098224941,0.317743488174834,0,0,0,0.166320413600225
2026-02-25,0,0,0.515936098224941,0.317743488174834,0,0,0,0.166320413600225
2026-02-26,0,0,0.515936098224941,0.317743488174834,0,0,0,0.166320413600225
2026-02-27,0,0,0.515936098224941,0.317743488174834,0,0,0,0.166320413600225
2026-03-02,0,0,0.519387339805223,0.324859312591278,0,0,0,0.155753347603499
2026-03-03,0,0,0.519387339805223,0.324859312591278,0,0,0,0.155753347603499
2026-03-04,0,0,0.519387339805223,0.324859312591278,0,0,0,0.155753347603499
2026-03-05,0,0,0.519387339805223,0.324859312591278,0,0,0,0.155753347603499
2026-03-06,0,0,0.519387339805223,0.324859312591278,0,0,0,0.155753347603499
2026-03-09,0,0,0.519387339805223,0.324859312591278,0,0,0,0.155753347603499
2026-03-10,0,0,0.519387339805223,0.324859312591278,0,0,0,0.155753347603499
2026-03-11,0,0,0.519387339805223,0.324859312591278,0,0,0,0.155753347603499
2026-03-12,0,0,0.519387339805223,0.324859312591278,0,0,0,0.155753347603499
2026-03-13,0,0,0.519387339805223,0.324859312591278,0,0,0,0.155753347603499
2026-03-16,0,0,0.519387339805223,0.324859312591278,0,0,0,0.155753347603499
2026-03-17,0,0,0.519387339805223,0.324859312591278,0,0,0,0.155753347603499
2026-03-18,0,0,0.519387339805223,0.324859312591278,0,0,0,0.155753347603499
2026-03-19,0,0,0.519387339805223,0.324859312591278,0,0,0,0.155753347603499
2026-03-20,0,0,0.519387339805223,0.324859312591278,0,0,0,0.155753347603499
2026-03-23,0,0,0.519387339805223,0.324859312591278,0,0,0,0.155753347603499
2026-03-24,0,0,0.519387339805223,0.324859312591278,0,0,0,0.155753347603499
2026-03-25,0,0,0.519387339805223,0.324859312591278,0,0,0,0.155753347603499
2026-03-26,0,0,0.519387339805223,0.324859312591278,0,0,0,0.155753347603499
2026-03-27,0,0,0.519387339805223,0.324859312591278,0,0,0,0.155753347603499
2026-03-30,0,0,0.519387339805223,0.324859312591278,0,0,0,0.155753347603499
2026-03-31,0,0,0.519387339805223,0.324859312591278,0,0,0,0.155753347603499
2026-04-01,0,0,0,0.612812144014065,0,0,0,0.387187855985935
2026-04-02,0,0,0,0.612812144014065,0,0,0,0.387187855985935
2026-04-06,0,0,0,0.612812144014065,0,0,0,0.387187855985935
2026-04-07,0,0,0,0.612812144014065,0,0,0,0.387187855985935
2026-04-08,0,0,0,0.612812144014065,0,0,0,0.387187855985935
2026-04-09,0,0,0,0.612812144014065,0,0,0,0.387187855985935
2026-04-10,0,0,0,0.612812144014065,0,0,0,0.387187855985935
2026-04-13,0,0,0,0.612812144014065,0,0,0,0.387187855985935
2026-04-14,0,0,0,0.612812144014065,0,0,0,0.387187855985935
2026-04-15,0,0,0,0.612812144014065,0,0,0,0.387187855985935
2026-04-16,0,0,0,0.612812144014065,0,0,0,0.387187855985935
2026-04-17,0,0,0,0.612812144014065,0,0,0,0.387187855985935
2026-04-20,0,0,0,0.612812144014065,0,0,0,0.387187855985935
2026-04-21,0,0,0,0.612812144014065,0,0,0,0.387187855985935
2026-04-22,0,0,0,0.612812144014065,0,0,0,0.387187855985935
2026-04-23,0,0,0,0.612812144014065,0,0,0,0.387187855985935
2026-04-24,0,0,0,0.612812144014065,0,0,0,0.387187855985935
2026-04-27,0,0,0,0.612812144014065,0,0,0,0.387187855985935
2026-04-28,0,0,0,0.612812144014065,0,0,0,0.387187855985935
2026-04-29,0,0,0,0.612812144014065,0,0,0,0.387187855985935
2026-04-30,0,0,0,0.612812144014065,0,0,0,0.387187855985935
2026-05-01,0,0,0,0.228882486678875,0.511746333772904,0,0,0.259371179548222
2026-05-04,0,0,0,0.228882486678875,0.511746333772904,0,0,0.259371179548222
2026-05-05,0,0,0,0.228882486678875,0.511746333772904,0,0,0.259371179548222
2026-05-06,0,0,0,0.228882486678875,0.511746333772904,0,0,0.259371179548222
2026-05-07,0,0,0,0.228882486678875,0.511746333772904,0,0,0.259371179548222
2026-05-08,0,0,0,0.228882486678875,0.511746333772904,0,0,0.259371179548222
2026-05-11,0,0,0,0.228882486678875,0.511746333772904,0,0,0.259371179548222
2026-05-12,0,0,0,0.228882486678875,0.511746333772904,0,0,0.259371179548222
2026-05-13,0,0,0,0.228882486678875,0.511746333772904,0,0,0.259371179548222
2026-05-14,0,0,0,0.228882486678875,0.511746333772904,0,0,0.259371179548222
2026-05-15,0,0,0,0.228882486678875,0.511746333772904,0,0,0.259371179548222
2026-05-18,0,0,0,0.228882486678875,0.511746333772904,0,0,0.259371179548222
2026-05-19,0,0,0,0.228882486678875,0.511746333772904,0,0,0.259371179548222
2026-05-20,0,0,0,0.228882486678875,0.511746333772904,0,0,0.259371179548222
2026-05-21,0,0,0,0.228882486678875,0.511746333772904,0,0,0.259371179548222
2026-05-22,0,0,0,0.228882486678875,0.511746333772904,0,0,0.259371179548222
2026-05-26,0,0,0,0.228882486678875,0.511746333772904,0,0,0.259371179548222
2026-05-27,0,0,0,0.228882486678875,0.511746333772904,0,0,0.259371179548222
2026-05-28,0,0,0,0.228882486678875,0.511746333772904,0,0,0.259371179548222
2026-05-29,0,0,0,0.228882486678875,0.511746333772904,0,0,0.259371179548222
2026-06-01,0,0.402237354538881,0,0.184165556369247,0.413597089091872,0,0,0
2026-06-02,0,0.402237354538881,0,0.184165556369247,0.413597089091872,0,0,0
2026-06-03,0,0.402237354538881,0,0.184165556369247,0.413597089091872,0,0,0
2026-06-04,0,0.402237354538881,0,0.184165556369247,0.413597089091872,0,0,0
2026-06-05,0,0.402237354538881,0,0.184165556369247,0.413597089091872,0,0,0
2026-06-08,0,0.402237354538881,0,0.184165556369247,0.413597089091872,0,0,0
2026-06-09,0,0.402237354538881,0,0.184165556369247,0.413597089091872,0,0,0
2026-06-10,0,0.402237354538881,0,0.184165556369247,0.413597089091872,0,0,0
2026-06-11,0,0.402237354538881,0,0.184165556369247,0.413597089091872,0,0,0
2026-06-12,0,0.402237354538881,0,0.184165556369247,0.413597089091872,0,0,0
2026-06-15,0,0.402237354538881,0,0.184165556369247,0.413597089091872,0,0,0
2026-06-16,0,0.402237354538881,0,0.184165556369247,0.413597089091872,0,0,0
2026-06-17,0,0.402237354538881,0,0.184165556369247,0.413597089091872,0,0,0
2026-06-18,0,0.402237354538881,0,0.184165556369247,0.413597089091872,0,0,0
2026-06-22,0,0.402237354538881,0,0.184165556369247,0.413597089091872,0,0,0
2026-06-23,0,0.402237354538881,0,0.184165556369247,0.413597089091872,0,0,0
2026-06-24,0,0.402237354538881,0,0.184165556369247,0.413597089091872,0,0,0
2026-06-25,0,0.402237354538881,0,0.184165556369247,0.413597089091872,0,0,0
2026-06-26,0,0.402237354538881,0,0.184165556369247,0.413597089091872,0,0,0
2026-06-29,0,0.402237354538881,0,0.184165556369247,0.413597089091872,0,0,0
2026-06-30,0,0.402237354538881,0,0.184165556369247,0.413597089091872,0,0,0
2026-07-01,0,0.369903206435221,0,0.161318179182622,0.468778614382157,0,0,0
2026-07-02,0,0.369903206435221,0,0.161318179182622,0.468778614382157,0,0,0
2026-07-06,0,0.369903206435221,0,0.161318179182622,0.468778614382157,0,0,0
2026-07-07,0,0.369903206435221,0,0.161318179182622,0.468778614382157,0,0,0
2026-07-08,0,0.369903206435221,0,0.161318179182622,0.468778614382157,0,0,0
2026-07-09,0,0.369903206435221,0,0.161318179182622,0.468778614382157,0,0,0
2026-07-10,0,0.369903206435221,0,0.161318179182622,0.468778614382157,0,0,0
2026-07-13,0,0.369903206435221,0,0.161318179182622,0.468778614382157,0,0,0
2026-07-14,0,0.369903206435221,0,0.161318179182622,0.468778614382157,0,0,0
2026-07-15,0,0.369903206435221,0,0.161318179182622,0.468778614382157,0,0,0
2026-07-16,0,0.369903206435221,0,0.161318179182622,0.468778614382157,0,0,0
2026-07-17,0,0.369903206435221,0,0.161318179182622,0.468778614382157,0,0,0
2026-07-20,0,0.369903206435221,0,0.161318179182622,0.468778614382157,0,0,0
2026-07-21,0,0.369903206435221,0,0.161318179182622,0.468778614382157,0,0,0
2026-07-22,0,0.369903206435221,0,0.161318179182622,0.468778614382157,0,0,0
2026-07-23,0,0.369903206435221,0,0.161318179182622,0.468778614382157,0,0,0
2026-07-24,0,0.369903206435221,0,0.161318179182622,0.468778614382157,0,0,0
2026-07-27,0,0.369903206435221,0,0.161318179182622,0.468778614382157,0,0,0
2026-07-28,0,0.369903206435221,0,0.161318179182622,0.468778614382157,0,0,0
2026-07-29,0,0.369903206435221,0,0.161318179182622,0.468778614382157,0,0,0
2026-07-30,0,0.369903206435221,0,0.161318179182622,0.468778614382157,0,0,0
2026-07-31,0,0.369903206435221,0,0.161318179182622,0.468778614382157,0,0,0
2026-08-03,0,0.316790589328352,0,0.17253415712098,0.510675253550667,0,0,0
2026-08-04,0,0.316790589328352,0,0.17253415712098,0.510675253550667,0,0,0
2026-08-05,0,0.316790589328352,0,0.17253415712098,0.510675253550667,0,0,0
2026-08-06,0,0.316790589328352,0,0.17253415712098,0.510675253550667,0,0,0
2026-08-07,0,0.316790589328352,0,0.17253415712098,0.510675253550667,0,0,0
2026-08-10,0,0.316790589328352,0,0.17253415712098,0.510675253550667,0,0,0
2026-08-11,0,0.316790589328352,0,0.17253415712098,0.510675253550667,0,0,0
2026-08-12,0,0.316790589328352,0,0.17253415712098,0.510675253550667,0,0,0
2026-08-13,0,0.316790589328352,0,0.17253415712098,0.510675253550667,0,0,0
2026-08-14,0,0.316790589328352,0,0.17253415712098,0.510675253550667,0,0,0
2026-08-17,0,0.316790589328352,0,0.17253415712098,0.510675253550667,0,0,0
2026-08-18,0,0.316790589328352,0,0.17253415712098,0.510675253550667,0,0,0
2026-08-19,0,0.316790589328352,0,0.17253415712098,0.510675253550667,0,0,0
2026-08-20,0,0.316790589328352,0,0.17253415712098,0.510675253550667,0,0,0
2026-08-21,0,0.316790589328352,0,0.17253415712098,0.510675253550667,0,0,0
2026-08-24,0,0.316790589328352,0,0.17253415712098,0.510675253550667,0,0,0
2026-08-25,0,0.316790589328352,0,0.17253415712098,0.510675253550667,0,0,0
2026-08-26,0,0.316790589328352,0,0.17253415712098,0.510675253550667,0,0,0
2026-08-27,0,0.316790589328352,0,0.17253415712098,0.510675253550667,0,0,0
2026-08-28,0,0.316790589328352,0,0.17253415712098,0.510675253550667,0,0,0
2026-08-31,0,0.316790589328352,0,0.17253415712098,0.510675253550667,0,0,0
2026-09-01,0,0.40754018859483,0.406670409355203,0.185789402049967,0,0,0,0
2026-09-02,0,0.40754018859483,0.406670409355203,0.185789402049967,0,0,0,0
2026-09-03,0,0.40754018859483,0.406670409355203,0.185789402049967,0,0,0,0
2026-09-04,0,0.40754018859483,0.406670409355203,0.185789402049967,0,0,0,0
2026-09-08,0,0.40754018859483,0.406670409355203,0.185789402049967,0,0,0,0
2026-09-09,0,0.40754018859483,0.406670409355203,0.185789402049967,0,0,0,0
2026-09-10,0,0.40754018859483,0.406670409355203,0.185789402049967,0,0,0,0
2026-09-11,0,0.40754018859483,0.406670409355203,0.185789402049967,0,0,0,0
2026-09-14,0,0.40754018859483,0.406670409355203,0.185789402049967,0,0,0,0
2026-09-15,0,0.40754018859483,0.406670409355203,0.185789402049967,0,0,0,0
2026-09-16,0,0.40754018859483,0.406670409355203,0.185789402049967,0,0,0,0
2026-09-17,0,0.40754018859483,0.406670409355203,0.185789402049967,0,0,0,0
2026-09-18,0,0.40754018859483,0.406670409355203,0.185789402049967,0,0,0,0
2026-09-21,0,0.40754018859483,0.406670409355203,0.185789402049967,0,0,0,0
2026-09-22,0,0.40754018859483,0.406670409355203,0.185789402049967,0,0,0,0
2026-09-23,0,0.40754018859483,0.406670409355203,0.185789402049967,0,0,0,0
