"Date","Close"
1927-12-30,17.6599998474121
1928-01-03,17.7600002288818
1928-01-04,17.7199993133545
1928-01-05,17.5499992370605
1928-01-06,17.6599998474121
1928-01-09,17.5
1928-01-10,17.3700008392334
1928-01-11,17.3500003814697
1928-01-12,17.4699993133545
1928-01-13,17.5799999237061
1928-01-16,17.2900009155273
1928-01-17,17.2999992370605
1928-01-18,17.2600002288818
1928-01-19,17.3799991607666
1928-01-20,17.4799995422363
1928-01-23,17.6399993896484
1928-01-24,17.7099990844727
1928-01-25,17.5200004577637
1928-01-26,17.6299991607666
1928-01-27,17.6900005340576
1928-01-30,17.4899997711182
1928-01-31,17.5699996948242
1928-02-01,17.5300006866455
1928-02-02,17.6299991607666
1928-02-03,17.3999996185303
1928-02-06,17.4500007629395
1928-02-07,17.4400005340576
1928-02-08,17.4899997711182
1928-02-09,17.5499992370605
1928-02-10,17.5400009155273
1928-02-14,17.4400005340576
1928-02-15,17.3999996185303
1928-02-16,17.3500003814697
1928-02-17,17.0400009155273
1928-02-20,16.9500007629395
1928-02-21,17.1100006103516
1928-02-23,17.1299991607666
1928-02-24,17.1800003051758
1928-02-27,17.1100006103516
1928-02-28,17.1599998474121
1928-02-29,17.2600002288818
1928-03-01,17.2999992370605
1928-03-02,17.2999992370605
1928-03-05,17.5699996948242
1928-03-06,17.6700000762939
1928-03-07,17.5799999237061
1928-03-08,17.6399993896484
1928-03-09,17.9300003051758
1928-03-12,18
1928-03-13,17.9200000762939
1928-03-14,17.9300003051758
1928-03-15,18.0699996948242
1928-03-16,18.2600002288818
1928-03-19,18.3600006103516
1928-03-20,18.4599990844727
1928-03-21,18.6499996185303
1928-03-22,18.6000003814697
1928-03-23,18.7800006866455
1928-03-26,19.0499992370605
1928-03-27,18.9400005340576
1928-03-28,18.8899993896484
1928-03-29,18.9500007629395
1928-03-30,19.2800006866455
1928-04-02,18.9099998474121
1928-04-03,19.0200004577637
1928-04-04,18.9899997711182
1928-04-05,19.2299995422363
1928-04-09,19.2700004577637
1928-04-10,19.1000003814697
1928-04-11,19.4400005340576
1928-04-12,19.4099998474121
1928-04-13,19.7299995422363
1928-04-16,19.6800003051758
1928-04-17,19.5200004577637
1928-04-18,19.5200004577637
1928-04-19,19.6299991607666
1928-04-20,19.3400001525879
1928-04-23,19.1499996185303
1928-04-24,19.25
1928-04-25,19.3299999237061
1928-04-26,19.4699993133545
1928-04-27,19.6800003051758
1928-04-30,19.75
1928-05-01,19.7800006866455
1928-05-02,19.8299999237061
1928-05-03,19.9300003051758
1928-05-04,20.2399997711182
1928-05-07,20.4099998474121
1928-05-08,20.2700004577637
1928-05-09,20.2399997711182
1928-05-10,20.2099990844727
1928-05-11,20.3600006103516
1928-05-14,20.4400005340576
1928-05-15,20.3899993896484
1928-05-16,20.0499992370605
1928-05-17,20.1200008392334
1928-05-18,19.9200000762939
1928-05-21,19.6299991607666
1928-05-22,19.3600006103516
1928-05-23,19.75
1928-05-24,19.8700008392334
1928-05-25,19.8999996185303
1928-05-28,19.5699996948242
1928-05-29,19.8199996948242
1928-05-31,20
1928-06-01,20.0699996948242
1928-06-04,19.7999992370605
1928-06-05,19.8500003814697
1928-06-06,19.6599998474121
1928-06-07,19.6100006103516
1928-06-08,19.3700008392334
1928-06-11,18.6800003051758
1928-06-12,18.3400001525879
1928-06-13,18.8899993896484
1928-06-14,19.0499992370605
1928-06-15,18.7399997711182
1928-06-18,18.3999996185303
1928-06-19,18.3400001525879
1928-06-20,18.5699996948242
1928-06-21,18.5599994659424
1928-06-22,18.5400009155273
1928-06-25,18.4699993133545
1928-06-26,18.6800003051758
1928-06-27,18.8600006103516
1928-06-28,19.0699996948242
1928-06-29,19.1399993896484
1928-07-02,18.9799995422363
1928-07-03,19.2900009155273
1928-07-05,19.4799995422363
1928-07-06,19.3899993896484
1928-07-09,19.4599990844727
1928-07-10,19.4300003051758
1928-07-11,18.9500007629395
1928-07-12,18.8099994659424
1928-07-13,18.9599990844727
1928-07-16,18.7000007629395
1928-07-17,18.7999992370605
1928-07-18,19.0300006866455
1928-07-19,18.9899997711182
1928-07-20,19.0300006866455
1928-07-23,19.1200008392334
1928-07-24,19.0900001525879
1928-07-25,19.2000007629395
1928-07-26,19.2399997711182
1928-07-27,19.4200000762939
1928-07-30,19.4699993133545
1928-07-31,19.4300003051758
1928-08-01,19.4200000762939
1928-08-02,19.3299999237061
1928-08-03,19.3600006103516
1928-08-06,19.5799999237061
1928-08-07,19.4899997711182
1928-08-08,19.25
1928-08-09,19.2999992370605
1928-08-10,19.25
1928-08-13,19.2900009155273
1928-08-14,19.1299991607666
1928-08-15,19.4699993133545
1928-08-16,19.6100006103516
1928-08-17,19.6399993896484
1928-08-20,19.7700004577637
1928-08-21,20.0200004577637
1928-08-22,20
1928-08-23,20.0200004577637
1928-08-24,20.3400001525879
1928-08-27,20.3799991607666
1928-08-28,20.5400009155273
1928-08-29,20.5799999237061
1928-08-30,20.6100006103516
1928-08-31,20.8700008392334
1928-09-04,20.9699993133545
1928-09-05,21.0699996948242
1928-09-06,20.9400005340576
1928-09-07,21.0900001525879
1928-09-10,20.9200000762939
1928-09-11,21.0799999237061
1928-09-12,21.1599998474121
1928-09-13,21.1399993896484
1928-09-14,21.1399993896484
1928-09-17,21.3299999237061
1928-09-18,21.1800003051758
1928-09-19,21.1800003051758
1928-09-20,21.2199993133545
1928-09-21,21.3600006103516
1928-09-24,21.4300003051758
1928-09-25,21.4099998474121
1928-09-26,21.3999996185303
1928-09-27,21.1299991607666
1928-09-28,21.1399993896484
1928-10-01,21.3600006103516
1928-10-02,21.2600002288818
1928-10-03,21.1900005340576
1928-10-04,21.2600002288818
1928-10-05,21.2199993133545
1928-10-08,21.1100006103516
1928-10-09,21.1800003051758
1928-10-10,21.4099998474121
1928-10-11,21.5100002288818
1928-10-15,21.6499996185303
1928-10-16,21.7199993133545
1928-10-17,21.7900009155273
1928-10-18,21.8400001525879
1928-10-19,21.9599990844727
1928-10-22,21.8099994659424
1928-10-23,21.9500007629395
1928-10-24,21.9899997711182
1928-10-25,21.9099998474121
1928-10-26,21.6499996185303
1928-10-29,22
1928-10-30,21.7600002288818
1928-10-31,21.6800003051758
1928-11-01,21.9899997711182
1928-11-02,21.9500007629395
1928-11-05,22.2399997711182
1928-11-07,22.2399997711182
1928-11-08,22.3899993896484
1928-11-09,22.5499992370605
1928-11-12,22.8400001525879
1928-11-13,22.9099998474121
1928-11-14,22.9099998474121
1928-11-15,23.0300006866455
1928-11-16,23.3700008392334
1928-11-19,23.3700008392334
1928-11-20,23.5699996948242
1928-11-21,23.2199993133545
1928-11-22,23.5200004577637
1928-11-23,23.7000007629395
1928-11-26,23.7999992370605
1928-11-27,23.9099998474121
1928-11-28,24.1900005340576
1928-11-30,24.2800006866455
1928-12-03,23.8500003814697
1928-12-04,23.9099998474121
1928-12-05,23.8099994659424
1928-12-06,22.9099998474121
1928-12-07,22.3600006103516
1928-12-10,22.3099994659424
1928-12-11,22.7399997711182
1928-12-12,22.5200004577637
1928-12-13,22.4799995422363
1928-12-14,22.5300006866455
1928-12-17,22.4400005340576
1928-12-18,22.7000007629395
1928-12-19,22.9799995422363
1928-12-20,23.0699996948242
1928-12-21,23.3299999237061
1928-12-24,23.5400009155273
1928-12-26,23.4400005340576
1928-12-27,23.6399993896484
1928-12-28,23.9799995422363
1928-12-31,24.3500003814697
1929-01-02,24.8099994659424
1929-01-03,24.8600006103516
1929-01-04,24.8500003814697
1929-01-07,24.25
1929-01-08,24.1700000762939
1929-01-09,24.5400009155273
1929-01-10,24.5799999237061
1929-01-11,24.5400009155273
1929-01-14,24.5900001525879
1929-01-15,24.2299995422363
1929-01-16,24.5599994659424
1929-01-17,24.6900005340576
1929-01-18,24.7700004577637
1929-01-21,24.8600006103516
1929-01-22,25.0699996948242
1929-01-23,25.2199993133545
1929-01-24,25.0599994659424
1929-01-25,25.4799995422363
1929-01-28,25.3500003814697
1929-01-29,25.3600006103516
1929-01-30,25.4500007629395
1929-01-31,25.7399997711182
1929-02-01,25.8400001525879
1929-02-04,25.6399993896484
1929-02-05,25.7000007629395
1929-02-06,25.4899997711182
1929-02-07,24.7099990844727
1929-02-08,24.4400005340576
1929-02-11,24.9799995422363
1929-02-13,24.9500007629395
1929-02-14,24.8500003814697
1929-02-15,24.3500003814697
1929-02-18,24.3899993896484
1929-02-19,24.3799991607666
1929-02-20,24.5900001525879
1929-02-21,24.8600006103516
1929-02-25,24.9099998474121
1929-02-26,24.9500007629395
1929-02-27,25.25
1929-02-28,25.5900001525879
1929-03-01,25.8299999237061
1929-03-04,25.4899997711182
1929-03-05,25.3199996948242
1929-03-06,24.9200000762939
1929-03-07,25.1499996185303
1929-03-08,25.3099994659424
1929-03-11,24.9500007629395
1929-03-12,24.9699993133545
1929-03-13,25.2399997711182
1929-03-14,25.7299995422363
1929-03-15,26.0799999237061
1929-03-18,26.0400009155273
1929-03-19,26.0300006866455
1929-03-20,26.0200004577637
1929-03-21,25.8999996185303
1929-03-22,25.5499992370605
1929-03-25,24.5100002288818
1929-03-26,24.3500003814697
1929-03-27,25.0900001525879
1929-03-28,25.5300006866455
1929-04-01,24.8799991607666
1929-04-02,25.1700000762939
1929-04-03,24.8600006103516
1929-04-04,25.2999992370605
1929-04-05,25.0499992370605
1929-04-08,24.8299999237061
1929-04-09,24.6299991607666
1929-04-10,24.7800006866455
1929-04-11,25.0599994659424
1929-04-12,25.1499996185303
1929-04-15,25
1929-04-16,25.0599994659424
1929-04-17,25.3199996948242
1929-04-18,25.4300003051758
1929-04-19,25.4099998474121
1929-04-22,25.7000007629395
1929-04-23,25.8500003814697
1929-04-24,25.75
1929-04-25,25.6299991607666
1929-04-26,25.5799999237061
1929-04-29,25.5300006866455
1929-04-30,25.9400005340576
1929-05-01,25.9899997711182
1929-05-02,26.1100006103516
1929-05-03,26.3700008392334
1929-05-06,26.3199996948242
1929-05-07,26.0699996948242
1929-05-08,26.1800003051758
1929-05-09,26.0200004577637
1929-05-10,26.3400001525879
1929-05-13,25.6399993896484
1929-05-14,25.9500007629395
1929-05-15,25.8400001525879
1929-05-16,25.9699993133545
1929-05-17,26.0900001525879
1929-05-20,25.3899993896484
1929-05-21,25.7000007629395
1929-05-22,24.7600002288818
1929-05-23,25.3099994659424
1929-05-24,25.1200008392334
1929-05-27,24.2000007629395
1929-05-28,24.5900001525879
1929-05-29,24.6200008392334
1929-05-31,24.8299999237061
1929-06-03,25.2700004577637
1929-06-04,25.6399993896484
1929-06-05,25.5900001525879
1929-06-06,25.6399993896484
1929-06-07,25.5300006866455
1929-06-10,25.2700004577637
1929-06-11,25.4300003051758
1929-06-12,25.4500007629395
1929-06-13,25.8400001525879
1929-06-14,25.9300003051758
1929-06-17,26.4099998474121
1929-06-18,26.4200000762939
1929-06-19,26.3199996948242
1929-06-20,26.4699993133545
1929-06-21,26.6200008392334
1929-06-24,26.6200008392334
1929-06-25,26.8999996185303
1929-06-26,27.0599994659424
1929-06-27,27.1100006103516
1929-06-28,27.4099998474121
1929-07-01,27.7700004577637
1929-07-02,28.0599994659424
1929-07-03,28.1800003051758
1929-07-05,28.3199996948242
1929-07-08,28.3700008392334
1929-07-09,28.2800006866455
1929-07-10,28.2000007629395
1929-07-11,28.2600002288818
1929-07-12,28.5699996948242
1929-07-15,28.4500007629395
1929-07-16,28.6499996185303
1929-07-17,28.7199993133545
1929-07-18,28.6599998474121
1929-07-19,28.7600002288818
1929-07-22,28.4300003051758
1929-07-23,28.8299999237061
1929-07-24,28.6399993896484
1929-07-25,28.7700004577637
1929-07-26,28.6599998474121
1929-07-29,28.1800003051758
1929-07-30,28.5
1929-07-31,28.8799991607666
1929-08-01,29.0799999237061
1929-08-02,29.5599994659424
1929-08-05,29.5400009155273
1929-08-06,29.4300003051758
1929-08-07,29.1299991607666
1929-08-08,29.4699993133545
1929-08-09,28.3799991607666
1929-08-12,29.2700004577637
1929-08-13,29.5300006866455
1929-08-14,29.6200008392334
1929-08-15,29.6700000762939
1929-08-16,30.2199993133545
1929-08-19,30.5
1929-08-20,30.6800003051758
1929-08-21,30.5499992370605
1929-08-22,30.7900009155273
1929-08-23,31.0900001525879
1929-08-26,31.0699996948242
1929-08-27,31.0499992370605
1929-08-28,30.9899997711182
1929-08-29,31.2900009155273
1929-08-30,31.7099990844727
1929-09-03,31.8199996948242
1929-09-04,31.7199993133545
1929-09-05,31.0200004577637
1929-09-06,31.8299999237061
1929-09-09,31.6700000762939
1929-09-10,31.1000003814697
1929-09-11,31.5300006866455
1929-09-12,31.1700000762939
1929-09-13,31.3799991607666
1929-09-16,31.8600006103516
1929-09-17,31.6000003814697
1929-09-18,31.6800003051758
1929-09-19,31.7299995422363
1929-09-20,31.3899993896484
1929-09-23,31.3799991607666
1929-09-24,30.7999992370605
1929-09-25,30.8500003814697
1929-09-26,31.1299991607666
1929-09-27,30.2700004577637
1929-09-30,30.1599998474121
1929-10-01,29.9799995422363
1929-10-02,30.2000007629395
1929-10-03,28.9500007629395
1929-10-04,28.6499996185303
1929-10-07,30.4400005340576
1929-10-08,30.3400001525879
1929-10-09,30.2700004577637
1929-10-10,30.8099994659424
1929-10-11,30.7600002288818
1929-10-14,30.5499992370605
1929-10-15,30.2999992370605
1929-10-16,29.2399997711182
1929-10-17,29.6900005340576
1929-10-18,28.8400001525879
1929-10-21,27.7299995422363
1929-10-22,28.2700004577637
1929-10-23,26.6000003814697
1929-10-24,25.75
1929-10-25,26.1200008392334
1929-10-28,22.7399997711182
1929-10-29,20.4300003051758
1929-10-30,22.9899997711182
1929-10-31,24.1499996185303
1929-11-04,22.8799991607666
1929-11-06,20.6100006103516
1929-11-07,21.3700008392334
1929-11-08,21.1800003051758
1929-11-11,19.8600006103516
1929-11-12,18.7299995422363
1929-11-13,17.6599998474121
1929-11-14,19.2399997711182
1929-11-15,20.2999992370605
1929-11-18,20.0900001525879
1929-11-19,20.7000007629395
1929-11-20,21.2700004577637
1929-11-21,21.6100006103516
1929-11-22,21.5300006866455
1929-11-25,21.2800006866455
1929-11-26,20.6599998474121
1929-11-27,20.9200000762939
1929-12-02,20.9500007629395
1929-12-03,21.6499996185303
1929-12-04,22.0499992370605
1929-12-05,21.8700008392334
1929-12-06,22.4500007629395
1929-12-09,22.3999996185303
1929-12-10,22.5699996948242
1929-12-11,22.3799991607666
1929-12-12,21.1700000762939
1929-12-13,21.7000007629395
1929-12-16,21.3299999237061
1929-12-17,21.5599994659424
1929-12-18,21.4200000762939
1929-12-19,20.8500003814697
1929-12-20,20.1599998474121
1929-12-23,20.2600002288818
1929-12-24,20.3899993896484
1929-12-26,20.8400001525879
1929-12-27,20.8199996948242
1929-12-30,20.8899993896484
1929-12-31,21.4500007629395
1930-01-02,21.1800003051758
1930-01-03,21.2299995422363
1930-01-06,21.5
1930-01-07,21.3099994659424
1930-01-08,21.2900009155273
1930-01-09,21.6200008392334
1930-01-10,21.5499992370605
1930-01-13,21.5200004577637
1930-01-14,21.5599994659424
1930-01-15,21.6499996185303
1930-01-16,21.5
1930-01-17,21.3099994659424
1930-01-20,21.5
1930-01-21,21.6100006103516
1930-01-22,21.6299991607666
1930-01-23,21.8400001525879
1930-01-24,22.0400009155273
1930-01-27,22.2099990844727
1930-01-28,22.1000003814697
1930-01-29,22.3500003814697
1930-01-30,22.4699993133545
1930-01-31,22.7900009155273
1930-02-03,22.7399997711182
1930-02-04,23.0100002288818
1930-02-05,23.3099994659424
1930-02-06,23.0599994659424
1930-02-07,22.9699993133545
1930-02-10,23.1200008392334
1930-02-11,23.3199996948242
1930-02-13,23.3600006103516
1930-02-14,23.3500003814697
1930-02-17,23.2600002288818
1930-02-18,23.2800006866455
1930-02-19,23.0699996948242
1930-02-20,22.6399993896484
1930-02-21,22.9200000762939
1930-02-24,22.6800003051758
1930-02-25,22.8899993896484
1930-02-26,23.1100006103516
1930-02-27,23.0799999237061
1930-02-28,23.2800006866455
1930-03-03,23.3600006103516
1930-03-04,23.5400009155273
1930-03-05,23.3600006103516
1930-03-06,23.5900001525879
1930-03-07,23.5900001525879
1930-03-10,23.6700000762939
1930-03-11,23.7199993133545
1930-03-12,23.4599990844727
1930-03-13,23.6000003814697
1930-03-14,23.4500007629395
1930-03-17,23.6700000762939
1930-03-18,23.8999996185303
1930-03-19,24.0300006866455
1930-03-20,24.1399993896484
1930-03-21,24.2900009155273
1930-03-24,24.2800006866455
1930-03-25,24.25
1930-03-26,24.6200008392334
1930-03-27,24.5699996948242
1930-03-28,24.8500003814697
1930-03-31,24.1499996185303
1930-04-01,25.3700008392334
1930-04-02,25.1100006103516
1930-04-03,25.1599998474121
1930-04-04,25.5400009155273
1930-04-07,25.6000003814697
1930-04-08,25.4599990844727
1930-04-09,25.8700008392334
1930-04-10,25.9200000762939
1930-04-11,25.8400001525879
1930-04-14,25.7299995422363
1930-04-15,25.7399997711182
1930-04-16,25.5599994659424
1930-04-17,25.75
1930-04-21,25.2900009155273
1930-04-22,25.5
1930-04-23,25.5499992370605
1930-04-24,25.3500003814697
1930-04-25,25.3199996948242
1930-04-28,24.7600002288818
1930-04-29,24.7299995422363
1930-04-30,24.8999996185303
1930-05-01,24.2999992370605
1930-05-02,23.5699996948242
1930-05-05,22.9799995422363
1930-05-06,23.7600002288818
1930-05-07,23.3099994659424
1930-05-08,23.3999996185303
1930-05-09,23.6900005340576
1930-05-12,24.0900001525879
1930-05-13,24.4200000762939
1930-05-14,24.5699996948242
1930-05-15,24.1700000762939
1930-05-16,24.2800006866455
1930-05-19,23.75
1930-05-20,23.8600006103516
1930-05-21,23.7399997711182
1930-05-22,23.7900009155273
1930-05-23,24.0300006866455
1930-05-26,24.2299995422363
1930-05-27,24.2399997711182
1930-05-28,24.3799991607666
1930-05-29,24.4899997711182
1930-06-02,24.3999996185303
1930-06-03,24.1800003051758
1930-06-04,24.2900009155273
1930-06-05,23.9099998474121
1930-06-06,23.5200004577637
1930-06-09,22.3799991607666
1930-06-10,23.0100002288818
1930-06-11,22.2000007629395
1930-06-12,22.1299991607666
1930-06-13,22.2600002288818
1930-06-16,20.5599994659424
1930-06-17,20.5799999237061
1930-06-18,19.8600006103516
1930-06-19,20.7900009155273
1930-06-20,20.25
1930-06-23,20.0900001525879
1930-06-24,19.3899993896484
1930-06-25,19.5400009155273
1930-06-26,20
1930-06-27,19.8099994659424
1930-06-30,20.4599990844727
1930-07-01,20.2399997711182
1930-07-02,20.4599990844727
1930-07-03,20.25
1930-07-07,19.8299999237061
1930-07-08,19.9699993133545
1930-07-09,20.2600002288818
1930-07-10,20.7700004577637
1930-07-11,20.5499992370605
1930-07-14,21.3600006103516
1930-07-15,21.3199996948242
1930-07-16,21.4799995422363
1930-07-17,21.5799999237061
1930-07-18,21.7700004577637
1930-07-21,20.9400005340576
1930-07-22,21.3199996948242
1930-07-23,21.6599998474121
1930-07-24,21.3799991607666
1930-07-25,21.5
1930-07-28,21.8199996948242
1930-07-29,21.6499996185303
1930-07-30,21.0799999237061
1930-07-31,21.2099990844727
1930-08-01,21.1100006103516
1930-08-04,21.5200004577637
1930-08-05,21.5200004577637
1930-08-06,21.1800003051758
1930-08-07,21.0599994659424
1930-08-08,20.2700004577637
1930-08-11,20.3999996185303
1930-08-12,19.8799991607666
1930-08-13,20.1499996185303
1930-08-14,20.1599998474121
1930-08-15,20.7000007629395
1930-08-18,20.5400009155273
1930-08-19,20.7399997711182
1930-08-20,20.8500003814697
1930-08-21,20.6399993896484
1930-08-22,20.7900009155273
1930-08-25,20.6800003051758
1930-08-26,20.9799995422363
1930-08-27,21.1399993896484
1930-08-28,21.1299991607666
1930-08-29,21.3700008392334
1930-09-02,21.3799991607666
1930-09-03,21.1700000762939
1930-09-04,21.0200004577637
1930-09-05,21.3400001525879
1930-09-08,21.6299991607666
1930-09-09,21.7600002288818
1930-09-10,21.8600006103516
1930-09-11,21.7199993133545
1930-09-12,21.5
1930-09-15,21.1900005340576
1930-09-16,21.2199993133545
1930-09-17,21.2900009155273
1930-09-18,21.0599994659424
1930-09-19,20.6800003051758
1930-09-22,20.1700000762939
1930-09-23,20.4400005340576
1930-09-24,20.1100006103516
1930-09-25,19.7299995422363
1930-09-26,19.4300003051758
1930-09-29,18.8799991607666
1930-09-30,18.5900001525879
1930-10-01,19.4200000762939
1930-10-02,19.1800003051758
1930-10-03,19.4200000762939
1930-10-06,18.6100006103516
1930-10-07,18.6200008392334
1930-10-08,18.3999996185303
1930-10-09,17.6700000762939
1930-10-10,18.1100006103516
1930-10-14,17.9099998474121
1930-10-15,18.2000007629395
1930-10-16,17.8799991607666
1930-10-17,17.1599998474121
1930-10-20,17.5699996948242
1930-10-21,17.0499992370605
1930-10-22,16.8999996185303
1930-10-23,17.1399993896484
1930-10-24,17.7399997711182
1930-10-27,17.7800006866455
1930-10-28,17.8600006103516
1930-10-29,17.5499992370605
1930-10-30,17.3400001525879
1930-10-31,16.9400005340576
1930-11-03,17.1299991607666
1930-11-05,16.6200008392334
1930-11-06,16.6499996185303
1930-11-07,16.0900001525879
1930-11-10,15.539999961853
1930-11-11,15.789999961853
1930-11-12,16.1399993896484
1930-11-13,16.5599994659424
1930-11-14,16.8899993896484
1930-11-17,16.4799995422363
1930-11-18,16.6599998474121
1930-11-19,17.0100002288818
1930-11-20,16.9400005340576
1930-11-21,17.2000007629395
1930-11-24,17.0499992370605
1930-11-25,16.8500003814697
1930-11-26,16.6100006103516
1930-11-28,16.3799991607666
1930-12-01,16.7999992370605
1930-12-02,16.9599990844727
1930-12-03,16.6700000762939
1930-12-04,16.4200000762939
1930-12-05,16.4300003051758
1930-12-08,15.9700002670288
1930-12-09,15.9799995422363
1930-12-10,15.7299995422363
1930-12-11,15.5500001907349
1930-12-12,15.4300003051758
1930-12-15,14.9399995803833
1930-12-16,14.4399995803833
1930-12-17,15.1099996566772
1930-12-18,15.2200002670288
1930-12-19,15.3900003433228
1930-12-22,14.8800001144409
1930-12-23,14.960000038147
1930-12-24,15.1599998474121
1930-12-26,14.8500003814697
1930-12-29,14.7200002670288
1930-12-30,15.0600004196167
1930-12-31,15.3400001525879
1931-01-02,15.8500003814697
1931-01-05,15.9300003051758
1931-01-06,16.1299991607666
1931-01-07,15.0900001525879
1931-01-08,16.2299995422363
1931-01-09,16.0699996948242
1931-01-12,15.8400001525879
1931-01-13,15.6499996185303
1931-01-14,15.8299999237061
1931-01-15,15.460000038147
1931-01-16,15.6499996185303
1931-01-19,15.460000038147
1931-01-20,15.7799997329712
1931-01-21,15.7799997329712
1931-01-22,16.0699996948242
1931-01-23,16.4200000762939
1931-01-26,16.3999996185303
1931-01-27,16.3199996948242
1931-01-28,16.0200004577637
1931-01-29,16.1700000762939
1931-01-30,16.1900005340576
1931-02-02,16.1599998474121
1931-02-03,16.2399997711182
1931-02-04,16.3299999237061
1931-02-05,16.2199993133545
1931-02-06,16.2700004577637
1931-02-09,16.9599990844727
1931-02-10,17.2299995422363
1931-02-11,17.2800006866455
1931-02-13,17.1800003051758
1931-02-16,17.3400001525879
1931-02-17,17.0499992370605
1931-02-18,17.2000007629395
1931-02-19,17.4300003051758
1931-02-20,17.7099990844727
1931-02-24,18.1700000762939
1931-02-25,17.9699993133545
1931-02-26,18.1700000762939
1931-02-27,18.0300006866455
1931-03-02,17.5200004577637
1931-03-03,17.5
1931-03-04,17.3400001525879
1931-03-05,17.6900005340576
1931-03-06,17.3199996948242
1931-03-09,17.7600002288818
1931-03-10,17.7199993133545
1931-03-11,17.5200004577637
1931-03-12,17.3999996185303
1931-03-13,17.3199996948242
1931-03-16,17.7700004577637
1931-03-17,17.5799999237061
1931-03-18,17.8099994659424
1931-03-19,18.0100002288818
1931-03-20,18.0599994659424
1931-03-23,17.7600002288818
1931-03-24,17.8799991607666
1931-03-25,17.7800006866455
1931-03-26,17.5400009155273
1931-03-27,17.2099990844727
1931-03-30,16.6599998474121
1931-03-31,16.6900005340576
1931-04-01,16.5200004577637
1931-04-02,16.4500007629395
1931-04-06,16.5
1931-04-07,16.2800006866455
1931-04-08,16.5
1931-04-09,16.4099998474121
1931-04-10,16.4599990844727
1931-04-13,16.7199993133545
1931-04-14,16.5100002288818
1931-04-15,16.1800003051758
1931-04-16,15.9799995422363
1931-04-17,15.7299995422363
1931-04-20,15.960000038147
1931-04-21,15.539999961853
1931-04-22,15.2200002670288
1931-04-23,15.289999961853
1931-04-24,15.289999961853
1931-04-27,14.7600002288818
1931-04-28,14.6700000762939
1931-04-29,14.3699998855591
1931-04-30,15.0900001525879
1931-05-01,14.6499996185303
1931-05-04,15.0600004196167
1931-05-05,14.9399995803833
1931-05-06,15.0100002288818
1931-05-07,14.9499998092651
1931-05-08,15.4399995803833
1931-05-11,15.1899995803833
1931-05-12,15.039999961853
1931-05-13,14.9899997711182
1931-05-14,14.6599998474121
1931-05-15,14.4399995803833
1931-05-18,13.8400001525879
1931-05-19,13.8299999237061
1931-05-20,13.75
1931-05-21,13.8900003433228
1931-05-22,13.9399995803833
1931-05-25,13.3999996185303
1931-05-26,13.4099998474121
1931-05-27,13.2600002288818
1931-05-28,13.3100004196167
1931-05-29,13.0200004577637
1931-06-01,12.3999996185303
1931-06-02,12.1999998092651
1931-06-03,13.1199998855591
1931-06-04,13.5500001907349
1931-06-05,13.3999996185303
1931-06-08,13.5600004196167
1931-06-09,13.3400001525879
1931-06-10,13.6999998092651
1931-06-11,13.7299995422363
1931-06-12,13.75
1931-06-15,13.6300001144409
1931-06-16,13.6599998474121
1931-06-17,13.5100002288818
1931-06-18,13.2700004577637
1931-06-19,13.2200002670288
1931-06-22,14.6099996566772
1931-06-23,14.4099998474121
1931-06-24,15.0900001525879
1931-06-25,14.9899997711182
1931-06-26,15.3500003814697
1931-06-29,15.0900001525879
1931-06-30,14.8299999237061
1931-07-01,15.0699996948242
1931-07-02,14.9399995803833
1931-07-03,15.2600002288818
1931-07-06,15.1000003814697
1931-07-07,14.5100002288818
1931-07-08,14.3699998855591
1931-07-09,14.4899997711182
1931-07-10,14.6300001144409
1931-07-13,14.2299995422363
1931-07-14,14.0900001525879
1931-07-15,13.8000001907349
1931-07-16,14.1400003433228
1931-07-17,14.2700004577637
1931-07-20,14.460000038147
1931-07-21,14.6199998855591
1931-07-22,14.2799997329712
1931-07-23,14.2799997329712
1931-07-24,13.9700002670288
1931-07-27,14.0299997329712
1931-07-28,14.1800003051758
1931-07-29,13.7399997711182
1931-07-30,13.8000001907349
1931-07-31,13.7299995422363
1931-08-03,13.9300003051758
1931-08-04,13.8400001525879
1931-08-05,13.6400003433228
1931-08-06,13.5500001907349
1931-08-07,13.6099996566772
1931-08-10,13.5500001907349
1931-08-11,13.9899997711182
1931-08-12,13.8000001907349
1931-08-13,14.0200004577637
1931-08-14,14.289999961853
1931-08-17,14.0500001907349
1931-08-18,14.1000003814697
1931-08-19,14.1400003433228
1931-08-20,14.1700000762939
1931-08-21,13.8599996566772
1931-08-24,13.75
1931-08-25,13.6999998092651
1931-08-26,13.9300003051758
1931-08-27,13.8500003814697
1931-08-28,13.9899997711182
1931-08-31,13.8599996566772
1931-09-01,13.9200000762939
1931-09-02,13.6599998474121
1931-09-03,13.3500003814697
1931-09-04,13.289999961853
1931-09-08,12.8699998855591
1931-09-09,12.7600002288818
1931-09-10,12.6199998855591
1931-09-11,12.6899995803833
1931-09-14,12.1000003814697
1931-09-15,11.9899997711182
1931-09-16,11.8199996948242
1931-09-17,12.039999961853
1931-09-18,11.460000038147
1931-09-21,10.9300003051758
1931-09-22,10.8000001907349
1931-09-23,11.5200004577637
1931-09-24,10.6800003051758
1931-09-25,10.9200000762939
1931-09-28,10.5
1931-09-29,10.0600004196167
1931-09-30,9.71000003814697
1931-10-01,9.52999973297119
1931-10-02,9.69999980926514
1931-10-05,8.81999969482422
1931-10-06,9.90999984741211
1931-10-07,9.77999973297119
1931-10-08,10.6199998855591
1931-10-09,10.5500001907349
1931-10-13,10.1000003814697
1931-10-14,9.86999988555908
1931-10-15,10.0500001907349
1931-10-16,10.3599996566772
1931-10-19,10.4899997711182
1931-10-20,10.960000038147
1931-10-21,10.8599996566772
1931-10-22,10.5
1931-10-23,10.8400001525879
1931-10-26,10.6400003433228
1931-10-27,10.4099998474121
1931-10-28,10.0699996948242
1931-10-29,10.1099996566772
1931-10-30,10.4300003051758
1931-11-02,10.5
1931-11-04,10.8199996948242
1931-11-05,10.7799997329712
1931-11-06,11.1099996566772
1931-11-09,11.5200004577637
1931-11-10,11.2799997329712
1931-11-11,11.1099996566772
1931-11-12,11.0699996948242
1931-11-13,10.7200002670288
1931-11-16,10.4300003051758
1931-11-17,10.6000003814697
1931-11-18,10.210000038147
1931-11-19,10.1599998474121
1931-11-20,9.85000038146973
1931-11-23,9.69999980926514
1931-11-24,9.86999988555908
1931-11-25,9.52999973297119
1931-11-27,9.3100004196167
1931-11-30,9.5
1931-12-01,9.38000011444092
1931-12-02,9.05000019073486
1931-12-03,9.22000026702881
1931-12-04,9.02000045776367
1931-12-07,9.28999996185303
1931-12-08,9.02000045776367
1931-12-09,8.77999973297119
1931-12-10,8.57999992370605
1931-12-11,8.3100004196167
1931-12-14,8.01000022888184
1931-12-15,8.11999988555908
1931-12-16,7.92999982833862
1931-12-17,7.71999979019165
1931-12-18,8.35999965667725
1931-12-21,8.14999961853027
1931-12-22,8.28999996185303
1931-12-23,7.94999980926514
1931-12-24,7.96000003814697
1931-12-28,7.76000022888184
1931-12-29,7.96000003814697
1931-12-30,8.10000038146973
1931-12-31,8.11999988555908
1932-01-04,7.55999994277954
1932-01-05,7.55000019073486
1932-01-06,8.07999992370605
1932-01-07,8.22000026702881
1932-01-08,8.56999969482422
1932-01-11,8.47999954223633
1932-01-12,8.39000034332275
1932-01-13,8.80000019073486
1932-01-14,8.89999961853027
1932-01-15,8.92000007629395
1932-01-18,8.51000022888184
1932-01-19,8.47999954223633
1932-01-20,8.63000011444092
1932-01-21,8.57999992370605
1932-01-22,8.21000003814697
1932-01-25,8.19999980926514
1932-01-26,8.3100004196167
1932-01-27,8.14999961853027
1932-01-28,8.02999973297119
1932-01-29,7.94000005722046
1932-02-01,8.22999954223633
1932-02-02,8.05000019073486
1932-02-03,8.09000015258789
1932-02-04,8.03999996185303
1932-02-05,7.78000020980835
1932-02-08,7.61999988555908
1932-02-09,7.53000020980835
1932-02-10,7.5
1932-02-11,8.11999988555908
1932-02-15,8.5
1932-02-16,8.84000015258789
1932-02-17,8.47999954223633
1932-02-18,8.71000003814697
1932-02-19,8.72000026702881
1932-02-23,8.22000026702881
1932-02-24,8.43000030517578
1932-02-25,8.35000038146973
1932-02-26,8.34000015258789
1932-02-29,8.28999996185303
1932-03-01,8.35000038146973
1932-03-02,8.71000003814697
1932-03-03,8.71000003814697
1932-03-04,8.72000026702881
1932-03-07,8.81999969482422
1932-03-08,8.97999954223633
1932-03-09,8.8100004196167
1932-03-10,8.72999954223633
1932-03-11,8.52000045776367
1932-03-14,8.3100004196167
1932-03-15,8.3100004196167
1932-03-16,8.10999965667725
1932-03-17,8.27999973297119
1932-03-18,8.02000045776367
1932-03-21,8.0600004196167
1932-03-22,8.05000019073486
1932-03-23,7.94000005722046
1932-03-24,7.8600001335144
1932-03-28,7.59000015258789
1932-03-29,7.57999992370605
1932-03-30,7.73999977111816
1932-03-31,7.30999994277954
1932-04-01,7.17999982833862
1932-04-04,7.05999994277954
1932-04-05,6.73000001907349
1932-04-06,6.53000020980835
1932-04-07,6.46000003814697
1932-04-08,6.26000022888184
1932-04-11,6.07000017166138
1932-04-12,6.05999994277954
1932-04-13,5.98000001907349
1932-04-14,6.25
1932-04-15,6.42000007629395
1932-04-18,6.11999988555908
1932-04-19,6.03000020980835
1932-04-20,6.03000020980835
1932-04-21,6.23999977111816
1932-04-22,5.96000003814697
1932-04-25,6.03000020980835
1932-04-26,6.11999988555908
1932-04-27,6.26999998092651
1932-04-28,6.03000020980835
1932-04-29,5.82999992370605
1932-05-02,5.73999977111816
1932-05-03,5.65999984741211
1932-05-04,5.73999977111816
1932-05-05,5.67999982833862
1932-05-06,6.09000015258789
1932-05-09,5.96000003814697
1932-05-10,6.01000022888184
1932-05-11,6
1932-05-12,5.80000019073486
1932-05-13,5.59999990463257
1932-05-16,5.6100001335144
1932-05-17,5.59000015258789
1932-05-18,5.44999980926514
1932-05-19,5.48000001907349
1932-05-20,5.48000001907349
1932-05-23,5.42999982833862
1932-05-24,5.21000003814697
1932-05-25,5.03000020980835
1932-05-26,5.1100001335144
1932-05-27,4.82999992370605
1932-05-31,4.46999979019165
1932-06-01,4.40000009536743
1932-06-02,4.6399998664856
1932-06-03,4.8899998664856
1932-06-06,5.07000017166138
1932-06-07,4.84999990463257
1932-06-08,4.57000017166138
1932-06-09,4.57000017166138
1932-06-10,4.92000007629395
1932-06-13,4.82000017166138
1932-06-14,4.94000005722046
1932-06-15,5.11999988555908
1932-06-16,5.11999988555908
1932-06-17,4.82999992370605
1932-06-20,4.8899998664856
1932-06-21,4.76999998092651
1932-06-22,4.76999998092651
1932-06-23,4.80000019073486
1932-06-24,4.59999990463257
1932-06-27,4.44000005722046
1932-06-28,4.44000005722046
1932-06-29,4.51000022888184
1932-06-30,4.42999982833862
1932-07-01,4.59999990463257
1932-07-05,4.5
1932-07-06,4.59999990463257
1932-07-07,4.44999980926514
1932-07-08,4.40999984741211
1932-07-11,4.59999990463257
1932-07-12,4.59999990463257
1932-07-13,4.82000017166138
1932-07-14,4.78999996185303
1932-07-15,4.92999982833862
1932-07-18,4.80000019073486
1932-07-19,4.78000020980835
1932-07-20,4.92999982833862
1932-07-21,5.05000019073486
1932-07-22,5.19999980926514
1932-07-25,5.48000001907349
1932-07-26,5.40000009536743
1932-07-27,5.67000007629395
1932-07-28,5.84999990463257
1932-07-29,6.03000020980835
1932-08-01,6.1100001335144
1932-08-02,5.86999988555908
1932-08-03,6.3899998664856
1932-08-04,6.51999998092651
1932-08-05,6.80000019073486
1932-08-08,7.42999982833862
1932-08-09,7.3899998664856
1932-08-10,7.65000009536743
1932-08-11,7.6100001335144
1932-08-12,7
1932-08-15,7.44000005722046
1932-08-16,7.67999982833862
1932-08-17,7.51000022888184
1932-08-18,7.59999990463257
1932-08-19,7.53000020980835
1932-08-22,7.76999998092651
1932-08-23,8.14999961853027
1932-08-24,8.32999992370605
1932-08-25,8.26000022888184
1932-08-26,8.39000034332275
1932-08-29,8.57999992370605
1932-08-30,8.47000026702881
1932-08-31,8.39000034332275
1932-09-01,8.47000026702881
1932-09-02,8.84000015258789
1932-09-06,8.90999984741211
1932-09-07,9.3100004196167
1932-09-08,8.97000026702881
1932-09-09,8.75
1932-09-12,8.14999961853027
1932-09-13,7.80000019073486
1932-09-14,7.34999990463257
1932-09-15,7.65999984741211
1932-09-16,7.57000017166138
1932-09-19,7.34000015258789
1932-09-20,7.61999988555908
1932-09-21,8.52000045776367
1932-09-22,8.26000022888184
1932-09-23,8.39999961853027
1932-09-26,8.03999996185303
1932-09-27,8.13000011444092
1932-09-28,8.35999965667725
1932-09-29,8.10000038146973
1932-09-30,8.07999992370605
1932-10-03,8.0600004196167
1932-10-04,8.05000019073486
1932-10-05,7.3899998664856
1932-10-06,7.42999982833862
1932-10-07,7.01999998092651
1932-10-10,6.42000007629395
1932-10-11,6.88000011444092
1932-10-13,6.67000007629395
1932-10-14,7.13000011444092
1932-10-17,7
1932-10-18,7.13000011444092
1932-10-19,7.40000009536743
1932-10-20,7.23000001907349
1932-10-21,6.82000017166138
1932-10-24,6.82999992370605
1932-10-25,6.76000022888184
1932-10-26,6.8899998664856
1932-10-27,6.94999980926514
1932-10-28,7.09000015258789
1932-10-31,6.96000003814697
1932-11-01,6.76000022888184
1932-11-02,6.51999998092651
1932-11-03,6.48000001907349
1932-11-04,6.88000011444092
1932-11-07,7.23999977111816
1932-11-09,6.92000007629395
1932-11-10,7.44000005722046
1932-11-11,7.67999982833862
1932-11-14,7.42999982833862
1932-11-15,7.42999982833862
1932-11-16,7.19999980926514
1932-11-17,7.15000009536743
1932-11-18,7.13000011444092
1932-11-21,7.19999980926514
1932-11-22,7.17000007629395
1932-11-23,6.84999990463257
1932-11-25,6.78000020980835
1932-11-28,6.80000019073486
1932-11-29,6.78000020980835
1932-11-30,6.55000019073486
1932-12-01,6.73000001907349
1932-12-02,6.46999979019165
1932-12-05,6.53999996185303
1932-12-06,6.86999988555908
1932-12-07,6.8899998664856
1932-12-08,6.8899998664856
1932-12-09,7.07999992370605
1932-12-12,7.07000017166138
1932-12-13,6.98999977111816
1932-12-14,7.11999988555908
1932-12-15,7.05000019073486
1932-12-16,7
1932-12-19,6.96999979019165
1932-12-20,6.82000017166138
1932-12-21,6.80000019073486
1932-12-22,6.57000017166138
1932-12-23,6.57000017166138
1932-12-27,6.6100001335144
1932-12-28,6.59999990463257
1932-12-29,6.75
1932-12-30,6.92000007629395
1933-01-03,6.82999992370605
1933-01-04,7.15000009536743
1933-01-05,7.11999988555908
1933-01-06,7.23000001907349
1933-01-09,7.13000011444092
1933-01-10,7.34000015258789
1933-01-11,7.32000017166138
1933-01-12,7.23000001907349
1933-01-13,7.25
1933-01-16,7.05999994277954
1933-01-17,7.07999992370605
1933-01-18,6.94999980926514
1933-01-19,6.98000001907349
1933-01-20,7.05999994277954
1933-01-23,7.03000020980835
1933-01-24,6.98000001907349
1933-01-25,7.09999990463257
1933-01-26,7.05000019073486
1933-01-27,7.03999996185303
1933-01-30,6.98000001907349
1933-01-31,6.94000005722046
1933-02-01,6.67000007629395
1933-02-02,6.55000019073486
1933-02-03,6.53000020980835
1933-02-06,6.48000001907349
1933-02-07,6.53999996185303
1933-02-08,6.61999988555908
1933-02-09,6.76000022888184
1933-02-10,6.65999984741211
1933-02-14,6.32000017166138
1933-02-15,6.28000020980835
1933-02-16,6.13000011444092
1933-02-17,6.23000001907349
1933-02-20,6
1933-02-21,5.96000003814697
1933-02-23,5.67999982833862
1933-02-24,5.90000009536743
1933-02-27,5.53000020980835
1933-02-28,5.65999984741211
1933-03-01,5.76999998092651
1933-03-02,5.65000009536743
1933-03-03,5.84000015258789
1933-03-15,6.80999994277954
1933-03-16,6.92999982833862
1933-03-17,6.63000011444092
1933-03-20,6.5
1933-03-21,6.19999980926514
1933-03-22,6.11999988555908
1933-03-23,6.25
1933-03-24,6.25
1933-03-27,6.09000015258789
1933-03-28,6.21000003814697
1933-03-29,6.07000017166138
1933-03-30,6.05000019073486
1933-03-31,5.84999990463257
1933-04-03,5.86999988555908
1933-04-04,5.90000009536743
1933-04-05,5.94999980926514
1933-04-06,6.05000019073486
1933-04-07,6.11999988555908
1933-04-10,6.53999996185303
1933-04-11,6.51000022888184
1933-04-12,6.40999984741211
1933-04-13,6.67000007629395
1933-04-17,6.53000020980835
1933-04-18,6.65999984741211
1933-04-19,7.1399998664856
1933-04-20,7.82000017166138
1933-04-21,7.44000005722046
1933-04-24,7.90999984741211
1933-04-25,7.71999979019165
1933-04-26,7.76999998092651
1933-04-27,7.69999980926514
1933-04-28,7.82999992370605
1933-05-01,8.43000030517578
1933-05-02,8.46000003814697
1933-05-03,8.40999984741211
1933-05-04,8.64999961853027
1933-05-05,8.73999977111816
1933-05-08,8.34000015258789
1933-05-09,8.39999961853027
1933-05-10,8.81999969482422
1933-05-11,9.06999969482422
1933-05-12,9.02999973297119
1933-05-15,8.68000030517578
1933-05-16,8.85000038146973
1933-05-17,8.9399995803833
1933-05-18,8.89000034332275
1933-05-19,8.81999969482422
1933-05-22,8.64000034332275
1933-05-23,8.96000003814697
1933-05-24,9.14999961853027
1933-05-25,9.07999992370605
1933-05-26,9.34000015258789
1933-05-29,9.77999973297119
1933-05-31,9.64000034332275
1933-06-01,9.73999977111816
1933-06-02,10.1300001144409
1933-06-05,10.0699996948242
1933-06-06,10.039999961853
1933-06-07,10.2200002670288
1933-06-08,10.3100004196167
1933-06-09,10.4099998474121
1933-06-12,10.8900003433228
1933-06-13,10.5699996948242
1933-06-14,10.4700002670288
1933-06-15,9.73999977111816
1933-06-16,9.8100004196167
1933-06-19,10.6800003051758
1933-06-20,10.5200004577637
1933-06-21,10.5799999237061
1933-06-22,10.2200002670288
1933-06-23,10.5600004196167
1933-06-26,10.8699998855591
1933-06-27,10.9799995422363
1933-06-28,10.8400001525879
1933-06-29,10.7399997711182
1933-06-30,10.9099998474121
1933-07-03,11.6199998855591
1933-07-05,11.5500001907349
1933-07-06,11.8500003814697
1933-07-07,11.960000038147
1933-07-10,11.8599996566772
1933-07-11,11.710000038147
1933-07-12,11.8699998855591
1933-07-13,12
1933-07-14,11.8500003814697
1933-07-17,12.0100002288818
1933-07-18,12.1999998092651
1933-07-19,11.6000003814697
1933-07-20,10.5699996948242
1933-07-21,9.64999961853027
1933-07-24,10.5
1933-07-25,10.3199996948242
1933-07-26,10.5900001525879
1933-07-27,10.6800003051758
1933-07-28,10.4300003051758
1933-07-31,9.94999980926514
1933-08-01,10.25
1933-08-02,10.4899997711182
1933-08-03,10.3599996566772
1933-08-04,10.1300001144409
1933-08-07,10.0500001907349
1933-08-08,10.3900003433228
1933-08-09,10.8100004196167
1933-08-10,10.6300001144409
1933-08-11,10.5900001525879
1933-08-14,10.460000038147
1933-08-15,10.4799995422363
1933-08-16,10.1999998092651
1933-08-17,10.7600002288818
1933-08-18,10.5799999237061
1933-08-21,10.75
1933-08-22,10.9200000762939
1933-08-23,10.7799997329712
1933-08-24,10.8800001144409
1933-08-25,11.2799997329712
1933-08-28,11.2600002288818
1933-08-29,11.1999998092651
1933-08-30,11.1000003814697
1933-08-31,11.0900001525879
1933-09-01,11.2299995422363
1933-09-05,10.8400001525879
1933-09-06,10.8500003814697
1933-09-07,10.6999998092651
1933-09-08,10.6599998474121
1933-09-11,11.1300001144409
1933-09-12,11.0600004196167
1933-09-13,11.1099996566772
1933-09-14,11.1300001144409
1933-09-15,10.8199996948242
1933-09-18,11
1933-09-19,11.039999961853
1933-09-20,10.6899995803833
1933-09-21,10.0299997329712
1933-09-22,10.2600002288818
1933-09-25,10.1599998474121
1933-09-26,10.0699996948242
1933-09-27,9.64999961853027
1933-09-28,9.78999996185303
1933-09-29,9.72000026702881
1933-10-02,9.61999988555908
1933-10-03,9.67000007629395
1933-10-04,10.289999961853
1933-10-05,10.1599998474121
1933-10-06,10.0500001907349
1933-10-09,10.3199996948242
1933-10-10,10.2299995422363
1933-10-11,10.2399997711182
1933-10-13,9.85000038146973
1933-10-16,9.21000003814697
1933-10-17,9.51000022888184
1933-10-18,9.06999969482422
1933-10-19,8.60999965667725
1933-10-20,8.85999965667725
1933-10-23,9.02000045776367
1933-10-24,9.38000011444092
1933-10-25,9.63000011444092
1933-10-26,9.4399995803833
1933-10-27,9.53999996185303
1933-10-30,9.03999996185303
1933-10-31,8.96000003814697
1933-11-01,9.11999988555908
1933-11-02,9.22000026702881
1933-11-03,9.53999996185303
1933-11-06,9.44999980926514
1933-11-08,9.80000019073486
1933-11-09,9.86999988555908
1933-11-10,9.72000026702881
1933-11-13,9.8100004196167
1933-11-14,9.6899995803833
1933-11-15,9.57999992370605
1933-11-16,10.0299997329712
1933-11-17,9.92000007629395
1933-11-20,10.2299995422363
1933-11-21,10.1000003814697
1933-11-22,10.0500001907349
1933-11-23,9.86999988555908
1933-11-24,10.0100002288818
1933-11-27,9.6899995803833
1933-11-28,9.69999980926514
1933-11-29,9.88000011444092
1933-12-01,9.90999984741211
1933-12-04,9.89999961853027
1933-12-05,10.1999998092651
1933-12-06,10.1300001144409
1933-12-07,10.1999998092651
1933-12-08,10.1000003814697
1933-12-11,10.3100004196167
1933-12-12,10.289999961853
1933-12-13,10.1899995803833
1933-12-14,10.2299995422363
1933-12-15,10.0699996948242
1933-12-18,9.77000045776367
1933-12-19,9.75
1933-12-20,9.56999969482422
1933-12-21,9.55000019073486
1933-12-22,9.85999965667725
1933-12-26,9.57999992370605
1933-12-27,9.71000003814697
1933-12-28,9.98999977111816
1933-12-29,9.97000026702881
1934-01-02,10.1099996566772
1934-01-03,9.97000026702881
1934-01-04,9.9399995803833
1934-01-05,9.8100004196167
1934-01-08,9.76000022888184
1934-01-09,9.86999988555908
1934-01-10,10.1400003433228
1934-01-11,10.1899995803833
1934-01-12,10.0699996948242
1934-01-15,10.6400003433228
1934-01-16,10.6899995803833
1934-01-17,10.6599998474121
1934-01-18,10.6300001144409
1934-01-19,10.9300003051758
1934-01-22,10.9099998474121
1934-01-23,11.0500001907349
1934-01-24,11.1199998855591
1934-01-25,11.1199998855591
1934-01-26,11.0200004577637
1934-01-29,11.1899995803833
1934-01-30,11.3299999237061
1934-01-31,11.1700000762939
1934-02-01,11.460000038147
1934-02-02,11.4499998092651
1934-02-05,11.8100004196167
1934-02-06,11.8199996948242
1934-02-07,11.4499998092651
1934-02-08,11.5
1934-02-09,11.1800003051758
1934-02-13,11.2200002670288
1934-02-14,11.289999961853
1934-02-15,11.5100002288818
1934-02-16,11.539999961853
1934-02-19,11.3599996566772
1934-02-20,11.3999996185303
1934-02-21,11.4300003051758
1934-02-23,11.1300001144409
1934-02-26,10.6899995803833
1934-02-27,10.8100004196167
1934-02-28,10.7600002288818
1934-03-01,10.7200002670288
1934-03-02,11.0699996948242
1934-03-05,11.0100002288818
1934-03-06,10.8800001144409
1934-03-07,10.6000003814697
1934-03-08,10.8000001907349
1934-03-09,10.7299995422363
1934-03-12,10.960000038147
1934-03-13,10.960000038147
1934-03-14,10.9700002670288
1934-03-15,10.789999961853
1934-03-16,10.8199996948242
1934-03-19,10.4499998092651
1934-03-20,10.6599998474121
1934-03-21,10.4499998092651
1934-03-22,10.6400003433228
1934-03-23,10.5299997329712
1934-03-26,10.710000038147
1934-03-27,10.4200000762939
1934-03-28,10.4499998092651
1934-03-29,10.6199998855591
1934-04-02,10.7600002288818
1934-04-03,10.8400001525879
1934-04-04,10.8699998855591
1934-04-05,10.8999996185303
1934-04-06,10.9499998092651
1934-04-09,10.8699998855591
1934-04-10,11.0299997329712
1934-04-11,11.0200004577637
1934-04-12,10.9899997711182
1934-04-13,10.9499998092651
1934-04-16,10.7799997329712
1934-04-17,10.8900003433228
1934-04-18,11.0299997329712
1934-04-19,11.0500001907349
1934-04-20,11.1599998474121
1934-04-23,11.0900001525879
1934-04-24,11
1934-04-25,10.9399995803833
1934-04-26,10.789999961853
1934-04-27,10.8000001907349
1934-04-30,10.460000038147
1934-05-01,10.460000038147
1934-05-02,10.25
1934-05-03,10.289999961853
1934-05-04,10.3199996948242
1934-05-07,9.8100004196167
1934-05-08,10.0500001907349
1934-05-09,9.88000011444092
1934-05-10,9.64999961853027
1934-05-11,9.55000019073486
1934-05-14,9.44999980926514
1934-05-15,9.63000011444092
1934-05-16,9.5600004196167
1934-05-17,9.59000015258789
1934-05-18,9.85000038146973
1934-05-21,9.86999988555908
1934-05-22,9.64999961853027
1934-05-23,9.5600004196167
1934-05-24,9.59000015258789
1934-05-25,9.69999980926514
1934-05-28,9.82999992370605
1934-05-29,9.78999996185303
1934-05-31,9.60999965667725
1934-06-01,9.38000011444092
1934-06-04,9.48999977111816
1934-06-05,9.72000026702881
1934-06-06,9.73999977111816
1934-06-07,9.71000003814697
1934-06-08,10.1700000762939
1934-06-11,10.0900001525879
1934-06-12,10.1999998092651
1934-06-13,10.1999998092651
1934-06-14,10.0500001907349
1934-06-15,10.2299995422363
1934-06-18,10.3699998855591
1934-06-19,10.1899995803833
1934-06-20,10.0799999237061
1934-06-21,9.97999954223633
1934-06-22,9.76000022888184
1934-06-25,9.72999954223633
1934-06-26,9.96000003814697
1934-06-27,9.93000030517578
1934-06-28,9.97999954223633
1934-06-29,9.8100004196167
1934-07-02,9.6899995803833
1934-07-03,9.65999984741211
1934-07-05,9.81999969482422
1934-07-06,9.90999984741211
1934-07-09,9.88000011444092
1934-07-10,9.9399995803833
1934-07-11,9.98999977111816
1934-07-12,9.90999984741211
1934-07-13,9.93000030517578
1934-07-16,9.72000026702881
1934-07-17,9.68000030517578
1934-07-18,9.84000015258789
1934-07-19,9.73999977111816
1934-07-20,9.47000026702881
1934-07-23,9.09000015258789
1934-07-24,8.98999977111816
1934-07-25,9.06999969482422
1934-07-26,8.35999965667725
1934-07-27,8.60000038146973
1934-07-30,8.67000007629395
1934-07-31,8.68000030517578
1934-08-01,8.94999980926514
1934-08-02,9.01000022888184
1934-08-03,8.89999961853027
1934-08-06,8.71000003814697
1934-08-07,8.6899995803833
1934-08-08,8.82999992370605
1934-08-09,9.13000011444092
1934-08-10,8.93000030517578
1934-08-13,9.17000007629395
1934-08-14,9.10000038146973
1934-08-15,9.03999996185303
1934-08-16,9.10999965667725
1934-08-17,9.0600004196167
1934-08-20,8.97000026702881
1934-08-21,9.1899995803833
1934-08-22,9.39999961853027
1934-08-23,9.35000038146973
1934-08-24,9.52000045776367
1934-08-27,9.39000034332275
1934-08-28,9.34000015258789
1934-08-29,9.26000022888184
1934-08-30,9.15999984741211
1934-08-31,9.14999961853027
1934-09-04,9.0600004196167
1934-09-05,9.21000003814697
1934-09-06,9.02000045776367
1934-09-07,8.92000007629395
1934-09-10,8.69999980926514
1934-09-11,8.72000026702881
1934-09-12,8.75
1934-09-13,8.72000026702881
1934-09-14,8.47000026702881
1934-09-17,8.44999980926514
1934-09-18,8.52000045776367
1934-09-19,8.73999977111816
1934-09-20,8.77000045776367
1934-09-21,8.94999980926514
1934-09-24,8.89999961853027
1934-09-25,9.14999961853027
1934-09-26,9.09000015258789
1934-09-27,9.18000030517578
1934-09-28,9.07999992370605
1934-10-01,8.82999992370605
1934-10-02,8.85999965667725
1934-10-03,8.82999992370605
1934-10-04,8.81999969482422
1934-10-05,9
1934-10-08,8.92000007629395
1934-10-09,8.82999992370605
1934-10-10,9.06999969482422
1934-10-11,9.1899995803833
1934-10-15,9
1934-10-16,9.09000015258789
1934-10-17,9.10999965667725
1934-10-18,9.06999969482422
1934-10-19,9.02999973297119
1934-10-22,9.02000045776367
1934-10-23,8.98999977111816
1934-10-24,9.14000034332275
1934-10-25,8.93000030517578
1934-10-26,8.80000019073486
1934-10-29,8.76000022888184
1934-10-30,8.78999996185303
1934-10-31,8.8100004196167
1934-11-01,8.77000045776367
1934-11-02,8.86999988555908
1934-11-05,9.02000045776367
1934-11-07,9.1899995803833
1934-11-08,9.11999988555908
1934-11-09,9.30000019073486
1934-11-13,9.22999954223633
1934-11-14,9.19999980926514
1934-11-15,9
1934-11-16,9.18000030517578
1934-11-19,9.10000038146973
1934-11-20,9.14000034332275
1934-11-21,9.10000038146973
1934-11-22,9.14000034332275
1934-11-23,9.27000045776367
1934-11-26,9.52000045776367
1934-11-27,9.43000030517578
1934-11-28,9.53999996185303
1934-11-30,9.53999996185303
1934-12-03,9.40999984741211
1934-12-04,9.47999954223633
1934-12-05,9.5600004196167
1934-12-06,9.53999996185303
1934-12-07,9.46000003814697
1934-12-10,9.35999965667725
1934-12-11,9.17000007629395
1934-12-12,9.18000030517578
1934-12-13,9.13000011444092
1934-12-14,9.10999965667725
1934-12-17,9.17000007629395
1934-12-18,9.15999984741211
1934-12-19,9.02999973297119
1934-12-20,9.02000045776367
1934-12-21,9.03999996185303
1934-12-24,9.10999965667725
1934-12-26,9.0600004196167
1934-12-27,9.06999969482422
1934-12-28,9.40999984741211
1934-12-31,9.5
1935-01-02,9.51000022888184
1935-01-03,9.52999973297119
1935-01-04,9.51000022888184
1935-01-07,9.57999992370605
1935-01-08,9.47000026702881
1935-01-09,9.46000003814697
1935-01-10,9.4399995803833
1935-01-11,9.25
1935-01-14,9.17000007629395
1935-01-15,8.96000003814697
1935-01-16,9
1935-01-17,9.14000034332275
1935-01-18,9.18000030517578
1935-01-21,9.27999973297119
1935-01-22,9.19999980926514
1935-01-23,9.19999980926514
1935-01-24,9.18000030517578
1935-01-25,9.22999954223633
1935-01-28,9.06999969482422
1935-01-29,8.97999954223633
1935-01-30,9.02999973297119
1935-01-31,9.10000038146973
1935-02-01,9.05000019073486
1935-02-04,8.98999977111816
1935-02-05,8.89000034332275
1935-02-06,8.8100004196167
1935-02-07,8.88000011444092
1935-02-08,9.02999973297119
1935-02-11,9.02000045776367
1935-02-13,9.01000022888184
1935-02-14,9.01000022888184
1935-02-15,9.0600004196167
1935-02-18,9.34000015258789
1935-02-19,9.1899995803833
1935-02-20,9.03999996185303
1935-02-21,9.02999973297119
1935-02-25,8.85000038146973
1935-02-26,8.76000022888184
1935-02-27,8.78999996185303
1935-02-28,8.73999977111816
1935-03-01,8.78999996185303
1935-03-04,8.72000026702881
1935-03-05,8.47000026702881
1935-03-06,8.44999980926514
1935-03-07,8.5600004196167
1935-03-08,8.53999996185303
1935-03-11,8.31999969482422
1935-03-12,8.15999984741211
1935-03-13,8.1899995803833
1935-03-14,8.0600004196167
1935-03-15,8.22999954223633
1935-03-18,8.14000034332275
1935-03-19,8.26000022888184
1935-03-20,8.25
1935-03-21,8.42000007629395
1935-03-22,8.55000019073486
1935-03-25,8.42000007629395
1935-03-26,8.35000038146973
1935-03-27,8.4399995803833
1935-03-28,8.44999980926514
1935-03-29,8.44999980926514
1935-04-01,8.53999996185303
1935-04-02,8.5
1935-04-03,8.47999954223633
1935-04-04,8.56999969482422
1935-04-05,8.77999973297119
1935-04-08,8.77999973297119
1935-04-09,8.9399995803833
1935-04-10,8.89999961853027
1935-04-11,8.85000038146973
1935-04-12,8.94999980926514
1935-04-15,9.13000011444092
1935-04-16,8.22000026702881
1935-04-17,9.01000022888184
1935-04-18,9.14000034332275
1935-04-22,9.40999984741211
1935-04-23,9.4399995803833
1935-04-24,9.31999969482422
1935-04-25,9.4399995803833
1935-04-26,9.39999961853027
1935-04-29,9.39000034332275
1935-04-30,9.27999973297119
1935-05-01,9.22999954223633
1935-05-02,9.27000045776367
1935-05-03,9.42000007629395
1935-05-06,9.42000007629395
1935-05-07,9.38000011444092
1935-05-08,9.64999961853027
1935-05-09,9.6899995803833
1935-05-10,9.75
1935-05-13,9.80000019073486
1935-05-14,9.8100004196167
1935-05-15,9.81999969482422
1935-05-16,9.14999961853027
1935-05-17,10.0100002288818
1935-05-20,9.89000034332275
1935-05-21,9.97999954223633
1935-05-22,10.0600004196167
1935-05-23,10.0699996948242
1935-05-24,10.0200004577637
1935-05-27,10.0299997329712
1935-05-28,9.85000038146973
1935-05-29,9.6899995803833
1935-05-31,9.57999992370605
1935-06-03,9.67000007629395
1935-06-04,9.92000007629395
1935-06-05,9.90999984741211
1935-06-06,9.84000015258789
1935-06-07,9.89999961853027
1935-06-10,10.0299997329712
1935-06-11,10.1300001144409
1935-06-12,10.0600004196167
1935-06-13,10.1199998855591
1935-06-14,10.2200002670288
1935-06-17,10.2200002670288
1935-06-18,10.2799997329712
1935-06-19,10.2299995422363
1935-06-20,10.1499996185303
1935-06-21,10.3800001144409
1935-06-24,10.4700002670288
1935-06-25,10.3199996948242
1935-06-26,10.1999998092651
1935-06-27,10.1499996185303
1935-06-28,10.2399997711182
1935-07-01,10.2799997329712
1935-07-02,10.289999961853
1935-07-03,10.3500003814697
1935-07-05,10.4700002670288
1935-07-08,10.6000003814697
1935-07-09,10.5500001907349
1935-07-10,10.6300001144409
1935-07-11,10.5200004577637
1935-07-12,10.6199998855591
1935-07-15,10.6000003814697
1935-07-16,10.6099996566772
1935-07-17,10.6700000762939
1935-07-18,10.6599998474121
1935-07-19,10.5799999237061
1935-07-22,10.7700004577637
1935-07-23,10.7600002288818
1935-07-24,10.8400001525879
1935-07-25,10.7299995422363
1935-07-26,10.789999961853
1935-07-29,11.039999961853
1935-07-30,10.9399995803833
1935-07-31,11.0799999237061
1935-08-01,11.039999961853
1935-08-02,10.9499998092651
1935-08-05,11.1999998092651
1935-08-06,11.1899995803833
1935-08-07,11.1800003051758
1935-08-08,11.2200002670288
1935-08-09,11.4899997711182
1935-08-12,11.6000003814697
1935-08-13,11.6700000762939
1935-08-14,11.6700000762939
1935-08-15,11.539999961853
1935-08-16,10.6199998855591
1935-08-19,11.4200000762939
1935-08-20,11.4499998092651
1935-08-21,11.5500001907349
1935-08-22,11.5900001525879
1935-08-23,11.5600004196167
1935-08-26,11.460000038147
1935-08-27,11.1199998855591
1935-08-28,11.1000003814697
1935-08-29,11.1700000762939
1935-08-30,11.2399997711182
1935-09-03,11.210000038147
1935-09-04,11.3599996566772
1935-09-05,11.4700002670288
1935-09-06,11.6499996185303
1935-09-09,11.7600002288818
1935-09-10,11.8599996566772
1935-09-11,11.9200000762939
1935-09-12,11.7799997329712
1935-09-13,11.8000001907349
1935-09-16,11.6400003433228
1935-09-17,11.7200002670288
1935-09-18,11.8199996948242
1935-09-19,11.5799999237061
1935-09-20,11.2600002288818
1935-09-23,11.3999996185303
1935-09-24,11.539999961853
1935-09-25,11.5900001525879
1935-09-26,11.5900001525879
1935-09-27,11.5600004196167
1935-09-30,11.5900001525879
1935-10-01,11.4799995422363
1935-10-02,11.1000003814697
1935-10-03,11.2600002288818
1935-10-04,11.3599996566772
1935-10-07,11.5299997329712
1935-10-08,11.4499998092651
1935-10-09,11.5100002288818
1935-10-10,11.7399997711182
1935-10-11,11.75
1935-10-14,11.8800001144409
1935-10-15,11.960000038147
1935-10-16,11.7200002670288
1935-10-17,11.8500003814697
1935-10-18,11.8100004196167
1935-10-21,12.1899995803833
1935-10-22,12.25
1935-10-23,12.3299999237061
1935-10-24,12.3100004196167
1935-10-25,12.4300003051758
1935-10-28,12.460000038147
1935-10-29,12.4499998092651
1935-10-30,12.3599996566772
1935-10-31,12.460000038147
1935-11-01,12.6099996566772
1935-11-04,12.6199998855591
1935-11-06,12.8599996566772
1935-11-07,12.8100004196167
1935-11-08,12.9200000762939
1935-11-12,12.8100004196167
1935-11-13,12.960000038147
1935-11-14,13.1999998092651
1935-11-15,13.25
1935-11-18,13.2799997329712
1935-11-19,13.460000038147
1935-11-20,13.289999961853
1935-11-21,13.4200000762939
1935-11-22,13.1400003433228
1935-11-25,13.1800003051758
1935-11-26,12.9899997711182
1935-11-27,13.0900001525879
1935-11-29,12.9399995803833
1935-12-02,12.75
1935-12-03,13.1000003814697
1935-12-04,13.210000038147
1935-12-05,13.1800003051758
1935-12-06,13.1499996185303
1935-12-09,13.3199996948242
1935-12-10,13.0900001525879
1935-12-11,13.1400003433228
1935-12-12,12.960000038147
1935-12-13,12.8400001525879
1935-12-16,13.3299999237061
1935-12-17,12.8999996185303
1935-12-18,12.8599996566772
1935-12-19,12.8000001907349
1935-12-20,12.8800001144409
1935-12-23,12.960000038147
1935-12-24,13.0900001525879
1935-12-26,13.1199998855591
1935-12-27,13.1099996566772
1935-12-30,13.3000001907349
1935-12-31,13.4300003051758
1936-01-02,13.3999996185303
1936-01-03,13.5500001907349
1936-01-06,13.4099998474121
1936-01-07,13.6199998855591
1936-01-08,13.6999998092651
1936-01-09,13.6700000762939
1936-01-10,13.7799997329712
1936-01-13,13.7200002670288
1936-01-14,13.8000001907349
1936-01-15,13.710000038147
1936-01-16,13.7700004577637
1936-01-17,13.75
1936-01-20,13.5200004577637
1936-01-21,13.4700002670288
1936-01-22,13.7600002288818
1936-01-23,13.9099998474121
1936-01-24,13.8500003814697
1936-01-27,13.9899997711182
1936-01-28,14.0100002288818
1936-01-29,14.1499996185303
1936-01-30,14.0799999237061
1936-01-31,14.3100004196167
1936-02-03,14.4399995803833
1936-02-04,14.4200000762939
1936-02-05,14.3699998855591
1936-02-06,14.3900003433228
1936-02-07,14.3199996948242
1936-02-10,14.4300003051758
1936-02-11,14.6300001144409
1936-02-13,14.7200002670288
1936-02-14,14.6599998474121
1936-02-17,14.5799999237061
1936-02-18,14.7399997711182
1936-02-19,14.6400003433228
1936-02-20,14.8699998855591
1936-02-21,14.8299999237061
1936-02-24,14.6899995803833
1936-02-25,14.4200000762939
1936-02-26,14.3500003814697
1936-02-27,14.6899995803833
1936-02-28,14.6000003814697
1936-03-02,14.7700004577637
1936-03-03,14.9799995422363
1936-03-04,15.0200004577637
1936-03-05,15.039999961853
1936-03-06,15.1000003814697
1936-03-09,14.5100002288818
1936-03-10,14.7299995422363
1936-03-11,14.8800001144409
1936-03-12,14.460000038147
1936-03-13,14.2399997711182
1936-03-16,14.5699996948242
1936-03-17,14.9200000762939
1936-03-18,14.8599996566772
1936-03-19,15.0600004196167
1936-03-20,15.039999961853
1936-03-23,15.0500001907349
1936-03-24,14.9700002670288
1936-03-25,15.1000003814697
1936-03-26,15.0500001907349
1936-03-27,14.8199996948242
1936-03-30,14.8100004196167
1936-03-31,14.9200000762939
1936-04-01,15.1899995803833
1936-04-02,15.3400001525879
1936-04-03,15.2700004577637
1936-04-06,15.5100002288818
1936-04-07,15.4300003051758
1936-04-08,15.4399995803833
1936-04-09,15.3900003433228
1936-04-13,15.4200000762939
1936-04-14,15.1099996566772
1936-04-15,15.2600002288818
1936-04-16,15.1899995803833
1936-04-17,15.1000003814697
1936-04-20,14.6199998855591
1936-04-21,14.6000003814697
1936-04-22,14.8500003814697
1936-04-23,14.3999996185303
1936-04-24,14.4399995803833
1936-04-27,13.960000038147
1936-04-28,13.9399995803833
1936-04-29,13.5299997329712
1936-04-30,13.7700004577637
1936-05-01,13.8699998855591
1936-05-04,13.8199996948242
1936-05-05,14.0200004577637
1936-05-06,14.1800003051758
1936-05-07,13.9200000762939
1936-05-08,13.8999996185303
1936-05-11,13.8599996566772
1936-05-12,13.8599996566772
1936-05-13,13.9700002670288
1936-05-14,14.289999961853
1936-05-15,14.289999961853
1936-05-18,14.1899995803833
1936-05-19,13.8500003814697
1936-05-20,13.9899997711182
1936-05-21,13.9399995803833
1936-05-22,14.0900001525879
1936-05-25,14.25
1936-05-26,14.4499998092651
1936-05-27,14.4200000762939
1936-05-28,14.3000001907349
1936-05-29,14.3999996185303
1936-06-01,14.3900003433228
1936-06-02,14.3900003433228
1936-06-03,14.3400001525879
1936-06-04,14.1300001144409
1936-06-05,14.1199998855591
1936-06-08,14.3400001525879
1936-06-09,14.4799995422363
1936-06-10,14.5500001907349
1936-06-11,14.7600002288818
1936-06-12,14.5900001525879
1936-06-15,14.7399997711182
1936-06-16,14.9200000762939
1936-06-17,14.8500003814697
1936-06-18,14.9200000762939
1936-06-19,14.8299999237061
1936-06-22,15.0699996948242
1936-06-23,15
1936-06-24,15.1599998474121
1936-06-25,15
1936-06-26,14.9499998092651
1936-06-29,14.8900003433228
1936-06-30,14.8400001525879
1936-07-01,14.8999996185303
1936-07-02,14.8800001144409
1936-07-03,15.0200004577637
1936-07-06,14.9399995803833
1936-07-07,14.8100004196167
1936-07-08,14.8900003433228
1936-07-09,15.0699996948242
1936-07-10,15.3500003814697
1936-07-13,15.4499998092651
1936-07-14,15.6300001144409
1936-07-15,15.6400003433228
1936-07-16,15.6300001144409
1936-07-17,15.6599998474121
1936-07-20,15.8299999237061
1936-07-21,15.9300003051758
1936-07-22,15.8299999237061
1936-07-23,15.8900003433228
1936-07-24,15.8299999237061
1936-07-27,16.1499996185303
1936-07-28,16.1200008392334
1936-07-29,15.960000038147
1936-07-30,16.0200004577637
1936-07-31,15.8500003814697
1936-08-03,15.9099998474121
1936-08-04,15.8699998855591
1936-08-05,15.7700004577637
1936-08-06,15.8699998855591
1936-08-07,16.0799999237061
1936-08-10,16.2000007629395
1936-08-11,16.0799999237061
1936-08-12,16.1599998474121
1936-08-13,16.0799999237061
1936-08-14,15.8699998855591
1936-08-17,15.8000001907349
1936-08-18,15.8100004196167
1936-08-19,15.8999996185303
1936-08-20,15.8100004196167
1936-08-21,15.3199996948242
1936-08-24,15.6499996185303
1936-08-25,15.6700000762939
1936-08-26,15.5500001907349
1936-08-27,15.8900003433228
1936-08-28,15.9200000762939
1936-08-31,15.9899997711182
1936-09-01,15.9499998092651
1936-09-02,16.0100002288818
1936-09-03,15.9499998092651
1936-09-04,16.0200004577637
1936-09-08,16.2900009155273
1936-09-09,16.1700000762939
1936-09-10,16.1599998474121
1936-09-11,16.1100006103516
1936-09-14,15.960000038147
1936-09-15,15.9300003051758
1936-09-16,15
1936-09-17,15.8699998855591
1936-09-18,16.0300006866455
1936-09-21,16.1599998474121
1936-09-22,16.2199993133545
1936-09-23,16.1399993896484
1936-09-24,16.1700000762939
1936-09-25,15.8800001144409
1936-09-28,16.1299991607666
1936-09-29,16.0599994659424
1936-09-30,16.0100002288818
1936-10-01,16.0400009155273
1936-10-02,16.3500003814697
1936-10-05,16.5300006866455
1936-10-06,16.6800003051758
1936-10-07,16.7199993133545
1936-10-08,16.8099994659424
1936-10-09,16.8700008392334
1936-10-13,16.9599990844727
1936-10-14,16.8799991607666
1936-10-15,16.8500003814697
1936-10-16,17.0400009155273
1936-10-19,17.1299991607666
1936-10-20,17.1100006103516
1936-10-21,17.1800003051758
1936-10-22,17.0400009155273
1936-10-23,17.0900001525879
1936-10-26,16.6499996185303
1936-10-27,16.9300003051758
1936-10-28,16.9400005340576
1936-10-29,17.2000007629395
1936-10-30,17.2299995422363
1936-11-02,17.1700000762939
1936-11-04,17.4300003051758
1936-11-05,17.5599994659424
1936-11-06,17.4300003051758
1936-11-09,17.6900005340576
1936-11-10,17.6299991607666
1936-11-12,17.4300003051758
1936-11-13,17.2399997711182
1936-11-16,17.3999996185303
1936-11-17,17.6399993896484
1936-11-18,17.5100002288818
1936-11-19,17.2999992370605
1936-11-20,17.1299991607666
1936-11-23,16.8899993896484
1936-11-24,17.1800003051758
1936-11-25,17.0900001525879
1936-11-27,17.3400001525879
1936-11-30,17.2800006866455
1936-12-01,17.1399993896484
1936-12-02,16.9500007629395
1936-12-03,17.0400009155273
1936-12-04,17.0100002288818
1936-12-07,16.9099998474121
1936-12-08,16.9699993133545
1936-12-09,17.0499992370605
1936-12-10,17.2199993133545
1936-12-11,17.1399993896484
1936-12-14,17.3199996948242
1936-12-15,17.3199996948242
1936-12-16,17.2900009155273
1936-12-17,17.1599998474121
1936-12-18,17
1936-12-21,16.6499996185303
1936-12-22,16.8600006103516
1936-12-23,17.0300006866455
1936-12-24,17.0599994659424
1936-12-28,16.9400005340576
1936-12-29,17.0100002288818
1936-12-30,17.2700004577637
1936-12-31,17.1800003051758
1937-01-04,16.9300003051758
1937-01-05,17.0799999237061
1937-01-06,17.0900001525879
1937-01-07,17.4799995422363
1937-01-08,17.4799995422363
1937-01-11,17.5699996948242
1937-01-12,17.5799999237061
1937-01-13,17.6100006103516
1937-01-14,17.6599998474121
1937-01-15,17.7399997711182
1937-01-18,17.7399997711182
1937-01-19,17.6200008392334
1937-01-20,17.8400001525879
1937-01-21,17.9599990844727
1937-01-22,17.8700008392334
1937-01-25,17.7700004577637
1937-01-26,17.5100002288818
1937-01-27,17.6499996185303
1937-01-28,17.6299991607666
1937-01-29,17.7700004577637
1937-02-01,17.8799991607666
1937-02-02,18
1937-02-03,18.1299991607666
1937-02-04,18.1499996185303
1937-02-05,17.8600006103516
1937-02-08,18.0699996948242
1937-02-09,17.9899997711182
1937-02-10,18.1700000762939
1937-02-11,18.3199996948242
1937-02-15,18.1000003814697
1937-02-16,18.1499996185303
1937-02-17,18.1200008392334
1937-02-18,18.2199993133545
1937-02-19,18.3700008392334
1937-02-23,17.9699993133545
1937-02-24,18.0699996948242
1937-02-25,18
1937-02-26,18.0599994659424
1937-03-01,18.0900001525879
1937-03-02,18.3400001525879
1937-03-03,18.5499992370605
1937-03-04,18.3799991607666
1937-03-05,18.6200008392334
1937-03-08,18.5599994659424
1937-03-09,18.5400009155273
1937-03-10,18.6700000762939
1937-03-11,18.3799991607666
1937-03-12,18.3600006103516
1937-03-15,18.1399993896484
1937-03-16,18.2299995422363
1937-03-17,18.1100006103516
1937-03-18,17.7299995422363
1937-03-19,17.7199993133545
1937-03-22,17.2199993133545
1937-03-23,17.4899997711182
1937-03-24,17.7000007629395
1937-03-25,17.6800003051758
1937-03-29,17.6299991607666
1937-03-30,17.9500007629395
1937-03-31,17.9200000762939
1937-04-01,17.7099990844727
1937-04-02,17.4899997711182
1937-04-05,17.6200008392334
1937-04-06,17.4599990844727
1937-04-07,16.9099998474121
1937-04-08,16.9899997711182
1937-04-09,17.0300006866455
1937-04-12,17.1000003814697
1937-04-13,17.2800006866455
1937-04-14,17.2999992370605
1937-04-15,17.2299995422363
1937-04-16,17.1599998474121
1937-04-19,17.1299991607666
1937-04-20,17.1800003051758
1937-04-21,17.4099998474121
1937-04-22,17.1900005340576
1937-04-23,16.8500003814697
1937-04-26,16.1599998474121
1937-04-27,16.4300003051758
1937-04-28,15.9899997711182
1937-04-29,15.9899997711182
1937-04-30,16.4300003051758
1937-05-03,16.4699993133545
1937-05-04,16.7299995422363
1937-05-05,16.5900001525879
1937-05-06,16.7099990844727
1937-05-07,16.6499996185303
1937-05-10,16.2800006866455
1937-05-11,16.2900009155273
1937-05-12,16.1900005340576
1937-05-13,15.6499996185303
1937-05-14,15.8100004196167
1937-05-17,15.6199998855591
1937-05-18,15.8800001144409
1937-05-19,15.8400001525879
1937-05-20,16.2600002288818
1937-05-21,16.2700004577637
1937-05-24,16.4599990844727
1937-05-25,16.25
1937-05-26,16.2299995422363
1937-05-27,16.2600002288818
1937-05-28,16.2600002288818
1937-06-01,15.960000038147
1937-06-02,16.0699996948242
1937-06-03,16.1000003814697
1937-06-04,16.2800006866455
1937-06-07,16.1299991607666
1937-06-08,16.1800003051758
1937-06-09,16.0400009155273
1937-06-10,15.9399995803833
1937-06-11,15.7299995422363
1937-06-14,15.1999998092651
1937-06-15,15.3400001525879
1937-06-16,15.1800003051758
1937-06-17,15.3900003433228
1937-06-18,15.5100002288818
1937-06-21,15.3500003814697
1937-06-22,15.3800001144409
1937-06-23,15.5100002288818
1937-06-24,15.6199998855591
1937-06-25,15.5200004577637
1937-06-28,15.1199998855591
1937-06-29,15.1400003433228
1937-06-30,15.3999996185303
1937-07-01,15.4700002670288
1937-07-02,15.6999998092651
1937-07-06,16.25
1937-07-07,16.3700008392334
1937-07-08,16.3999996185303
1937-07-09,16.3199996948242
1937-07-12,16.5400009155273
1937-07-13,16.3999996185303
1937-07-14,16.3799991607666
1937-07-15,16.4599990844727
1937-07-16,16.4200000762939
1937-07-19,16.7399997711182
1937-07-20,16.9400005340576
1937-07-21,16.8199996948242
1937-07-22,16.8700008392334
1937-07-23,16.9400005340576
1937-07-26,17.0599994659424
1937-07-27,17.0400009155273
1937-07-28,16.7800006866455
1937-07-29,16.7199993133545
1937-07-30,16.7700004577637
1937-08-02,17.0699996948242
1937-08-03,16.9300003051758
1937-08-04,17.0200004577637
1937-08-05,16.9099998474121
1937-08-06,16.8500003814697
1937-08-09,17.0699996948242
1937-08-10,17.0400009155273
1937-08-11,17.0100002288818
1937-08-12,17.1000003814697
1937-08-13,17.2700004577637
1937-08-16,17.1700000762939
1937-08-17,17.0699996948242
1937-08-18,16.9099998474121
1937-08-19,16.6599998474121
1937-08-20,16.4899997711182
1937-08-23,16.4599990844727
1937-08-24,16.5900001525879
1937-08-25,16.4699993133545
1937-08-26,16.1499996185303
1937-08-27,15.8800001144409
1937-08-30,16.1200008392334
1937-08-31,16.0400009155273
1937-09-01,15.6099996566772
1937-09-02,15.3599996566772
1937-09-03,15.460000038147
1937-09-07,14.6899995803833
1937-09-08,14.6099996566772
1937-09-09,14.9799995422363
1937-09-10,14.1899995803833
1937-09-13,14.2299995422363
1937-09-14,14.6800003051758
1937-09-15,14.6099996566772
1937-09-16,14.8900003433228
1937-09-17,14.5699996948242
1937-09-20,13.9399995803833
1937-09-21,14.0799999237061
1937-09-22,14.1400003433228
1937-09-23,13.789999961853
1937-09-24,13.1999998092651
1937-09-27,13.6300001144409
1937-09-28,13.7200002670288
1937-09-29,13.789999961853
1937-09-30,13.7600002288818
1937-10-01,13.7200002670288
1937-10-04,13.5900001525879
1937-10-05,12.8500003814697
1937-10-06,13.1599998474121
1937-10-07,13.0600004196167
1937-10-08,12.75
1937-10-11,12.2200002670288
1937-10-13,12.210000038147
1937-10-14,11.9700002670288
1937-10-15,11.8400001525879
1937-10-18,10.7600002288818
1937-10-19,11.1000003814697
1937-10-20,11.9300003051758
1937-10-21,12.1700000762939
1937-10-22,11.8400001525879
1937-10-25,12
1937-10-26,11.7399997711182
1937-10-27,11.7600002288818
1937-10-28,12.0500001907349
1937-10-29,12.3500003814697
1937-11-01,12.0799999237061
1937-11-03,11.5200004577637
1937-11-04,11.460000038147
1937-11-05,11.460000038147
1937-11-08,11.1199998855591
1937-11-09,11.3500003814697
1937-11-10,11.960000038147
1937-11-12,11.9099998474121
1937-11-15,11.5299997329712
1937-11-16,11.4799995422363
1937-11-17,11.3900003433228
1937-11-18,11.1599998474121
1937-11-19,10.5100002288818
1937-11-22,10.25
1937-11-23,10.4300003051758
1937-11-24,10.1700000762939
1937-11-26,10.6700000762939
1937-11-29,10.960000038147
1937-11-30,11.1099996566772
1937-12-01,10.9700002670288
1937-12-02,11.1899995803833
1937-12-03,11.3400001525879
1937-12-06,11.1300001144409
1937-12-07,11.3199996948242
1937-12-08,11.4200000762939
1937-12-09,11.210000038147
1937-12-10,11.1000003814697
1937-12-13,10.7399997711182
1937-12-14,10.8299999237061
1937-12-15,10.9099998474121
1937-12-16,11.0799999237061
1937-12-17,11
1937-12-20,11.3100004196167
1937-12-21,11.3800001144409
1937-12-22,11.1800003051758
1937-12-23,11.1199998855591
1937-12-24,11.0600004196167
1937-12-27,10.6899995803833
1937-12-28,10.3100004196167
1937-12-29,10.4200000762939
1937-12-30,10.5600004196167
1937-12-31,10.5500001907349
1938-01-03,10.5200004577637
1938-01-04,10.9899997711182
1938-01-05,10.9200000762939
1938-01-06,11.7399997711182
1938-01-07,11.3199996948242
1938-01-10,11.8699998855591
1938-01-11,11.9499998092651
1938-01-12,11.8400001525879
1938-01-13,11.6700000762939
1938-01-14,11.6999998092651
1938-01-17,11.6700000762939
1938-01-18,11.5500001907349
1938-01-19,11.4499998092651
1938-01-20,11.6599998474121
1938-01-21,11.4399995803833
1938-01-24,11.3999996185303
1938-01-25,11.2200002670288
1938-01-26,10.789999961853
1938-01-27,10.6400003433228
1938-01-28,10.5500001907349
1938-01-31,10.6899995803833
1938-02-01,10.8900003433228
1938-02-02,10.7399997711182
1938-02-03,10.3400001525879
1938-02-04,10.539999961853
1938-02-07,10.5600004196167
1938-02-08,10.9799995422363
1938-02-09,10.8999996185303
1938-02-10,10.9700002670288
1938-02-11,10.9300003051758
1938-02-14,11.0200004577637
1938-02-15,10.8900003433228
1938-02-16,10.8699998855591
1938-02-17,11.1499996185303
1938-02-18,11.0200004577637
1938-02-21,11.3800001144409
1938-02-23,11.6800003051758
1938-02-24,11.5100002288818
1938-02-25,11.5699996948242
1938-02-28,11.3400001525879
1938-03-01,11.460000038147
1938-03-02,11.3500003814697
1938-03-03,11.2399997711182
1938-03-04,11.1300001144409
1938-03-07,10.8800001144409
1938-03-08,10.8800001144409
1938-03-09,10.8900003433228
1938-03-10,10.7700004577637
1938-03-11,10.5799999237061
1938-03-14,10.7799997329712
1938-03-15,11.1099996566772
1938-03-16,10.6199998855591
1938-03-17,10.5299997329712
1938-03-18,10.1899995803833
1938-03-21,10.3800001144409
1938-03-22,10.0600004196167
1938-03-23,9.85999965667725
1938-03-24,9.89000034332275
1938-03-25,9.35000038146973
1938-03-28,9.27000045776367
1938-03-29,8.72999954223633
1938-03-30,8.61999988555908
1938-03-31,8.5
1938-04-01,8.90999984741211
1938-04-04,9.23999977111816
1938-04-05,9.47999954223633
1938-04-06,9.27000045776367
1938-04-07,9.19999980926514
1938-04-08,9.61999988555908
1938-04-11,9.94999980926514
1938-04-12,10.0500001907349
1938-04-13,10.1000003814697
1938-04-14,10.1999998092651
1938-04-18,10.4099998474121
1938-04-19,10.1099996566772
1938-04-20,10.0600004196167
1938-04-21,10.1599998474121
1938-04-22,10.4499998092651
1938-04-25,10.210000038147
1938-04-26,9.94999980926514
1938-04-27,10.0799999237061
1938-04-28,9.77000045776367
1938-04-29,9.77999973297119
1938-05-02,9.59000015258789
1938-05-03,9.85000038146973
1938-05-04,10.0100002288818
1938-05-05,9.97000026702881
1938-05-06,10.4300003051758
1938-05-09,10.6300001144409
1938-05-10,10.4300003051758
1938-05-11,10.4899997711182
1938-05-12,10.4300003051758
1938-05-13,10.2600002288818
1938-05-16,10.0799999237061
1938-05-17,10.1400003433228
1938-05-18,10
1938-05-19,10.1099996566772
1938-05-20,9.96000003814697
1938-05-23,9.89000034332275
1938-05-24,9.71000003814697
1938-05-25,9.53999996185303
1938-05-26,9.28999996185303
1938-05-27,9.27999973297119
1938-05-31,9.27000045776367
1938-06-01,9.56999969482422
1938-06-02,9.53999996185303
1938-06-03,9.42000007629395
1938-06-06,9.73999977111816
1938-06-07,9.69999980926514
1938-06-08,9.72999954223633
1938-06-09,9.9399995803833
1938-06-10,9.80000019073486
1938-06-13,9.52000045776367
1938-06-14,9.63000011444092
1938-06-15,9.67000007629395
1938-06-16,9.76000022888184
1938-06-17,9.67000007629395
1938-06-20,10.1899995803833
1938-06-21,10.460000038147
1938-06-22,10.7299995422363
1938-06-23,11.0299997329712
1938-06-24,11.1499996185303
1938-06-27,11.2600002288818
1938-06-28,11.25
1938-06-29,11.7200002670288
1938-06-30,11.5600004196167
1938-07-01,11.9099998474121
1938-07-05,11.9799995422363
1938-07-06,12.1400003433228
1938-07-07,12.0900001525879
1938-07-08,11.8900003433228
1938-07-11,11.7299995422363
1938-07-12,12.039999961853
1938-07-13,11.9499998092651
1938-07-14,11.8400001525879
1938-07-15,12
1938-07-18,12.3500003814697
1938-07-19,12.6700000762939
1938-07-20,12.5299997329712
1938-07-21,12.539999961853
1938-07-22,12.5500001907349
1938-07-25,12.8000001907349
1938-07-26,12.6199998855591
1938-07-27,12.25
1938-07-28,12.4799995422363
1938-07-29,12.3299999237061
1938-08-01,12.25
1938-08-02,12.4099998474121
1938-08-03,12.3000001907349
1938-08-04,12.3800001144409
1938-08-05,12.6599998474121
1938-08-08,12.7299995422363
1938-08-09,12.6499996185303
1938-08-10,12.4899997711182
1938-08-11,12.1700000762939
1938-08-12,11.9200000762939
1938-08-15,11.9200000762939
1938-08-16,12.0799999237061
1938-08-17,12.1000003814697
1938-08-18,12.0900001525879
1938-08-19,12.3100004196167
1938-08-22,12.2700004577637
1938-08-23,12.5500001907349
1938-08-24,12.5200004577637
1938-08-25,12.6199998855591
1938-08-26,12.5
1938-08-29,11.8500003814697
1938-08-30,12.039999961853
1938-08-31,12.0600004196167
1938-09-01,11.9200000762939
1938-09-02,12.2600002288818
1938-09-06,12.2200002670288
1938-09-07,12.4099998474121
1938-09-08,12.289999961853
1938-09-09,12.0200004577637
1938-09-12,12.0600004196167
1938-09-13,11.3699998855591
1938-09-14,11.3000001907349
1938-09-15,11.6700000762939
1938-09-16,11.4300003051758
1938-09-19,11.5
1938-09-20,11.8900003433228
1938-09-21,11.960000038147
1938-09-22,11.75
1938-09-23,11.3599996566772
1938-09-26,11.0200004577637
1938-09-27,10.9899997711182
1938-09-28,11.4799995422363
1938-09-29,11.8999996185303
1938-09-30,12.2399997711182
1938-10-03,12.5200004577637
1938-10-04,12.4799995422363
1938-10-05,12.8599996566772
1938-10-06,12.8199996948242
1938-10-07,12.8500003814697
1938-10-10,13.9099998474121
1938-10-11,12.8400001525879
1938-10-13,13.2399997711182
1938-10-14,13.1499996185303
1938-10-17,13.0699996948242
1938-10-18,13.25
1938-10-19,13.0100002288818
1938-10-20,13.210000038147
1938-10-21,13.25
1938-10-24,13.3999996185303
1938-10-25,13.4300003051758
1938-10-26,13.2600002288818
1938-10-27,13.3299999237061
1938-10-28,13.1400003433228
1938-10-31,13.1700000762939
1938-11-01,13.1000003814697
1938-11-02,13.1499996185303
1938-11-03,13.1899995803833
1938-11-04,13.1700000762939
1938-11-07,13.4300003051758
1938-11-09,13.789999961853
1938-11-10,13.6999998092651
1938-11-14,13.4300003051758
1938-11-15,13.3500003814697
1938-11-16,12.9700002670288
1938-11-17,13.1199998855591
1938-11-18,12.8400001525879
1938-11-21,12.8800001144409
1938-11-22,12.7700004577637
1938-11-23,12.8000001907349
1938-11-25,12.8199996948242
1938-11-28,12.3699998855591
1938-11-29,12.4300003051758
1938-11-30,12.7299995422363
1938-12-01,12.6099996566772
1938-12-02,12.4799995422363
1938-12-05,12.3999996185303
1938-12-06,12.5
1938-12-07,12.539999961853
1938-12-08,12.3900003433228
1938-12-09,12.3199996948242
1938-12-12,12.460000038147
1938-12-13,12.5900001525879
1938-12-14,12.8599996566772
1938-12-15,12.8900003433228
1938-12-16,12.8999996185303
1938-12-19,12.6800003051758
1938-12-20,12.6599998474121
1938-12-21,12.5799999237061
1938-12-22,12.6700000762939
1938-12-23,12.8100004196167
1938-12-27,12.7299995422363
1938-12-28,12.8500003814697
1938-12-29,13.1300001144409
1938-12-30,13.1400003433228
1939-01-03,13.0799999237061
1939-01-04,13.2299995422363
1939-01-05,13.0600004196167
1939-01-06,13.0699996948242
1939-01-09,12.789999961853
1939-01-10,12.8100004196167
1939-01-11,12.5699996948242
1939-01-12,12.4700002670288
1939-01-13,12.3299999237061
1939-01-16,12.6300001144409
1939-01-17,12.7299995422363
1939-01-18,12.710000038147
1939-01-19,12.8000001907349
1939-01-20,12.75
1939-01-23,11.9300003051758
1939-01-24,11.9799995422363
1939-01-25,11.9099998474121
1939-01-26,11.5299997329712
1939-01-27,11.8599996566772
1939-01-30,12.1599998474121
1939-01-31,12.3000001907349
1939-02-01,12.1199998855591
1939-02-02,12.3800001144409
1939-02-03,12.3000001907349
1939-02-06,12.4700002670288
1939-02-07,12.3199996948242
1939-02-08,12.4799995422363
1939-02-09,12.3000001907349
1939-02-10,12.3299999237061
1939-02-14,12.3599996566772
1939-02-15,12.3800001144409
1939-02-16,12.4799995422363
1939-02-17,12.3999996185303
1939-02-20,12.1599998474121
1939-02-21,12.2299995422363
1939-02-23,12.2399997711182
1939-02-24,12.539999961853
1939-02-27,12.6300001144409
1939-02-28,12.6999998092651
1939-03-01,12.6999998092651
1939-03-02,12.6800003051758
1939-03-03,12.8599996566772
1939-03-06,12.789999961853
1939-03-07,12.8500003814697
1939-03-08,13.0699996948242
1939-03-09,13.0100002288818
1939-03-10,13.1000003814697
1939-03-13,12.9200000762939
1939-03-14,12.9700002670288
1939-03-15,12.6099996566772
1939-03-16,12.5799999237061
1939-03-17,12.210000038147
1939-03-20,11.9499998092651
1939-03-21,12.1599998474121
1939-03-22,11.75
1939-03-23,11.9200000762939
1939-03-24,12.0699996948242
1939-03-27,11.9899997711182
1939-03-28,11.8299999237061
1939-03-29,11.9200000762939
1939-03-30,11.5100002288818
1939-03-31,10.9799995422363
1939-04-03,11.2600002288818
1939-04-04,11.0200004577637
1939-04-05,11.0600004196167
1939-04-06,10.6599998474121
1939-04-10,10.4399995803833
1939-04-11,10.4200000762939
1939-04-12,10.6999998092651
1939-04-13,10.789999961853
1939-04-14,10.6300001144409
1939-04-17,10.8299999237061
1939-04-18,10.6599998474121
1939-04-19,10.789999961853
1939-04-20,10.9200000762939
1939-04-21,10.960000038147
1939-04-24,10.7799997329712
1939-04-25,10.8000001907349
1939-04-26,10.9099998474121
1939-04-27,11.0299997329712
1939-04-28,10.9300003051758
1939-05-01,10.8599996566772
1939-05-02,11
1939-05-03,11.289999961853
1939-05-04,11.25
1939-05-05,11.210000038147
1939-05-08,11.2299995422363
1939-05-09,11.4300003051758
1939-05-10,11.289999961853
1939-05-11,11.289999961853
1939-05-12,11.210000038147
1939-05-15,11.25
1939-05-16,10.9399995803833
1939-05-17,10.8699998855591
1939-05-18,10.8900003433228
1939-05-19,10.9899997711182
1939-05-22,11.1700000762939
1939-05-23,11.1099996566772
1939-05-24,11.4300003051758
1939-05-25,11.4499998092651
1939-05-26,11.4899997711182
1939-05-29,11.6499996185303
1939-05-31,11.6000003814697
1939-06-01,11.4200000762939
1939-06-02,11.4799995422363
1939-06-05,11.5100002288818
1939-06-06,11.6599998474121
1939-06-07,11.6700000762939
1939-06-08,11.6400003433228
1939-06-09,11.8000001907349
1939-06-12,11.6599998474121
1939-06-13,11.5799999237061
1939-06-14,11.5299997329712
1939-06-15,11.25
1939-06-16,11.2799997329712
1939-06-19,11.4200000762939
1939-06-20,11.5200004577637
1939-06-21,11.5200004577637
1939-06-22,11.4499998092651
1939-06-23,11.5
1939-06-26,11.2399997711182
1939-06-27,11.289999961853
1939-06-28,11.0600004196167
1939-06-29,10.789999961853
1939-06-30,10.8599996566772
1939-07-03,11
1939-07-05,11.1999998092651
1939-07-06,11.1899995803833
1939-07-07,11.1300001144409
1939-07-10,11.1700000762939
1939-07-11,11.3100004196167
1939-07-12,11.5500001907349
1939-07-13,11.6400003433228
1939-07-14,11.5500001907349
1939-07-17,12.0699996948242
1939-07-18,12.1599998474121
1939-07-19,12
1939-07-20,11.8500003814697
1939-07-21,12.0900001525879
1939-07-24,12.1300001144409
1939-07-25,12.0500001907349
1939-07-26,12.1700000762939
1939-07-27,12.1800003051758
1939-07-28,12.1400003433228
1939-07-31,12.039999961853
1939-08-01,12.039999961853
1939-08-02,12.1599998474121
1939-08-03,12.1199998855591
1939-08-04,11.8999996185303
1939-08-07,11.8400001525879
1939-08-08,11.8699998855591
1939-08-09,11.7799997329712
1939-08-10,11.539999961853
1939-08-11,11.5600004196167
1939-08-14,11.7799997329712
1939-08-15,11.8900003433228
1939-08-16,11.5799999237061
1939-08-17,11.5699996948242
1939-08-18,11.3299999237061
1939-08-21,11.0299997329712
1939-08-22,11.2399997711182
1939-08-23,10.8900003433228
1939-08-24,10.8599996566772
1939-08-25,11.0900001525879
1939-08-28,11.1700000762939
1939-08-29,11.4799995422363
1939-08-30,11.3599996566772
1939-08-31,11.1800003051758
1939-09-01,11.3000001907349
1939-09-05,12.6400003433228
1939-09-06,12.5299997329712
1939-09-07,12.5
1939-09-08,12.6899995803833
1939-09-11,13.0200004577637
1939-09-12,13.1700000762939
1939-09-13,13.0299997329712
1939-09-14,13.0799999237061
1939-09-15,13.0699996948242
1939-09-18,12.4700002670288
1939-09-19,12.9499998092651
1939-09-20,12.9399995803833
1939-09-21,13.0200004577637
1939-09-22,12.9200000762939
1939-09-25,12.9499998092651
1939-09-26,13.1099996566772
1939-09-27,13.1099996566772
1939-09-28,12.8599996566772
1939-09-29,12.789999961853
1939-10-02,12.8800001144409
1939-10-03,12.7700004577637
1939-10-04,12.789999961853
1939-10-05,12.8199996948242
1939-10-06,12.8000001907349
1939-10-09,12.7299995422363
1939-10-10,12.7600002288818
1939-10-11,12.8400001525879
1939-10-13,12.7399997711182
1939-10-16,12.7399997711182
1939-10-17,13.0900001525879
1939-10-18,13
1939-10-19,12.9799995422363
1939-10-20,12.9399995803833
1939-10-23,12.9899997711182
1939-10-24,13.0200004577637
1939-10-25,13.210000038147
1939-10-26,13.0799999237061
1939-10-27,13.0200004577637
1939-10-30,12.960000038147
1939-10-31,12.8299999237061
1939-11-01,12.8199996948242
1939-11-02,12.8400001525879
1939-11-03,12.9499998092651
1939-11-06,12.8199996948242
1939-11-08,12.75
1939-11-09,12.5799999237061
1939-11-10,12.6400003433228
1939-11-13,12.6499996185303
1939-11-14,12.7399997711182
1939-11-15,12.6300001144409
1939-11-16,12.789999961853
1939-11-17,12.75
1939-11-20,12.789999961853
1939-11-21,12.6999998092651
1939-11-22,12.6800003051758
1939-11-24,12.4899997711182
1939-11-27,12.5200004577637
1939-11-28,12.4700002670288
1939-11-29,12.3299999237061
1939-11-30,12.1999998092651
1939-12-01,12.289999961853
1939-12-04,12.2799997329712
1939-12-05,12.2600002288818
1939-12-06,12.4499998092651
1939-12-07,12.460000038147
1939-12-08,12.3599996566772
1939-12-11,12.2299995422363
1939-12-12,12.1899995803833
1939-12-13,12.3800001144409
1939-12-14,12.3599996566772
1939-12-15,12.3999996185303
1939-12-18,12.3699998855591
1939-12-19,12.3400001525879
1939-12-20,12.3900003433228
1939-12-21,12.3800001144409
1939-12-22,12.4399995803833
1939-12-26,12.3800001144409
1939-12-27,12.3100004196167
1939-12-28,12.4200000762939
1939-12-29,12.460000038147
1940-01-02,12.6300001144409
1940-01-03,12.7700004577637
1940-01-04,12.7299995422363
1940-01-05,12.6599998474121
1940-01-08,12.6700000762939
1940-01-09,12.5500001907349
1940-01-10,12.5699996948242
1940-01-11,12.3699998855591
1940-01-12,12.1300001144409
1940-01-15,12.0699996948242
1940-01-16,12.1400003433228
1940-01-17,12.1499996185303
1940-01-18,12.1300001144409
1940-01-19,12.1499996185303
1940-01-22,12.0600004196167
1940-01-23,12.1099996566772
1940-01-24,12.2700004577637
1940-01-25,12.1599998474121
1940-01-26,12.1499996185303
1940-01-29,12.1599998474121
1940-01-30,12.0900001525879
1940-01-31,12.0500001907349
1940-02-01,12.0500001907349
1940-02-02,12.0600004196167
1940-02-05,12.039999961853
1940-02-06,12.1400003433228
1940-02-07,12.2200002670288
1940-02-08,12.3699998855591
1940-02-09,12.3699998855591
1940-02-13,12.3299999237061
1940-02-14,12.2799997329712
1940-02-15,12.2799997329712
1940-02-16,12.289999961853
1940-02-19,12.289999961853
1940-02-20,12.3500003814697
1940-02-21,12.3199996948242
1940-02-23,12.2299995422363
1940-02-26,12.1599998474121
1940-02-27,12.1400003433228
1940-02-28,12.1499996185303
1940-02-29,12.1300001144409
1940-03-01,12.0600004196167
1940-03-04,12.0900001525879
1940-03-05,12.1499996185303
1940-03-06,12.2399997711182
1940-03-07,12.25
1940-03-08,12.1999998092651
1940-03-11,12.2399997711182
1940-03-12,12.2700004577637
1940-03-13,12.25
1940-03-14,12.2200002670288
1940-03-15,12.0699996948242
1940-03-18,12
1940-03-19,12.0900001525879
1940-03-20,12.1400003433228
1940-03-21,12.1400003433228
1940-03-25,12.0699996948242
1940-03-26,12.0100002288818
1940-03-27,12.1700000762939
1940-03-28,12.1400003433228
1940-03-29,12.1800003051758
1940-04-01,12.210000038147
1940-04-02,12.25
1940-04-03,12.4399995803833
1940-04-04,12.5200004577637
1940-04-05,12.4799995422363
1940-04-08,12.5900001525879
1940-04-09,12.460000038147
1940-04-10,12.3500003814697
1940-04-11,12.3900003433228
1940-04-12,12.3199996948242
1940-04-15,12.3199996948242
1940-04-16,12.1499996185303
1940-04-17,12.1599998474121
1940-04-18,12.039999961853
1940-04-19,12.039999961853
1940-04-22,12.1400003433228
1940-04-23,12.2299995422363
1940-04-24,12.1800003051758
1940-04-25,12.1899995803833
1940-04-26,12.0799999237061
1940-04-29,12.1199998855591
1940-04-30,12.1899995803833
1940-05-01,12.0299997329712
1940-05-02,12.1000003814697
1940-05-03,12.1199998855591
1940-05-06,12.0600004196167
1940-05-07,12.0900001525879
1940-05-08,12.1099996566772
1940-05-09,12.1199998855591
1940-05-10,11.7600002288818
1940-05-13,11.1099996566772
1940-05-14,10.2799997329712
1940-05-15,10.3800001144409
1940-05-16,10.4799995422363
1940-05-17,9.94999980926514
1940-05-20,9.78999996185303
1940-05-21,9.14000034332275
1940-05-22,9.18000030517578
1940-05-23,9.19999980926514
1940-05-24,9.15999984741211
1940-05-27,9.38000011444092
1940-05-28,9.1899995803833
1940-05-29,9.25
1940-05-31,9.27000045776367
1940-06-03,9.10999965667725
1940-06-04,9.22999954223633
1940-06-05,9.09000015258789
1940-06-06,9.22000026702881
1940-06-07,9.34000015258789
1940-06-10,8.98999977111816
1940-06-11,9.42000007629395
1940-06-12,9.89000034332275
1940-06-13,9.69999980926514
1940-06-14,9.9399995803833
1940-06-17,9.97999954223633
1940-06-18,10.0100002288818
1940-06-19,10.0299997329712
1940-06-20,9.90999984741211
1940-06-21,9.90999984741211
1940-06-24,10.1000003814697
1940-06-25,9.8100004196167
1940-06-26,9.75
1940-06-27,9.85000038146973
1940-06-28,9.97999954223633
1940-07-01,9.86999988555908
1940-07-02,9.85000038146973
1940-07-03,9.88000011444092
1940-07-05,9.9399995803833
1940-07-08,9.9399995803833
1940-07-09,9.9399995803833
1940-07-10,9.97000026702881
1940-07-11,9.97000026702881
1940-07-12,9.94999980926514
1940-07-15,9.97999954223633
1940-07-16,10.0900001525879
1940-07-17,10.0600004196167
1940-07-18,10.0699996948242
1940-07-19,9.97000026702881
1940-07-22,9.97000026702881
1940-07-23,9.97999954223633
1940-07-24,9.89000034332275
1940-07-25,9.92000007629395
1940-07-26,9.97000026702881
1940-07-29,10.0799999237061
1940-07-30,10.3299999237061
1940-07-31,10.289999961853
1940-08-01,10.2600002288818
1940-08-02,10.25
1940-08-05,10.2799997329712
1940-08-06,10.1700000762939
1940-08-07,10.1700000762939
1940-08-08,10.1700000762939
1940-08-09,10.2700004577637
1940-08-12,10.3800001144409
1940-08-13,10
1940-08-14,9.90999984741211
1940-08-15,10
1940-08-16,9.84000015258789
1940-08-19,9.90999984741211
1940-08-20,10.0299997329712
1940-08-21,10.210000038147
1940-08-22,10.3199996948242
1940-08-23,10.1899995803833
1940-08-26,10.2299995422363
1940-08-27,10.2299995422363
1940-08-28,10.3699998855591
1940-08-29,10.3199996948242
1940-08-30,10.5
1940-09-03,10.5600004196167
1940-09-04,10.7799997329712
1940-09-05,10.9300003051758
1940-09-06,10.8500003814697
1940-09-09,10.5200004577637
1940-09-10,10.5299997329712
1940-09-11,10.4499998092651
1940-09-12,10.3000001907349
1940-09-13,10.3100004196167
1940-09-16,10.460000038147
1940-09-17,10.539999961853
1940-09-18,10.6199998855591
1940-09-19,10.5900001525879
1940-09-20,10.5900001525879
1940-09-23,10.8999996185303
1940-09-24,10.8599996566772
1940-09-25,10.8400001525879
1940-09-26,10.7700004577637
1940-09-27,10.5799999237061
1940-09-30,10.6599998474121
1940-10-01,10.8100004196167
1940-10-02,10.8599996566772
1940-10-03,10.8699998855591
1940-10-04,10.7799997329712
1940-10-07,10.7200002670288
1940-10-08,10.539999961853
1940-10-09,10.4799995422363
1940-10-10,10.4700002670288
1940-10-11,10.5799999237061
1940-10-14,10.5299997329712
1940-10-15,10.6400003433228
1940-10-16,10.6800003051758
1940-10-17,10.7299995422363
1940-10-18,10.7200002670288
1940-10-21,10.6499996185303
1940-10-22,10.6999998092651
1940-10-23,10.8000001907349
1940-10-24,10.7299995422363
1940-10-25,10.7299995422363
1940-10-28,10.8100004196167
1940-10-29,10.8299999237061
1940-10-30,10.9200000762939
1940-10-31,11.0799999237061
1940-11-01,11.0799999237061
1940-11-04,11.1599998474121
1940-11-06,10.789999961853
1940-11-07,11.3900003433228
1940-11-08,11.2299995422363
1940-11-12,11.3599996566772
1940-11-13,11.2600002288818
1940-11-14,11.289999961853
1940-11-15,11.1700000762939
1940-11-18,11.039999961853
1940-11-19,11.0500001907349
1940-11-20,10.789999961853
1940-11-22,10.789999961853
1940-11-25,10.789999961853
1940-11-26,10.7600002288818
1940-11-27,10.5600004196167
1940-11-28,10.5600004196167
1940-11-29,10.5699996948242
1940-12-02,10.6199998855591
1940-12-03,10.5799999237061
1940-12-04,10.5799999237061
1940-12-05,10.5100002288818
1940-12-06,10.5299997329712
1940-12-09,10.6099996566772
1940-12-10,10.6099996566772
1940-12-11,10.6300001144409
1940-12-12,10.6700000762939
1940-12-13,10.6899995803833
1940-12-16,10.5799999237061
1940-12-17,10.539999961853
1940-12-18,10.4399995803833
1940-12-19,10.3999996185303
1940-12-20,10.4099998474121
1940-12-23,10.3800001144409
1940-12-24,10.3999996185303
1940-12-26,10.3900003433228
1940-12-27,10.4399995803833
1940-12-30,10.5699996948242
1940-12-31,10.5799999237061
1941-01-02,10.4799995422363
1941-01-03,10.7200002670288
1941-01-06,10.7399997711182
1941-01-07,10.75
1941-01-08,10.7700004577637
1941-01-09,10.8299999237061
1941-01-10,10.8599996566772
1941-01-13,10.8199996948242
1941-01-14,10.7600002288818
1941-01-15,10.6700000762939
1941-01-16,10.539999961853
1941-01-17,10.5200004577637
1941-01-20,10.4700002670288
1941-01-21,10.3699998855591
1941-01-22,10.4300003051758
1941-01-23,10.4200000762939
1941-01-24,10.4499998092651
1941-01-27,10.4899997711182
1941-01-28,10.4300003051758
1941-01-29,10.2200002670288
1941-01-30,10.039999961853
1941-01-31,10.0699996948242
1941-02-03,9.96000003814697
1941-02-04,9.97000026702881
1941-02-05,10.1499996185303
1941-02-06,10.1899995803833
1941-02-07,10.1599998474121
1941-02-10,10.1499996185303
1941-02-11,9.97999954223633
1941-02-13,9.84000015258789
1941-02-14,9.52999973297119
1941-02-17,9.64999961853027
1941-02-18,9.63000011444092
1941-02-19,9.55000019073486
1941-02-20,9.72000026702881
1941-02-21,9.76000022888184
1941-02-24,9.84000015258789
1941-02-25,9.93000030517578
1941-02-26,9.94999980926514
1941-02-27,9.88000011444092
1941-02-28,9.92000007629395
1941-03-03,9.77000045776367
1941-03-04,9.81999969482422
1941-03-05,9.76000022888184
1941-03-06,9.94999980926514
1941-03-07,9.89999961853027
1941-03-10,10.1000003814697
1941-03-11,10.0200004577637
1941-03-12,10.0200004577637
1941-03-13,9.97000026702881
1941-03-14,9.97999954223633
1941-03-17,10.0299997329712
1941-03-18,10.0699996948242
1941-03-19,10.0100002288818
1941-03-20,10.0200004577637
1941-03-21,9.93000030517578
1941-03-24,9.92000007629395
1941-03-25,9.96000003814697
1941-03-26,9.93000030517578
1941-03-27,10.0100002288818
1941-03-28,9.9399995803833
1941-03-31,9.96000003814697
1941-04-01,9.97000026702881
1941-04-02,10.0100002288818
1941-04-03,10.1599998474121
1941-04-04,10.1400003433228
1941-04-07,10.0500001907349
1941-04-08,9.84000015258789
1941-04-09,9.69999980926514
1941-04-10,9.6899995803833
1941-04-14,9.61999988555908
1941-04-15,9.59000015258789
1941-04-16,9.59000015258789
1941-04-17,9.53999996185303
1941-04-18,9.39999961853027
1941-04-21,9.36999988555908
1941-04-22,9.31999969482422
1941-04-23,9.43000030517578
1941-04-24,9.47000026702881
1941-04-25,9.39999961853027
1941-04-28,9.42000007629395
1941-04-29,9.4399995803833
1941-04-30,9.3100004196167
1941-05-01,9.30000019073486
1941-05-02,9.32999992370605
1941-05-05,9.34000015258789
1941-05-06,9.5
1941-05-07,9.47000026702881
1941-05-08,9.44999980926514
1941-05-09,9.44999980926514
1941-05-12,9.5600004196167
1941-05-13,9.5600004196167
1941-05-14,9.48999977111816
1941-05-15,9.32999992370605
1941-05-16,9.35000038146973
1941-05-19,9.39999961853027
1941-05-20,9.5600004196167
1941-05-21,9.55000019073486
1941-05-22,9.4399995803833
1941-05-23,9.4399995803833
1941-05-26,9.32999992370605
1941-05-27,9.39000034332275
1941-05-28,9.39000034332275
1941-05-29,9.38000011444092
1941-06-02,9.35999965667725
1941-06-03,9.47000026702881
1941-06-04,9.46000003814697
1941-06-05,9.5
1941-06-06,9.48999977111816
1941-06-09,9.65999984741211
1941-06-10,9.81999969482422
1941-06-11,9.81999969482422
1941-06-12,9.86999988555908
1941-06-13,9.85000038146973
1941-06-16,9.8100004196167
1941-06-17,9.89000034332275
1941-06-18,9.89999961853027
1941-06-19,9.88000011444092
1941-06-20,9.76000022888184
1941-06-23,9.94999980926514
1941-06-24,9.88000011444092
1941-06-25,9.89999961853027
1941-06-26,9.9399995803833
1941-06-27,9.89000034332275
1941-06-30,9.85000038146973
1941-07-01,9.81999969482422
1941-07-02,9.89000034332275
1941-07-03,9.90999984741211
1941-07-07,10.0900001525879
1941-07-08,10.2799997329712
1941-07-09,10.2799997329712
1941-07-10,10.3100004196167
1941-07-11,10.2799997329712
1941-07-14,10.3000001907349
1941-07-15,10.3299999237061
1941-07-16,10.2799997329712
1941-07-17,10.210000038147
1941-07-18,10.25
1941-07-21,10.460000038147
1941-07-22,10.4499998092651
1941-07-23,10.4200000762939
1941-07-24,10.3599996566772
1941-07-25,10.3400001525879
1941-07-28,10.4700002670288
1941-07-29,10.4499998092651
1941-07-30,10.3999996185303
1941-07-31,10.3900003433228
1941-08-01,10.3400001525879
1941-08-04,10.3599996566772
1941-08-05,10.3599996566772
1941-08-06,10.3599996566772
1941-08-07,10.3400001525879
1941-08-08,10.2299995422363
1941-08-11,10.1400003433228
1941-08-12,10.1400003433228
1941-08-13,10.0900001525879
1941-08-14,10.1300001144409
1941-08-15,10.0299997329712
1941-08-18,10.1300001144409
1941-08-19,10.1400003433228
1941-08-20,10.1800003051758
1941-08-21,10.1700000762939
1941-08-22,10.1499996185303
1941-08-25,10.1700000762939
1941-08-26,10.25
1941-08-27,10.2600002288818
1941-08-28,10.289999961853
1941-08-29,10.2799997329712
1941-09-02,10.3400001525879
1941-09-03,10.2700004577637
1941-09-04,10.2399997711182
1941-09-05,10.210000038147
1941-09-08,10.2299995422363
1941-09-09,10.1999998092651
1941-09-10,10.1199998855591
1941-09-11,10.2299995422363
1941-09-12,10.2299995422363
1941-09-15,10.2399997711182
1941-09-16,10.289999961853
1941-09-17,10.4700002670288
1941-09-18,10.3900003433228
1941-09-19,10.289999961853
1941-09-22,10.2799997329712
1941-09-23,10.3199996948242
1941-09-24,10.25
1941-09-25,10.1199998855591
1941-09-26,10.0900001525879
1941-09-29,10.1300001144409
1941-09-30,10.1999998092651
1941-10-01,10.1700000762939
1941-10-02,10.1400003433228
1941-10-03,10.1300001144409
1941-10-06,10.1199998855591
1941-10-07,10
1941-10-08,9.97999954223633
1941-10-09,9.84000015258789
1941-10-10,9.84000015258789
1941-10-14,9.77999973297119
1941-10-15,9.72000026702881
1941-10-16,9.57999992370605
1941-10-17,9.61999988555908
1941-10-20,9.71000003814697
1941-10-21,9.80000019073486
1941-10-22,9.76000022888184
1941-10-23,9.77000045776367
1941-10-24,9.81999969482422
1941-10-27,9.65999984741211
1941-10-28,9.64999961853027
1941-10-29,9.61999988555908
1941-10-30,9.61999988555908
1941-10-31,9.5
1941-11-03,9.59000015258789
1941-11-05,9.65999984741211
1941-11-06,9.57999992370605
1941-11-07,9.55000019073486
1941-11-10,9.47999954223633
1941-11-12,9.26000022888184
1941-11-13,9.21000003814697
1941-11-14,9.30000019073486
1941-11-17,9.27999973297119
1941-11-18,9.26000022888184
1941-11-19,9.34000015258789
1941-11-21,9.38000011444092
1941-11-24,9.39999961853027
1941-11-25,9.35000038146973
1941-11-26,9.27000045776367
1941-11-27,9.21000003814697
1941-11-28,9.11999988555908
1941-12-01,9.06999969482422
1941-12-02,9.26000022888184
1941-12-03,9.35999965667725
1941-12-04,9.38000011444092
1941-12-05,9.31999969482422
1941-12-08,8.97000026702881
1941-12-09,8.68000030517578
1941-12-10,8.68000030517578
1941-12-11,8.81999969482422
1941-12-12,8.72999954223633
1941-12-15,8.72999954223633
1941-12-16,8.71000003814697
1941-12-17,8.56999969482422
1941-12-18,8.48999977111816
1941-12-19,8.48999977111816
1941-12-22,8.39999961853027
1941-12-23,8.38000011444092
1941-12-24,8.39000034332275
1941-12-26,8.42000007629395
1941-12-29,8.36999988555908
1941-12-30,8.73999977111816
1941-12-31,8.6899995803833
1942-01-02,8.89000034332275
1942-01-05,9.09000015258789
1942-01-06,9.05000019073486
1942-01-07,9
1942-01-08,8.88000011444092
1942-01-09,8.85000038146973
1942-01-12,8.84000015258789
1942-01-13,9.02000045776367
1942-01-14,9.02000045776367
1942-01-15,9.03999996185303
1942-01-16,8.96000003814697
1942-01-19,8.96000003814697
1942-01-20,8.9399995803833
1942-01-21,8.8100004196167
1942-01-22,8.8100004196167
1942-01-23,8.84000015258789
1942-01-26,8.97000026702881
1942-01-27,8.98999977111816
1942-01-28,8.93000030517578
1942-01-29,8.90999984741211
1942-01-30,8.85000038146973
1942-02-02,8.84000015258789
1942-02-03,8.89999961853027
1942-02-04,8.97000026702881
1942-02-05,8.94999980926514
1942-02-06,8.85000038146973
1942-02-09,8.73999977111816
1942-02-10,8.61999988555908
1942-02-11,8.60000038146973
1942-02-13,8.61999988555908
1942-02-16,8.64999961853027
1942-02-17,8.48999977111816
1942-02-18,8.47999954223633
1942-02-19,8.5
1942-02-20,8.47000026702881
1942-02-24,8.52000045776367
1942-02-25,8.46000003814697
1942-02-26,8.52000045776367
1942-02-27,8.59000015258789
1942-03-02,8.47000026702881
1942-03-03,8.60000038146973
1942-03-04,8.51000022888184
1942-03-05,8.38000011444092
1942-03-06,8.15999984741211
1942-03-09,8.19999980926514
1942-03-10,8.14000034332275
1942-03-11,7.98000001907349
1942-03-12,7.98000001907349
1942-03-13,8.02999973297119
1942-03-16,8.11999988555908
1942-03-17,8.28999996185303
1942-03-18,8.21000003814697
1942-03-19,8.19999980926514
1942-03-20,8.10999965667725
1942-03-23,8.14999961853027
1942-03-24,8.22000026702881
1942-03-25,8.15999984741211
1942-03-26,8.13000011444092
1942-03-27,8.05000019073486
1942-03-30,8.0600004196167
1942-03-31,8.01000022888184
1942-04-01,8.05000019073486
1942-04-02,8.10999965667725
1942-04-06,8.19999980926514
1942-04-07,8.15999984741211
1942-04-08,8.11999988555908
1942-04-09,7.98999977111816
1942-04-10,7.98000001907349
1942-04-13,7.96000003814697
1942-04-14,7.82999992370605
1942-04-15,7.80999994277954
1942-04-16,7.82000017166138
1942-04-17,7.69999980926514
1942-04-20,7.78999996185303
1942-04-21,7.80999994277954
1942-04-22,7.78999996185303
1942-04-23,7.59000015258789
1942-04-24,7.55000019073486
1942-04-27,7.53999996185303
1942-04-28,7.46999979019165
1942-04-29,7.6100001335144
1942-04-30,7.65999984741211
1942-05-01,7.71000003814697
1942-05-04,7.76999998092651
1942-05-05,7.80000019073486
1942-05-06,7.78999996185303
1942-05-07,7.8899998664856
1942-05-08,7.8899998664856
1942-05-11,8
1942-05-12,7.94000005722046
1942-05-13,7.80999994277954
1942-05-14,7.78999996185303
1942-05-15,7.88000011444092
1942-05-18,7.94000005722046
1942-05-19,7.90999984741211
1942-05-20,7.8899998664856
1942-05-21,8.02000045776367
1942-05-22,8.01000022888184
1942-05-25,7.98000001907349
1942-05-26,8
1942-05-27,8.15999984741211
1942-05-28,8.18000030517578
1942-05-29,8.14999961853027
1942-06-01,8.1899995803833
1942-06-02,8.18000030517578
1942-06-03,8.23999977111816
1942-06-04,8.35000038146973
1942-06-05,8.36999988555908
1942-06-08,8.47000026702881
1942-06-09,8.39000034332275
1942-06-10,8.34000015258789
1942-06-11,8.36999988555908
1942-06-12,8.31999969482422
1942-06-15,8.38000011444092
1942-06-16,8.39000034332275
1942-06-17,8.52999973297119
1942-06-18,8.48999977111816
1942-06-19,8.39999961853027
1942-06-22,8.25
1942-06-23,8.25
1942-06-24,8.21000003814697
1942-06-25,8.22000026702881
1942-06-26,8.22999954223633
1942-06-29,8.27999973297119
1942-06-30,8.30000019073486
1942-07-01,8.22999954223633
1942-07-02,8.35999965667725
1942-07-03,8.4399995803833
1942-07-06,8.52999973297119
1942-07-07,8.51000022888184
1942-07-08,8.72000026702881
1942-07-09,8.8100004196167
1942-07-10,8.80000019073486
1942-07-13,8.72999954223633
1942-07-14,8.81999969482422
1942-07-15,8.82999992370605
1942-07-16,8.81999969482422
1942-07-17,8.72000026702881
1942-07-20,8.75
1942-07-21,8.77000045776367
1942-07-22,8.73999977111816
1942-07-23,8.61999988555908
1942-07-24,8.63000011444092
1942-07-27,8.63000011444092
1942-07-28,8.61999988555908
1942-07-29,8.47999954223633
1942-07-30,8.5
1942-07-31,8.5600004196167
1942-08-03,8.56999969482422
1942-08-04,8.55000019073486
1942-08-05,8.47000026702881
1942-08-06,8.46000003814697
1942-08-07,8.48999977111816
1942-08-10,8.47999954223633
1942-08-11,8.51000022888184
1942-08-12,8.51000022888184
1942-08-13,8.53999996185303
1942-08-14,8.57999992370605
1942-08-17,8.64999961853027
1942-08-18,8.72999954223633
1942-08-19,8.72000026702881
1942-08-20,8.6899995803833
1942-08-21,8.71000003814697
1942-08-24,8.72999954223633
1942-08-25,8.64999961853027
1942-08-26,8.53999996185303
1942-08-27,8.59000015258789
1942-08-28,8.60999965667725
1942-08-31,8.61999988555908
1942-09-01,8.61999988555908
1942-09-02,8.63000011444092
1942-09-03,8.61999988555908
1942-09-04,8.60999965667725
1942-09-08,8.68000030517578
1942-09-09,8.64000034332275
1942-09-10,8.57999992370605
1942-09-11,8.53999996185303
1942-09-14,8.55000019073486
1942-09-15,8.59000015258789
1942-09-16,8.60000038146973
1942-09-17,8.59000015258789
1942-09-18,8.65999984741211
1942-09-21,8.64999961853027
1942-09-22,8.68000030517578
1942-09-23,8.75
1942-09-24,8.85999965667725
1942-09-25,8.89999961853027
1942-09-28,8.89000034332275
1942-09-29,8.85000038146973
1942-09-30,8.85000038146973
1942-10-01,8.92000007629395
1942-10-02,9.05000019073486
1942-10-05,9.13000011444092
1942-10-06,9.13000011444092
1942-10-07,9.17000007629395
1942-10-08,9.30000019073486
1942-10-09,9.34000015258789
1942-10-13,9.44999980926514
1942-10-14,9.43000030517578
1942-10-15,9.3100004196167
1942-10-16,9.35000038146973
1942-10-19,9.35000038146973
1942-10-20,9.47000026702881
1942-10-21,9.46000003814697
1942-10-22,9.46000003814697
1942-10-23,9.43000030517578
1942-10-26,9.47999954223633
1942-10-27,9.39000034332275
1942-10-28,9.3100004196167
1942-10-29,9.30000019073486
1942-10-30,9.35999965667725
1942-11-02,9.47999954223633
1942-11-04,9.4399995803833
1942-11-05,9.46000003814697
1942-11-06,9.57999992370605
1942-11-09,9.6899995803833
1942-11-10,9.60999965667725
1942-11-12,9.63000011444092
1942-11-13,9.56999969482422
1942-11-16,9.47999954223633
1942-11-17,9.35999965667725
1942-11-18,9.39999961853027
1942-11-19,9.39000034332275
1942-11-20,9.47999954223633
1942-11-23,9.36999988555908
1942-11-24,9.35000038146973
1942-11-25,9.3100004196167
1942-11-27,9.34000015258789
1942-11-30,9.28999996185303
1942-12-01,9.27999973297119
1942-12-02,9.3100004196167
1942-12-03,9.34000015258789
1942-12-04,9.34000015258789
1942-12-07,9.30000019073486
1942-12-08,9.35999965667725
1942-12-09,9.35999965667725
1942-12-10,9.36999988555908
1942-12-11,9.36999988555908
1942-12-14,9.42000007629395
1942-12-15,9.4399995803833
1942-12-16,9.52000045776367
1942-12-17,9.6899995803833
1942-12-18,9.68000030517578
1942-12-21,9.68000030517578
1942-12-22,9.67000007629395
1942-12-23,9.69999980926514
1942-12-24,9.73999977111816
1942-12-28,9.64999961853027
1942-12-29,9.64999961853027
1942-12-30,9.76000022888184
1942-12-31,9.77000045776367
1943-01-04,9.92000007629395
1943-01-05,9.89999961853027
1943-01-06,9.89000034332275
1943-01-07,9.90999984741211
1943-01-08,9.92000007629395
1943-01-11,9.96000003814697
1943-01-12,9.93000030517578
1943-01-13,9.94999980926514
1943-01-14,10.0100002288818
1943-01-15,10.0900001525879
1943-01-18,10.1199998855591
1943-01-19,10.0200004577637
1943-01-20,10.0299997329712
1943-01-21,10.1800003051758
1943-01-22,10.1700000762939
1943-01-25,10.3000001907349
1943-01-26,10.3500003814697
1943-01-27,10.3400001525879
1943-01-28,10.3500003814697
1943-01-29,10.4399995803833
1943-02-01,10.5200004577637
1943-02-02,10.5200004577637
1943-02-03,10.4399995803833
1943-02-04,10.4300003051758
1943-02-05,10.5100002288818
1943-02-08,10.5
1943-02-09,10.5799999237061
1943-02-10,10.6499996185303
1943-02-11,10.6700000762939
1943-02-15,10.8100004196167
1943-02-16,10.789999961853
1943-02-17,10.8100004196167
1943-02-18,10.6599998474121
1943-02-19,10.6400003433228
1943-02-23,10.8400001525879
1943-02-24,10.8999996185303
1943-02-25,10.9700002670288
1943-02-26,10.9700002670288
1943-03-01,10.9200000762939
1943-03-02,10.8400001525879
1943-03-03,10.9799995422363
1943-03-04,11
1943-03-05,11.0500001907349
1943-03-08,11.0100002288818
1943-03-09,10.9499998092651
1943-03-10,10.8999996185303
1943-03-11,11.0100002288818
1943-03-12,11.0500001907349
1943-03-15,11.039999961853
1943-03-16,11.0100002288818
1943-03-17,10.9300003051758
1943-03-18,10.9099998474121
1943-03-19,10.8800001144409
1943-03-22,10.9200000762939
1943-03-23,10.9499998092651
1943-03-24,10.9799995422363
1943-03-25,11.210000038147
1943-03-26,11.3000001907349
1943-03-29,11.4899997711182
1943-03-30,11.5900001525879
1943-03-31,11.5799999237061
1943-04-01,11.5900001525879
1943-04-02,11.5600004196167
1943-04-05,11.5900001525879
1943-04-06,11.7600002288818
1943-04-07,11.6999998092651
1943-04-08,11.6000003814697
1943-04-09,11.1400003433228
1943-04-12,11.1499996185303
1943-04-13,11.1400003433228
1943-04-14,11.2799997329712
1943-04-15,11.3599996566772
1943-04-16,11.3299999237061
1943-04-19,11.3800001144409
1943-04-20,11.3400001525879
1943-04-21,11.4499998092651
1943-04-22,11.4799995422363
1943-04-26,11.4799995422363
1943-04-27,11.4799995422363
1943-04-28,11.4799995422363
1943-04-29,11.5900001525879
1943-04-30,11.5900001525879
1943-05-03,11.8199996948242
1943-05-04,11.8599996566772
1943-05-05,11.9300003051758
1943-05-06,11.9700002670288
1943-05-07,11.8100004196167
1943-05-10,11.9700002670288
1943-05-11,11.9300003051758
1943-05-12,11.8800001144409
1943-05-13,11.9200000762939
1943-05-14,11.6999998092651
1943-05-17,11.7200002670288
1943-05-18,11.8100004196167
1943-05-19,11.9300003051758
1943-05-20,11.8999996185303
1943-05-21,11.8999996185303
1943-05-24,11.8699998855591
1943-05-25,11.8999996185303
1943-05-26,11.9899997711182
1943-05-27,12.0200004577637
1943-05-28,12.0500001907349
1943-06-01,12.1800003051758
1943-06-02,12.1899995803833
1943-06-03,12.2399997711182
1943-06-04,12.1800003051758
1943-06-07,12.1499996185303
1943-06-08,12.0799999237061
1943-06-09,12.1199998855591
1943-06-10,12.1400003433228
1943-06-11,12.0799999237061
1943-06-14,11.8800001144409
1943-06-15,11.9300003051758
1943-06-16,11.9499998092651
1943-06-17,11.9700002670288
1943-06-18,11.960000038147
1943-06-21,11.8999996185303
1943-06-22,11.9200000762939
1943-06-23,11.8900003433228
1943-06-24,11.9499998092651
1943-06-25,12.210000038147
1943-06-28,12.3199996948242
1943-06-29,12.2799997329712
1943-06-30,12.3500003814697
1943-07-01,12.3599996566772
1943-07-02,12.3500003814697
1943-07-06,12.3699998855591
1943-07-07,12.3500003814697
1943-07-08,12.3599996566772
1943-07-09,12.4099998474121
1943-07-12,12.4899997711182
1943-07-13,12.5699996948242
1943-07-14,12.6400003433228
1943-07-15,12.5699996948242
1943-07-16,12.539999961853
1943-07-19,12.5500001907349
1943-07-20,12.4700002670288
1943-07-21,12.5
1943-07-22,12.5
1943-07-23,12.5100002288818
1943-07-26,12.3100004196167
1943-07-27,11.9200000762939
1943-07-28,11.8800001144409
1943-07-29,12.0799999237061
1943-07-30,11.8500003814697
1943-08-02,11.4700002670288
1943-08-03,11.7200002670288
1943-08-04,11.789999961853
1943-08-05,11.75
1943-08-06,11.6300001144409
1943-08-09,11.6000003814697
1943-08-10,11.710000038147
1943-08-11,11.8000001907349
1943-08-12,11.7299995422363
1943-08-13,11.8400001525879
1943-08-16,11.8100004196167
1943-08-17,11.8800001144409
1943-08-18,11.9200000762939
1943-08-19,11.9099998474121
1943-08-20,11.8100004196167
1943-08-23,11.6000003814697
1943-08-24,11.6899995803833
1943-08-25,11.710000038147
1943-08-26,11.75
1943-08-27,11.6700000762939
1943-08-30,11.6700000762939
1943-08-31,11.8000001907349
1943-09-01,11.8400001525879
1943-09-02,11.8400001525879
1943-09-03,11.8199996948242
1943-09-07,11.8500003814697
1943-09-08,11.7799997329712
1943-09-09,11.9099998474121
1943-09-10,11.9300003051758
1943-09-13,11.9099998474121
1943-09-14,11.8900003433228
1943-09-15,11.9099998474121
1943-09-16,11.9799995422363
1943-09-17,12.1000003814697
1943-09-20,12.2299995422363
1943-09-21,12.2399997711182
1943-09-22,12.210000038147
1943-09-23,12.1000003814697
1943-09-24,12.1000003814697
1943-09-27,12
1943-09-28,11.9799995422363
1943-09-29,12.0100002288818
1943-09-30,12.0799999237061
1943-10-01,12.0900001525879
1943-10-04,12.0200004577637
1943-10-05,11.9700002670288
1943-10-06,11.8299999237061
1943-10-07,11.6700000762939
1943-10-08,11.7200002670288
1943-10-11,11.6999998092651
1943-10-13,11.6999998092651
1943-10-14,11.75
1943-10-15,11.8299999237061
1943-10-18,11.8500003814697
1943-10-19,11.9099998474121
1943-10-20,11.9499998092651
1943-10-21,11.8400001525879
1943-10-22,11.8900003433228
1943-10-25,11.8800001144409
1943-10-26,11.9200000762939
1943-10-27,11.9899997711182
1943-10-28,11.960000038147
1943-10-29,11.9099998474121
1943-11-01,11.9200000762939
1943-11-03,11.7799997329712
1943-11-04,11.6800003051758
1943-11-05,11.5900001525879
1943-11-08,11.2600002288818
1943-11-09,11.3000001907349
1943-11-10,11.4099998474121
1943-11-12,11.289999961853
1943-11-15,11.25
1943-11-16,11.1999998092651
1943-11-17,11.1300001144409
1943-11-18,11.1599998474121
1943-11-19,11.3000001907349
1943-11-22,11.3400001525879
1943-11-23,11.3000001907349
1943-11-24,11.2399997711182
1943-11-26,11.1499996185303
1943-11-29,10.9899997711182
1943-11-30,11.0200004577637
1943-12-01,11.1300001144409
1943-12-02,11.2200002670288
1943-12-03,11.2299995422363
1943-12-06,11.2799997329712
1943-12-07,11.3800001144409
1943-12-08,11.5
1943-12-09,11.4300003051758
1943-12-10,11.4899997711182
1943-12-13,11.4799995422363
1943-12-14,11.4499998092651
1943-12-15,11.4399995803833
1943-12-16,11.5
1943-12-17,11.5600004196167
1943-12-20,11.6400003433228
1943-12-21,11.6099996566772
1943-12-22,11.6000003814697
1943-12-23,11.5900001525879
1943-12-24,11.6099996566772
1943-12-27,11.5900001525879
1943-12-28,11.4799995422363
1943-12-29,11.4799995422363
1943-12-30,11.6899995803833
1943-12-31,11.6700000762939
1944-01-03,11.6599998474121
1944-01-04,11.8100004196167
1944-01-05,11.9399995803833
1944-01-06,11.8900003433228
1944-01-07,11.8699998855591
1944-01-10,11.8500003814697
1944-01-11,11.9200000762939
1944-01-12,11.8400001525879
1944-01-13,11.8100004196167
1944-01-14,11.8599996566772
1944-01-17,11.8999996185303
1944-01-18,11.8699998855591
1944-01-19,11.8800001144409
1944-01-20,11.8800001144409
1944-01-21,11.8999996185303
1944-01-24,11.8900003433228
1944-01-25,11.8800001144409
1944-01-26,11.7600002288818
1944-01-27,11.7399997711182
1944-01-28,11.8100004196167
1944-01-31,11.8500003814697
1944-02-01,11.8299999237061
1944-02-02,11.8000001907349
1944-02-03,11.6999998092651
1944-02-04,11.6000003814697
1944-02-07,11.5600004196167
1944-02-08,11.6700000762939
1944-02-09,11.6700000762939
1944-02-10,11.75
1944-02-11,11.7399997711182
1944-02-14,11.7399997711182
1944-02-15,11.8199996948242
1944-02-16,11.789999961853
1944-02-17,11.8699998855591
1944-02-18,11.7799997329712
1944-02-21,11.7600002288818
1944-02-23,11.8599996566772
1944-02-24,11.8800001144409
1944-02-25,11.8000001907349
1944-02-28,11.8900003433228
1944-02-29,11.8199996948242
1944-03-01,11.8699998855591
1944-03-02,11.8800001144409
1944-03-03,11.8999996185303
1944-03-06,11.9300003051758
1944-03-07,12.0100002288818
1944-03-08,12.1099996566772
1944-03-09,12.0799999237061
1944-03-10,12.1000003814697
1944-03-13,12.2399997711182
1944-03-14,12.2200002670288
1944-03-15,12.2799997329712
1944-03-16,12.289999961853
1944-03-17,12.3100004196167
1944-03-20,12.1999998092651
1944-03-21,12.25
1944-03-22,12.2299995422363
1944-03-23,12.1000003814697
1944-03-24,12.1300001144409
1944-03-27,12.1000003814697
1944-03-28,11.9799995422363
1944-03-29,11.9499998092651
1944-03-30,12.0299997329712
1944-03-31,12.0200004577637
1944-04-03,11.960000038147
1944-04-04,11.9700002670288
1944-04-05,11.9799995422363
1944-04-06,12.039999961853
1944-04-10,12.0600004196167
1944-04-11,12.0600004196167
1944-04-12,11.9799995422363
1944-04-13,11.9499998092651
1944-04-14,11.9499998092651
1944-04-17,11.9399995803833
1944-04-18,11.7299995422363
1944-04-19,11.6899995803833
1944-04-20,11.7799997329712
1944-04-21,11.8000001907349
1944-04-24,11.6700000762939
1944-04-25,11.6899995803833
1944-04-26,11.7600002288818
1944-04-27,11.8100004196167
1944-04-28,11.8699998855591
1944-05-01,11.960000038147
1944-05-02,11.9499998092651
1944-05-03,12.0299997329712
1944-05-04,12.0100002288818
1944-05-05,12.0799999237061
1944-05-08,12.0900001525879
1944-05-09,12.0799999237061
1944-05-10,12.0799999237061
1944-05-11,12.0900001525879
1944-05-12,12
1944-05-15,11.9899997711182
1944-05-16,12
1944-05-17,12.0799999237061
1944-05-18,12.1000003814697
1944-05-19,12.1199998855591
1944-05-22,12.1300001144409
1944-05-23,12.1700000762939
1944-05-24,12.2200002670288
1944-05-25,12.1999998092651
1944-05-26,12.2200002670288
1944-05-29,12.2700004577637
1944-05-31,12.3500003814697
1944-06-01,12.3100004196167
1944-06-02,12.3000001907349
1944-06-05,12.2299995422363
1944-06-06,12.3100004196167
1944-06-07,12.3000001907349
1944-06-08,12.25
1944-06-09,12.2700004577637
1944-06-12,12.5500001907349
1944-06-13,12.6400003433228
1944-06-14,12.6599998474121
1944-06-15,12.7299995422363
1944-06-16,12.8199996948242
1944-06-19,12.9499998092651
1944-06-20,12.9700002670288
1944-06-21,12.9399995803833
1944-06-22,12.9200000762939
1944-06-23,12.8999996185303
1944-06-26,12.9799995422363
1944-06-27,13.0200004577637
1944-06-28,12.9499998092651
1944-06-29,12.9399995803833
1944-06-30,12.9799995422363
1944-07-03,13.1099996566772
1944-07-05,13.1800003051758
1944-07-06,13.1300001144409
1944-07-07,13.1599998474121
1944-07-10,13.2700004577637
1944-07-11,13.25
1944-07-12,13.2700004577637
1944-07-13,13.2200002670288
1944-07-14,13.2299995422363
1944-07-17,13.1000003814697
1944-07-18,12.9799995422363
1944-07-19,13.0699996948242
1944-07-20,12.960000038147
1944-07-21,12.7799997329712
1944-07-24,12.6999998092651
1944-07-25,12.8000001907349
1944-07-26,12.7700004577637
1944-07-27,12.7700004577637
1944-07-28,12.6999998092651
1944-07-31,12.710000038147
1944-08-01,12.7799997329712
1944-08-02,12.8100004196167
1944-08-03,12.7299995422363
1944-08-04,12.6099996566772
1944-08-07,12.6700000762939
1944-08-08,12.6199998855591
1944-08-09,12.6800003051758
1944-08-10,12.7799997329712
1944-08-11,12.8299999237061
1944-08-14,12.8500003814697
1944-08-15,12.8400001525879
1944-08-16,12.8999996185303
1944-08-17,12.9799995422363
1944-08-18,13.039999961853
1944-08-21,12.9799995422363
1944-08-22,12.8900003433228
1944-08-23,12.9099998474121
1944-08-24,12.8299999237061
1944-08-25,12.8000001907349
1944-08-28,12.8000001907349
1944-08-29,12.8400001525879
1944-08-30,12.8699998855591
1944-08-31,12.8199996948242
1944-09-01,12.8599996566772
1944-09-05,12.7799997329712
1944-09-06,12.4700002670288
1944-09-07,12.4300003051758
1944-09-08,12.4099998474121
1944-09-11,12.4799995422363
1944-09-12,12.539999961853
1944-09-13,12.4200000762939
1944-09-14,12.3500003814697
1944-09-15,12.4499998092651
1944-09-18,12.5299997329712
1944-09-19,12.6400003433228
1944-09-20,12.6599998474121
1944-09-21,12.6199998855591
1944-09-22,12.6499996185303
1944-09-25,12.7600002288818
1944-09-26,12.7299995422363
1944-09-27,12.7299995422363
1944-09-28,12.6899995803833
1944-09-29,12.7399997711182
1944-10-02,12.8000001907349
1944-10-03,12.8000001907349
1944-10-04,12.8699998855591
1944-10-05,12.9499998092651
1944-10-06,12.9700002670288
1944-10-09,12.8900003433228
1944-10-10,12.9300003051758
1944-10-11,13.0100002288818
1944-10-13,13.0200004577637
1944-10-16,12.9499998092651
1944-10-17,13
1944-10-18,13.0699996948242
1944-10-19,13.039999961853
1944-10-20,13.0200004577637
1944-10-23,12.8000001907349
1944-10-24,12.8299999237061
1944-10-25,12.8299999237061
1944-10-26,12.7299995422363
1944-10-27,12.75
1944-10-30,12.7600002288818
1944-10-31,12.7799997329712
1944-11-01,12.8299999237061
1944-11-02,12.8999996185303
1944-11-03,12.8900003433228
1944-11-06,12.960000038147
1944-11-08,12.9399995803833
1944-11-09,12.9700002670288
1944-11-10,12.9799995422363
1944-11-13,12.8699998855591
1944-11-14,12.710000038147
1944-11-15,12.6800003051758
1944-11-16,12.6899995803833
1944-11-17,12.6700000762939
1944-11-20,12.7200002670288
1944-11-21,12.8100004196167
1944-11-22,12.8199996948242
1944-11-24,12.75
1944-11-27,12.789999961853
1944-11-28,12.7799997329712
1944-11-29,12.8500003814697
1944-11-30,12.8299999237061
1944-12-01,12.8000001907349
1944-12-04,12.9099998474121
1944-12-05,12.960000038147
1944-12-06,12.960000038147
1944-12-07,12.9899997711182
1944-12-08,13.0900001525879
1944-12-11,13.1700000762939
1944-12-12,13.1400003433228
1944-12-13,13.1000003814697
1944-12-14,13.1400003433228
1944-12-15,13.2700004577637
1944-12-18,13.1899995803833
1944-12-19,13.2299995422363
1944-12-20,13.1400003433228
1944-12-21,13.1099996566772
1944-12-22,13.1199998855591
1944-12-26,13.0299997329712
1944-12-27,12.9700002670288
1944-12-28,13.1000003814697
1944-12-29,13.2799997329712
1945-01-02,13.3299999237061
1945-01-03,13.4700002670288
1945-01-04,13.4899997711182
1945-01-05,13.460000038147
1945-01-08,13.5799999237061
1945-01-09,13.5900001525879
1945-01-10,13.6899995803833
1945-01-11,13.6800003051758
1945-01-12,13.6400003433228
1945-01-15,13.5500001907349
1945-01-16,13.539999961853
1945-01-17,13.6300001144409
1945-01-18,13.5699996948242
1945-01-19,13.4399995803833
1945-01-22,13.3000001907349
1945-01-23,13.210000038147
1945-01-24,13.25
1945-01-25,13.3299999237061
1945-01-26,13.460000038147
1945-01-29,13.539999961853
1945-01-30,13.460000038147
1945-01-31,13.4700002670288
1945-02-01,13.5
1945-02-02,13.6000003814697
1945-02-05,13.6999998092651
1945-02-06,13.7299995422363
1945-02-07,13.7600002288818
1945-02-08,13.7600002288818
1945-02-09,13.6800003051758
1945-02-13,13.8999996185303
1945-02-14,13.9700002670288
1945-02-15,14.0699996948242
1945-02-16,14.0500001907349
1945-02-19,14.1599998474121
1945-02-20,14.210000038147
1945-02-21,14.1899995803833
1945-02-23,14.1599998474121
1945-02-26,14.0900001525879
1945-02-27,14.1999998092651
1945-02-28,14.3000001907349
1945-03-01,14.3199996948242
1945-03-02,14.2299995422363
1945-03-05,14.3000001907349
1945-03-06,14.3699998855591
1945-03-07,14.3800001144409
1945-03-08,14.1199998855591
1945-03-09,13.8199996948242
1945-03-12,13.9899997711182
1945-03-13,13.9899997711182
1945-03-14,14.0100002288818
1945-03-15,14.0699996948242
1945-03-16,14.0900001525879
1945-03-19,14.0100002288818
1945-03-20,13.8199996948242
1945-03-21,13.6899995803833
1945-03-22,13.6800003051758
1945-03-23,13.7399997711182
1945-03-26,13.3900003433228
1945-03-27,13.4700002670288
1945-03-28,13.5799999237061
1945-03-29,13.6099996566772
1945-04-02,13.7700004577637
1945-04-03,13.789999961853
1945-04-04,13.7700004577637
1945-04-05,13.6700000762939
1945-04-06,13.7700004577637
1945-04-09,13.8100004196167
1945-04-10,13.8599996566772
1945-04-11,14.0600004196167
1945-04-12,14.0500001907349
1945-04-13,14.1999998092651
1945-04-16,14.4899997711182
1945-04-17,14.5100002288818
1945-04-18,14.6499996185303
1945-04-19,14.5100002288818
1945-04-20,14.4899997711182
1945-04-23,14.6300001144409
1945-04-24,14.6999998092651
1945-04-25,14.6700000762939
1945-04-26,14.6400003433228
1945-04-27,14.6999998092651
1945-04-30,14.8400001525879
1945-05-01,14.789999961853
1945-05-02,14.7700004577637
1945-05-03,14.8699998855591
1945-05-04,14.9200000762939
1945-05-07,14.9300003051758
1945-05-08,14.960000038147
1945-05-09,14.8100004196167
1945-05-10,14.6199998855591
1945-05-11,14.6199998855591
1945-05-14,14.6300001144409
1945-05-15,14.6800003051758
1945-05-16,14.6899995803833
1945-05-17,14.7700004577637
1945-05-18,14.8699998855591
1945-05-21,14.8199996948242
1945-05-22,14.8100004196167
1945-05-23,14.6999998092651
1945-05-24,14.6999998092651
1945-05-25,14.789999961853
1945-05-28,15.0299997329712
1945-05-29,15.1099996566772
1945-05-31,15.0100002288818
1945-06-01,15.0299997329712
1945-06-04,15.0500001907349
1945-06-05,15.0299997329712
1945-06-06,14.960000038147
1945-06-07,14.9700002670288
1945-06-08,14.9300003051758
1945-06-11,14.8900003433228
1945-06-12,14.9200000762939
1945-06-13,14.9899997711182
1945-06-14,15.0500001907349
1945-06-15,15.1000003814697
1945-06-18,15.0900001525879
1945-06-19,15.1099996566772
1945-06-20,15.1800003051758
1945-06-21,15.2600002288818
1945-06-22,15.2799997329712
1945-06-25,15.3500003814697
1945-06-26,15.3699998855591
1945-06-27,15.3500003814697
1945-06-28,15.039999961853
1945-06-29,14.8699998855591
1945-07-02,15.0299997329712
1945-07-03,15.0299997329712
1945-07-05,14.8599996566772
1945-07-06,14.9099998474121
1945-07-09,15.039999961853
1945-07-10,15.1000003814697
1945-07-11,15.0500001907349
1945-07-12,15.0900001525879
1945-07-13,15.0500001907349
1945-07-16,14.9399995803833
1945-07-17,14.6099996566772
1945-07-18,14.5600004196167
1945-07-19,14.6599998474121
1945-07-20,14.6599998474121
1945-07-23,14.5100002288818
1945-07-24,14.539999961853
1945-07-25,14.6800003051758
1945-07-26,14.3800001144409
1945-07-27,14.4499998092651
1945-07-30,14.6000003814697
1945-07-31,14.6599998474121
1945-08-01,14.6800003051758
1945-08-02,14.6199998855591
1945-08-03,14.6800003051758
1945-08-06,14.7200002670288
1945-08-07,14.5200004577637
1945-08-08,14.5500001907349
1945-08-09,14.789999961853
1945-08-10,14.7799997329712
1945-08-13,14.6099996566772
1945-08-14,14.6999998092651
1945-08-17,14.6199998855591
1945-08-20,14.3999996185303
1945-08-21,14.460000038147
1945-08-22,14.5600004196167
1945-08-23,14.8500003814697
1945-08-24,15.0500001907349
1945-08-27,15.2700004577637
1945-08-28,15.3199996948242
1945-08-29,15.3000001907349
1945-08-30,15.3500003814697
1945-08-31,15.5100002288818
1945-09-04,15.5100002288818
1945-09-05,15.5299997329712
1945-09-06,15.7399997711182
1945-09-07,15.7299995422363
1945-09-10,15.7799997329712
1945-09-11,15.8800001144409
1945-09-12,15.9499998092651
1945-09-13,15.9499998092651
1945-09-14,15.8599996566772
1945-09-17,15.5100002288818
1945-09-18,15.8199996948242
1945-09-19,15.9700002670288
1945-09-20,16.0300006866455
1945-09-21,15.9499998092651
1945-09-24,15.9099998474121
1945-09-25,15.9300003051758
1945-09-26,15.9200000762939
1945-09-27,15.8599996566772
1945-09-28,16.0499992370605
1945-10-01,16.3299999237061
1945-10-02,16.3299999237061
1945-10-03,16.2999992370605
1945-10-04,16.2999992370605
1945-10-05,16.3799991607666
1945-10-08,16.5
1945-10-09,16.5400009155273
1945-10-10,16.6000003814697
1945-10-11,16.5799999237061
1945-10-15,16.5900001525879
1945-10-16,16.5900001525879
1945-10-17,16.6599998474121
1945-10-18,16.7199993133545
1945-10-19,16.5900001525879
1945-10-22,16.7099990844727
1945-10-23,16.5799999237061
1945-10-24,16.3299999237061
1945-10-25,16.4099998474121
1945-10-26,16.4899997711182
1945-10-29,16.2999992370605
1945-10-30,16.3799991607666
1945-10-31,16.6499996185303
1945-11-01,16.8700008392334
1945-11-02,16.8600006103516
1945-11-05,16.9400005340576
1945-11-07,17.1399993896484
1945-11-08,17.0799999237061
1945-11-09,17.1000003814697
1945-11-13,17.0400009155273
1945-11-14,16.9500007629395
1945-11-15,17.0799999237061
1945-11-16,17
1945-11-19,17.1900005340576
1945-11-20,17.2700004577637
1945-11-21,17.0200004577637
1945-11-23,16.8500003814697
1945-11-26,16.9400005340576
1945-11-27,17.1499996185303
1945-11-28,17.0599994659424
1945-11-29,17.0300006866455
1945-11-30,17.1900005340576
1945-12-03,17.4400005340576
1945-12-04,17.4200000762939
1945-12-05,17.4099998474121
1945-12-06,17.5
1945-12-07,17.5400009155273
1945-12-10,17.6800003051758
1945-12-11,17.6399993896484
1945-12-12,17.3700008392334
1945-12-13,17.2900009155273
1945-12-14,17.3099994659424
1945-12-17,16.9400005340576
1945-12-18,17.1000003814697
1945-12-19,17.1000003814697
1945-12-20,16.9899997711182
1945-12-21,16.9799995422363
1945-12-26,17.4099998474121
1945-12-27,17.2800006866455
1945-12-28,17.3099994659424
1945-12-31,17.3600006103516
1946-01-02,17.25
1946-01-03,17.2700004577637
1946-01-04,17.2299995422363
1946-01-07,17.3099994659424
1946-01-08,17.6900005340576
1946-01-09,17.9500007629395
1946-01-10,18.0699996948242
1946-01-11,18.1299991607666
1946-01-14,18.3299999237061
1946-01-15,18.3600006103516
1946-01-16,18.3799991607666
1946-01-17,18.3400001525879
1946-01-18,18.2999992370605
1946-01-21,17.7399997711182
1946-01-22,17.8600006103516
1946-01-23,18.0699996948242
1946-01-24,18.1200008392334
1946-01-25,18.0900001525879
1946-01-28,18.6200008392334
1946-01-29,18.6700000762939
1946-01-30,18.5599994659424
1946-01-31,18.5699996948242
1946-02-01,18.6399993896484
1946-02-04,18.6200008392334
1946-02-05,18.7000007629395
1946-02-06,18.5699996948242
1946-02-07,18.5699996948242
1946-02-08,18.5499992370605
1946-02-11,18.2399997711182
1946-02-13,17.9799995422363
1946-02-14,18.0900001525879
1946-02-15,18.4400005340576
1946-02-18,18.3799991607666
1946-02-19,17.7000007629395
1946-02-20,17.3700008392334
1946-02-21,17.7199993133545
1946-02-25,16.9099998474121
1946-02-26,16.8099994659424
1946-02-27,17.1499996185303
1946-02-28,17.2800006866455
1946-03-01,17.2099990844727
1946-03-04,17.0900001525879
1946-03-05,17.2700004577637
1946-03-06,17.1900005340576
1946-03-07,17.3400001525879
1946-03-08,17.4899997711182
1946-03-11,17.3799991607666
1946-03-12,17.4200000762939
1946-03-13,17.1499996185303
1946-03-14,17.0900001525879
1946-03-15,17.2800006866455
1946-03-18,17.5699996948242
1946-03-19,17.4500007629395
1946-03-20,17.5799999237061
1946-03-21,17.7000007629395
1946-03-22,17.7000007629395
1946-03-25,18.0699996948242
1946-03-26,18.0599994659424
1946-03-27,17.9500007629395
1946-03-28,17.9300003051758
1946-03-29,18.0400009155273
1946-04-01,18.0599994659424
1946-04-02,18.0699996948242
1946-04-03,18.3799991607666
1946-04-04,18.5799999237061
1946-04-05,18.5400009155273
1946-04-08,18.6200008392334
1946-04-09,18.8799991607666
1946-04-10,18.8099994659424
1946-04-11,18.7700004577637
1946-04-12,18.7700004577637
1946-04-15,18.6200008392334
1946-04-16,18.8700008392334
1946-04-17,18.8400001525879
1946-04-18,18.8999996185303
1946-04-22,18.8799991607666
1946-04-23,18.8400001525879
1946-04-24,18.6499996185303
1946-04-25,18.5400009155273
1946-04-26,18.5799999237061
1946-04-29,18.7199993133545
1946-04-30,18.7600002288818
1946-05-01,18.7099990844727
1946-05-02,18.6200008392334
1946-05-03,18.4599990844727
1946-05-06,18.2600002288818
1946-05-07,18.5100002288818
1946-05-08,18.4699993133545
1946-05-09,18.4400005340576
1946-05-10,18.7399997711182
1946-05-13,18.7900009155273
1946-05-14,18.6700000762939
1946-05-15,18.5300006866455
1946-05-16,18.6399993896484
1946-05-17,18.6000003814697
1946-05-20,18.6399993896484
1946-05-21,18.6800003051758
1946-05-22,18.7999992370605
1946-05-23,18.7800006866455
1946-05-24,18.7800006866455
1946-05-27,18.9200000762939
1946-05-28,19.2000007629395
1946-05-29,19.25
1946-05-31,19.1800003051758
1946-06-03,19.0499992370605
1946-06-04,18.9300003051758
1946-06-05,18.8199996948242
1946-06-06,18.8099994659424
1946-06-07,18.8199996948242
1946-06-10,18.8500003814697
1946-06-11,18.6499996185303
1946-06-12,18.6900005340576
1946-06-13,18.7999992370605
1946-06-14,18.7900009155273
1946-06-17,18.8099994659424
1946-06-18,18.5499992370605
1946-06-19,18.4400005340576
1946-06-20,18.0300006866455
1946-06-21,18.2299995422363
1946-06-24,18.2700004577637
1946-06-25,18.1399993896484
1946-06-26,18.1100006103516
1946-06-27,18.3899993896484
1946-06-28,18.4300003051758
1946-07-01,18.5400009155273
1946-07-02,18.5300006866455
1946-07-03,18.4899997711182
1946-07-05,18.4300003051758
1946-07-08,18.3600006103516
1946-07-09,18.4599990844727
1946-07-10,18.4899997711182
1946-07-11,18.3899993896484
1946-07-12,18.2700004577637
1946-07-15,17.9500007629395
1946-07-16,17.9699993133545
1946-07-17,18.0699996948242
1946-07-18,18.0400009155273
1946-07-19,17.9799995422363
1946-07-22,17.9300003051758
1946-07-23,17.3899993896484
1946-07-24,17.4099998474121
1946-07-25,17.5
1946-07-26,17.6000003814697
1946-07-29,17.6599998474121
1946-07-30,17.7600002288818
1946-07-31,17.9599990844727
1946-08-01,18.0100002288818
1946-08-02,18.0200004577637
1946-08-05,17.9099998474121
1946-08-06,17.8600006103516
1946-08-07,18.0300006866455
1946-08-08,18.1100006103516
1946-08-09,18.0499992370605
1946-08-12,18.0799999237061
1946-08-13,18.2299995422363
1946-08-14,18.2000007629395
1946-08-15,17.9899997711182
1946-08-16,17.8400001525879
1946-08-19,17.8099994659424
1946-08-20,17.9099998474121
1946-08-21,17.7399997711182
1946-08-22,17.5599994659424
1946-08-23,17.5799999237061
1946-08-26,17.4699993133545
1946-08-27,16.9200000762939
1946-08-28,16.7299995422363
1946-08-29,16.7600002288818
1946-08-30,16.6499996185303
1946-09-03,15
1946-09-04,15.460000038147
1946-09-05,15.9899997711182
1946-09-06,15.8400001525879
1946-09-09,15.0100002288818
1946-09-10,14.5900001525879
1946-09-11,15.0500001907349
1946-09-12,15.0200004577637
1946-09-13,15.3100004196167
1946-09-16,15.3999996185303
1946-09-17,15.2799997329712
1946-09-18,14.8000001907349
1946-09-19,14.3299999237061
1946-09-20,14.6899995803833
1946-09-23,14.4099998474121
1946-09-24,14.7200002670288
1946-09-25,15.1000003814697
1946-09-26,15.2700004577637
1946-09-27,15.1099996566772
1946-09-30,14.960000038147
1946-10-01,14.9200000762939
1946-10-02,15
1946-10-03,14.9799995422363
1946-10-04,14.8100004196167
1946-10-07,14.6999998092651
1946-10-08,14.5299997329712
1946-10-09,14.1199998855591
1946-10-10,14.3299999237061
1946-10-11,14.6300001144409
1946-10-14,14.710000038147
1946-10-15,15.3000001907349
1946-10-16,15.2399997711182
1946-10-17,15.0100002288818
1946-10-18,14.9700002670288
1946-10-21,15
1946-10-22,14.8800001144409
1946-10-23,14.7700004577637
1946-10-24,14.7799997329712
1946-10-25,14.6999998092651
1946-10-28,14.3900003433228
1946-10-29,14.2600002288818
1946-10-30,14.3199996948242
1946-10-31,14.8400001525879
1946-11-01,15.0699996948242
1946-11-04,15.3299999237061
1946-11-06,14.6700000762939
1946-11-07,14.789999961853
1946-11-08,14.8500003814697
1946-11-12,14.9399995803833
1946-11-13,14.8100004196167
1946-11-14,14.8900003433228
1946-11-15,14.7299995422363
1946-11-18,14.5799999237061
1946-11-19,14.5699996948242
1946-11-20,14.460000038147
1946-11-21,14.210000038147
1946-11-22,14.1300001144409
1946-11-25,14.3100004196167
1946-11-26,14.4499998092651
1946-11-27,14.5500001907349
1946-11-29,14.6800003051758
1946-12-02,14.4399995803833
1946-12-03,14.4899997711182
1946-12-04,14.7200002670288
1946-12-05,14.6400003433228
1946-12-06,14.6999998092651
1946-12-09,15.3199996948242
1946-12-10,15.3199996948242
1946-12-11,15.3599996566772
1946-12-12,15.1499996185303
1946-12-13,15.1700000762939
1946-12-16,15.2399997711182
1946-12-17,15.1800003051758
1946-12-18,15.210000038147
1946-12-19,15.4499998092651
1946-12-20,15.5
1946-12-23,15.4099998474121
1946-12-24,15.3699998855591
1946-12-26,15.210000038147
1946-12-27,15.1899995803833
1946-12-30,15.1700000762939
1946-12-31,15.3000001907349
1947-01-02,15.1999998092651
1947-01-03,15.2600002288818
1947-01-06,15.4399995803833
1947-01-07,15.3199996948242
1947-01-08,15.4099998474121
1947-01-09,15.4399995803833
1947-01-10,15.2399997711182
1947-01-13,14.8000001907349
1947-01-14,14.8699998855591
1947-01-15,14.7700004577637
1947-01-16,14.7799997329712
1947-01-17,15.0699996948242
1947-01-20,15.0200004577637
1947-01-21,14.9700002670288
1947-01-22,15.039999961853
1947-01-23,15.1899995803833
1947-01-24,15.210000038147
1947-01-27,15.3400001525879
1947-01-28,15.4700002670288
1947-01-29,15.6499996185303
1947-01-30,15.6000003814697
1947-01-31,15.6599998474121
1947-02-03,15.8000001907349
1947-02-04,15.8299999237061
1947-02-05,15.9200000762939
1947-02-06,15.8599996566772
1947-02-07,16.1200008392334
1947-02-10,16.0499992370605
1947-02-11,16.1399993896484
1947-02-13,15.9300003051758
1947-02-14,15.8599996566772
1947-02-17,15.8800001144409
1947-02-18,15.8800001144409
1947-02-19,15.6899995803833
1947-02-20,15.7200002670288
1947-02-21,15.8000001907349
1947-02-24,15.6700000762939
1947-02-25,15.4700002670288
1947-02-26,15.3000001907349
1947-02-27,15.4799995422363
1947-02-28,15.4300003051758
1947-03-03,15.4099998474121
1947-03-04,15.4099998474121
1947-03-05,15.5900001525879
1947-03-06,15.6499996185303
1947-03-07,15.1599998474121
1947-03-10,15.0100002288818
1947-03-11,14.8800001144409
1947-03-12,14.9700002670288
1947-03-13,14.9300003051758
1947-03-14,14.7799997329712
1947-03-17,14.8199996948242
1947-03-18,15.0100002288818
1947-03-19,15.0799999237061
1947-03-20,15.0699996948242
1947-03-21,15.25
1947-03-24,15.1099996566772
1947-03-25,15.0200004577637
1947-03-26,15.2299995422363
1947-03-27,15.3999996185303
1947-03-28,15.3299999237061
1947-03-31,15.1700000762939
1947-04-01,15.2299995422363
1947-04-02,15.2200002670288
1947-04-03,15.1800003051758
1947-04-07,15.0500001907349
1947-04-08,14.8299999237061
1947-04-09,14.8199996948242
1947-04-10,14.8299999237061
1947-04-11,14.7200002670288
1947-04-14,14.1400003433228
1947-04-15,14.1499996185303
1947-04-16,14.289999961853
1947-04-17,14.2700004577637
1947-04-18,14.0900001525879
1947-04-21,14.4499998092651
1947-04-22,14.5600004196167
1947-04-23,14.5799999237061
1947-04-24,14.4899997711182
1947-04-25,14.3900003433228
1947-04-28,14.3699998855591
1947-04-29,14.3999996185303
1947-04-30,14.5799999237061
1947-05-01,14.6899995803833
1947-05-02,14.789999961853
1947-05-05,14.8500003814697
1947-05-06,14.6899995803833
1947-05-07,14.6800003051758
1947-05-08,14.6000003814697
1947-05-09,14.6300001144409
1947-05-12,14.460000038147
1947-05-13,14.1499996185303
1947-05-14,14.1099996566772
1947-05-15,14.2399997711182
1947-05-16,13.960000038147
1947-05-19,13.7700004577637
1947-05-20,13.8299999237061
1947-05-21,14.0900001525879
1947-05-22,14.1899995803833
1947-05-23,14
1947-05-26,14.1400003433228
1947-05-27,14.1199998855591
1947-05-28,14.3400001525879
1947-05-29,14.4499998092651
1947-06-02,14.3000001907349
1947-06-03,14.5
1947-06-04,14.3999996185303
1947-06-05,14.3900003433228
1947-06-06,14.5
1947-06-09,14.4200000762939
1947-06-10,14.5600004196167
1947-06-11,14.8999996185303
1947-06-12,14.8199996948242
1947-06-13,14.9799995422363
1947-06-16,15.0200004577637
1947-06-17,14.960000038147
1947-06-18,14.960000038147
1947-06-19,15.1400003433228
1947-06-20,15.1599998474121
1947-06-23,15.2399997711182
1947-06-24,14.9399995803833
1947-06-25,15.0600004196167
1947-06-26,15.1199998855591
1947-06-27,15.1199998855591
1947-06-30,15.210000038147
1947-07-01,15.460000038147
1947-07-02,15.4399995803833
1947-07-03,15.6000003814697
1947-07-07,15.6099996566772
1947-07-08,15.6700000762939
1947-07-09,15.5200004577637
1947-07-10,15.6800003051758
1947-07-11,15.8699998855591
1947-07-14,15.960000038147
1947-07-15,15.9300003051758
1947-07-16,15.9200000762939
1947-07-17,15.75
1947-07-18,15.8500003814697
1947-07-21,15.8000001907349
1947-07-22,15.8699998855591
1947-07-23,15.9499998092651
1947-07-24,16.1200008392334
1947-07-25,16.0799999237061
1947-07-28,15.9399995803833
1947-07-29,15.5900001525879
1947-07-30,15.5200004577637
1947-07-31,15.7600002288818
1947-08-01,15.8000001907349
1947-08-04,15.6199998855591
1947-08-05,15.6700000762939
1947-08-06,15.6199998855591
1947-08-07,15.6400003433228
1947-08-08,15.4300003051758
1947-08-11,15.3299999237061
1947-08-12,15.4300003051758
1947-08-13,15.5200004577637
1947-08-14,15.4700002670288
1947-08-15,15.5799999237061
1947-08-18,15.5
1947-08-19,15.460000038147
1947-08-20,15.3900003433228
1947-08-21,15.4300003051758
1947-08-22,15.4499998092651
1947-08-25,15.2299995422363
1947-08-26,15.2299995422363
1947-08-27,15.25
1947-08-28,15.2200002670288
1947-08-29,15.3199996948242
1947-09-02,15.3699998855591
1947-09-03,15.3299999237061
1947-09-04,15.1400003433228
1947-09-05,15.1000003814697
1947-09-08,14.8599996566772
1947-09-09,14.8900003433228
1947-09-10,15.0299997329712
1947-09-11,15.039999961853
1947-09-12,14.9899997711182
1947-09-15,14.9300003051758
1947-09-16,15.0699996948242
1947-09-17,15.2700004577637
1947-09-18,15.210000038147
1947-09-19,15.1999998092651
1947-09-22,15.1800003051758
1947-09-23,14.9300003051758
1947-09-24,14.9899997711182
1947-09-25,14.8999996185303
1947-09-26,14.8500003814697
1947-09-29,14.9399995803833
1947-09-30,15.1099996566772
1947-10-01,15.1599998474121
1947-10-02,15.1700000762939
1947-10-03,15.2399997711182
1947-10-06,15.2799997329712
1947-10-07,15.2799997329712
1947-10-08,15.1599998474121
1947-10-09,15.2600002288818
1947-10-10,15.289999961853
1947-10-14,15.5500001907349
1947-10-15,15.5900001525879
1947-10-16,15.5699996948242
1947-10-17,15.5799999237061
1947-10-20,15.789999961853
1947-10-21,15.7600002288818
1947-10-22,15.6899995803833
1947-10-23,15.6999998092651
1947-10-24,15.5
1947-10-27,15.5299997329712
1947-10-28,15.539999961853
1947-10-29,15.4899997711182
1947-10-30,15.3299999237061
1947-10-31,15.4300003051758
1947-11-03,15.460000038147
1947-11-05,15.3400001525879
1947-11-06,15.3400001525879
1947-11-07,15.3100004196167
1947-11-10,15.3699998855591
1947-11-12,15.3100004196167
1947-11-13,15.1599998474121
1947-11-14,15.1899995803833
1947-11-17,15.1899995803833
1947-11-18,15.3000001907349
1947-11-19,15.3400001525879
1947-11-20,15.4099998474121
1947-11-21,15.3299999237061
1947-11-24,15.2399997711182
1947-11-25,15.1999998092651
1947-11-26,15.1300001144409
1947-11-28,14.9799995422363
1947-12-01,15.0699996948242
1947-12-02,15.0900001525879
1947-12-03,14.9499998092651
1947-12-04,14.8599996566772
1947-12-05,14.6300001144409
1947-12-08,14.7700004577637
1947-12-09,14.8199996948242
1947-12-10,14.8400001525879
1947-12-11,14.8299999237061
1947-12-12,14.9399995803833
1947-12-15,15.1099996566772
1947-12-16,15.0900001525879
1947-12-17,15.1199998855591
1947-12-18,15.0699996948242
1947-12-19,15.1199998855591
1947-12-22,15.1999998092651
1947-12-23,15.2600002288818
1947-12-24,15.25
1947-12-26,15.1199998855591
1947-12-29,15.039999961853
1947-12-30,15.2200002670288
1947-12-31,15.3000001907349
1948-01-02,15.3400001525879
1948-01-05,15.1999998092651
1948-01-06,15.1499996185303
1948-01-07,15.2299995422363
1948-01-08,15.3100004196167
1948-01-09,15.2299995422363
1948-01-12,15.1700000762939
1948-01-13,14.9499998092651
1948-01-14,14.9499998092651
1948-01-15,14.8800001144409
1948-01-16,14.8699998855591
1948-01-19,14.6999998092651
1948-01-20,14.710000038147
1948-01-21,14.539999961853
1948-01-22,14.4200000762939
1948-01-23,14.3500003814697
1948-01-26,14.3199996948242
1948-01-27,14.3400001525879
1948-01-28,14.4899997711182
1948-01-29,14.6499996185303
1948-01-30,14.6800003051758
1948-02-02,14.710000038147
1948-02-03,14.6199998855591
1948-02-04,14
1948-02-05,14.1999998092651
1948-02-06,14.1899995803833
1948-02-09,14.3100004196167
1948-02-10,13.8900003433228
1948-02-11,13.8800001144409
1948-02-13,13.8500003814697
1948-02-16,14.039999961853
1948-02-17,14.039999961853
1948-02-18,14.0500001907349
1948-02-19,14.0200004577637
1948-02-20,13.960000038147
1948-02-24,14
1948-02-25,14.0699996948242
1948-02-26,13.9799995422363
1948-02-27,13.9300003051758
1948-03-01,14.0699996948242
1948-03-02,14.1599998474121
1948-03-03,14.1700000762939
1948-03-04,14.0799999237061
1948-03-05,14.1099996566772
1948-03-08,14.039999961853
1948-03-09,13.9499998092651
1948-03-10,14.0100002288818
1948-03-11,13.9899997711182
1948-03-12,13.9899997711182
1948-03-15,14.0600004196167
1948-03-16,13.8400001525879
1948-03-17,13.9499998092651
1948-03-18,14.0299997329712
1948-03-19,14.3199996948242
1948-03-22,14.6999998092651
1948-03-23,14.6999998092651
1948-03-24,14.6899995803833
1948-03-25,14.75
1948-03-29,14.6999998092651
1948-03-30,14.8699998855591
1948-03-31,15.0799999237061
1948-04-01,15.1199998855591
1948-04-02,15.1499996185303
1948-04-05,15.1800003051758
1948-04-06,15.2799997329712
1948-04-07,15.2299995422363
1948-04-08,15.2700004577637
1948-04-09,15.289999961853
1948-04-12,15.2799997329712
1948-04-13,15.3000001907349
1948-04-14,15.2799997329712
1948-04-15,15.3800001144409
1948-04-16,15.4300003051758
1948-04-19,15.4700002670288
1948-04-20,15.460000038147
1948-04-21,15.539999961853
1948-04-22,15.6800003051758
1948-04-23,15.7799997329712
1948-04-26,15.539999961853
1948-04-27,15.5500001907349
1948-04-28,15.5699996948242
1948-04-29,15.5200004577637
1948-04-30,15.4799995422363
1948-05-03,15.6000003814697
1948-05-04,15.5900001525879
1948-05-05,15.5
1948-05-06,15.6300001144409
1948-05-07,15.7200002670288
1948-05-10,15.8100004196167
1948-05-11,15.8599996566772
1948-05-12,15.8800001144409
1948-05-13,16
1948-05-14,16.3899993896484
1948-05-17,16.6100006103516
1948-05-18,16.3899993896484
1948-05-19,16.3700008392334
1948-05-20,16.4599990844727
1948-05-21,16.5
1948-05-24,16.5400009155273
1948-05-25,16.5300006866455
1948-05-26,16.6800003051758
1948-05-27,16.6800003051758
1948-05-28,16.6900005340576
1948-06-01,16.7399997711182
1948-06-02,16.7600002288818
1948-06-03,16.7199993133545
1948-06-04,16.5900001525879
1948-06-07,16.5400009155273
1948-06-08,16.8199996948242
1948-06-09,16.8899993896484
1948-06-10,16.8999996185303
1948-06-11,16.9500007629395
1948-06-14,16.9699993133545
1948-06-15,17.0599994659424
1948-06-16,17.0100002288818
1948-06-17,16.9899997711182
1948-06-18,16.9599990844727
1948-06-21,16.7900009155273
1948-06-22,16.7600002288818
1948-06-23,16.9300003051758
1948-06-24,16.8899993896484
1948-06-25,16.8299999237061
1948-06-28,16.6100006103516
1948-06-29,16.6900005340576
1948-06-30,16.7399997711182
1948-07-01,16.7000007629395
1948-07-02,16.8500003814697
1948-07-06,16.8500003814697
1948-07-07,16.7900009155273
1948-07-08,16.8099994659424
1948-07-09,16.9200000762939
1948-07-12,16.8799991607666
1948-07-13,16.7800006866455
1948-07-14,16.7999992370605
1948-07-15,16.4799995422363
1948-07-16,16.25
1948-07-19,15.7200002670288
1948-07-20,15.960000038147
1948-07-21,16.0900001525879
1948-07-22,16.2099990844727
1948-07-23,16.2700004577637
1948-07-26,16.1200008392334
1948-07-27,16.2900009155273
1948-07-28,16.1800003051758
1948-07-29,16.0499992370605
1948-07-30,15.8500003814697
1948-08-02,15.8500003814697
1948-08-03,15.8999996185303
1948-08-04,16.1499996185303
1948-08-05,16.0900001525879
1948-08-06,16.1200008392334
1948-08-09,15.960000038147
1948-08-10,15.7399997711182
1948-08-11,15.6700000762939
1948-08-12,15.710000038147
1948-08-13,15.6999998092651
1948-08-16,15.7399997711182
1948-08-17,15.9300003051758
1948-08-18,15.9300003051758
1948-08-19,15.9799995422363
1948-08-20,16.1499996185303
1948-08-23,15.9399995803833
1948-08-24,16.0200004577637
1948-08-25,15.9899997711182
1948-08-26,16.0400009155273
1948-08-27,16.1100006103516
1948-08-30,15.9799995422363
1948-08-31,15.9700002670288
1948-09-01,16.1599998474121
1948-09-02,16.2399997711182
1948-09-03,16.2700004577637
1948-09-07,16.3500003814697
1948-09-08,16.0699996948242
1948-09-09,15.8100004196167
1948-09-10,15.8299999237061
1948-09-13,15.6999998092651
1948-09-14,15.8199996948242
1948-09-15,15.8000001907349
1948-09-16,15.8000001907349
1948-09-17,15.7299995422363
1948-09-20,15.4399995803833
1948-09-21,15.5500001907349
1948-09-22,15.5900001525879
1948-09-23,15.5600004196167
1948-09-24,15.6000003814697
1948-09-27,15.1899995803833
1948-09-28,15.3599996566772
1948-09-29,15.5500001907349
1948-09-30,15.4899997711182
1948-10-01,15.6700000762939
1948-10-04,15.8500003814697
1948-10-05,15.8199996948242
1948-10-06,15.8400001525879
1948-10-07,15.9300003051758
1948-10-08,15.8999996185303
1948-10-11,15.8999996185303
1948-10-13,16.0900001525879
1948-10-14,16.1399993896484
1948-10-15,16.1200008392334
1948-10-18,16.1900005340576
1948-10-19,16.2800006866455
1948-10-20,16.3400001525879
1948-10-21,16.3600006103516
1948-10-22,16.6100006103516
1948-10-25,16.5799999237061
1948-10-26,16.5900001525879
1948-10-27,16.5699996948242
1948-10-28,16.4599990844727
1948-10-29,16.5
1948-11-01,16.7000007629395
1948-11-03,15.9300003051758
1948-11-04,16.1399993896484
1948-11-05,15.4300003051758
1948-11-08,15.5
1948-11-09,15.0100002288818
1948-11-10,15
1948-11-12,15.039999961853
1948-11-15,15.2700004577637
1948-11-16,15.2600002288818
1948-11-17,15.2200002670288
1948-11-18,15.2600002288818
1948-11-19,15.3100004196167
1948-11-22,15.210000038147
1948-11-23,15.1899995803833
1948-11-24,14.9099998474121
1948-11-26,14.9099998474121
1948-11-29,14.789999961853
1948-11-30,14.75
1948-12-01,15.0100002288818
1948-12-02,15
1948-12-03,15.1300001144409
1948-12-06,15.2299995422363
1948-12-07,15.2399997711182
1948-12-08,15.1999998092651
1948-12-09,15.1700000762939
1948-12-10,15.2200002670288
1948-12-13,15.3299999237061
1948-12-14,15.25
1948-12-15,15.1700000762939
1948-12-16,15.1599998474121
1948-12-17,15.1999998092651
1948-12-20,15.1899995803833
1948-12-21,15.1400003433228
1948-12-22,15.1499996185303
1948-12-23,15.1499996185303
1948-12-24,15.25
1948-12-27,15.1899995803833
1948-12-28,15.0799999237061
1948-12-29,15.2799997329712
1948-12-30,15.2799997329712
1948-12-31,15.1999998092651
1949-01-03,14.9499998092651
1949-01-04,15.0299997329712
1949-01-05,15.1599998474121
1949-01-06,15.5
1949-01-07,15.6099996566772
1949-01-10,15.5100002288818
1949-01-11,15.5
1949-01-12,15.4700002670288
1949-01-13,15.3900003433228
1949-01-14,15.2399997711182
1949-01-17,15.3800001144409
1949-01-18,15.3800001144409
1949-01-19,15.4399995803833
1949-01-20,15.5
1949-01-21,15.4700002670288
1949-01-24,15
1949-01-25,15.3299999237061
1949-01-26,15.289999961853
1949-01-27,15.25
1949-01-28,15.1999998092651
1949-01-31,15.2200002670288
1949-02-01,15.3400001525879
1949-02-02,15.3500003814697
1949-02-03,15.3199996948242
1949-02-04,15.0900001525879
1949-02-07,14.7600002288818
1949-02-08,14.6999998092651
1949-02-09,14.7799997329712
1949-02-10,14.5799999237061
1949-02-11,14.5600004196167
1949-02-14,14.6099996566772
1949-02-15,14.6499996185303
1949-02-16,14.7299995422363
1949-02-17,14.8299999237061
1949-02-18,14.789999961853
1949-02-21,14.7399997711182
1949-02-23,14.6000003814697
1949-02-24,14.4200000762939
1949-02-25,14.3800001144409
1949-02-28,14.6199998855591
1949-03-01,14.710000038147
1949-03-02,14.6700000762939
1949-03-03,14.6499996185303
1949-03-04,14.6700000762939
1949-03-07,14.8599996566772
1949-03-08,14.8900003433228
1949-03-09,14.8599996566772
1949-03-10,14.8699998855591
1949-03-11,15.0200004577637
1949-03-14,15.0699996948242
1949-03-15,14.9799995422363
1949-03-16,14.9200000762939
1949-03-17,14.9700002670288
1949-03-18,14.9399995803833
1949-03-21,14.8699998855591
1949-03-22,14.7700004577637
1949-03-23,14.9499998092651
1949-03-24,14.9700002670288
1949-03-25,14.8900003433228
1949-03-28,14.9300003051758
1949-03-29,15.2200002670288
1949-03-30,15.210000038147
1949-03-31,15.0600004196167
1949-04-01,14.9399995803833
1949-04-04,14.9799995422363
1949-04-05,14.960000038147
1949-04-06,14.9200000762939
1949-04-07,14.9300003051758
1949-04-08,14.9700002670288
1949-04-11,14.9899997711182
1949-04-12,15.0299997329712
1949-04-13,15.0200004577637
1949-04-14,14.9899997711182
1949-04-18,15.0699996948242
1949-04-19,15.0100002288818
1949-04-20,14.9700002670288
1949-04-21,14.7200002670288
1949-04-22,14.6999998092651
1949-04-25,14.6800003051758
1949-04-26,14.7600002288818
1949-04-27,14.7600002288818
1949-04-28,14.6899995803833
1949-04-29,14.710000038147
1949-05-02,14.7799997329712
1949-05-03,14.8500003814697
1949-05-04,15.0200004577637
1949-05-05,15.0100002288818
1949-05-06,14.9200000762939
1949-05-09,14.8800001144409
1949-05-10,14.8199996948242
1949-05-11,14.8500003814697
1949-05-12,14.8699998855591
1949-05-13,14.8800001144409
1949-05-16,14.960000038147
1949-05-17,14.9300003051758
1949-05-18,14.8900003433228
1949-05-19,14.8000001907349
1949-05-20,14.7299995422363
1949-05-23,14.5799999237061
1949-05-24,14.5
1949-05-25,14.5699996948242
1949-05-26,14.5600004196167
1949-05-27,14.5100002288818
1949-05-31,14.1899995803833
1949-06-01,14.1400003433228
1949-06-02,14.1400003433228
1949-06-03,14.0500001907349
1949-06-06,13.8199996948242
1949-06-07,13.8400001525879
1949-06-08,13.9300003051758
1949-06-09,13.9300003051758
1949-06-10,13.8100004196167
1949-06-13,13.5500001907349
1949-06-14,13.6400003433228
1949-06-15,13.8999996185303
1949-06-16,13.8500003814697
1949-06-17,13.8699998855591
1949-06-20,14.0699996948242
1949-06-21,14.0799999237061
1949-06-22,14.039999961853
1949-06-23,14.1099996566772
1949-06-24,14.1300001144409
1949-06-27,14.1199998855591
1949-06-28,14
1949-06-29,14.0900001525879
1949-06-30,14.1599998474121
1949-07-01,14.2600002288818
1949-07-05,14.3400001525879
1949-07-06,14.5200004577637
1949-07-07,14.5200004577637
1949-07-08,14.5100002288818
1949-07-11,14.5100002288818
1949-07-12,14.6099996566772
1949-07-13,14.7799997329712
1949-07-14,14.789999961853
1949-07-15,14.7600002288818
1949-07-18,14.8000001907349
1949-07-19,14.9399995803833
1949-07-20,14.9700002670288
1949-07-21,14.8999996185303
1949-07-22,14.8900003433228
1949-07-25,14.9399995803833
1949-07-26,15.0600004196167
1949-07-27,15.0600004196167
1949-07-28,15.039999961853
1949-07-29,15.039999961853
1949-08-01,15.1199998855591
1949-08-02,15.1599998474121
1949-08-03,15.1499996185303
1949-08-04,15.1300001144409
1949-08-05,15.3500003814697
1949-08-08,15.5100002288818
1949-08-09,15.3699998855591
1949-08-10,15.4399995803833
1949-08-11,15.3900003433228
1949-08-12,15.3199996948242
1949-08-15,15.25
1949-08-16,15.289999961853
1949-08-17,15.460000038147
1949-08-18,15.5
1949-08-19,15.4099998474121
1949-08-22,15.3699998855591
1949-08-23,15.1700000762939
1949-08-24,15.1800003051758
1949-08-25,15.2200002670288
1949-08-26,15.2799997329712
1949-08-29,15.1199998855591
1949-08-30,15.210000038147
1949-08-31,15.2200002670288
1949-09-01,15.3100004196167
1949-09-02,15.289999961853
1949-09-06,15.2799997329712
1949-09-07,15.3800001144409
1949-09-08,15.4099998474121
1949-09-09,15.3999996185303
1949-09-12,15.5200004577637
1949-09-13,15.7399997711182
1949-09-14,15.7299995422363
1949-09-15,15.6099996566772
1949-09-16,15.6599998474121
1949-09-19,15.5500001907349
1949-09-20,15.1899995803833
1949-09-21,15.4099998474121
1949-09-22,15.5
1949-09-23,15.5699996948242
1949-09-26,15.5299997329712
1949-09-27,15.4099998474121
1949-09-28,15.5299997329712
1949-09-29,15.6199998855591
1949-09-30,15.5799999237061
1949-10-03,15.6000003814697
1949-10-04,15.75
1949-10-05,15.7799997329712
1949-10-06,15.8400001525879
1949-10-07,15.8500003814697
1949-10-10,15.8299999237061
1949-10-11,15.9700002670288
1949-10-13,15.9700002670288
1949-10-14,15.9099998474121
1949-10-17,15.7299995422363
1949-10-18,15.8400001525879
1949-10-19,15.9300003051758
1949-10-20,15.8999996185303
1949-10-21,15.8500003814697
1949-10-24,15.8699998855591
1949-10-25,15.9499998092651
1949-10-26,16.0599994659424
1949-10-27,16.1499996185303
1949-10-28,16.0799999237061
1949-10-31,16.0400009155273
1949-11-01,16.2000007629395
1949-11-02,16.3299999237061
1949-11-03,16.2900009155273
1949-11-04,16.2099990844727
1949-11-07,16.1599998474121
1949-11-09,16.1800003051758
1949-11-10,16.1399993896484
1949-11-14,16.0300006866455
1949-11-15,15.75
1949-11-16,15.8400001525879
1949-11-17,15.960000038147
1949-11-18,16.1399993896484
1949-11-21,16.0699996948242
1949-11-22,16.1499996185303
1949-11-23,16.1900005340576
1949-11-25,16.1000003814697
1949-11-28,16.0499992370605
1949-11-29,16.0200004577637
1949-11-30,16.0599994659424
1949-12-01,16.1499996185303
1949-12-02,16.2800006866455
1949-12-05,16.4099998474121
1949-12-06,16.3899993896484
1949-12-07,16.4300003051758
1949-12-08,16.4300003051758
1949-12-09,16.4200000762939
1949-12-12,16.5699996948242
1949-12-13,16.6399993896484
1949-12-14,16.6700000762939
1949-12-15,16.6800003051758
1949-12-16,16.6599998474121
1949-12-19,16.5900001525879
1949-12-20,16.5300006866455
1949-12-21,16.4899997711182
1949-12-22,16.6399993896484
1949-12-23,16.6399993896484
1949-12-27,16.5799999237061
1949-12-28,16.6599998474121
1949-12-29,16.6800003051758
1949-12-30,16.7900009155273
1950-01-03,16.6599998474121
1950-01-04,16.8500003814697
1950-01-05,16.9300003051758
1950-01-06,16.9799995422363
1950-01-09,17.0799999237061
1950-01-10,17.0300006866455
1950-01-11,17.0900001525879
1950-01-12,16.7600002288818
1950-01-13,16.6700000762939
1950-01-16,16.7199993133545
1950-01-17,16.8600006103516
1950-01-18,16.8500003814697
1950-01-19,16.8700008392334
1950-01-20,16.8999996185303
1950-01-23,16.9200000762939
1950-01-24,16.8600006103516
1950-01-25,16.7399997711182
1950-01-26,16.7299995422363
1950-01-27,16.8199996948242
1950-01-30,17.0200004577637
1950-01-31,17.0499992370605
1950-02-01,17.0499992370605
1950-02-02,17.2299995422363
1950-02-03,17.2900009155273
1950-02-06,17.3199996948242
1950-02-07,17.2299995422363
1950-02-08,17.2099990844727
1950-02-09,17.2800006866455
1950-02-10,17.2399997711182
1950-02-14,17.0599994659424
1950-02-15,17.0599994659424
1950-02-16,16.9899997711182
1950-02-17,17.1499996185303
1950-02-20,17.2000007629395
1950-02-21,17.1700000762939
1950-02-23,17.2099990844727
1950-02-24,17.2800006866455
1950-02-27,17.2800006866455
1950-02-28,17.2199993133545
1950-03-01,17.2399997711182
1950-03-02,17.2299995422363
1950-03-03,17.2900009155273
1950-03-06,17.3199996948242
1950-03-07,17.2000007629395
1950-03-08,17.1900005340576
1950-03-09,17.0699996948242
1950-03-10,17.0900001525879
1950-03-13,17.1200008392334
1950-03-14,17.25
1950-03-15,17.4500007629395
1950-03-16,17.4899997711182
1950-03-17,17.4500007629395
1950-03-20,17.4400005340576
1950-03-21,17.4500007629395
1950-03-22,17.5499992370605
1950-03-23,17.5599994659424
1950-03-24,17.5599994659424
1950-03-27,17.4599990844727
1950-03-28,17.5300006866455
1950-03-29,17.4400005340576
1950-03-30,17.2999992370605
1950-03-31,17.2900009155273
1950-04-03,17.5300006866455
1950-04-04,17.5499992370605
1950-04-05,17.6299991607666
1950-04-06,17.7800006866455
1950-04-10,17.8500003814697
1950-04-11,17.75
1950-04-12,17.9400005340576
1950-04-13,17.9799995422363
1950-04-14,17.9599990844727
1950-04-17,17.8799991607666
1950-04-18,18.0300006866455
1950-04-19,18.0499992370605
1950-04-20,17.9300003051758
1950-04-21,17.9599990844727
1950-04-24,17.8299999237061
1950-04-25,17.8299999237061
1950-04-26,17.7600002288818
1950-04-27,17.8600006103516
1950-04-28,17.9599990844727
1950-05-01,18.2199993133545
1950-05-02,18.1100006103516
1950-05-03,18.2700004577637
1950-05-04,18.1200008392334
1950-05-05,18.2199993133545
1950-05-08,18.2700004577637
1950-05-09,18.2700004577637
1950-05-10,18.2900009155273
1950-05-11,18.2900009155273
1950-05-12,18.1800003051758
1950-05-15,18.2600002288818
1950-05-16,18.4400005340576
1950-05-17,18.5200004577637
1950-05-18,18.5599994659424
1950-05-19,18.6800003051758
1950-05-22,18.6000003814697
1950-05-23,18.7099990844727
1950-05-24,18.6900005340576
1950-05-25,18.6900005340576
1950-05-26,18.6700000762939
1950-05-29,18.7199993133545
1950-05-31,18.7800006866455
1950-06-01,18.7700004577637
1950-06-02,18.7900009155273
1950-06-05,18.6000003814697
1950-06-06,18.8799991607666
1950-06-07,18.9300003051758
1950-06-08,19.1399993896484
1950-06-09,19.2600002288818
1950-06-12,19.3999996185303
1950-06-13,19.25
1950-06-14,18.9799995422363
1950-06-15,18.9300003051758
1950-06-16,18.9699993133545
1950-06-19,18.9200000762939
1950-06-20,18.8299999237061
1950-06-21,19
1950-06-22,19.1599998474121
1950-06-23,19.1399993896484
1950-06-26,18.1100006103516
1950-06-27,17.9099998474121
1950-06-28,18.1100006103516
1950-06-29,17.4400005340576
1950-06-30,17.6900005340576
1950-07-03,17.6399993896484
1950-07-05,17.8099994659424
1950-07-06,17.9099998474121
1950-07-07,17.6700000762939
1950-07-10,17.5900001525879
1950-07-11,17.3199996948242
1950-07-12,16.8700008392334
1950-07-13,16.6900005340576
1950-07-14,16.8700008392334
1950-07-17,16.6800003051758
1950-07-18,17.0599994659424
1950-07-19,17.3600006103516
1950-07-20,17.6100006103516
1950-07-21,17.5900001525879
1950-07-24,17.4799995422363
1950-07-25,17.2299995422363
1950-07-26,17.2700004577637
1950-07-27,17.5
1950-07-28,17.6900005340576
1950-07-31,17.8400001525879
1950-08-01,18.0200004577637
1950-08-02,17.9500007629395
1950-08-03,17.9899997711182
1950-08-04,18.1399993896484
1950-08-07,18.4099998474121
1950-08-08,18.4599990844727
1950-08-09,18.6100006103516
1950-08-10,18.4799995422363
1950-08-11,18.2800006866455
1950-08-14,18.2900009155273
1950-08-15,18.3199996948242
1950-08-16,18.3400001525879
1950-08-17,18.5400009155273
1950-08-18,18.6800003051758
1950-08-21,18.7000007629395
1950-08-22,18.6800003051758
1950-08-23,18.8199996948242
1950-08-24,18.7900009155273
1950-08-25,18.5400009155273
1950-08-28,18.5300006866455
1950-08-29,18.5400009155273
1950-08-30,18.4300003051758
1950-08-31,18.4200000762939
1950-09-01,18.5499992370605
1950-09-05,18.6800003051758
1950-09-06,18.5400009155273
1950-09-07,18.5900001525879
1950-09-08,18.75
1950-09-11,18.6100006103516
1950-09-12,18.8700008392334
1950-09-13,19.0900001525879
1950-09-14,19.1800003051758
1950-09-15,19.2900009155273
1950-09-18,19.3700008392334
1950-09-19,19.3099994659424
1950-09-20,19.2099990844727
1950-09-21,19.3700008392334
1950-09-22,19.4400005340576
1950-09-25,19.4200000762939
1950-09-26,19.1399993896484
1950-09-27,19.4099998474121
1950-09-28,19.4200000762939
1950-09-29,19.4500007629395
1950-10-02,19.6900005340576
1950-10-03,19.6599998474121
1950-10-04,20
1950-10-05,19.8899993896484
1950-10-06,20.1200008392334
1950-10-09,20
1950-10-10,19.7800006866455
1950-10-11,19.8600006103516
1950-10-13,19.8500003814697
1950-10-16,19.7099990844727
1950-10-17,19.8899993896484
1950-10-18,20.0100002288818
1950-10-19,20.0200004577637
1950-10-20,19.9599990844727
1950-10-23,19.9599990844727
1950-10-24,20.0799999237061
1950-10-25,20.0499992370605
1950-10-26,19.6100006103516
1950-10-27,19.7700004577637
1950-10-30,19.6100006103516
1950-10-31,19.5300006866455
1950-11-01,19.5599994659424
1950-11-02,19.7299995422363
1950-11-03,19.8500003814697
1950-11-06,19.3600006103516
1950-11-08,19.5599994659424
1950-11-09,19.7900009155273
1950-11-10,19.9400005340576
1950-11-13,20.0100002288818
1950-11-14,19.8600006103516
1950-11-15,19.8199996948242
1950-11-16,19.7199993133545
1950-11-17,19.8600006103516
1950-11-20,19.9300003051758
1950-11-21,19.8799991607666
1950-11-22,20.1599998474121
1950-11-24,20.3199996948242
1950-11-27,20.1800003051758
1950-11-28,19.5599994659424
1950-11-29,19.3700008392334
1950-11-30,19.5100002288818
1950-12-01,19.6599998474121
1950-12-04,19
1950-12-05,19.3099994659424
1950-12-06,19.4500007629395
1950-12-07,19.3999996185303
1950-12-08,19.3999996185303
1950-12-11,19.7199993133545
1950-12-12,19.6800003051758
1950-12-13,19.6700000762939
1950-12-14,19.4300003051758
1950-12-15,19.3299999237061
1950-12-18,19.8500003814697
1950-12-19,19.9599990844727
1950-12-20,19.9699993133545
1950-12-21,19.9799995422363
1950-12-22,20.0699996948242
1950-12-26,19.9200000762939
1950-12-27,20.2999992370605
1950-12-28,20.3799991607666
1950-12-29,20.4300003051758
1951-01-02,20.7700004577637
1951-01-03,20.6900005340576
1951-01-04,20.8700008392334
1951-01-05,20.8700008392334
1951-01-08,21
1951-01-09,21.1200008392334
1951-01-10,20.8500003814697
1951-01-11,21.1900005340576
1951-01-12,21.1100006103516
1951-01-15,21.2999992370605
1951-01-16,21.4599990844727
1951-01-17,21.5499992370605
1951-01-18,21.3999996185303
1951-01-19,21.3600006103516
1951-01-22,21.1800003051758
1951-01-23,21.2600002288818
1951-01-24,21.1599998474121
1951-01-25,21.0300006866455
1951-01-26,21.2600002288818
1951-01-29,21.6700000762939
1951-01-30,21.7399997711182
1951-01-31,21.6599998474121
1951-02-01,21.7700004577637
1951-02-02,21.9599990844727
1951-02-05,22.2000007629395
1951-02-06,22.1200008392334
1951-02-07,21.9899997711182
1951-02-08,22.0900001525879
1951-02-09,22.1700000762939
1951-02-13,22.1800003051758
1951-02-14,22.1200008392334
1951-02-15,22
1951-02-16,22.1299991607666
1951-02-19,21.8299999237061
1951-02-20,21.7900009155273
1951-02-21,21.8600006103516
1951-02-23,21.9200000762939
1951-02-26,21.9300003051758
1951-02-27,21.7600002288818
1951-02-28,21.7999992370605
1951-03-01,21.8500003814697
1951-03-02,21.9300003051758
1951-03-05,21.7900009155273
1951-03-06,21.7900009155273
1951-03-07,21.8600006103516
1951-03-08,21.9500007629395
1951-03-09,21.9500007629395
1951-03-12,21.7000007629395
1951-03-13,21.4099998474121
1951-03-14,21.25
1951-03-15,21.2900009155273
1951-03-16,21.6399993896484
1951-03-19,21.5599994659424
1951-03-20,21.5200004577637
1951-03-21,21.6399993896484
1951-03-22,21.7299995422363
1951-03-26,21.5300006866455
1951-03-27,21.5100002288818
1951-03-28,21.2600002288818
1951-03-29,21.3299999237061
1951-03-30,21.4799995422363
1951-04-02,21.3199996948242
1951-04-03,21.2600002288818
1951-04-04,21.3999996185303
1951-04-05,21.6900005340576
1951-04-06,21.7199993133545
1951-04-09,21.6800003051758
1951-04-10,21.6499996185303
1951-04-11,21.6399993896484
1951-04-12,21.8299999237061
1951-04-13,22.0900001525879
1951-04-16,22.0400009155273
1951-04-17,22.0900001525879
1951-04-18,22.1299991607666
1951-04-19,22.0400009155273
1951-04-20,22.0400009155273
1951-04-23,22.0499992370605
1951-04-24,21.9599990844727
1951-04-25,21.9699993133545
1951-04-26,22.1599998474121
1951-04-27,22.3899993896484
1951-04-30,22.4300003051758
1951-05-01,22.5300006866455
1951-05-02,22.6200008392334
1951-05-03,22.8099994659424
1951-05-04,22.7700004577637
1951-05-07,22.6299991607666
1951-05-08,22.6100006103516
1951-05-09,22.6399993896484
1951-05-10,22.5100002288818
1951-05-11,22.3299999237061
1951-05-14,22.1800003051758
1951-05-15,21.7600002288818
1951-05-16,21.6900005340576
1951-05-17,21.9099998474121
1951-05-18,21.5100002288818
1951-05-21,21.4599990844727
1951-05-22,21.3600006103516
1951-05-23,21.1599998474121
1951-05-24,21.0499992370605
1951-05-25,21.0300006866455
1951-05-28,21.2099990844727
1951-05-29,21.3500003814697
1951-05-31,21.5200004577637
1951-06-01,21.4799995422363
1951-06-04,21.2399997711182
1951-06-05,21.3299999237061
1951-06-06,21.4799995422363
1951-06-07,21.5599994659424
1951-06-08,21.4899997711182
1951-06-11,21.6100006103516
1951-06-12,21.5200004577637
1951-06-13,21.5499992370605
1951-06-14,21.8400001525879
1951-06-15,22.0400009155273
1951-06-18,22.0499992370605
1951-06-19,22.0200004577637
1951-06-20,21.9099998474121
1951-06-21,21.7800006866455
1951-06-22,21.5499992370605
1951-06-25,21.2900009155273
1951-06-26,21.2999992370605
1951-06-27,21.3700008392334
1951-06-28,21.1000003814697
1951-06-29,20.9599990844727
1951-07-02,21.1000003814697
1951-07-03,21.2299995422363
1951-07-05,21.6399993896484
1951-07-06,21.6399993896484
1951-07-09,21.7299995422363
1951-07-10,21.6299991607666
1951-07-11,21.6800003051758
1951-07-12,21.7999992370605
1951-07-13,21.9799995422363
1951-07-16,21.7299995422363
1951-07-17,21.9200000762939
1951-07-18,21.8799991607666
1951-07-19,21.8400001525879
1951-07-20,21.8799991607666
1951-07-23,22.1000003814697
1951-07-24,22.4400005340576
1951-07-25,22.3199996948242
1951-07-26,22.4699993133545
1951-07-27,22.5300006866455
1951-07-30,22.6299991607666
1951-07-31,22.3999996185303
1951-08-01,22.5100002288818
1951-08-02,22.8199996948242
1951-08-03,22.8500003814697
1951-08-06,23.0100002288818
1951-08-07,23.0300006866455
1951-08-08,22.9300003051758
1951-08-09,22.8400001525879
1951-08-10,22.7900009155273
1951-08-13,22.7999992370605
1951-08-14,22.7000007629395
1951-08-15,22.7900009155273
1951-08-16,22.8700008392334
1951-08-17,22.9400005340576
1951-08-20,22.9300003051758
1951-08-21,22.8299999237061
1951-08-22,22.75
1951-08-23,22.8999996185303
1951-08-24,22.8799991607666
1951-08-27,22.8500003814697
1951-08-28,22.8999996185303
1951-08-29,23.0799999237061
1951-08-30,23.2399997711182
1951-08-31,23.2800006866455
1951-09-04,23.2800006866455
1951-09-05,23.4200000762939
1951-09-06,23.4699993133545
1951-09-07,23.5300006866455
1951-09-10,23.6200008392334
1951-09-11,23.5
1951-09-12,23.6000003814697
1951-09-13,23.7099990844727
1951-09-14,23.6900005340576
1951-09-17,23.6200008392334
1951-09-18,23.5900001525879
1951-09-19,23.5900001525879
1951-09-20,23.5699996948242
1951-09-21,23.3999996185303
1951-09-24,23.2999992370605
1951-09-25,23.3799991607666
1951-09-26,23.3999996185303
1951-09-27,23.2700004577637
1951-09-28,23.2600002288818
1951-10-01,23.4699993133545
1951-10-02,23.6399993896484
1951-10-03,23.7900009155273
1951-10-04,23.7199993133545
1951-10-05,23.7800006866455
1951-10-08,23.75
1951-10-09,23.6499996185303
1951-10-10,23.6100006103516
1951-10-11,23.7000007629395
1951-10-15,23.8500003814697
1951-10-16,23.7700004577637
1951-10-17,23.6900005340576
1951-10-18,23.6700000762939
1951-10-19,23.3199996948242
1951-10-22,22.75
1951-10-23,22.8400001525879
1951-10-24,23.0300006866455
1951-10-25,22.9599990844727
1951-10-26,22.8099994659424
1951-10-29,22.6900005340576
1951-10-30,22.6599998474121
1951-10-31,22.9400005340576
1951-11-01,23.1000003814697
1951-11-02,22.9300003051758
1951-11-05,22.8199996948242
1951-11-07,22.4899997711182
1951-11-08,22.4699993133545
1951-11-09,22.75
1951-11-13,22.7900009155273
1951-11-14,22.8500003814697
1951-11-15,22.8400001525879
1951-11-16,22.8199996948242
1951-11-19,22.7299995422363
1951-11-20,22.6800003051758
1951-11-21,22.6399993896484
1951-11-23,22.3999996185303
1951-11-26,22.4300003051758
1951-11-27,22.6599998474121
1951-11-28,22.6100006103516
1951-11-29,22.6700000762939
1951-11-30,22.8799991607666
1951-12-03,23.0100002288818
1951-12-04,23.1399993896484
1951-12-05,23.0699996948242
1951-12-06,23.3400001525879
1951-12-07,23.3799991607666
1951-12-10,23.4200000762939
1951-12-11,23.2999992370605
1951-12-12,23.3700008392334
1951-12-13,23.3899993896484
1951-12-14,23.3700008392334
1951-12-17,23.4099998474121
1951-12-18,23.4899997711182
1951-12-19,23.5699996948242
1951-12-20,23.5699996948242
1951-12-21,23.5100002288818
1951-12-24,23.5400009155273
1951-12-26,23.4400005340576
1951-12-27,23.6499996185303
1951-12-28,23.6900005340576
1951-12-31,23.7700004577637
1952-01-02,23.7999992370605
1952-01-03,23.8799991607666
1952-01-04,23.9200000762939
1952-01-07,23.9099998474121
1952-01-08,23.8199996948242
1952-01-09,23.7399997711182
1952-01-10,23.8600006103516
1952-01-11,23.9799995422363
1952-01-14,24.1599998474121
1952-01-15,24.0599994659424
1952-01-16,24.0900001525879
1952-01-17,24.2000007629395
1952-01-18,24.25
1952-01-21,24.4599990844727
1952-01-22,24.6599998474121
1952-01-23,24.5400009155273
1952-01-24,24.5599994659424
1952-01-25,24.5499992370605
1952-01-28,24.6100006103516
1952-01-29,24.5699996948242
1952-01-30,24.2299995422363
1952-01-31,24.1399993896484
1952-02-01,24.2999992370605
1952-02-04,24.1200008392334
1952-02-05,24.1100006103516
1952-02-06,24.1800003051758
1952-02-07,24.1100006103516
1952-02-08,24.2399997711182
1952-02-11,24.1100006103516
1952-02-13,23.9200000762939
1952-02-14,23.8700008392334
1952-02-15,23.8600006103516
1952-02-18,23.7399997711182
1952-02-19,23.3600006103516
1952-02-20,23.0900001525879
1952-02-21,23.1599998474121
1952-02-25,23.2299995422363
1952-02-26,23.1499996185303
1952-02-27,23.1800003051758
1952-02-28,23.2900009155273
1952-02-29,23.2600002288818
1952-03-03,23.2900009155273
1952-03-04,23.6800003051758
1952-03-05,23.7099990844727
1952-03-06,23.6900005340576
1952-03-07,23.7199993133545
1952-03-10,23.6000003814697
1952-03-11,23.6200008392334
1952-03-12,23.7299995422363
1952-03-13,23.75
1952-03-14,23.75
1952-03-17,23.9200000762939
1952-03-18,23.8700008392334
1952-03-19,23.8199996948242
1952-03-20,23.8899993896484
1952-03-21,23.9300003051758
1952-03-24,23.9300003051758
1952-03-25,23.7900009155273
1952-03-26,23.7800006866455
1952-03-27,23.9899997711182
1952-03-28,24.1800003051758
1952-03-31,24.3700008392334
1952-04-01,24.1800003051758
1952-04-02,24.1200008392334
1952-04-03,24.1200008392334
1952-04-04,24.0200004577637
1952-04-07,23.7999992370605
1952-04-08,23.9099998474121
1952-04-09,23.9400005340576
1952-04-10,24.1100006103516
1952-04-14,23.9500007629395
1952-04-15,23.6499996185303
1952-04-16,23.5799999237061
1952-04-17,23.4099998474121
1952-04-18,23.5
1952-04-21,23.6900005340576
1952-04-22,23.5799999237061
1952-04-23,23.4799995422363
1952-04-24,23.4300003051758
1952-04-25,23.5400009155273
1952-04-28,23.5499992370605
1952-04-29,23.4899997711182
1952-04-30,23.3199996948242
1952-05-01,23.1700000762939
1952-05-02,23.5599994659424
1952-05-05,23.6599998474121
1952-05-06,23.6700000762939
1952-05-07,23.8099994659424
1952-05-08,23.8600006103516
1952-05-09,23.8400001525879
1952-05-12,23.75
1952-05-13,23.7800006866455
1952-05-14,23.6800003051758
1952-05-15,23.6000003814697
1952-05-16,23.5599994659424
1952-05-19,23.6100006103516
1952-05-20,23.7399997711182
1952-05-21,23.7800006866455
1952-05-22,23.9099998474121
1952-05-23,23.8899993896484
1952-05-26,23.9400005340576
1952-05-27,23.8799991607666
1952-05-28,23.8400001525879
1952-05-29,23.8600006103516
1952-06-02,23.7999992370605
1952-06-03,23.7800006866455
1952-06-04,23.9500007629395
1952-06-05,24.1000003814697
1952-06-06,24.2600002288818
1952-06-09,24.3700008392334
1952-06-10,24.2299995422363
1952-06-11,24.3099994659424
1952-06-12,24.3099994659424
1952-06-13,24.3700008392334
1952-06-16,24.2999992370605
1952-06-17,24.3299999237061
1952-06-18,24.4300003051758
1952-06-19,24.5100002288818
1952-06-20,24.5900001525879
1952-06-23,24.5599994659424
1952-06-24,24.6000003814697
1952-06-25,24.6599998474121
1952-06-26,24.75
1952-06-27,24.8299999237061
1952-06-30,24.9599990844727
1952-07-01,25.1200008392334
1952-07-02,25.0599994659424
1952-07-03,25.0499992370605
1952-07-07,24.9699993133545
1952-07-08,24.9599990844727
1952-07-09,24.8600006103516
1952-07-10,24.8099994659424
1952-07-11,24.9799995422363
1952-07-14,25.0300006866455
1952-07-15,25.1599998474121
1952-07-16,25.1599998474121
1952-07-17,25.0499992370605
1952-07-18,24.8500003814697
1952-07-21,24.9500007629395
1952-07-22,25
1952-07-23,25.1100006103516
1952-07-24,25.2399997711182
1952-07-25,25.1599998474121
1952-07-28,25.2000007629395
1952-07-29,25.2600002288818
1952-07-30,25.3700008392334
1952-07-31,25.3999996185303
1952-08-01,25.4500007629395
1952-08-04,25.4300003051758
1952-08-05,25.4599990844727
1952-08-06,25.4400005340576
1952-08-07,25.5200004577637
1952-08-08,25.5499992370605
1952-08-11,25.5200004577637
1952-08-12,25.3099994659424
1952-08-13,25.2800006866455
1952-08-14,25.2800006866455
1952-08-15,25.2000007629395
1952-08-18,24.9400005340576
1952-08-19,24.8899993896484
1952-08-20,24.9500007629395
1952-08-21,24.9799995422363
1952-08-22,24.9899997711182
1952-08-25,24.8700008392334
1952-08-26,24.8299999237061
1952-08-27,24.9400005340576
1952-08-28,24.9699993133545
1952-08-29,25.0300006866455
1952-09-02,25.1499996185303
1952-09-03,25.25
1952-09-04,25.2399997711182
1952-09-05,25.2099990844727
1952-09-08,25.1100006103516
1952-09-09,24.8600006103516
1952-09-10,24.6900005340576
1952-09-11,24.7199993133545
1952-09-12,24.7099990844727
1952-09-15,24.4500007629395
1952-09-16,24.5300006866455
1952-09-17,24.5799999237061
1952-09-18,24.5100002288818
1952-09-19,24.5699996948242
1952-09-22,24.5900001525879
1952-09-23,24.7000007629395
1952-09-24,24.7900009155273
1952-09-25,24.8099994659424
1952-09-26,24.7299995422363
1952-09-29,24.6800003051758
1952-09-30,24.5400009155273
1952-10-01,24.4799995422363
1952-10-02,24.5200004577637
1952-10-03,24.5
1952-10-06,24.4400005340576
1952-10-07,24.3999996185303
1952-10-08,24.5799999237061
1952-10-09,24.5699996948242
1952-10-10,24.5499992370605
1952-10-14,24.4799995422363
1952-10-15,24.0599994659424
1952-10-16,23.9099998474121
1952-10-17,24.2000007629395
1952-10-20,24.1299991607666
1952-10-21,24.0699996948242
1952-10-22,23.7999992370605
1952-10-23,23.8700008392334
1952-10-24,24.0300006866455
1952-10-27,24.0900001525879
1952-10-28,24.1299991607666
1952-10-29,24.1499996185303
1952-10-30,24.1499996185303
1952-10-31,24.5200004577637
1952-11-03,24.6000003814697
1952-11-05,24.6700000762939
1952-11-06,24.7700004577637
1952-11-07,24.7800006866455
1952-11-10,24.7700004577637
1952-11-12,24.6499996185303
1952-11-13,24.7099990844727
1952-11-14,24.75
1952-11-17,24.7999992370605
1952-11-18,25.1599998474121
1952-11-19,25.3299999237061
1952-11-20,25.2800006866455
1952-11-21,25.2700004577637
1952-11-24,25.4200000762939
1952-11-25,25.3600006103516
1952-11-26,25.5200004577637
1952-11-28,25.6599998474121
1952-12-01,25.6800003051758
1952-12-02,25.7399997711182
1952-12-03,25.7099990844727
1952-12-04,25.6100006103516
1952-12-05,25.6200008392334
1952-12-08,25.7600002288818
1952-12-09,25.9300003051758
1952-12-10,25.9799995422363
1952-12-11,25.9599990844727
1952-12-12,26.0400009155273
1952-12-15,26.0400009155273
1952-12-16,26.0699996948242
1952-12-17,26.0400009155273
1952-12-18,26.0300006866455
1952-12-19,26.1499996185303
1952-12-22,26.2999992370605
1952-12-23,26.1900005340576
1952-12-24,26.2099990844727
1952-12-26,26.25
1952-12-29,26.3999996185303
1952-12-30,26.5900001525879
1952-12-31,26.5699996948242
1953-01-02,26.5400009155273
1953-01-05,26.6599998474121
1953-01-06,26.4799995422363
1953-01-07,26.3700008392334
1953-01-08,26.3299999237061
1953-01-09,26.0799999237061
1953-01-12,25.8600006103516
1953-01-13,26.0200004577637
1953-01-14,26.0799999237061
1953-01-15,26.1299991607666
1953-01-16,26.0200004577637
1953-01-19,26.0100002288818
1953-01-20,26.1399993896484
1953-01-21,26.0900001525879
1953-01-22,26.1200008392334
1953-01-23,26.0699996948242
1953-01-26,26.0200004577637
1953-01-27,26.0499992370605
1953-01-28,26.1299991607666
1953-01-29,26.2000007629395
1953-01-30,26.3799991607666
1953-02-02,26.5100002288818
1953-02-03,26.5400009155273
1953-02-04,26.4200000762939
1953-02-05,26.1499996185303
1953-02-06,26.5100002288818
1953-02-09,25.6900005340576
1953-02-10,25.6200008392334
1953-02-11,25.6399993896484
1953-02-13,25.7399997711182
1953-02-16,25.6499996185303
1953-02-17,25.5
1953-02-18,25.4799995422363
1953-02-19,25.5699996948242
1953-02-20,25.6299991607666
1953-02-24,25.75
1953-02-25,25.9099998474121
1953-02-26,25.9500007629395
1953-02-27,25.8999996185303
1953-03-02,25.9300003051758
1953-03-03,26
1953-03-04,25.7800006866455
1953-03-05,25.7900009155273
1953-03-06,25.8400001525879
1953-03-09,25.8299999237061
1953-03-10,25.9099998474121
1953-03-11,26.1200008392334
1953-03-12,26.1299991607666
1953-03-13,26.1800003051758
1953-03-16,26.2199993133545
1953-03-17,26.3299999237061
1953-03-18,26.2399997711182
1953-03-19,26.2199993133545
1953-03-20,26.1800003051758
1953-03-23,26.0200004577637
1953-03-24,26.1700000762939
1953-03-25,26.1000003814697
1953-03-26,25.9500007629395
1953-03-27,25.9899997711182
1953-03-30,25.6100006103516
1953-03-31,25.2900009155273
1953-04-01,25.25
1953-04-02,25.2299995422363
1953-04-06,24.6100006103516
1953-04-07,24.7099990844727
1953-04-08,24.9300003051758
1953-04-09,24.8799991607666
1953-04-10,24.8199996948242
1953-04-13,24.7700004577637
1953-04-14,24.8600006103516
1953-04-15,24.9599990844727
1953-04-16,24.9099998474121
1953-04-17,24.6200008392334
1953-04-20,24.7299995422363
1953-04-21,24.6700000762939
1953-04-22,24.4599990844727
1953-04-23,24.1900005340576
1953-04-24,24.2000007629395
1953-04-27,24.3400001525879
1953-04-28,24.5200004577637
1953-04-29,24.6800003051758
1953-04-30,24.6200008392334
1953-05-01,24.7299995422363
1953-05-04,25
1953-05-05,25.0300006866455
1953-05-06,25
1953-05-07,24.8999996185303
1953-05-08,24.8999996185303
1953-05-11,24.9099998474121
1953-05-12,24.7399997711182
1953-05-13,24.7099990844727
1953-05-14,24.8500003814697
1953-05-15,24.8400001525879
1953-05-18,24.75
1953-05-19,24.7000007629395
1953-05-20,24.9300003051758
1953-05-21,25.0599994659424
1953-05-22,25.0300006866455
1953-05-25,24.9899997711182
1953-05-26,24.8700008392334
1953-05-27,24.6399993896484
1953-05-28,24.4599990844727
1953-05-29,24.5400009155273
1953-06-01,24.1499996185303
1953-06-02,24.2199993133545
1953-06-03,24.1800003051758
1953-06-04,24.0300006866455
1953-06-05,24.0900001525879
1953-06-08,24.0100002288818
1953-06-09,23.6000003814697
1953-06-10,23.5400009155273
1953-06-11,23.75
1953-06-12,23.8199996948242
1953-06-15,23.6200008392334
1953-06-16,23.5499992370605
1953-06-17,23.8500003814697
1953-06-18,23.8400001525879
1953-06-19,23.8400001525879
1953-06-22,23.9599990844727
1953-06-23,24.1200008392334
1953-06-24,24.0900001525879
1953-06-25,24.1900005340576
1953-06-26,24.2099990844727
1953-06-29,24.1399993896484
1953-06-30,24.1399993896484
1953-07-01,24.2399997711182
1953-07-02,24.3099994659424
1953-07-03,24.3600006103516
1953-07-06,24.3799991607666
1953-07-07,24.5100002288818
1953-07-08,24.5
1953-07-09,24.4300003051758
1953-07-10,24.4099998474121
1953-07-13,24.1700000762939
1953-07-14,24.0799999237061
1953-07-15,24.1499996185303
1953-07-16,24.1800003051758
1953-07-17,24.3500003814697
1953-07-20,24.2199993133545
1953-07-21,24.1599998474121
1953-07-22,24.1900005340576
1953-07-23,24.2299995422363
1953-07-24,24.2299995422363
1953-07-27,24.0699996948242
1953-07-28,24.1100006103516
1953-07-29,24.2600002288818
1953-07-30,24.4899997711182
1953-07-31,24.75
1953-08-03,24.8400001525879
1953-08-04,24.7800006866455
1953-08-05,24.6800003051758
1953-08-06,24.7999992370605
1953-08-07,24.7800006866455
1953-08-10,24.75
1953-08-11,24.7199993133545
1953-08-12,24.7800006866455
1953-08-13,24.7299995422363
1953-08-14,24.6200008392334
1953-08-17,24.5599994659424
1953-08-18,24.4599990844727
1953-08-19,24.3099994659424
1953-08-20,24.2900009155273
1953-08-21,24.3500003814697
1953-08-24,24.0900001525879
1953-08-25,23.9300003051758
1953-08-26,23.8600006103516
1953-08-27,23.7900009155273
1953-08-28,23.7399997711182
1953-08-31,23.3199996948242
1953-09-01,23.4200000762939
1953-09-02,23.5599994659424
1953-09-03,23.5100002288818
1953-09-04,23.5699996948242
1953-09-08,23.6100006103516
1953-09-09,23.6499996185303
1953-09-10,23.4099998474121
1953-09-11,23.1399993896484
1953-09-14,22.7099990844727
1953-09-15,22.8999996185303
1953-09-16,23.0100002288818
1953-09-17,23.0699996948242
1953-09-18,22.9500007629395
1953-09-21,22.8799991607666
1953-09-22,23.2000007629395
1953-09-23,23.2299995422363
1953-09-24,23.2399997711182
1953-09-25,23.2999992370605
1953-09-28,23.4500007629395
1953-09-29,23.4899997711182
1953-09-30,23.3500003814697
1953-10-01,23.4899997711182
1953-10-02,23.5900001525879
1953-10-05,23.4799995422363
1953-10-06,23.3899993896484
1953-10-07,23.5799999237061
1953-10-08,23.6200008392334
1953-10-09,23.6599998474121
1953-10-13,23.5699996948242
1953-10-14,23.6800003051758
1953-10-15,23.9500007629395
1953-10-16,24.1399993896484
1953-10-19,24.1599998474121
1953-10-20,24.1700000762939
1953-10-21,24.1900005340576
1953-10-22,24.2999992370605
1953-10-23,24.3500003814697
1953-10-26,24.3099994659424
1953-10-27,24.2600002288818
1953-10-28,24.2900009155273
1953-10-29,24.5799999237061
1953-10-30,24.5400009155273
1953-11-02,24.6599998474121
1953-11-04,24.5100002288818
1953-11-05,24.6399993896484
1953-11-06,24.6100006103516
1953-11-09,24.6599998474121
1953-11-10,24.3700008392334
1953-11-12,24.4599990844727
1953-11-13,24.5400009155273
1953-11-16,24.3799991607666
1953-11-17,24.25
1953-11-18,24.2900009155273
1953-11-19,24.3999996185303
1953-11-20,24.4400005340576
1953-11-23,24.3600006103516
1953-11-24,24.5
1953-11-25,24.5200004577637
1953-11-27,24.6599998474121
1953-11-30,24.7600002288818
1953-12-01,24.7800006866455
1953-12-02,24.9500007629395
1953-12-03,24.9699993133545
1953-12-04,24.9799995422363
1953-12-07,24.9500007629395
1953-12-08,24.8700008392334
1953-12-09,24.8400001525879
1953-12-10,24.7800006866455
1953-12-11,24.7600002288818
1953-12-14,24.6900005340576
1953-12-15,24.7099990844727
1953-12-16,24.9599990844727
1953-12-17,24.9400005340576
1953-12-18,24.9899997711182
1953-12-21,24.9500007629395
1953-12-22,24.7600002288818
1953-12-23,24.6900005340576
1953-12-24,24.7999992370605
1953-12-28,24.7099990844727
1953-12-29,24.5499992370605
1953-12-30,24.7600002288818
1953-12-31,24.8099994659424
1954-01-04,24.9500007629395
1954-01-05,25.1000003814697
1954-01-06,25.1399993896484
1954-01-07,25.0599994659424
1954-01-08,24.9300003051758
1954-01-11,24.7999992370605
1954-01-12,24.9300003051758
1954-01-13,25.0699996948242
1954-01-14,25.1900005340576
1954-01-15,25.4300003051758
1954-01-18,25.4300003051758
1954-01-19,25.6800003051758
1954-01-20,25.75
1954-01-21,25.7900009155273
1954-01-22,25.8500003814697
1954-01-25,25.9300003051758
1954-01-26,26.0900001525879
1954-01-27,26.0100002288818
1954-01-28,26.0200004577637
1954-01-29,26.0799999237061
1954-02-01,25.9899997711182
1954-02-02,25.9200000762939
1954-02-03,26.0100002288818
1954-02-04,26.2000007629395
1954-02-05,26.2999992370605
1954-02-08,26.2299995422363
1954-02-09,26.1700000762939
1954-02-10,26.1399993896484
1954-02-11,26.0599994659424
1954-02-12,26.1200008392334
1954-02-15,26.0400009155273
1954-02-16,25.8099994659424
1954-02-17,25.8600006103516
1954-02-18,25.8600006103516
1954-02-19,25.9200000762939
1954-02-23,25.8299999237061
1954-02-24,25.8299999237061
1954-02-25,25.9099998474121
1954-02-26,26.1499996185303
1954-03-01,26.25
1954-03-02,26.3199996948242
1954-03-03,26.3199996948242
1954-03-04,26.4099998474121
1954-03-05,26.5200004577637
1954-03-08,26.4500007629395
1954-03-09,26.5100002288818
1954-03-10,26.5699996948242
1954-03-11,26.6900005340576
1954-03-12,26.6900005340576
1954-03-15,26.5699996948242
1954-03-16,26.5599994659424
1954-03-17,26.6200008392334
1954-03-18,26.7299995422363
1954-03-19,26.8099994659424
1954-03-22,26.7900009155273
1954-03-23,26.6000003814697
1954-03-24,26.4699993133545
1954-03-25,26.4200000762939
1954-03-26,26.5599994659424
1954-03-29,26.6599998474121
1954-03-30,26.6900005340576
1954-03-31,26.9400005340576
1954-04-01,27.1700000762939
1954-04-02,27.2099990844727
1954-04-05,27.2600002288818
1954-04-06,27.0100002288818
1954-04-07,27.1100006103516
1954-04-08,27.3799991607666
1954-04-09,27.3799991607666
1954-04-12,27.5699996948242
1954-04-13,27.6399993896484
1954-04-14,27.8500003814697
1954-04-15,27.9400005340576
1954-04-19,27.7600002288818
1954-04-20,27.75
1954-04-21,27.6399993896484
1954-04-22,27.6800003051758
1954-04-23,27.7800006866455
1954-04-26,27.8799991607666
1954-04-27,27.7099990844727
1954-04-28,27.7600002288818
1954-04-29,28.1800003051758
1954-04-30,28.2600002288818
1954-05-03,28.2099990844727
1954-05-04,28.2800006866455
1954-05-05,28.2900009155273
1954-05-06,28.5100002288818
1954-05-07,28.6499996185303
1954-05-10,28.6200008392334
1954-05-11,28.4899997711182
1954-05-12,28.7199993133545
1954-05-13,28.5599994659424
1954-05-14,28.7999992370605
1954-05-17,28.8400001525879
1954-05-18,28.8500003814697
1954-05-19,28.7199993133545
1954-05-20,28.8199996948242
1954-05-21,28.9899997711182
1954-05-24,29
1954-05-25,28.9300003051758
1954-05-26,29.1700000762939
1954-05-27,29.0499992370605
1954-05-28,29.1900005340576
1954-06-01,29.1900005340576
1954-06-02,29.1599998474121
1954-06-03,29.1499996185303
1954-06-04,29.1000003814697
1954-06-07,28.9899997711182
1954-06-08,28.3400001525879
1954-06-09,28.1499996185303
1954-06-10,28.3400001525879
1954-06-11,28.5799999237061
1954-06-14,28.6200008392334
1954-06-15,28.8299999237061
1954-06-16,29.0400009155273
1954-06-17,28.9599990844727
1954-06-18,29.0400009155273
1954-06-21,29.0599994659424
1954-06-22,29.0799999237061
1954-06-23,29.1299991607666
1954-06-24,29.2600002288818
1954-06-25,29.2000007629395
1954-06-28,29.2800006866455
1954-06-29,29.4300003051758
1954-06-30,29.2099990844727
1954-07-01,29.2099990844727
1954-07-02,29.5900001525879
1954-07-06,29.9200000762939
1954-07-07,29.9400005340576
1954-07-08,29.9400005340576
1954-07-09,30.1399993896484
1954-07-12,30.1200008392334
1954-07-13,30.0200004577637
1954-07-14,30.0900001525879
1954-07-15,30.1900005340576
1954-07-16,30.0599994659424
1954-07-19,29.9799995422363
1954-07-20,29.8400001525879
1954-07-21,30.0300006866455
1954-07-22,30.2700004577637
1954-07-23,30.3099994659424
1954-07-26,30.3400001525879
1954-07-27,30.5200004577637
1954-07-28,30.5799999237061
1954-07-29,30.6900005340576
1954-07-30,30.8799991607666
1954-08-02,30.9899997711182
1954-08-03,30.9300003051758
1954-08-04,30.8999996185303
1954-08-05,30.7700004577637
1954-08-06,30.3799991607666
1954-08-09,30.1200008392334
1954-08-10,30.3700008392334
1954-08-11,30.7199993133545
1954-08-12,30.5900001525879
1954-08-13,30.7199993133545
1954-08-16,31.0499992370605
1954-08-17,31.1200008392334
1954-08-18,31.0900001525879
1954-08-19,31.1599998474121
1954-08-20,31.2099990844727
1954-08-23,31
1954-08-24,30.8700008392334
1954-08-25,30.6499996185303
1954-08-26,30.5699996948242
1954-08-27,30.6599998474121
1954-08-30,30.3500003814697
1954-08-31,29.8299999237061
1954-09-01,30.0400009155273
1954-09-02,30.2700004577637
1954-09-03,30.5
1954-09-07,30.6599998474121
1954-09-08,30.6800003051758
1954-09-09,30.7299995422363
1954-09-10,30.8400001525879
1954-09-13,31.1200008392334
1954-09-14,31.2800006866455
1954-09-15,31.2900009155273
1954-09-16,31.4599990844727
1954-09-17,31.7099990844727
1954-09-20,31.5699996948242
1954-09-21,31.7900009155273
1954-09-22,32
1954-09-23,32.1800003051758
1954-09-24,32.4000015258789
1954-09-27,32.5299987792969
1954-09-28,32.689998626709
1954-09-29,32.5
1954-09-30,32.310001373291
1954-10-01,32.2900009155273
1954-10-04,32.4700012207031
1954-10-05,32.6300010681152
1954-10-06,32.7599983215332
1954-10-07,32.689998626709
1954-10-08,32.6699981689453
1954-10-11,32.4099998474121
1954-10-12,32.2799987792969
1954-10-13,32.2700004577637
1954-10-14,31.8799991607666
1954-10-15,31.7099990844727
1954-10-18,31.8299999237061
1954-10-19,31.9099998474121
1954-10-20,32.1699981689453
1954-10-21,32.1300010681152
1954-10-22,32.1300010681152
1954-10-25,31.9599990844727
1954-10-26,31.9400005340576
1954-10-27,32.0200004577637
1954-10-28,31.8799991607666
1954-10-29,31.6800003051758
1954-11-01,31.7900009155273
1954-11-03,32.439998626709
1954-11-04,32.8199996948242
1954-11-05,32.7099990844727
1954-11-08,33.0200004577637
1954-11-09,33.1500015258789
1954-11-10,33.1800003051758
1954-11-11,33.4700012207031
1954-11-12,33.5400009155273
1954-11-15,33.4700012207031
1954-11-16,33.5699996948242
1954-11-17,33.6300010681152
1954-11-18,33.439998626709
1954-11-19,33.4500007629395
1954-11-22,33.5800018310547
1954-11-23,34.0299987792969
1954-11-24,34.2200012207031
1954-11-26,34.5499992370605
1954-11-29,34.5400009155273
1954-11-30,34.2400016784668
1954-12-01,33.9900016784668
1954-12-02,34.1800003051758
1954-12-03,34.4900016784668
1954-12-06,34.7599983215332
1954-12-07,34.9199981689453
1954-12-08,34.8600006103516
1954-12-09,34.689998626709
1954-12-10,34.560001373291
1954-12-13,34.5900001525879
1954-12-14,34.3499984741211
1954-12-15,34.560001373291
1954-12-16,34.9300003051758
1954-12-17,35.9199981689453
1954-12-20,35.3300018310547
1954-12-21,35.3800010681152
1954-12-22,35.3400001525879
1954-12-23,35.3699989318848
1954-12-27,35.0699996948242
1954-12-28,35.4300003051758
1954-12-29,35.7400016784668
1954-12-30,35.7400016784668
1954-12-31,35.9799995422363
1955-01-03,36.75
1955-01-04,36.4199981689453
1955-01-05,35.5200004577637
1955-01-06,35.0400009155273
1955-01-07,35.3300018310547
1955-01-10,35.7900009155273
1955-01-11,35.6800003051758
1955-01-12,35.5800018310547
1955-01-13,35.4300003051758
1955-01-14,35.2799987792969
1955-01-17,34.5800018310547
1955-01-18,34.7999992370605
1955-01-19,34.9599990844727
1955-01-20,35.1300010681152
1955-01-21,35.439998626709
1955-01-24,35.5200004577637
1955-01-25,35.5099983215332
1955-01-26,35.9500007629395
1955-01-27,35.9900016784668
1955-01-28,36.189998626709
1955-01-31,36.6300010681152
1955-02-01,36.7200012207031
1955-02-02,36.6100006103516
1955-02-03,36.439998626709
1955-02-04,36.9599990844727
1955-02-07,36.9599990844727
1955-02-08,36.4599990844727
1955-02-09,36.75
1955-02-10,37.0800018310547
1955-02-11,37.1500015258789
1955-02-14,36.8899993896484
1955-02-15,36.8899993896484
1955-02-16,36.7700004577637
1955-02-17,36.8400001525879
1955-02-18,36.8899993896484
1955-02-21,36.8499984741211
1955-02-23,36.8199996948242
1955-02-24,36.6199989318848
1955-02-25,36.5699996948242
1955-02-28,36.7599983215332
1955-03-01,36.8300018310547
1955-03-02,37.1500015258789
1955-03-03,37.2900009155273
1955-03-04,37.5200004577637
1955-03-07,37.2799987792969
1955-03-08,36.5800018310547
1955-03-09,36.2200012207031
1955-03-10,36.4500007629395
1955-03-11,35.8199996948242
1955-03-14,34.9599990844727
1955-03-15,35.7099990844727
1955-03-16,35.9799995422363
1955-03-17,36.1199989318848
1955-03-18,36.1800003051758
1955-03-21,35.9500007629395
1955-03-22,36.1699981689453
1955-03-23,36.6399993896484
1955-03-24,36.9300003051758
1955-03-25,36.9599990844727
1955-03-28,36.8300018310547
1955-03-29,36.8499984741211
1955-03-30,36.5200004577637
1955-03-31,36.5800018310547
1955-04-01,36.9500007629395
1955-04-04,36.8300018310547
1955-04-05,36.9799995422363
1955-04-06,37.1699981689453
1955-04-07,37.3400001525879
1955-04-11,37.439998626709
1955-04-12,37.6599998474121
1955-04-13,37.7099990844727
1955-04-14,37.7900009155273
1955-04-15,37.9599990844727
1955-04-18,38.2700004577637
1955-04-19,38.2200012207031
1955-04-20,38.2799987792969
1955-04-21,38.3199996948242
1955-04-22,38.0099983215332
1955-04-25,38.1100006103516
1955-04-26,38.310001373291
1955-04-27,38.1100006103516
1955-04-28,37.6800003051758
1955-04-29,37.9599990844727
1955-05-02,38.0400009155273
1955-05-03,37.7000007629395
1955-05-04,37.6399993896484
1955-05-05,37.8199996948242
1955-05-06,37.8899993896484
1955-05-09,37.9300003051758
1955-05-10,37.8499984741211
1955-05-11,37.4199981689453
1955-05-12,37.2000007629395
1955-05-13,37.439998626709
1955-05-16,37.0200004577637
1955-05-17,36.9700012207031
1955-05-18,37.2799987792969
1955-05-19,37.4900016784668
1955-05-20,37.7400016784668
1955-05-23,37.4799995422363
1955-05-24,37.4599990844727
1955-05-25,37.5999984741211
1955-05-26,37.8499984741211
1955-05-27,37.9300003051758
1955-05-31,37.9099998474121
1955-06-01,37.9599990844727
1955-06-02,38.0099983215332
1955-06-03,38.3699989318848
1955-06-06,39.689998626709
1955-06-07,39.9599990844727
1955-06-08,39.2200012207031
1955-06-09,39.0099983215332
1955-06-10,39.25
1955-06-13,39.6199989318848
1955-06-14,39.6699981689453
1955-06-15,39.8899993896484
1955-06-16,39.9599990844727
1955-06-17,40.0999984741211
1955-06-20,40.1399993896484
1955-06-21,40.5099983215332
1955-06-22,40.5999984741211
1955-06-23,40.75
1955-06-24,40.9599990844727
1955-06-27,40.9900016784668
1955-06-28,40.7700004577637
1955-06-29,40.7900009155273
1955-06-30,41.0299987792969
1955-07-01,41.189998626709
1955-07-05,41.689998626709
1955-07-06,43.1800003051758
1955-07-07,42.5800018310547
1955-07-08,42.6399993896484
1955-07-11,42.75
1955-07-12,42.75
1955-07-13,42.2400016784668
1955-07-14,42.25
1955-07-15,42.4000015258789
1955-07-18,42.3600006103516
1955-07-19,42.0999984741211
1955-07-20,42.2299995422363
1955-07-21,42.6399993896484
1955-07-22,43
1955-07-25,43.4799995422363
1955-07-26,43.5800018310547
1955-07-27,43.7599983215332
1955-07-28,43.5
1955-07-29,43.5200004577637
1955-08-01,42.9300003051758
1955-08-02,43.0299987792969
1955-08-03,43.0900001525879
1955-08-04,42.3600006103516
1955-08-05,42.560001373291
1955-08-08,42.310001373291
1955-08-09,41.75
1955-08-10,41.7400016784668
1955-08-11,42.1300010681152
1955-08-12,42.2099990844727
1955-08-15,42.1699981689453
1955-08-16,41.8600006103516
1955-08-17,41.9000015258789
1955-08-18,41.8400001525879
1955-08-19,42.0200004577637
1955-08-22,41.9799995422363
1955-08-23,42.5499992370605
1955-08-24,42.6100006103516
1955-08-25,42.7999992370605
1955-08-26,42.9900016784668
1955-08-29,42.9599990844727
1955-08-30,42.9199981689453
1955-08-31,43.1800003051758
1955-09-01,43.3699989318848
1955-09-02,43.5999984741211
1955-09-06,43.8600006103516
1955-09-07,43.8499984741211
1955-09-08,43.8800010681152
1955-09-09,43.8899993896484
1955-09-12,44.189998626709
1955-09-13,44.7999992370605
1955-09-14,44.9900016784668
1955-09-15,44.75
1955-09-16,45.0900001525879
1955-09-19,45.1599998474121
1955-09-20,45.1300010681152
1955-09-21,45.3899993896484
1955-09-22,45.3899993896484
1955-09-23,45.6300010681152
1955-09-26,42.6100006103516
1955-09-27,43.5800018310547
1955-09-28,44.310001373291
1955-09-29,44.0299987792969
1955-09-30,43.6699981689453
1955-10-03,42.4900016784668
1955-10-04,42.8199996948242
1955-10-05,42.9900016784668
1955-10-06,42.7000007629395
1955-10-07,42.3800010681152
1955-10-10,41.1500015258789
1955-10-11,40.7999992370605
1955-10-12,41.5200004577637
1955-10-13,41.3899993896484
1955-10-14,41.2200012207031
1955-10-17,41.3499984741211
1955-10-18,41.6500015258789
1955-10-19,42.0699996948242
1955-10-20,42.5900001525879
1955-10-21,42.5900001525879
1955-10-24,42.9099998474121
1955-10-25,42.6300010681152
1955-10-26,42.2900009155273
1955-10-27,42.3400001525879
1955-10-28,42.3699989318848
1955-10-31,42.3400001525879
1955-11-01,42.2799987792969
1955-11-02,42.3499984741211
1955-11-03,43.2400016784668
1955-11-04,43.9599990844727
1955-11-07,44.1500015258789
1955-11-09,44.6100006103516
1955-11-10,44.7200012207031
1955-11-11,45.2400016784668
1955-11-14,46.4099998474121
1955-11-15,46.2099990844727
1955-11-16,45.9099998474121
1955-11-17,45.5900001525879
1955-11-18,45.5400009155273
1955-11-21,45.2200012207031
1955-11-22,45.6599998474121
1955-11-23,45.7200012207031
1955-11-25,45.6800003051758
1955-11-28,45.3800010681152
1955-11-29,45.560001373291
1955-11-30,45.5099983215332
1955-12-01,45.3499984741211
1955-12-02,45.439998626709
1955-12-05,45.7000007629395
1955-12-06,45.7000007629395
1955-12-07,45.5499992370605
1955-12-08,45.8199996948242
1955-12-09,45.8899993896484
1955-12-12,45.4199981689453
1955-12-13,45.4500007629395
1955-12-14,45.0699996948242
1955-12-15,45.060001373291
1955-12-16,45.1300010681152
1955-12-19,45.0200004577637
1955-12-20,44.9500007629395
1955-12-21,45.8400001525879
1955-12-22,45.4099998474121
1955-12-23,45.5
1955-12-27,45.2200012207031
1955-12-28,45.0499992370605
1955-12-29,45.1500015258789
1955-12-30,45.4799995422363
1956-01-03,45.1599998474121
1956-01-04,45
1956-01-05,44.9500007629395
1956-01-06,45.1399993896484
1956-01-09,44.5099983215332
1956-01-10,44.1599998474121
1956-01-11,44.3800010681152
1956-01-12,44.75
1956-01-13,44.6699981689453
1956-01-16,44.1399993896484
1956-01-17,44.4700012207031
1956-01-18,44.1699981689453
1956-01-19,43.7200012207031
1956-01-20,43.2200012207031
1956-01-23,43.1100006103516
1956-01-24,43.6500015258789
1956-01-25,43.7200012207031
1956-01-26,43.4599990844727
1956-01-27,43.3499984741211
1956-01-30,43.5
1956-01-31,43.8199996948242
1956-02-01,44.0299987792969
1956-02-02,44.2200012207031
1956-02-03,44.7799987792969
1956-02-06,44.810001373291
1956-02-07,44.5999984741211
1956-02-08,44.1599998474121
1956-02-09,43.6599998474121
1956-02-10,43.6399993896484
1956-02-13,43.5800018310547
1956-02-14,43.4199981689453
1956-02-15,44.0400009155273
1956-02-16,43.8199996948242
1956-02-17,44.5200004577637
1956-02-20,44.4500007629395
1956-02-21,44.560001373291
1956-02-23,44.9500007629395
1956-02-24,45.3199996948242
1956-02-27,45.2700004577637
1956-02-28,45.4300003051758
1956-02-29,45.3400001525879
1956-03-01,45.5400009155273
1956-03-02,45.810001373291
1956-03-05,46.060001373291
1956-03-06,46.0400009155273
1956-03-07,46.0099983215332
1956-03-08,46.1199989318848
1956-03-09,46.7000007629395
1956-03-12,47.1300010681152
1956-03-13,47.060001373291
1956-03-14,47.5299987792969
1956-03-15,47.9900016784668
1956-03-16,48.1399993896484
1956-03-19,48.5900001525879
1956-03-20,48.8699989318848
1956-03-21,48.2299995422363
1956-03-22,48.7200012207031
1956-03-23,48.8300018310547
1956-03-26,48.6199989318848
1956-03-27,48.25
1956-03-28,48.5099983215332
1956-03-29,48.4799995422363
1956-04-02,48.7000007629395
1956-04-03,48.5299987792969
1956-04-04,48.7999992370605
1956-04-05,48.5699996948242
1956-04-06,48.8499984741211
1956-04-09,48.6100006103516
1956-04-10,47.9300003051758
1956-04-11,48.310001373291
1956-04-12,48.0200004577637
1956-04-13,47.9500007629395
1956-04-16,47.9599990844727
1956-04-17,47.9300003051758
1956-04-18,47.7400016784668
1956-04-19,47.5699996948242
1956-04-20,47.7599983215332
1956-04-23,47.6500015258789
1956-04-24,47.2599983215332
1956-04-25,47.0900001525879
1956-04-26,47.4900016784668
1956-04-27,47.9900016784668
1956-04-30,48.3800010681152
1956-05-01,48.1599998474121
1956-05-02,48.1699981689453
1956-05-03,48.3400001525879
1956-05-04,48.5099983215332
1956-05-07,48.2200012207031
1956-05-08,48.0200004577637
1956-05-09,47.939998626709
1956-05-10,47.1599998474121
1956-05-11,47.1199989318848
1956-05-14,46.8600006103516
1956-05-15,46.3699989318848
1956-05-16,46.0499992370605
1956-05-17,46.6100006103516
1956-05-18,46.3899993896484
1956-05-21,45.9900016784668
1956-05-22,45.2599983215332
1956-05-23,45.0200004577637
1956-05-24,44.5999984741211
1956-05-25,44.6199989318848
1956-05-28,44.0999984741211
1956-05-29,45.1100006103516
1956-05-31,45.2000007629395
1956-06-01,45.5800018310547
1956-06-04,45.8499984741211
1956-06-05,45.8600006103516
1956-06-06,45.6300010681152
1956-06-07,45.9900016784668
1956-06-08,45.1399993896484
1956-06-11,45.7099990844727
1956-06-12,46.3600006103516
1956-06-13,46.4199981689453
1956-06-14,46.310001373291
1956-06-15,46.3699989318848
1956-06-18,46.1699981689453
1956-06-19,46.2200012207031
1956-06-20,46.4099998474121
1956-06-21,46.7299995422363
1956-06-22,46.5900001525879
1956-06-25,46.4099998474121
1956-06-26,46.7200012207031
1956-06-27,47.0699996948242
1956-06-28,47.1300010681152
1956-06-29,46.9700012207031
1956-07-02,46.9300003051758
1956-07-03,47.3199996948242
1956-07-05,47.7999992370605
1956-07-06,48.0400009155273
1956-07-09,48.25
1956-07-10,48.5400009155273
1956-07-11,48.689998626709
1956-07-12,48.5800018310547
1956-07-13,48.7200012207031
1956-07-16,49.1399993896484
1956-07-17,49.310001373291
1956-07-18,49.2999992370605
1956-07-19,49.3199996948242
1956-07-20,49.3499984741211
1956-07-23,49.3300018310547
1956-07-24,49.3300018310547
1956-07-25,49.439998626709
1956-07-26,49.4799995422363
1956-07-27,49.0800018310547
1956-07-30,49
1956-07-31,49.3899993896484
1956-08-01,49.6199989318848
1956-08-02,49.6399993896484
1956-08-03,49.6399993896484
1956-08-06,48.9599990844727
1956-08-07,49.1599998474121
1956-08-08,49.3600006103516
1956-08-09,49.3199996948242
1956-08-10,49.0900001525879
1956-08-13,48.5800018310547
1956-08-14,48
1956-08-15,48.9900016784668
1956-08-16,48.8800010681152
1956-08-17,48.8199996948242
1956-08-20,48.25
1956-08-21,47.8899993896484
1956-08-22,47.4199981689453
1956-08-23,48
1956-08-24,47.9500007629395
1956-08-27,47.6599998474121
1956-08-28,47.5699996948242
1956-08-29,47.3600006103516
1956-08-30,46.939998626709
1956-08-31,47.5099983215332
1956-09-04,47.8899993896484
1956-09-05,48.0200004577637
1956-09-06,48.0999984741211
1956-09-07,47.810001373291
1956-09-10,47.560001373291
1956-09-11,47.3800010681152
1956-09-12,47.0499992370605
1956-09-13,46.0900001525879
1956-09-14,47.2099990844727
1956-09-17,47.0999984741211
1956-09-18,46.7900009155273
1956-09-19,46.2400016784668
1956-09-20,46.2099990844727
1956-09-21,46.5800018310547
1956-09-24,46.4000015258789
1956-09-25,45.75
1956-09-26,45.8199996948242
1956-09-27,45.5999984741211
1956-09-28,45.3499984741211
1956-10-01,44.7000007629395
1956-10-02,45.5200004577637
1956-10-03,46.2799987792969
1956-10-04,46.2900009155273
1956-10-05,46.4500007629395
1956-10-08,46.4300003051758
1956-10-09,46.2000007629395
1956-10-10,46.8400001525879
1956-10-11,46.810001373291
1956-10-12,47
1956-10-15,46.8600006103516
1956-10-16,46.6199989318848
1956-10-17,46.2599983215332
1956-10-18,46.3400001525879
1956-10-19,46.2400016784668
1956-10-22,46.2299995422363
1956-10-23,46.1199989318848
1956-10-24,45.9300003051758
1956-10-25,45.8499984741211
1956-10-26,46.2700004577637
1956-10-29,46.4000015258789
1956-10-30,46.3699989318848
1956-10-31,45.5800018310547
1956-11-01,46.5200004577637
1956-11-02,46.9799995422363
1956-11-05,47.5999984741211
1956-11-07,47.1100006103516
1956-11-08,46.7299995422363
1956-11-09,46.3400001525879
1956-11-12,46.4900016784668
1956-11-13,46.2700004577637
1956-11-14,46.0099983215332
1956-11-15,45.7200012207031
1956-11-16,45.7400016784668
1956-11-19,45.2900009155273
1956-11-20,44.8899993896484
1956-11-21,44.6699981689453
1956-11-23,45.1399993896484
1956-11-26,44.8699989318848
1956-11-27,44.9099998474121
1956-11-28,44.4300003051758
1956-11-29,44.3800010681152
1956-11-30,45.0800018310547
1956-12-03,45.9799995422363
1956-12-04,45.8400001525879
1956-12-05,46.3899993896484
1956-12-06,46.810001373291
1956-12-07,47.0400009155273
1956-12-10,46.7999992370605
1956-12-11,46.4799995422363
1956-12-12,46.1300010681152
1956-12-13,46.5
1956-12-14,46.5400009155273
1956-12-17,46.5400009155273
1956-12-18,46.5400009155273
1956-12-19,46.4300003051758
1956-12-20,46.0699996948242
1956-12-21,46.3699989318848
1956-12-26,46.3899993896484
1956-12-27,46.3499984741211
1956-12-28,46.560001373291
1956-12-31,46.6699981689453
1957-01-02,46.2000007629395
1957-01-03,46.5999984741211
1957-01-04,46.6599998474121
1957-01-07,46.4199981689453
1957-01-08,46.25
1957-01-09,46.1599998474121
1957-01-10,46.2700004577637
1957-01-11,46.1800003051758
1957-01-14,45.8600006103516
1957-01-15,45.1800003051758
1957-01-16,45.2299995422363
1957-01-17,45.2200012207031
1957-01-18,44.6399993896484
1957-01-21,44.4000015258789
1957-01-22,44.5299987792969
1957-01-23,44.8699989318848
1957-01-24,45.0299987792969
1957-01-25,44.8199996948242
1957-01-28,44.4900016784668
1957-01-29,44.7099990844727
1957-01-30,44.9099998474121
1957-01-31,44.7200012207031
1957-02-01,44.6199989318848
1957-02-04,44.5299987792969
1957-02-05,43.8899993896484
1957-02-06,43.8199996948242
1957-02-07,43.6199989318848
1957-02-08,43.3199996948242
1957-02-11,42.5699996948242
1957-02-12,42.3899993896484
1957-02-13,43.0400009155273
1957-02-14,42.9900016784668
1957-02-15,43.5099983215332
1957-02-18,43.4599990844727
1957-02-19,43.4900016784668
1957-02-20,43.6300010681152
1957-02-21,43.4799995422363
1957-02-25,43.3800010681152
1957-02-26,43.4500007629395
1957-02-27,43.4099998474121
1957-02-28,43.2599983215332
1957-03-01,43.7400016784668
1957-03-04,44.060001373291
1957-03-05,44.2200012207031
1957-03-06,44.2299995422363
1957-03-07,44.2099990844727
1957-03-08,44.0699996948242
1957-03-11,43.7799987792969
1957-03-12,43.75
1957-03-13,44.0400009155273
1957-03-14,44.0699996948242
1957-03-15,44.0499992370605
1957-03-18,43.8499984741211
1957-03-19,44.0400009155273
1957-03-20,44.0999984741211
1957-03-21,44.1100006103516
1957-03-22,44.060001373291
1957-03-25,43.8800010681152
1957-03-26,43.9099998474121
1957-03-27,44.0900001525879
1957-03-28,44.1800003051758
1957-03-29,44.1100006103516
1957-04-01,44.1399993896484
1957-04-02,44.4199981689453
1957-04-03,44.5400009155273
1957-04-04,44.439998626709
1957-04-05,44.4900016784668
1957-04-08,44.3899993896484
1957-04-09,44.7900009155273
1957-04-10,44.9799995422363
1957-04-11,44.9799995422363
1957-04-12,44.9799995422363
1957-04-15,44.9500007629395
1957-04-16,45.0200004577637
1957-04-17,45.0800018310547
1957-04-18,45.4099998474121
1957-04-22,45.4799995422363
1957-04-23,45.6500015258789
1957-04-24,45.7200012207031
1957-04-25,45.560001373291
1957-04-26,45.5
1957-04-29,45.7299995422363
1957-04-30,45.7400016784668
1957-05-01,46.0200004577637
1957-05-02,46.3899993896484
1957-05-03,46.3400001525879
1957-05-06,46.2700004577637
1957-05-07,46.1300010681152
1957-05-08,46.310001373291
1957-05-09,46.3600006103516
1957-05-10,46.5900001525879
1957-05-13,46.8800010681152
1957-05-14,46.6699981689453
1957-05-15,46.8300018310547
1957-05-16,47.0200004577637
1957-05-17,47.1500015258789
1957-05-20,47.3499984741211
1957-05-21,47.3300018310547
1957-05-22,47.1399993896484
1957-05-23,47.1500015258789
1957-05-24,47.2099990844727
1957-05-27,46.7799987792969
1957-05-28,46.689998626709
1957-05-29,47.1100006103516
1957-05-31,47.4300003051758
1957-06-03,47.3699989318848
1957-06-04,47.2799987792969
1957-06-05,47.2700004577637
1957-06-06,47.7999992370605
1957-06-07,47.8499984741211
1957-06-10,47.9000015258789
1957-06-11,47.939998626709
1957-06-12,48.0499992370605
1957-06-13,48.1399993896484
1957-06-14,48.1500015258789
1957-06-17,48.2400016784668
1957-06-18,48.0400009155273
1957-06-19,47.7200012207031
1957-06-20,47.4300003051758
1957-06-21,47.1500015258789
1957-06-24,46.7799987792969
1957-06-25,47.1500015258789
1957-06-26,47.0900001525879
1957-06-27,47.2599983215332
1957-06-28,47.3699989318848
1957-07-01,47.4300003051758
1957-07-02,47.9000015258789
1957-07-03,48.4599990844727
1957-07-05,48.689998626709
1957-07-08,48.9000015258789
1957-07-09,48.9000015258789
1957-07-10,49
1957-07-11,48.8600006103516
1957-07-12,49.0800018310547
1957-07-15,49.1300010681152
1957-07-16,48.8800010681152
1957-07-17,48.5800018310547
1957-07-18,48.5299987792969
1957-07-19,48.5800018310547
1957-07-22,48.4700012207031
1957-07-23,48.560001373291
1957-07-24,48.6100006103516
1957-07-25,48.6100006103516
1957-07-26,48.4500007629395
1957-07-29,47.9199981689453
1957-07-30,47.9199981689453
1957-07-31,47.9099998474121
1957-08-01,47.7900009155273
1957-08-02,47.6800003051758
1957-08-05,47.2599983215332
1957-08-06,46.6699981689453
1957-08-07,47.0299987792969
1957-08-08,46.9000015258789
1957-08-09,46.9199981689453
1957-08-12,46.3300018310547
1957-08-13,46.2999992370605
1957-08-14,45.7299995422363
1957-08-15,45.75
1957-08-16,45.8300018310547
1957-08-19,44.9099998474121
1957-08-20,45.2900009155273
1957-08-21,45.4900016784668
1957-08-22,45.1599998474121
1957-08-23,44.5099983215332
1957-08-26,43.8899993896484
1957-08-27,44.6100006103516
1957-08-28,44.6399993896484
1957-08-29,44.4599990844727
1957-08-30,45.2200012207031
1957-09-03,45.439998626709
1957-09-04,45.0499992370605
1957-09-05,44.8199996948242
1957-09-06,44.6800003051758
1957-09-09,44.2799987792969
1957-09-10,43.8699989318848
1957-09-11,44.2599983215332
1957-09-12,44.8199996948242
1957-09-13,44.7999992370605
1957-09-16,44.5800018310547
1957-09-17,44.6399993896484
1957-09-18,44.689998626709
1957-09-19,44.4000015258789
1957-09-20,43.689998626709
1957-09-23,42.689998626709
1957-09-24,42.9799995422363
1957-09-25,42.9799995422363
1957-09-26,42.5699996948242
1957-09-27,42.5499992370605
1957-09-30,42.4199981689453
1957-10-01,42.7599983215332
1957-10-02,43.0999984741211
1957-10-03,43.1399993896484
1957-10-04,42.7900009155273
1957-10-07,42.2200012207031
1957-10-08,41.9500007629395
1957-10-09,41.9900016784668
1957-10-10,40.9599990844727
1957-10-11,40.939998626709
1957-10-14,41.2400016784668
1957-10-15,41.6699981689453
1957-10-16,41.3300018310547
1957-10-17,40.6500015258789
1957-10-18,40.3300018310547
1957-10-21,39.1500015258789
1957-10-22,38.9799995422363
1957-10-23,40.7299995422363
1957-10-24,40.7099990844727
1957-10-25,40.5900001525879
1957-10-28,40.4199981689453
1957-10-29,40.689998626709
1957-10-30,41.0200004577637
1957-10-31,41.060001373291
1957-11-01,40.439998626709
1957-11-04,40.3699989318848
1957-11-06,40.4300003051758
1957-11-07,40.6699981689453
1957-11-08,40.189998626709
1957-11-11,40.1800003051758
1957-11-12,39.5999984741211
1957-11-13,39.5499992370605
1957-11-14,39.439998626709
1957-11-15,40.3699989318848
1957-11-18,40.0400009155273
1957-11-19,39.810001373291
1957-11-20,39.9199981689453
1957-11-21,40.4799995422363
1957-11-22,40.8699989318848
1957-11-25,41.1800003051758
1957-11-26,40.0900001525879
1957-11-27,41.25
1957-11-29,41.7200012207031
1957-12-02,41.3600006103516
1957-12-03,41.3699989318848
1957-12-04,41.5400009155273
1957-12-05,41.5200004577637
1957-12-06,41.310001373291
1957-12-09,40.9199981689453
1957-12-10,40.560001373291
1957-12-11,40.5099983215332
1957-12-12,40.5499992370605
1957-12-13,40.7299995422363
1957-12-16,40.1199989318848
1957-12-17,39.4199981689453
1957-12-18,39.3800010681152
1957-12-19,39.7999992370605
1957-12-20,39.4799995422363
1957-12-23,39.4799995422363
1957-12-24,39.5200004577637
1957-12-26,39.9199981689453
1957-12-27,39.7799987792969
1957-12-30,39.5800018310547
1957-12-31,39.9900016784668
1958-01-02,40.3300018310547
1958-01-03,40.8699989318848
1958-01-06,40.6800003051758
1958-01-07,41
1958-01-08,40.9900016784668
1958-01-09,40.75
1958-01-10,40.3699989318848
1958-01-13,40.4900016784668
1958-01-14,40.6699981689453
1958-01-15,40.9900016784668
1958-01-16,41.060001373291
1958-01-17,41.0999984741211
1958-01-20,41.3499984741211
1958-01-21,41.2999992370605
1958-01-22,41.2000007629395
1958-01-23,41.3600006103516
1958-01-24,41.7099990844727
1958-01-27,41.5900001525879
1958-01-28,41.6300010681152
1958-01-29,41.8800010681152
1958-01-30,41.6800003051758
1958-01-31,41.7000007629395
1958-02-03,42.0400009155273
1958-02-04,42.4599990844727
1958-02-05,42.189998626709
1958-02-06,42.0999984741211
1958-02-07,41.7299995422363
1958-02-10,41.4799995422363
1958-02-11,41.1100006103516
1958-02-12,40.9300003051758
1958-02-13,40.939998626709
1958-02-14,41.3300018310547
1958-02-17,41.1100006103516
1958-02-18,41.1699981689453
1958-02-19,41.1500015258789
1958-02-20,40.9099998474121
1958-02-21,40.8800010681152
1958-02-24,40.6500015258789
1958-02-25,40.6100006103516
1958-02-26,40.9199981689453
1958-02-27,40.6800003051758
1958-02-28,40.8400001525879
1958-03-03,41.1300010681152
1958-03-04,41.3499984741211
1958-03-05,41.4700012207031
1958-03-06,42
1958-03-07,42.0699996948242
1958-03-10,42.2099990844727
1958-03-11,42.5099983215332
1958-03-12,42.4099998474121
1958-03-13,42.4599990844727
1958-03-14,42.3300018310547
1958-03-17,42.0400009155273
1958-03-18,41.8899993896484
1958-03-19,42.0900001525879
1958-03-20,42.1100006103516
1958-03-21,42.4199981689453
1958-03-24,42.5800018310547
1958-03-25,42.439998626709
1958-03-26,42.2999992370605
1958-03-27,42.1699981689453
1958-03-28,42.2000007629395
1958-03-31,42.0999984741211
1958-04-01,41.9300003051758
1958-04-02,41.5999984741211
1958-04-03,41.4799995422363
1958-04-07,41.3300018310547
1958-04-08,41.4300003051758
1958-04-09,41.6500015258789
1958-04-10,41.7000007629395
1958-04-11,41.7400016784668
1958-04-14,42
1958-04-15,42.4300003051758
1958-04-16,42.0999984741211
1958-04-17,42.25
1958-04-18,42.7099990844727
1958-04-21,42.9300003051758
1958-04-22,42.7999992370605
1958-04-23,42.7999992370605
1958-04-24,43.1399993896484
1958-04-25,43.3600006103516
1958-04-28,43.2200012207031
1958-04-29,43
1958-04-30,43.439998626709
1958-05-01,43.5400009155273
1958-05-02,43.689998626709
1958-05-05,43.7900009155273
1958-05-06,44.0099983215332
1958-05-07,43.9300003051758
1958-05-08,43.9900016784668
1958-05-09,44.0900001525879
1958-05-12,43.75
1958-05-13,43.6199989318848
1958-05-14,43.1199989318848
1958-05-15,43.3400001525879
1958-05-16,43.3600006103516
1958-05-19,43.2400016784668
1958-05-20,43.6100006103516
1958-05-21,43.5499992370605
1958-05-22,43.7799987792969
1958-05-23,43.8699989318848
1958-05-26,43.8499984741211
1958-05-27,43.7900009155273
1958-05-28,43.8499984741211
1958-05-29,44.0900001525879
1958-06-02,44.310001373291
1958-06-03,44.4599990844727
1958-06-04,44.5
1958-06-05,44.5499992370605
1958-06-06,44.6399993896484
1958-06-09,44.5699996948242
1958-06-10,44.4799995422363
1958-06-11,44.4900016784668
1958-06-12,44.75
1958-06-13,45.0200004577637
1958-06-16,45.1800003051758
1958-06-17,44.939998626709
1958-06-18,45.3400001525879
1958-06-19,44.6100006103516
1958-06-20,44.8499984741211
1958-06-23,44.689998626709
1958-06-24,44.5200004577637
1958-06-25,44.6300010681152
1958-06-26,44.8400001525879
1958-06-27,44.9000015258789
1958-06-30,45.2400016784668
1958-07-01,45.2799987792969
1958-07-02,45.3199996948242
1958-07-03,45.4700012207031
1958-07-07,45.6199989318848
1958-07-08,45.4000015258789
1958-07-09,45.25
1958-07-10,45.4199981689453
1958-07-11,45.7200012207031
1958-07-14,45.1399993896484
1958-07-15,45.1100006103516
1958-07-16,45.25
1958-07-17,45.5499992370605
1958-07-18,45.7700004577637
1958-07-21,46.3300018310547
1958-07-22,46.4099998474121
1958-07-23,46.4000015258789
1958-07-24,46.6500015258789
1958-07-25,46.9700012207031
1958-07-28,47.1500015258789
1958-07-29,46.9599990844727
1958-07-30,47.0900001525879
1958-07-31,47.189998626709
1958-08-01,47.4900016784668
1958-08-04,47.939998626709
1958-08-05,47.75
1958-08-06,47.4599990844727
1958-08-07,47.7700004577637
1958-08-08,48.0499992370605
1958-08-11,48.1599998474121
1958-08-12,47.7299995422363
1958-08-13,47.810001373291
1958-08-14,47.9099998474121
1958-08-15,47.5
1958-08-18,47.2200012207031
1958-08-19,47.2999992370605
1958-08-20,47.3199996948242
1958-08-21,47.6300010681152
1958-08-22,47.7299995422363
1958-08-25,47.7400016784668
1958-08-26,47.9000015258789
1958-08-27,47.9099998474121
1958-08-28,47.6599998474121
1958-08-29,47.75
1958-09-02,48
1958-09-03,48.1800003051758
1958-09-04,48.0999984741211
1958-09-05,47.9700012207031
1958-09-08,48.1300010681152
1958-09-09,48.4599990844727
1958-09-10,48.310001373291
1958-09-11,48.6399993896484
1958-09-12,48.5299987792969
1958-09-15,48.9599990844727
1958-09-16,49.3499984741211
1958-09-17,49.3499984741211
1958-09-18,49.3800010681152
1958-09-19,49.4000015258789
1958-09-22,49.2000007629395
1958-09-23,49.560001373291
1958-09-24,49.7799987792969
1958-09-25,49.5699996948242
1958-09-26,49.6599998474121
1958-09-29,49.8699989318848
1958-09-30,50.060001373291
1958-10-01,49.9799995422363
1958-10-02,50.1699981689453
1958-10-03,50.3699989318848
1958-10-06,51.0699996948242
1958-10-07,51.0699996948242
1958-10-08,51.060001373291
1958-10-09,51.0499992370605
1958-10-10,51.3899993896484
1958-10-13,51.6199989318848
1958-10-14,51.2599983215332
1958-10-15,50.5800018310547
1958-10-16,50.939998626709
1958-10-17,51.4599990844727
1958-10-20,51.2700004577637
1958-10-21,51.2700004577637
1958-10-22,51.0699996948242
1958-10-23,50.9700012207031
1958-10-24,50.810001373291
1958-10-27,50.4199981689453
1958-10-28,50.5800018310547
1958-10-29,51.0699996948242
1958-10-30,51.2700004577637
1958-10-31,51.3300018310547
1958-11-03,51.560001373291
1958-11-05,52.0299987792969
1958-11-06,52.4500007629395
1958-11-07,52.2599983215332
1958-11-10,52.5699996948242
1958-11-11,52.9799995422363
1958-11-12,53.0499992370605
1958-11-13,52.8300018310547
1958-11-14,53.0900001525879
1958-11-17,53.2400016784668
1958-11-18,53.1300010681152
1958-11-19,53.2000007629395
1958-11-20,53.2099990844727
1958-11-21,52.7000007629395
1958-11-24,52.0299987792969
1958-11-25,51.0200004577637
1958-11-26,51.9000015258789
1958-11-28,52.4799995422363
1958-12-01,52.689998626709
1958-12-02,52.4599990844727
1958-12-03,52.5299987792969
1958-12-04,52.5499992370605
1958-12-05,52.4599990844727
1958-12-08,52.4599990844727
1958-12-09,52.8199996948242
1958-12-10,53.4599990844727
1958-12-11,53.3499984741211
1958-12-12,53.2200012207031
1958-12-15,53.3699989318848
1958-12-16,53.5699996948242
1958-12-17,53.9199981689453
1958-12-18,54.1500015258789
1958-12-19,54.0699996948242
1958-12-22,53.7099990844727
1958-12-23,53.4199981689453
1958-12-24,54.1100006103516
1958-12-29,54.7400016784668
1958-12-30,54.9300003051758
1958-12-31,55.2099990844727
1959-01-02,55.439998626709
1959-01-05,55.6599998474121
1959-01-06,55.5900001525879
1959-01-07,54.8899993896484
1959-01-08,55.4000015258789
1959-01-09,55.7700004577637
1959-01-12,55.7799987792969
1959-01-13,55.4700012207031
1959-01-14,55.6199989318848
1959-01-15,55.8300018310547
1959-01-16,55.810001373291
1959-01-19,55.6800003051758
1959-01-20,55.7200012207031
1959-01-21,56.0400009155273
1959-01-22,55.9700012207031
1959-01-23,56
1959-01-26,55.7700004577637
1959-01-27,55.7799987792969
1959-01-28,55.1599998474121
1959-01-29,55.2000007629395
1959-01-30,55.4500007629395
1959-02-02,55.2099990844727
1959-02-03,55.2799987792969
1959-02-04,55.060001373291
1959-02-05,54.810001373291
1959-02-06,54.3699989318848
1959-02-09,53.5800018310547
1959-02-10,54.3199996948242
1959-02-11,54.3499984741211
1959-02-12,54
1959-02-13,54.4199981689453
1959-02-16,54.5
1959-02-17,54.2900009155273
1959-02-18,54.2999992370605
1959-02-19,55.5
1959-02-20,55.5200004577637
1959-02-24,55.4799995422363
1959-02-25,55.2400016784668
1959-02-26,55.3400001525879
1959-02-27,55.4099998474121
1959-03-02,55.7299995422363
1959-03-03,56.25
1959-03-04,56.3499984741211
1959-03-05,56.4300003051758
1959-03-06,56.2099990844727
1959-03-09,56.1500015258789
1959-03-10,56.310001373291
1959-03-11,56.3499984741211
1959-03-12,56.5999984741211
1959-03-13,56.6699981689453
1959-03-16,56.060001373291
1959-03-17,56.5200004577637
1959-03-18,56.3899993896484
1959-03-19,56.3400001525879
1959-03-20,56.3899993896484
1959-03-23,55.8699989318848
1959-03-24,55.9599990844727
1959-03-25,55.8800010681152
1959-03-26,55.7599983215332
1959-03-30,55.4500007629395
1959-03-31,55.439998626709
1959-04-01,55.689998626709
1959-04-02,56
1959-04-03,56.439998626709
1959-04-06,56.5999984741211
1959-04-07,56.4799995422363
1959-04-08,56.2099990844727
1959-04-09,56.1699981689453
1959-04-10,56.2200012207031
1959-04-13,56.4300003051758
1959-04-14,56.7099990844727
1959-04-15,56.9599990844727
1959-04-16,57.4300003051758
1959-04-17,57.9199981689453
1959-04-20,58.1699981689453
1959-04-21,58.1100006103516
1959-04-22,57.7299995422363
1959-04-23,57.5999984741211
1959-04-24,57.9599990844727
1959-04-27,58.1399993896484
1959-04-28,57.9199981689453
1959-04-29,57.689998626709
1959-04-30,57.5900001525879
1959-05-01,57.6500015258789
1959-05-04,57.6500015258789
1959-05-05,57.75
1959-05-06,57.6100006103516
1959-05-07,56.8800010681152
1959-05-08,57.3199996948242
1959-05-11,57.9599990844727
1959-05-12,57.9599990844727
1959-05-13,57.9700012207031
1959-05-14,58.3699989318848
1959-05-15,58.1599998474121
1959-05-18,58.1500015258789
1959-05-19,58.3199996948242
1959-05-20,58.0900001525879
1959-05-21,58.1399993896484
1959-05-22,58.3300018310547
1959-05-25,58.1800003051758
1959-05-26,58.0900001525879
1959-05-27,58.189998626709
1959-05-28,58.3899993896484
1959-05-29,58.6800003051758
1959-06-01,58.6300010681152
1959-06-02,58.2299995422363
1959-06-03,58.25
1959-06-04,57.6300010681152
1959-06-05,57.5099983215332
1959-06-08,56.7599983215332
1959-06-09,56.3600006103516
1959-06-10,57.189998626709
1959-06-11,57.25
1959-06-12,57.2900009155273
1959-06-15,56.9900016784668
1959-06-16,56.560001373291
1959-06-17,57.0900001525879
1959-06-18,57.0499992370605
1959-06-19,57.1300010681152
1959-06-22,57.1300010681152
1959-06-23,57.1199989318848
1959-06-24,57.4099998474121
1959-06-25,57.7299995422363
1959-06-26,57.9799995422363
1959-06-29,58.3699989318848
1959-06-30,58.4700012207031
1959-07-01,58.9700012207031
1959-07-02,59.2799987792969
1959-07-06,59.6500015258789
1959-07-07,60.0099983215332
1959-07-08,60.0299987792969
1959-07-09,59.9700012207031
1959-07-10,59.9099998474121
1959-07-13,59.4099998474121
1959-07-14,59.5499992370605
1959-07-15,59.5900001525879
1959-07-16,59.4099998474121
1959-07-17,59.189998626709
1959-07-20,58.9099998474121
1959-07-21,59.4099998474121
1959-07-22,59.6100006103516
1959-07-23,59.6699981689453
1959-07-24,59.6500015258789
1959-07-27,60.0200004577637
1959-07-28,60.3199996948242
1959-07-29,60.6199989318848
1959-07-30,60.5
1959-07-31,60.5099983215332
1959-08-03,60.7099990844727
1959-08-04,60.6100006103516
1959-08-05,60.2999992370605
1959-08-06,60.2400016784668
1959-08-07,59.8699989318848
1959-08-10,58.6199989318848
1959-08-11,59.3899993896484
1959-08-12,59.25
1959-08-13,59.1500015258789
1959-08-14,59.2900009155273
1959-08-17,59.1699981689453
1959-08-18,58.6199989318848
1959-08-19,58.2700004577637
1959-08-20,59.1399993896484
1959-08-21,59.0800018310547
1959-08-24,58.8699989318848
1959-08-25,58.9900016784668
1959-08-26,59.0699996948242
1959-08-27,59.5800018310547
1959-08-28,59.5999984741211
1959-08-31,59.5999984741211
1959-09-01,58.8699989318848
1959-09-02,58.9199981689453
1959-09-03,58.2599983215332
1959-09-04,58.5400009155273
1959-09-08,57.7000007629395
1959-09-09,57.2900009155273
1959-09-10,56.9900016784668
1959-09-11,57.4099998474121
1959-09-14,56.9900016784668
1959-09-15,56.6800003051758
1959-09-16,56.7200012207031
1959-09-17,56.4099998474121
1959-09-18,56.189998626709
1959-09-21,55.2700004577637
1959-09-22,55.1399993896484
1959-09-23,55.8199996948242
1959-09-24,56.7799987792969
1959-09-25,56.7299995422363
1959-09-28,57.1500015258789
1959-09-29,57.5099983215332
1959-09-30,56.8800010681152
1959-10-01,56.939998626709
1959-10-02,57.2000007629395
1959-10-05,57.1399993896484
1959-10-06,57.0900001525879
1959-10-07,56.939998626709
1959-10-08,56.810001373291
1959-10-09,57
1959-10-12,57.3199996948242
1959-10-13,57.1599998474121
1959-10-14,56.7099990844727
1959-10-15,56.8699989318848
1959-10-16,57.3300018310547
1959-10-19,57.0099983215332
1959-10-20,56.6599998474121
1959-10-21,56.5499992370605
1959-10-22,56
1959-10-23,56.560001373291
1959-10-26,56.939998626709
1959-10-27,57.4199981689453
1959-10-28,57.4599990844727
1959-10-29,57.4099998474121
1959-10-30,57.5200004577637
1959-11-02,57.4099998474121
1959-11-04,57.2599983215332
1959-11-05,57.3199996948242
1959-11-06,57.5999984741211
1959-11-09,57.5
1959-11-10,57.4799995422363
1959-11-11,57.4900016784668
1959-11-12,57.1699981689453
1959-11-13,56.8499984741211
1959-11-16,56.2200012207031
1959-11-17,56.3800010681152
1959-11-18,56.9900016784668
1959-11-19,56.939998626709
1959-11-20,56.9700012207031
1959-11-23,57.0800018310547
1959-11-24,57.3499984741211
1959-11-25,57.439998626709
1959-11-27,57.7000007629395
1959-11-30,58.2799987792969
1959-12-01,58.7000007629395
1959-12-02,58.5999984741211
1959-12-03,58.7299995422363
1959-12-04,58.8499984741211
1959-12-07,58.9599990844727
1959-12-08,59.3400001525879
1959-12-09,58.9700012207031
1959-12-10,59.0200004577637
1959-12-11,58.8800010681152
1959-12-14,59.0400009155273
1959-12-15,58.9000015258789
1959-12-16,58.9700012207031
1959-12-17,58.8600006103516
1959-12-18,59.1399993896484
1959-12-21,59.2099990844727
1959-12-22,59.1399993896484
1959-12-23,58.9599990844727
1959-12-24,59
1959-12-28,58.9799995422363
1959-12-29,59.2999992370605
1959-12-30,59.7700004577637
1959-12-31,59.8899993896484
1960-01-04,59.9099998474121
1960-01-05,60.3899993896484
1960-01-06,60.1300010681152
1960-01-07,59.689998626709
1960-01-08,59.5
1960-01-11,58.7700004577637
1960-01-12,58.4099998474121
1960-01-13,58.0800018310547
1960-01-14,58.4000015258789
1960-01-15,58.3800010681152
1960-01-18,57.8899993896484
1960-01-19,57.2700004577637
1960-01-20,57.0699996948242
1960-01-21,57.2099990844727
1960-01-22,57.3800010681152
1960-01-25,56.7799987792969
1960-01-26,56.8600006103516
1960-01-27,56.7200012207031
1960-01-28,56.1300010681152
1960-01-29,55.6100006103516
1960-02-01,55.9599990844727
1960-02-02,56.8199996948242
1960-02-03,56.3199996948242
1960-02-04,56.2700004577637
1960-02-05,55.9799995422363
1960-02-08,55.3199996948242
1960-02-09,55.8400001525879
1960-02-10,55.4900016784668
1960-02-11,55.1800003051758
1960-02-12,55.4599990844727
1960-02-15,55.1699981689453
1960-02-16,54.7299995422363
1960-02-17,55.0299987792969
1960-02-18,55.7999992370605
1960-02-19,56.2400016784668
1960-02-23,55.939998626709
1960-02-24,55.7400016784668
1960-02-25,55.9300003051758
1960-02-26,56.1599998474121
1960-02-29,56.1199989318848
1960-03-01,56.0099983215332
1960-03-02,55.6199989318848
1960-03-03,54.7799987792969
1960-03-04,54.5699996948242
1960-03-07,54.0200004577637
1960-03-08,53.4700012207031
1960-03-09,54.0400009155273
1960-03-10,53.8300018310547
1960-03-11,54.2400016784668
1960-03-14,54.3199996948242
1960-03-15,54.7400016784668
1960-03-16,55.0400009155273
1960-03-17,54.9599990844727
1960-03-18,55.0099983215332
1960-03-21,55.0699996948242
1960-03-22,55.2900009155273
1960-03-23,55.7400016784668
1960-03-24,55.9799995422363
1960-03-25,55.9799995422363
1960-03-28,55.8600006103516
1960-03-29,55.7799987792969
1960-03-30,55.6599998474121
1960-03-31,55.3400001525879
1960-04-01,55.4300003051758
1960-04-04,55.5400009155273
1960-04-05,55.3699989318848
1960-04-06,56.5099983215332
1960-04-07,56.5200004577637
1960-04-08,56.3899993896484
1960-04-11,56.1699981689453
1960-04-12,56.2999992370605
1960-04-13,56.2999992370605
1960-04-14,56.4300003051758
1960-04-18,56.5900001525879
1960-04-19,56.1300010681152
1960-04-20,55.439998626709
1960-04-21,55.5900001525879
1960-04-22,55.4199981689453
1960-04-25,54.8600006103516
1960-04-26,55.0400009155273
1960-04-27,55.0400009155273
1960-04-28,54.560001373291
1960-04-29,54.3699989318848
1960-05-02,54.1300010681152
1960-05-03,54.8300018310547
1960-05-04,55.0400009155273
1960-05-05,54.8600006103516
1960-05-06,54.75
1960-05-09,54.7999992370605
1960-05-10,54.4199981689453
1960-05-11,54.5699996948242
1960-05-12,54.8499984741211
1960-05-13,55.2999992370605
1960-05-16,55.25
1960-05-17,55.4599990844727
1960-05-18,55.439998626709
1960-05-19,55.6800003051758
1960-05-20,55.7299995422363
1960-05-23,55.7599983215332
1960-05-24,55.7000007629395
1960-05-25,55.6699981689453
1960-05-26,55.7099990844727
1960-05-27,55.7400016784668
1960-05-31,55.8300018310547
1960-06-01,55.8899993896484
1960-06-02,56.1300010681152
1960-06-03,56.2299995422363
1960-06-06,56.8899993896484
1960-06-07,57.4300003051758
1960-06-08,57.8899993896484
1960-06-09,58
1960-06-10,57.9700012207031
1960-06-13,57.9900016784668
1960-06-14,57.9099998474121
1960-06-15,57.5699996948242
1960-06-16,57.5
1960-06-17,57.439998626709
1960-06-20,57.1599998474121
1960-06-21,57.1100006103516
1960-06-22,57.2799987792969
1960-06-23,57.5900001525879
1960-06-24,57.6800003051758
1960-06-27,57.3300018310547
1960-06-28,56.939998626709
1960-06-29,56.939998626709
1960-06-30,56.9199981689453
1960-07-01,57.060001373291
1960-07-05,57.0200004577637
1960-07-06,56.939998626709
1960-07-07,57.2400016784668
1960-07-08,57.3800010681152
1960-07-11,56.8699989318848
1960-07-12,56.25
1960-07-13,56.0999984741211
1960-07-14,56.1199989318848
1960-07-15,56.0499992370605
1960-07-18,55.7000007629395
1960-07-19,55.7000007629395
1960-07-20,55.6100006103516
1960-07-21,55.0999984741211
1960-07-22,54.7200012207031
1960-07-25,54.1800003051758
1960-07-26,54.5099983215332
1960-07-27,54.1699981689453
1960-07-28,54.5699996948242
1960-07-29,55.5099983215332
1960-08-01,55.5299987792969
1960-08-02,55.0400009155273
1960-08-03,54.7200012207031
1960-08-04,54.8899993896484
1960-08-05,55.439998626709
1960-08-08,55.5200004577637
1960-08-09,55.8400001525879
1960-08-10,56.0699996948242
1960-08-11,56.2799987792969
1960-08-12,56.6599998474121
1960-08-15,56.6100006103516
1960-08-16,56.7200012207031
1960-08-17,56.8400001525879
1960-08-18,56.810001373291
1960-08-19,57.0099983215332
1960-08-22,57.189998626709
1960-08-23,57.75
1960-08-24,58.0699996948242
1960-08-25,57.7900009155273
1960-08-26,57.5999984741211
1960-08-29,57.439998626709
1960-08-30,56.8400001525879
1960-08-31,56.9599990844727
1960-09-01,57.0900001525879
1960-09-02,57
1960-09-06,56.4900016784668
1960-09-07,55.7900009155273
1960-09-08,55.7400016784668
1960-09-09,56.1100006103516
1960-09-12,55.7200012207031
1960-09-13,55.8300018310547
1960-09-14,55.439998626709
1960-09-15,55.2200012207031
1960-09-16,55.1100006103516
1960-09-19,53.8600006103516
1960-09-20,54.0099983215332
1960-09-21,54.5699996948242
1960-09-22,54.3600006103516
1960-09-23,53.9000015258789
1960-09-26,53.060001373291
1960-09-27,52.939998626709
1960-09-28,52.4799995422363
1960-09-29,52.6199989318848
1960-09-30,53.5200004577637
1960-10-03,53.3600006103516
1960-10-04,52.9900016784668
1960-10-05,53.3899993896484
1960-10-06,53.7200012207031
1960-10-07,54.0299987792969
1960-10-10,54.1399993896484
1960-10-11,54.2200012207031
1960-10-12,54.1500015258789
1960-10-13,54.5699996948242
1960-10-14,54.8600006103516
1960-10-17,54.6300010681152
1960-10-18,54.3499984741211
1960-10-19,54.25
1960-10-20,53.8600006103516
1960-10-21,53.7200012207031
1960-10-24,52.7000007629395
1960-10-25,52.2000007629395
1960-10-26,53.0499992370605
1960-10-27,53.6199989318848
1960-10-28,53.4099998474121
1960-10-31,53.3899993896484
1960-11-01,53.939998626709
1960-11-02,54.2200012207031
1960-11-03,54.4300003051758
1960-11-04,54.9000015258789
1960-11-07,55.1100006103516
1960-11-09,55.3499984741211
1960-11-10,56.4300003051758
1960-11-11,55.8699989318848
1960-11-14,55.5900001525879
1960-11-15,55.810001373291
1960-11-16,55.7000007629395
1960-11-17,55.5499992370605
1960-11-18,55.8199996948242
1960-11-21,55.9300003051758
1960-11-22,55.7200012207031
1960-11-23,55.7999992370605
1960-11-25,56.1300010681152
1960-11-28,56.0299987792969
1960-11-29,55.8300018310547
1960-11-30,55.5400009155273
1960-12-01,55.2999992370605
1960-12-02,55.3899993896484
1960-12-05,55.310001373291
1960-12-06,55.4700012207031
1960-12-07,56.0200004577637
1960-12-08,56.1500015258789
1960-12-09,56.6500015258789
1960-12-12,56.8499984741211
1960-12-13,56.8800010681152
1960-12-14,56.8400001525879
1960-12-15,56.6800003051758
1960-12-16,57.2000007629395
1960-12-19,57.1300010681152
1960-12-20,57.0900001525879
1960-12-21,57.5499992370605
1960-12-22,57.3899993896484
1960-12-23,57.439998626709
1960-12-27,57.5200004577637
1960-12-28,57.7799987792969
1960-12-29,58.0499992370605
1960-12-30,58.1100006103516
1961-01-03,57.5699996948242
1961-01-04,58.3600006103516
1961-01-05,58.5699996948242
1961-01-06,58.4000015258789
1961-01-09,58.810001373291
1961-01-10,58.9700012207031
1961-01-11,59.1399993896484
1961-01-12,59.3199996948242
1961-01-13,59.5999984741211
1961-01-16,59.5800018310547
1961-01-17,59.6399993896484
1961-01-18,59.6800003051758
1961-01-19,59.7700004577637
1961-01-20,59.9599990844727
1961-01-23,60.2900009155273
1961-01-24,60.4500007629395
1961-01-25,60.5299987792969
1961-01-26,60.6199989318848
1961-01-27,61.2400016784668
1961-01-30,61.9700012207031
1961-01-31,61.7799987792969
1961-02-01,61.9000015258789
1961-02-02,62.2999992370605
1961-02-03,62.2200012207031
1961-02-06,61.7599983215332
1961-02-07,61.6500015258789
1961-02-08,62.2099990844727
1961-02-09,62.0200004577637
1961-02-10,61.5
1961-02-13,61.1399993896484
1961-02-14,61.4099998474121
1961-02-15,61.9199981689453
1961-02-16,62.2999992370605
1961-02-17,62.0999984741211
1961-02-20,62.3199996948242
1961-02-21,62.3600006103516
1961-02-23,62.5900001525879
1961-02-24,62.8400001525879
1961-02-27,63.2999992370605
1961-02-28,63.439998626709
1961-03-01,63.4300003051758
1961-03-02,63.8499984741211
1961-03-03,63.9500007629395
1961-03-06,64.0500030517578
1961-03-07,63.4700012207031
1961-03-08,63.439998626709
1961-03-09,63.5
1961-03-10,63.4799995422363
1961-03-13,63.6599998474121
1961-03-14,63.3800010681152
1961-03-15,63.5699996948242
1961-03-16,64.2099990844727
1961-03-17,64
1961-03-20,64.8600006103516
1961-03-21,64.7399978637695
1961-03-22,64.6999969482422
1961-03-23,64.5299987792969
1961-03-24,64.4199981689453
1961-03-27,64.3499984741211
1961-03-28,64.379997253418
1961-03-29,64.9300003051758
1961-03-30,65.0599975585938
1961-04-03,65.5999984741211
1961-04-04,65.6600036621094
1961-04-05,65.4599990844727
1961-04-06,65.6100006103516
1961-04-07,65.9599990844727
1961-04-10,66.5299987792969
1961-04-11,66.620002746582
1961-04-12,66.3099975585938
1961-04-13,66.2600021362305
1961-04-14,66.370002746582
1961-04-17,68.6800003051758
1961-04-18,66.1999969482422
1961-04-19,65.8099975585938
1961-04-20,65.8199996948242
1961-04-21,65.7699966430664
1961-04-24,64.4000015258789
1961-04-25,65.3000030517578
1961-04-26,65.5500030517578
1961-04-27,65.4599990844727
1961-04-28,65.3099975585938
1961-05-01,65.1699981689453
1961-05-02,65.6399993896484
1961-05-03,66.1800003051758
1961-05-04,66.4400024414062
1961-05-05,66.5199966430664
1961-05-08,66.4100036621094
1961-05-09,66.4700012207031
1961-05-10,66.4100036621094
1961-05-11,66.3899993896484
1961-05-12,66.5
1961-05-15,66.8300018310547
1961-05-16,67.0800018310547
1961-05-17,67.3899993896484
1961-05-18,66.9899978637695
1961-05-19,67.2699966430664
1961-05-22,66.8499984741211
1961-05-23,66.6800003051758
1961-05-24,66.2600021362305
1961-05-25,66.0100021362305
1961-05-26,66.4300003051758
1961-05-31,66.5599975585938
1961-06-01,66.5599975585938
1961-06-02,66.7300033569336
1961-06-05,67.0800018310547
1961-06-06,66.8899993896484
1961-06-07,65.6399993896484
1961-06-08,66.6699981689453
1961-06-09,66.6600036621094
1961-06-12,66.1500015258789
1961-06-13,65.8000030517578
1961-06-14,65.9800033569336
1961-06-15,65.6900024414062
1961-06-16,65.1800003051758
1961-06-19,64.5800018310547
1961-06-20,65.1500015258789
1961-06-21,65.1399993896484
1961-06-22,64.9000015258789
1961-06-23,65.1600036621094
1961-06-26,64.4700012207031
1961-06-27,64.4700012207031
1961-06-28,64.5899963378906
1961-06-29,64.5199966430664
1961-06-30,64.6399993896484
1961-07-03,65.2099990844727
1961-07-05,65.629997253418
1961-07-06,65.8099975585938
1961-07-07,65.7699966430664
1961-07-10,65.7099990844727
1961-07-11,65.6900024414062
1961-07-12,65.3199996948242
1961-07-13,64.8600006103516
1961-07-14,65.2799987792969
1961-07-17,64.7900009155273
1961-07-18,64.4100036621094
1961-07-19,64.6999969482422
1961-07-20,64.7099990844727
1961-07-21,64.8600006103516
1961-07-24,64.870002746582
1961-07-25,65.2300033569336
1961-07-26,65.8399963378906
1961-07-27,66.6100006103516
1961-07-28,66.7099990844727
1961-07-31,66.7600021362305
1961-08-01,67.370002746582
1961-08-02,66.9400024414062
1961-08-03,67.2900009155273
1961-08-04,67.6800003051758
1961-08-07,67.6699981689453
1961-08-08,67.8199996948242
1961-08-09,67.7399978637695
1961-08-10,67.9499969482422
1961-08-11,68.0599975585938
1961-08-14,67.7200012207031
1961-08-15,67.5500030517578
1961-08-16,67.7300033569336
1961-08-17,68.1100006103516
1961-08-18,68.2900009155273
1961-08-21,68.4300003051758
1961-08-22,68.4400024414062
1961-08-23,67.9800033569336
1961-08-24,67.5899963378906
1961-08-25,67.6699981689453
1961-08-28,67.6999969482422
1961-08-29,67.5500030517578
1961-08-30,67.8099975585938
1961-08-31,68.0699996948242
1961-09-01,68.1900024414062
1961-09-05,67.9599990844727
1961-09-06,68.4599990844727
1961-09-07,68.3499984741211
1961-09-08,67.879997253418
1961-09-11,67.2799987792969
1961-09-12,67.9599990844727
1961-09-13,68.0100021362305
1961-09-14,67.5299987792969
1961-09-15,67.6500015258789
1961-09-18,67.2099990844727
1961-09-19,66.0800018310547
1961-09-20,66.9599990844727
1961-09-21,66.9899978637695
1961-09-22,66.7200012207031
1961-09-25,65.7699966430664
1961-09-26,65.7799987792969
1961-09-27,66.4700012207031
1961-09-28,66.5800018310547
1961-09-29,66.7300033569336
1961-10-02,66.7699966430664
1961-10-03,66.7300033569336
1961-10-04,67.1800003051758
1961-10-05,67.7699966430664
1961-10-06,66.9700012207031
1961-10-09,67.9400024414062
1961-10-10,68.1100006103516
1961-10-11,68.1699981689453
1961-10-12,68.1600036621094
1961-10-13,68.0400009155273
1961-10-16,67.8499984741211
1961-10-17,67.870002746582
1961-10-18,68.2099990844727
1961-10-19,68.4499969482422
1961-10-20,68
1961-10-23,68.0599975585938
1961-10-24,67.9800033569336
1961-10-25,68.3399963378906
1961-10-26,68.4599990844727
1961-10-27,68.3399963378906
1961-10-30,68.4199981689453
1961-10-31,68.620002746582
1961-11-01,68.7300033569336
1961-11-02,69.1100006103516
1961-11-03,69.4700012207031
1961-11-06,70.0100021362305
1961-11-08,70.870002746582
1961-11-09,70.7699966430664
1961-11-10,71.0699996948242
1961-11-13,71.2699966430664
1961-11-14,71.6600036621094
1961-11-15,71.6699981689453
1961-11-16,71.620002746582
1961-11-17,71.620002746582
1961-11-20,71.7200012207031
1961-11-21,71.7799987792969
1961-11-22,71.6999969482422
1961-11-24,71.8399963378906
1961-11-27,71.8499984741211
1961-11-28,71.75
1961-11-29,71.6999969482422
1961-11-30,71.3199996948242
1961-12-01,71.7799987792969
1961-12-04,72.0100021362305
1961-12-05,71.9300003051758
1961-12-06,71.9899978637695
1961-12-07,71.6999969482422
1961-12-08,72.0400009155273
1961-12-11,72.3899993896484
1961-12-12,72.6399993896484
1961-12-13,72.5299987792969
1961-12-14,71.9800033569336
1961-12-15,72.0100021362305
1961-12-18,71.7600021362305
1961-12-19,71.2600021362305
1961-12-20,71.120002746582
1961-12-21,70.8600006103516
1961-12-22,70.9100036621094
1961-12-26,71.0199966430664
1961-12-27,71.6500015258789
1961-12-28,71.6900024414062
1961-12-29,71.5500030517578
1962-01-02,70.9599990844727
1962-01-03,71.129997253418
1962-01-04,70.6399993896484
1962-01-05,69.6600036621094
1962-01-08,69.120002746582
1962-01-09,69.1500015258789
1962-01-10,68.9599990844727
1962-01-11,69.370002746582
1962-01-12,69.6100006103516
1962-01-15,69.4700012207031
1962-01-16,69.0699996948242
1962-01-17,68.3199996948242
1962-01-18,68.3899993896484
1962-01-19,68.75
1962-01-22,68.8099975585938
1962-01-23,68.2900009155273
1962-01-24,68.4000015258789
1962-01-25,68.3499984741211
1962-01-26,68.129997253418
1962-01-29,67.9000015258789
1962-01-30,68.1699981689453
1962-01-31,68.8399963378906
1962-02-01,69.2600021362305
1962-02-02,69.8099975585938
1962-02-05,69.879997253418
1962-02-06,69.9599990844727
1962-02-07,70.4199981689453
1962-02-08,70.5800018310547
1962-02-09,70.4800033569336
1962-02-12,70.4599990844727
1962-02-13,70.4499969482422
1962-02-14,70.4199981689453
1962-02-15,70.7399978637695
1962-02-16,70.5899963378906
1962-02-19,70.4100036621094
1962-02-20,70.6600036621094
1962-02-21,70.3199996948242
1962-02-23,70.1600036621094
1962-02-26,69.7600021362305
1962-02-27,69.8899993896484
1962-02-28,69.9599990844727
1962-03-01,70.1999969482422
1962-03-02,70.1600036621094
1962-03-05,70.0100021362305
1962-03-06,69.7799987792969
1962-03-07,69.6900024414062
1962-03-08,70.1900024414062
1962-03-09,70.4199981689453
1962-03-12,70.4000015258789
1962-03-13,70.5999984741211
1962-03-14,70.9100036621094
1962-03-15,71.0599975585938
1962-03-16,70.9400024414062
1962-03-19,70.8499984741211
1962-03-20,70.6600036621094
1962-03-21,70.5100021362305
1962-03-22,70.4000015258789
1962-03-23,70.4499969482422
1962-03-26,69.8899993896484
1962-03-27,69.6999969482422
1962-03-28,70.0400009155273
1962-03-29,70.0100021362305
1962-03-30,69.5500030517578
1962-04-02,69.370002746582
1962-04-03,68.8099975585938
1962-04-04,68.4899978637695
1962-04-05,68.9100036621094
1962-04-06,68.8399963378906
1962-04-09,68.3099975585938
1962-04-10,68.5599975585938
1962-04-11,68.4100036621094
1962-04-12,67.9000015258789
1962-04-13,67.9000015258789
1962-04-16,67.5999984741211
1962-04-17,67.9000015258789
1962-04-18,68.2699966430664
1962-04-19,68.5899963378906
1962-04-23,68.5299987792969
1962-04-24,68.4599990844727
1962-04-25,67.7099990844727
1962-04-26,67.0500030517578
1962-04-27,66.3000030517578
1962-04-30,65.2399978637695
1962-05-01,65.6999969482422
1962-05-02,65.9899978637695
1962-05-03,66.5299987792969
1962-05-04,66.2399978637695
1962-05-07,66.0199966430664
1962-05-08,65.1699981689453
1962-05-09,64.2600021362305
1962-05-10,63.5699996948242
1962-05-11,62.6500015258789
1962-05-14,63.0999984741211
1962-05-15,64.2900009155273
1962-05-16,64.2699966430664
1962-05-17,63.9300003051758
1962-05-18,63.8199996948242
1962-05-21,63.5900001525879
1962-05-22,62.3400001525879
1962-05-23,61.1100006103516
1962-05-24,60.6199989318848
1962-05-25,59.4700012207031
1962-05-28,55.5
1962-05-29,58.0800018310547
1962-05-31,59.6300010681152
1962-06-01,59.3800010681152
1962-06-04,57.2700004577637
1962-06-05,57.5699996948242
1962-06-06,58.3899993896484
1962-06-07,58.4000015258789
1962-06-08,58.4500007629395
1962-06-11,57.8199996948242
1962-06-12,56.3400001525879
1962-06-13,55.5
1962-06-14,54.3300018310547
1962-06-15,55.8899993896484
1962-06-18,55.7400016784668
1962-06-19,55.5400009155273
1962-06-20,54.7799987792969
1962-06-21,53.5900001525879
1962-06-22,52.6800003051758
1962-06-25,52.4500007629395
1962-06-26,52.3199996948242
1962-06-27,52.5999984741211
1962-06-28,54.4099998474121
1962-06-29,54.75
1962-07-02,55.8600006103516
1962-07-03,56.4900016784668
1962-07-05,56.810001373291
1962-07-06,56.1699981689453
1962-07-09,56.5499992370605
1962-07-10,57.2000007629395
1962-07-11,57.7299995422363
1962-07-12,58.0299987792969
1962-07-13,57.8300018310547
1962-07-16,57.8300018310547
1962-07-17,56.7799987792969
1962-07-18,56.2000007629395
1962-07-19,56.4199981689453
1962-07-20,56.810001373291
1962-07-23,56.7999992370605
1962-07-24,56.3600006103516
1962-07-25,56.4599990844727
1962-07-26,56.7700004577637
1962-07-27,57.2000007629395
1962-07-30,57.8300018310547
1962-07-31,58.2299995422363
1962-08-01,57.75
1962-08-02,57.9799995422363
1962-08-03,58.1199989318848
1962-08-06,57.75
1962-08-07,57.3600006103516
1962-08-08,57.5099983215332
1962-08-09,57.5699996948242
1962-08-10,57.5499992370605
1962-08-13,57.6300010681152
1962-08-14,58.25
1962-08-15,58.6599998474121
1962-08-16,58.6399993896484
1962-08-17,59.0099983215332
1962-08-20,59.3699989318848
1962-08-21,59.1199989318848
1962-08-22,59.7799987792969
1962-08-23,59.7000007629395
1962-08-24,59.5800018310547
1962-08-27,59.5499992370605
1962-08-28,58.7900009155273
1962-08-29,58.6599998474121
1962-08-30,58.6800003051758
1962-08-31,59.1199989318848
1962-09-04,58.560001373291
1962-09-05,58.1199989318848
1962-09-06,58.3600006103516
1962-09-07,58.3800010681152
1962-09-10,58.4500007629395
1962-09-11,58.5900001525879
1962-09-12,58.8400001525879
1962-09-13,58.7000007629395
1962-09-14,58.8899993896484
1962-09-17,59.0800018310547
1962-09-18,59.0299987792969
1962-09-19,58.9500007629395
1962-09-20,58.5400009155273
1962-09-21,57.689998626709
1962-09-24,56.6300010681152
1962-09-25,56.9599990844727
1962-09-26,56.1500015258789
1962-09-27,55.7700004577637
1962-09-28,56.2700004577637
1962-10-01,55.4900016784668
1962-10-02,56.0999984741211
1962-10-03,56.1599998474121
1962-10-04,56.7000007629395
1962-10-05,57.0699996948242
1962-10-08,57.0699996948242
1962-10-09,57.2000007629395
1962-10-10,57.2400016784668
1962-10-11,57.0499992370605
1962-10-12,56.9500007629395
1962-10-15,57.2700004577637
1962-10-16,57.0800018310547
1962-10-17,56.8899993896484
1962-10-18,56.3400001525879
1962-10-19,55.5900001525879
1962-10-22,54.9599990844727
1962-10-23,53.4900016784668
1962-10-24,55.2099990844727
1962-10-25,54.689998626709
1962-10-26,54.5400009155273
1962-10-29,55.7200012207031
1962-10-30,56.5400009155273
1962-10-31,56.5200004577637
1962-11-01,57.1199989318848
1962-11-02,57.75
1962-11-05,58.3499984741211
1962-11-07,58.7099990844727
1962-11-08,58.3199996948242
1962-11-09,58.7799987792969
1962-11-12,59.5900001525879
1962-11-13,59.4599990844727
1962-11-14,60.1599998474121
1962-11-15,59.9700012207031
1962-11-16,60.1599998474121
1962-11-19,59.8199996948242
1962-11-20,60.4500007629395
1962-11-21,60.810001373291
1962-11-23,61.5400009155273
1962-11-26,61.3600006103516
1962-11-27,61.7299995422363
1962-11-28,62.1199989318848
1962-11-29,62.4099998474121
1962-11-30,62.2599983215332
1962-12-03,61.939998626709
1962-12-04,62.6399993896484
1962-12-05,62.3899993896484
1962-12-06,62.9300003051758
1962-12-07,63.060001373291
1962-12-10,62.2700004577637
1962-12-11,62.3199996948242
1962-12-12,62.6300010681152
1962-12-13,62.4199981689453
1962-12-14,62.5699996948242
1962-12-17,62.3699989318848
1962-12-18,62.0699996948242
1962-12-19,62.5800018310547
1962-12-20,62.8199996948242
1962-12-21,62.6399993896484
1962-12-24,62.6300010681152
1962-12-26,63.0200004577637
1962-12-27,62.9300003051758
1962-12-28,62.9599990844727
1962-12-31,63.0999984741211
1963-01-02,62.689998626709
1963-01-03,63.7200012207031
1963-01-04,64.129997253418
1963-01-07,64.120002746582
1963-01-08,64.7399978637695
1963-01-09,64.5899963378906
1963-01-10,64.7099990844727
1963-01-11,64.8499984741211
1963-01-14,65.1999969482422
1963-01-15,65.1100006103516
1963-01-16,64.6699981689453
1963-01-17,65.129997253418
1963-01-18,65.1800003051758
1963-01-21,65.2799987792969
1963-01-22,65.4400024414062
1963-01-23,65.620002746582
1963-01-24,65.75
1963-01-25,65.9199981689453
1963-01-28,66.2399978637695
1963-01-29,66.2300033569336
1963-01-30,65.8499984741211
1963-01-31,66.1999969482422
1963-02-01,66.3099975585938
1963-02-04,66.1699981689453
1963-02-05,66.1100006103516
1963-02-06,66.4000015258789
1963-02-07,66.1699981689453
1963-02-08,66.1699981689453
1963-02-11,65.7600021362305
1963-02-12,65.8300018310547
1963-02-13,66.1500015258789
1963-02-14,66.3499984741211
1963-02-15,66.4100036621094
1963-02-18,66.5199966430664
1963-02-19,66.1999969482422
1963-02-20,65.8300018310547
1963-02-21,65.9199981689453
1963-02-25,65.4599990844727
1963-02-26,65.4700012207031
1963-02-27,65.0100021362305
1963-02-28,64.2900009155273
1963-03-01,64.0999984741211
1963-03-04,64.7200012207031
1963-03-05,64.7399978637695
1963-03-06,64.8499984741211
1963-03-07,65.2600021362305
1963-03-08,65.3300018310547
1963-03-11,65.5100021362305
1963-03-12,65.6699981689453
1963-03-13,65.9100036621094
1963-03-14,65.5999984741211
1963-03-15,65.9300003051758
1963-03-18,65.6100006103516
1963-03-19,65.4700012207031
1963-03-20,65.9499969482422
1963-03-21,65.8499984741211
1963-03-22,66.1900024414062
1963-03-25,66.2099990844727
1963-03-26,66.4000015258789
1963-03-27,66.6800003051758
1963-03-28,66.5800018310547
1963-03-29,66.5699996948242
1963-04-01,66.8499984741211
1963-04-02,66.8399963378906
1963-04-03,67.3600006103516
1963-04-04,67.8499984741211
1963-04-05,68.2799987792969
1963-04-08,68.5199966430664
1963-04-09,68.4499969482422
1963-04-10,68.2900009155273
1963-04-11,68.7699966430664
1963-04-15,69.0899963378906
1963-04-16,69.1399993896484
1963-04-17,68.9199981689453
1963-04-18,68.8899993896484
1963-04-19,69.2300033569336
1963-04-22,69.3000030517578
1963-04-23,69.5299987792969
1963-04-24,69.7200012207031
1963-04-25,69.7600021362305
1963-04-26,69.6999969482422
1963-04-29,69.6500015258789
1963-04-30,69.8000030517578
1963-05-01,69.9700012207031
1963-05-02,70.1699981689453
1963-05-03,70.0299987792969
1963-05-06,69.5299987792969
1963-05-07,69.4400024414062
1963-05-08,70.0100021362305
1963-05-09,70.3499984741211
1963-05-10,70.5199966430664
1963-05-13,70.4800033569336
1963-05-14,70.2099990844727
1963-05-15,70.4300003051758
1963-05-16,70.25
1963-05-17,70.2900009155273
1963-05-20,69.9599990844727
1963-05-21,70.1399993896484
1963-05-22,70.1399993896484
1963-05-23,70.0999984741211
1963-05-24,70.0199966430664
1963-05-27,69.870002746582
1963-05-28,70.0100021362305
1963-05-29,70.3300018310547
1963-05-31,70.8000030517578
1963-06-03,70.6900024414062
1963-06-04,70.6999969482422
1963-06-05,70.5299987792969
1963-06-06,70.5800018310547
1963-06-07,70.4100036621094
1963-06-10,69.9400024414062
1963-06-11,70.0299987792969
1963-06-12,70.4100036621094
1963-06-13,70.2300033569336
1963-06-14,70.25
1963-06-17,69.9499969482422
1963-06-18,70.0199966430664
1963-06-19,70.0899963378906
1963-06-20,70.0100021362305
1963-06-21,70.25
1963-06-24,70.1999969482422
1963-06-25,70.0400009155273
1963-06-26,69.4100036621094
1963-06-27,69.0699996948242
1963-06-28,69.370002746582
1963-07-01,68.8600006103516
1963-07-02,69.4599990844727
1963-07-03,69.9400024414062
1963-07-05,70.2200012207031
1963-07-08,69.7399978637695
1963-07-09,70.0400009155273
1963-07-10,69.8899993896484
1963-07-11,69.7600021362305
1963-07-12,69.6399993896484
1963-07-15,69.1999969482422
1963-07-16,69.1399993896484
1963-07-17,68.9300003051758
1963-07-18,68.4899978637695
1963-07-19,68.3499984741211
1963-07-22,67.9000015258789
1963-07-23,67.9100036621094
1963-07-24,68.2799987792969
1963-07-25,68.2600021362305
1963-07-26,68.5400009155273
1963-07-29,68.6699981689453
1963-07-30,69.2399978637695
1963-07-31,69.129997253418
1963-08-01,69.0699996948242
1963-08-02,69.3000030517578
1963-08-05,69.7099990844727
1963-08-06,70.1699981689453
1963-08-07,69.9599990844727
1963-08-08,70.0199966430664
1963-08-09,70.4800033569336
1963-08-12,70.5899963378906
1963-08-13,70.7900009155273
1963-08-14,71.0699996948242
1963-08-15,71.379997253418
1963-08-16,71.4899978637695
1963-08-19,71.4400024414062
1963-08-20,71.379997253418
1963-08-21,71.2900009155273
1963-08-22,71.5400009155273
1963-08-23,71.7600021362305
1963-08-26,71.9100036621094
1963-08-27,71.5199966430664
1963-08-28,72.0400009155273
1963-08-29,72.1600036621094
1963-08-30,72.5
1963-09-03,72.6600036621094
1963-09-04,72.6399993896484
1963-09-05,73
1963-09-06,72.8399963378906
1963-09-09,72.5800018310547
1963-09-10,72.9899978637695
1963-09-11,73.1999969482422
1963-09-12,73.1500015258789
1963-09-13,73.1699981689453
1963-09-16,73.0699996948242
1963-09-17,73.120002746582
1963-09-18,72.8000030517578
1963-09-19,73.2200012207031
1963-09-20,73.3000030517578
1963-09-23,72.9599990844727
1963-09-24,73.3000030517578
1963-09-25,72.8899993896484
1963-09-26,72.2699966430664
1963-09-27,72.129997253418
1963-09-30,71.6999969482422
1963-10-01,72.2200012207031
1963-10-02,72.3000030517578
1963-10-03,72.8300018310547
1963-10-04,72.8499984741211
1963-10-07,72.6999969482422
1963-10-08,72.5999984741211
1963-10-09,71.870002746582
1963-10-10,72.1999969482422
1963-10-11,72.2699966430664
1963-10-14,72.3000030517578
1963-10-15,72.4000015258789
1963-10-16,72.9700012207031
1963-10-17,73.2600021362305
1963-10-18,73.3199996948242
1963-10-21,73.379997253418
1963-10-22,72.9599990844727
1963-10-23,73
1963-10-24,73.2799987792969
1963-10-25,74.0100021362305
1963-10-28,74.4800033569336
1963-10-29,74.4599990844727
1963-10-30,73.8000030517578
1963-10-31,74.0100021362305
1963-11-01,73.8300018310547
1963-11-04,73.4499969482422
1963-11-06,72.8099975585938
1963-11-07,73.0599975585938
1963-11-08,73.3600006103516
1963-11-11,73.5199966430664
1963-11-12,73.2300033569336
1963-11-13,73.2900009155273
1963-11-14,72.9499969482422
1963-11-15,72.3499984741211
1963-11-18,71.8300018310547
1963-11-19,71.9000015258789
1963-11-20,72.5599975585938
1963-11-21,71.620002746582
1963-11-22,69.6100006103516
1963-11-26,72.379997253418
1963-11-27,72.25
1963-11-29,73.2300033569336
1963-12-02,73.6600036621094
1963-12-03,73.620002746582
1963-12-04,73.8000030517578
1963-12-05,74.2799987792969
1963-12-06,74
1963-12-09,73.9599990844727
1963-12-10,73.9899978637695
1963-12-11,73.9000015258789
1963-12-12,73.9100036621094
1963-12-13,74.0599975585938
1963-12-16,74.3000030517578
1963-12-17,74.7399978637695
1963-12-18,74.629997253418
1963-12-19,74.4000015258789
1963-12-20,74.2799987792969
1963-12-23,73.8099975585938
1963-12-24,73.9700012207031
1963-12-26,74.3199996948242
1963-12-27,74.4400024414062
1963-12-30,74.5599975585938
1963-12-31,75.0199966430664
1964-01-02,75.4300003051758
1964-01-03,75.5
1964-01-06,75.6699981689453
1964-01-07,75.6900024414062
1964-01-08,76
1964-01-09,76.2799987792969
1964-01-10,76.2399978637695
1964-01-13,76.2200012207031
1964-01-14,76.3600006103516
1964-01-15,76.6399993896484
1964-01-16,76.5500030517578
1964-01-17,76.5599975585938
1964-01-20,76.4100036621094
1964-01-21,76.620002746582
1964-01-22,77.0299987792969
1964-01-23,77.0899963378906
1964-01-24,77.1100006103516
1964-01-27,77.0800018310547
1964-01-28,77.0999984741211
1964-01-29,76.629997253418
1964-01-30,76.6999969482422
1964-01-31,77.0400009155273
1964-02-03,76.9700012207031
1964-02-04,76.879997253418
1964-02-05,76.75
1964-02-06,76.9300003051758
1964-02-07,77.1800003051758
1964-02-10,77.0500030517578
1964-02-11,77.3300018310547
1964-02-12,77.5699996948242
1964-02-13,77.5199966430664
1964-02-14,77.4800033569336
1964-02-17,77.4599990844727
1964-02-18,77.4700012207031
1964-02-19,77.5500030517578
1964-02-20,77.620002746582
1964-02-24,77.6800003051758
1964-02-25,77.6800003051758
1964-02-26,77.870002746582
1964-02-27,77.620002746582
1964-02-28,77.8000030517578
1964-03-02,77.9700012207031
1964-03-03,78.2200012207031
1964-03-04,78.0699996948242
1964-03-05,78.0599975585938
1964-03-06,78.3099975585938
1964-03-09,78.3300018310547
1964-03-10,78.5899963378906
1964-03-11,78.9499969482422
1964-03-12,79.0800018310547
1964-03-13,79.1399993896484
1964-03-16,79.1399993896484
1964-03-17,79.3199996948242
1964-03-18,79.379997253418
1964-03-19,79.3000030517578
1964-03-20,78.9199981689453
1964-03-23,78.9300003051758
1964-03-24,78.7900009155273
1964-03-25,78.9800033569336
1964-03-26,79.1900024414062
1964-03-30,79.1399993896484
1964-03-31,78.9800033569336
1964-04-01,79.2399978637695
1964-04-02,79.6999969482422
1964-04-03,79.9400024414062
1964-04-06,80.0199966430664
1964-04-07,79.7399978637695
1964-04-08,79.75
1964-04-09,79.6999969482422
1964-04-10,79.8499984741211
1964-04-13,79.7699966430664
1964-04-14,79.9899978637695
1964-04-15,80.0899963378906
1964-04-16,80.1999969482422
1964-04-17,80.5500030517578
1964-04-20,80.5
1964-04-21,80.5400009155273
1964-04-22,80.4899978637695
1964-04-23,80.379997253418
1964-04-24,79.75
1964-04-27,79.3499984741211
1964-04-28,79.9000015258789
1964-04-29,79.6999969482422
1964-04-30,79.4599990844727
1964-05-01,80.1699981689453
1964-05-04,80.4700012207031
1964-05-05,80.879997253418
1964-05-06,81.0599975585938
1964-05-07,81.1500015258789
1964-05-08,81
1964-05-11,80.9000015258789
1964-05-12,81.1600036621094
1964-05-13,80.9700012207031
1964-05-14,80.8600006103516
1964-05-15,81.0999984741211
1964-05-18,80.7200012207031
1964-05-19,80.3000030517578
1964-05-20,80.6600036621094
1964-05-21,80.9400024414062
1964-05-22,80.7300033569336
1964-05-25,80.5599975585938
1964-05-26,80.3899993896484
1964-05-27,80.2600021362305
1964-05-28,80.370002746582
1964-06-01,80.1100006103516
1964-06-02,79.6999969482422
1964-06-03,79.4899978637695
1964-06-04,78.6699981689453
1964-06-05,79.0199966430664
1964-06-08,78.6399993896484
1964-06-09,79.1399993896484
1964-06-10,79.4400024414062
1964-06-11,79.7300033569336
1964-06-12,79.5999984741211
1964-06-15,79.9700012207031
1964-06-16,80.4000015258789
1964-06-17,80.8099975585938
1964-06-18,80.7900009155273
1964-06-19,80.8899993896484
1964-06-22,81.1100006103516
1964-06-23,80.7699966430664
1964-06-24,81.0599975585938
1964-06-25,81.2099990844727
1964-06-26,81.4599990844727
1964-06-29,81.6399993896484
1964-06-30,81.6900024414062
1964-07-01,82.2699966430664
1964-07-02,82.5999984741211
1964-07-06,82.9800033569336
1964-07-07,83.120002746582
1964-07-08,83.120002746582
1964-07-09,83.2200012207031
1964-07-10,83.3600006103516
1964-07-13,83.3099975585938
1964-07-14,83.0599975585938
1964-07-15,83.3399963378906
1964-07-16,83.6399993896484
1964-07-17,84.0100021362305
1964-07-20,83.7399978637695
1964-07-21,83.5400009155273
1964-07-22,83.5199966430664
1964-07-23,83.4800033569336
1964-07-24,83.4599990844727
1964-07-27,83.0800018310547
1964-07-28,82.8499984741211
1964-07-29,82.9199981689453
1964-07-30,83.0899963378906
1964-07-31,83.1800003051758
1964-08-03,83
1964-08-04,81.9599990844727
1964-08-05,82.0899963378906
1964-08-06,81.3399963378906
1964-08-07,81.8600006103516
1964-08-10,81.7799987792969
1964-08-11,81.7600021362305
1964-08-12,82.1699981689453
1964-08-13,82.4100036621094
1964-08-14,82.3499984741211
1964-08-17,82.3600006103516
1964-08-18,82.4000015258789
1964-08-19,82.3199996948242
1964-08-20,81.9400024414062
1964-08-21,82.0699996948242
1964-08-24,81.9100036621094
1964-08-25,81.4400024414062
1964-08-26,81.3199996948242
1964-08-27,81.6999969482422
1964-08-28,81.9899978637695
1964-08-31,81.8300018310547
1964-09-01,82.1800003051758
1964-09-02,82.3099975585938
1964-09-03,82.5599975585938
1964-09-04,82.7600021362305
1964-09-08,82.870002746582
1964-09-09,83.0500030517578
1964-09-10,83.0999984741211
1964-09-11,83.4499969482422
1964-09-14,83.2200012207031
1964-09-15,83
1964-09-16,83.2399978637695
1964-09-17,83.7900009155273
1964-09-18,83.4800033569336
1964-09-21,83.8600006103516
1964-09-22,83.8899993896484
1964-09-23,83.9100036621094
1964-09-24,84
1964-09-25,84.2099990844727
1964-09-28,84.2799987792969
1964-09-29,84.2399978637695
1964-09-30,84.1800003051758
1964-10-01,84.0800018310547
1964-10-02,84.3600006103516
1964-10-05,84.7399978637695
1964-10-06,84.7900009155273
1964-10-07,84.8000030517578
1964-10-08,85.0400009155273
1964-10-09,85.2200012207031
1964-10-12,85.2399978637695
1964-10-13,84.9599990844727
1964-10-14,84.7900009155273
1964-10-15,84.25
1964-10-16,84.8300018310547
1964-10-19,84.9300003051758
1964-10-20,85.1800003051758
1964-10-21,85.0999984741211
1964-10-22,84.9400024414062
1964-10-23,85.1399993896484
1964-10-26,85
1964-10-27,85
1964-10-28,84.6900024414062
1964-10-29,84.7300033569336
1964-10-30,84.8600006103516
1964-11-02,85.1800003051758
1964-11-04,85.1399993896484
1964-11-05,85.1600036621094
1964-11-06,85.2300033569336
1964-11-09,85.1900024414062
1964-11-10,84.8399963378906
1964-11-11,85.0800018310547
1964-11-12,85.1900024414062
1964-11-13,85.2099990844727
1964-11-16,85.6500015258789
1964-11-17,86.0299987792969
1964-11-18,86.2200012207031
1964-11-19,86.1800003051758
1964-11-20,86.2799987792969
1964-11-23,86
1964-11-24,85.7300033569336
1964-11-25,85.4400024414062
1964-11-27,85.1600036621094
1964-11-30,84.4199981689453
1964-12-01,83.5500030517578
1964-12-02,83.7900009155273
1964-12-03,84.1800003051758
1964-12-04,84.3499984741211
1964-12-07,84.3300018310547
1964-12-08,84
1964-12-09,83.4599990844727
1964-12-10,83.4499969482422
1964-12-11,83.6600036621094
1964-12-14,83.4499969482422
1964-12-15,83.2200012207031
1964-12-16,83.5500030517578
1964-12-17,83.9000015258789
1964-12-18,84.2900009155273
1964-12-21,84.379997253418
1964-12-22,84.3300018310547
1964-12-23,84.1500015258789
1964-12-24,84.1500015258789
1964-12-28,84.0699996948242
1964-12-29,83.8099975585938
1964-12-30,84.3000030517578
1964-12-31,84.75
1965-01-04,84.2300033569336
1965-01-05,84.629997253418
1965-01-06,84.8899993896484
1965-01-07,85.2600021362305
1965-01-08,85.370002746582
1965-01-11,85.4000015258789
1965-01-12,85.6100006103516
1965-01-13,85.8399963378906
1965-01-14,85.8399963378906
1965-01-15,86.2099990844727
1965-01-18,86.4899978637695
1965-01-19,86.629997253418
1965-01-20,86.5999984741211
1965-01-21,86.5199966430664
1965-01-22,86.7399978637695
1965-01-25,86.8600006103516
1965-01-26,86.9400024414062
1965-01-27,87.2300033569336
1965-01-28,87.4800033569336
1965-01-29,87.5599975585938
1965-02-01,87.5800018310547
1965-02-02,87.5500030517578
1965-02-03,87.629997253418
1965-02-04,87.5699996948242
1965-02-05,87.2900009155273
1965-02-08,86.9499969482422
1965-02-09,87.2399978637695
1965-02-10,86.4599990844727
1965-02-11,85.5400009155273
1965-02-12,86.1699981689453
1965-02-15,86.0699996948242
1965-02-16,85.6699981689453
1965-02-17,85.7699966430664
1965-02-18,86.0500030517578
1965-02-19,86.2099990844727
1965-02-23,86.6399993896484
1965-02-24,87.1699981689453
1965-02-25,87.1999969482422
1965-02-26,87.4300003051758
1965-03-01,87.25
1965-03-02,87.4000015258789
1965-03-03,87.2600021362305
1965-03-04,86.9800033569336
1965-03-05,86.8000030517578
1965-03-08,86.8300018310547
1965-03-09,86.6900024414062
1965-03-10,86.5400009155273
1965-03-11,86.9000015258789
1965-03-12,87.2099990844727
1965-03-15,87.2399978637695
1965-03-16,87.129997253418
1965-03-17,87.0199966430664
1965-03-18,86.8099975585938
1965-03-19,86.8399963378906
1965-03-22,86.8300018310547
1965-03-23,86.9300003051758
1965-03-24,87.0899963378906
1965-03-25,86.8399963378906
1965-03-26,86.1999969482422
1965-03-29,86.0299987792969
1965-03-30,86.1999969482422
1965-03-31,86.1600036621094
1965-04-01,86.3199996948242
1965-04-02,86.5299987792969
1965-04-05,86.5299987792969
1965-04-06,86.5
1965-04-07,86.5500030517578
1965-04-08,87.0400009155273
1965-04-09,87.5599975585938
1965-04-12,87.9400024414062
1965-04-13,88.0400009155273
1965-04-14,88.2399978637695
1965-04-15,88.1500015258789
1965-04-19,88.5100021362305
1965-04-20,88.4599990844727
1965-04-21,88.3000030517578
1965-04-22,88.7799987792969
1965-04-23,88.879997253418
1965-04-26,88.8899993896484
1965-04-27,89.0400009155273
1965-04-28,89
1965-04-29,88.9300003051758
1965-04-30,89.1100006103516
1965-05-03,89.2300033569336
1965-05-04,89.5100021362305
1965-05-05,89.7099990844727
1965-05-06,89.9199981689453
1965-05-07,89.8499984741211
1965-05-10,89.6600036621094
1965-05-11,89.5500030517578
1965-05-12,89.9400024414062
1965-05-13,90.2699966430664
1965-05-14,90.0999984741211
1965-05-17,89.5400009155273
1965-05-18,89.4599990844727
1965-05-19,89.6699981689453
1965-05-20,89.1800003051758
1965-05-21,88.75
1965-05-24,88.0899963378906
1965-05-25,88.5999984741211
1965-05-26,88.3000030517578
1965-05-27,87.8399963378906
1965-05-28,88.4199981689453
1965-06-01,88.7200012207031
1965-06-02,87.0899963378906
1965-06-03,86.9000015258789
1965-06-04,87.1100006103516
1965-06-07,86.879997253418
1965-06-08,85.9300003051758
1965-06-09,85.0400009155273
1965-06-10,84.7300033569336
1965-06-11,85.120002746582
1965-06-14,84.0100021362305
1965-06-15,84.4899978637695
1965-06-16,85.1999969482422
1965-06-17,85.7399978637695
1965-06-18,85.3399963378906
1965-06-21,85.0500030517578
1965-06-22,85.2099990844727
1965-06-23,84.6699981689453
1965-06-24,83.5599975585938
1965-06-25,83.0599975585938
1965-06-28,81.5999984741211
1965-06-29,82.4100036621094
1965-06-30,84.120002746582
1965-07-01,84.4800033569336
1965-07-02,85.1600036621094
1965-07-06,84.9899978637695
1965-07-07,84.6699981689453
1965-07-08,85.3899993896484
1965-07-09,85.7099990844727
1965-07-12,85.6900024414062
1965-07-13,85.5899963378906
1965-07-14,85.870002746582
1965-07-15,85.7200012207031
1965-07-16,85.6900024414062
1965-07-19,85.629997253418
1965-07-20,84.5500030517578
1965-07-21,84.0699996948242
1965-07-22,83.8499984741211
1965-07-23,84.0699996948242
1965-07-26,84.0500030517578
1965-07-27,83.870002746582
1965-07-28,84.0299987792969
1965-07-29,84.6800003051758
1965-07-30,85.25
1965-08-02,85.4199981689453
1965-08-03,85.4599990844727
1965-08-04,85.7900009155273
1965-08-05,85.7900009155273
1965-08-06,86.0699996948242
1965-08-09,85.8600006103516
1965-08-10,85.870002746582
1965-08-11,86.129997253418
1965-08-12,86.379997253418
1965-08-13,86.7699966430664
1965-08-16,86.870002746582
1965-08-17,87.0400009155273
1965-08-18,86.9899978637695
1965-08-19,86.7900009155273
1965-08-20,86.6900024414062
1965-08-23,86.5599975585938
1965-08-24,86.7099990844727
1965-08-25,86.8099975585938
1965-08-26,87.1399993896484
1965-08-27,87.1999969482422
1965-08-30,87.2099990844727
1965-08-31,87.1699981689453
1965-09-01,87.1699981689453
1965-09-02,87.6500015258789
1965-09-03,88.0599975585938
1965-09-07,88.3600006103516
1965-09-08,88.6600036621094
1965-09-09,88.8899993896484
1965-09-10,89.120002746582
1965-09-13,89.379997253418
1965-09-14,89.0299987792969
1965-09-15,89.5199966430664
1965-09-16,90.0199966430664
1965-09-17,90.0500030517578
1965-09-20,90.0800018310547
1965-09-21,89.8099975585938
1965-09-22,90.2200012207031
1965-09-23,89.8600006103516
1965-09-24,90.0199966430664
1965-09-27,90.6500015258789
1965-09-28,90.4300003051758
1965-09-29,90.0199966430664
1965-09-30,89.9599990844727
1965-10-01,89.9000015258789
1965-10-04,90.0800018310547
1965-10-05,90.629997253418
1965-10-06,90.5400009155273
1965-10-07,90.4700012207031
1965-10-08,90.8499984741211
1965-10-11,91.370002746582
1965-10-12,91.3499984741211
1965-10-13,91.3399963378906
1965-10-14,91.1900024414062
1965-10-15,91.379997253418
1965-10-18,91.6800003051758
1965-10-19,91.8000030517578
1965-10-20,91.7799987792969
1965-10-21,91.9400024414062
1965-10-22,91.9800033569336
1965-10-25,91.6699981689453
1965-10-26,92.1999969482422
1965-10-27,92.5100021362305
1965-10-28,92.2099990844727
1965-10-29,92.4199981689453
1965-11-01,92.2300033569336
1965-11-03,92.3099975585938
1965-11-04,92.4599990844727
1965-11-05,92.370002746582
1965-11-08,92.2300033569336
1965-11-09,91.9300003051758
1965-11-10,91.8300018310547
1965-11-11,92.1100006103516
1965-11-12,92.5500030517578
1965-11-15,92.629997253418
1965-11-16,92.4100036621094
1965-11-17,92.5999984741211
1965-11-18,92.2200012207031
1965-11-19,92.2399978637695
1965-11-22,91.6399993896484
1965-11-23,91.7799987792969
1965-11-24,91.9400024414062
1965-11-26,92.0299987792969
1965-11-29,91.8000030517578
1965-11-30,91.6100006103516
1965-12-01,91.5
1965-12-02,91.2099990844727
1965-12-03,91.2699966430664
1965-12-06,90.5899963378906
1965-12-07,91.3899993896484
1965-12-08,91.2799987792969
1965-12-09,91.5599975585938
1965-12-10,91.8000030517578
1965-12-13,91.8300018310547
1965-12-14,91.879997253418
1965-12-15,92.0199966430664
1965-12-16,92.120002746582
1965-12-17,92.0800018310547
1965-12-20,91.6500015258789
1965-12-21,92.0100021362305
1965-12-22,92.2900009155273
1965-12-23,92.1900024414062
1965-12-27,91.5199966430664
1965-12-28,91.5299987792969
1965-12-29,91.8099975585938
1965-12-30,92.1999969482422
1965-12-31,92.4300003051758
1966-01-03,92.1800003051758
1966-01-04,92.2600021362305
1966-01-05,92.8499984741211
1966-01-06,93.0599975585938
1966-01-07,93.1399993896484
1966-01-10,93.3300018310547
1966-01-11,93.4100036621094
1966-01-12,93.1900024414062
1966-01-13,93.3600006103516
1966-01-14,93.5
1966-01-17,93.7699966430664
1966-01-18,93.9499969482422
1966-01-19,93.6900024414062
1966-01-20,93.3600006103516
1966-01-21,93.4700012207031
1966-01-24,93.7099990844727
1966-01-25,93.8499984741211
1966-01-26,93.6999969482422
1966-01-27,93.6699981689453
1966-01-28,93.3099975585938
1966-01-31,92.879997253418
1966-02-01,92.1600036621094
1966-02-02,92.5299987792969
1966-02-03,92.6500015258789
1966-02-04,93.2600021362305
1966-02-07,93.5899963378906
1966-02-08,93.5500030517578
1966-02-09,94.0599975585938
1966-02-10,93.8300018310547
1966-02-11,93.8099975585938
1966-02-14,93.5299987792969
1966-02-15,93.1699981689453
1966-02-16,93.1600036621094
1966-02-17,92.6600036621094
1966-02-18,92.4100036621094
1966-02-21,91.870002746582
1966-02-23,91.4800033569336
1966-02-24,90.8899993896484
1966-02-25,91.1399993896484
1966-02-28,91.2200012207031
1966-03-01,90.0599975585938
1966-03-02,89.1500015258789
1966-03-03,89.4700012207031
1966-03-04,89.2399978637695
1966-03-07,88.0400009155273
1966-03-08,88.1800003051758
1966-03-09,88.9599990844727
1966-03-10,88.9599990844727
1966-03-11,88.8499984741211
1966-03-14,87.8499984741211
1966-03-15,87.3499984741211
1966-03-16,87.8600006103516
1966-03-17,88.1699981689453
1966-03-18,88.5299987792969
1966-03-21,89.1999969482422
1966-03-22,89.4599990844727
1966-03-23,89.129997253418
1966-03-24,89.2900009155273
1966-03-25,89.5400009155273
1966-03-28,89.620002746582
1966-03-29,89.2699966430664
1966-03-30,88.7799987792969
1966-03-31,89.2300033569336
1966-04-01,89.9400024414062
1966-04-04,90.7600021362305
1966-04-05,91.3099975585938
1966-04-06,91.5599975585938
1966-04-07,91.7600021362305
1966-04-11,91.7900009155273
1966-04-12,91.4499969482422
1966-04-13,91.5400009155273
1966-04-14,91.870002746582
1966-04-15,91.9899978637695
1966-04-18,91.5800018310547
1966-04-19,91.5699996948242
1966-04-20,92.0800018310547
1966-04-21,92.4199981689453
1966-04-22,92.2699966430664
1966-04-25,92.0800018310547
1966-04-26,91.9899978637695
1966-04-27,91.7600021362305
1966-04-28,91.129997253418
1966-04-29,91.0599975585938
1966-05-02,90.9000015258789
1966-05-03,89.8499984741211
1966-05-04,89.3899993896484
1966-05-05,87.9300003051758
1966-05-06,87.8399963378906
1966-05-09,86.3199996948242
1966-05-10,87.0800018310547
1966-05-11,87.2300033569336
1966-05-12,86.2300033569336
1966-05-13,85.4700012207031
1966-05-16,84.4100036621094
1966-05-17,83.629997253418
1966-05-18,85.120002746582
1966-05-19,85.0199966430664
1966-05-20,85.4300003051758
1966-05-23,86.1999969482422
1966-05-24,86.7699966430664
1966-05-25,87.0699996948242
1966-05-26,87.0699996948242
1966-05-27,87.3300018310547
1966-05-31,86.129997253418
1966-06-01,86.0999984741211
1966-06-02,85.9599990844727
1966-06-03,86.0599975585938
1966-06-06,85.4199981689453
1966-06-07,84.8300018310547
1966-06-08,84.9300003051758
1966-06-09,85.5
1966-06-10,86.4400024414062
1966-06-13,86.8300018310547
1966-06-14,87.0699996948242
1966-06-15,86.7300033569336
1966-06-16,86.4700012207031
1966-06-17,86.5100021362305
1966-06-20,86.4800033569336
1966-06-21,86.7099990844727
1966-06-22,86.8499984741211
1966-06-23,86.5
1966-06-24,86.5800018310547
1966-06-27,86.0800018310547
1966-06-28,85.6699981689453
1966-06-29,84.8600006103516
1966-06-30,84.7399978637695
1966-07-01,85.6100006103516
1966-07-05,85.8199996948242
1966-07-06,87.0599975585938
1966-07-07,87.379997253418
1966-07-08,87.6100006103516
1966-07-11,87.4499969482422
1966-07-12,86.879997253418
1966-07-13,86.3000030517578
1966-07-14,86.8199996948242
1966-07-15,87.0800018310547
1966-07-18,86.9899978637695
1966-07-19,86.3300018310547
1966-07-20,85.5100021362305
1966-07-21,85.5199966430664
1966-07-22,85.4100036621094
1966-07-25,83.8300018310547
1966-07-26,83.6999969482422
1966-07-27,84.0999984741211
1966-07-28,83.7699966430664
1966-07-29,83.5999984741211
1966-08-01,82.3099975585938
1966-08-02,82.3300018310547
1966-08-03,83.1500015258789
1966-08-04,83.9300003051758
1966-08-05,84
1966-08-08,83.75
1966-08-09,83.4899978637695
1966-08-10,83.1100006103516
1966-08-11,83.0199966430664
1966-08-12,83.1699981689453
1966-08-15,82.7399978637695
1966-08-16,81.629997253418
1966-08-17,81.1800003051758
1966-08-18,80.1600036621094
1966-08-19,79.620002746582
1966-08-22,78.2399978637695
1966-08-23,78.1100006103516
1966-08-24,79.0699996948242
1966-08-25,78.0599975585938
1966-08-26,76.4100036621094
1966-08-29,74.5299987792969
1966-08-30,75.8600006103516
1966-08-31,77.0999984741211
1966-09-01,77.6999969482422
1966-09-02,77.4199981689453
1966-09-06,76.9599990844727
1966-09-07,76.370002746582
1966-09-08,76.0500030517578
1966-09-09,76.2900009155273
1966-09-12,77.9100036621094
1966-09-13,78.3199996948242
1966-09-14,79.129997253418
1966-09-15,80.0800018310547
1966-09-16,79.9899978637695
1966-09-19,79.5899963378906
1966-09-20,79.0400009155273
1966-09-21,77.7099990844727
1966-09-22,77.9400024414062
1966-09-23,77.6699981689453
1966-09-26,77.8600006103516
1966-09-27,78.0999984741211
1966-09-28,77.1100006103516
1966-09-29,76.3099975585938
1966-09-30,76.5599975585938
1966-10-03,74.9000015258789
1966-10-04,75.0999984741211
1966-10-05,74.6900024414062
1966-10-06,74.0500030517578
1966-10-07,73.1999969482422
1966-10-10,74.5299987792969
1966-10-11,74.9100036621094
1966-10-12,77.0400009155273
1966-10-13,76.8899993896484
1966-10-14,76.5999984741211
1966-10-17,77.4700012207031
1966-10-18,78.6800003051758
1966-10-19,78.0500030517578
1966-10-20,77.8399963378906
1966-10-21,78.1900024414062
1966-10-24,78.4199981689453
1966-10-25,78.9000015258789
1966-10-26,79.5800018310547
1966-10-27,80.2300033569336
1966-10-28,80.2399978637695
1966-10-31,80.1999969482422
1966-11-01,80.8099975585938
1966-11-02,80.879997253418
1966-11-03,80.5599975585938
1966-11-04,80.8099975585938
1966-11-07,80.7300033569336
1966-11-09,81.379997253418
1966-11-10,81.8899993896484
1966-11-11,81.9400024414062
1966-11-14,81.370002746582
1966-11-15,81.6900024414062
1966-11-16,82.370002746582
1966-11-17,81.8000030517578
1966-11-18,81.2600021362305
1966-11-21,80.0899963378906
1966-11-22,79.6699981689453
1966-11-23,80.2099990844727
1966-11-25,80.8499984741211
1966-11-28,80.7099990844727
1966-11-29,80.4199981689453
1966-11-30,80.4499969482422
1966-12-01,80.0800018310547
1966-12-02,80.129997253418
1966-12-05,80.2399978637695
1966-12-06,80.8399963378906
1966-12-07,81.7200012207031
1966-12-08,82.0500030517578
1966-12-09,82.1399993896484
1966-12-12,83
1966-12-13,82.7300033569336
1966-12-14,82.6399993896484
1966-12-15,81.6399993896484
1966-12-16,81.5800018310547
1966-12-19,81.2699966430664
1966-12-20,80.9599990844727
1966-12-21,81.379997253418
1966-12-22,81.6900024414062
1966-12-23,81.4700012207031
1966-12-27,81
1966-12-28,80.6100006103516
1966-12-29,80.370002746582
1966-12-30,80.3300018310547
1967-01-03,80.379997253418
1967-01-04,80.5500030517578
1967-01-05,81.5999984741211
1967-01-06,82.1800003051758
1967-01-09,82.8099975585938
1967-01-10,82.8099975585938
1967-01-11,83.4700012207031
1967-01-12,83.9100036621094
1967-01-13,84.5299987792969
1967-01-16,84.3099975585938
1967-01-17,85.2399978637695
1967-01-18,85.7900009155273
1967-01-19,85.8199996948242
1967-01-20,86.0699996948242
1967-01-23,86.3899993896484
1967-01-24,86.5100021362305
1967-01-25,85.8499984741211
1967-01-26,85.8099975585938
1967-01-27,86.1600036621094
1967-01-30,86.6600036621094
1967-01-31,86.6100006103516
1967-02-01,86.4300003051758
1967-02-02,86.7300033569336
1967-02-03,87.3600006103516
1967-02-06,87.1800003051758
1967-02-07,86.9499969482422
1967-02-08,87.7200012207031
1967-02-09,87.3600006103516
1967-02-10,87.629997253418
1967-02-13,87.5800018310547
1967-02-14,88.1699981689453
1967-02-15,88.2699966430664
1967-02-16,87.8600006103516
1967-02-17,87.8899993896484
1967-02-20,87.4000015258789
1967-02-21,87.3399963378906
1967-02-23,87.4499969482422
1967-02-24,87.4100036621094
1967-02-27,86.4599990844727
1967-02-28,86.7799987792969
1967-03-01,87.6800003051758
1967-03-02,88.1600036621094
1967-03-03,88.2900009155273
1967-03-06,88.0999984741211
1967-03-07,88.1600036621094
1967-03-08,88.2699966430664
1967-03-09,88.5299987792969
1967-03-10,88.8899993896484
1967-03-13,88.4300003051758
1967-03-14,88.3499984741211
1967-03-15,89.1900024414062
1967-03-16,90.0899963378906
1967-03-17,90.25
1967-03-20,90.1999969482422
1967-03-21,90
1967-03-22,90.25
1967-03-23,90.9400024414062
1967-03-27,90.870002746582
1967-03-28,90.9100036621094
1967-03-29,90.7300033569336
1967-03-30,90.6999969482422
1967-03-31,90.1999969482422
1967-04-03,89.2399978637695
1967-04-04,89.2200012207031
1967-04-05,89.7900009155273
1967-04-06,89.9400024414062
1967-04-07,89.3600006103516
1967-04-10,88.2399978637695
1967-04-11,88.879997253418
1967-04-12,88.7799987792969
1967-04-13,89.4599990844727
1967-04-14,90.4300003051758
1967-04-17,91.0699996948242
1967-04-18,91.8600006103516
1967-04-19,91.9400024414062
1967-04-20,92.1100006103516
1967-04-21,92.3000030517578
1967-04-24,92.620002746582
1967-04-25,93.1100006103516
1967-04-26,93.0199966430664
1967-04-27,93.8099975585938
1967-04-28,94.0100021362305
1967-05-01,93.8399963378906
1967-05-02,93.6699981689453
1967-05-03,93.9100036621094
1967-05-04,94.3199996948242
1967-05-05,94.4400024414062
1967-05-08,94.5800018310547
1967-05-09,93.5999984741211
1967-05-10,93.3499984741211
1967-05-11,93.75
1967-05-12,93.4800033569336
1967-05-15,92.7099990844727
1967-05-16,93.1399993896484
1967-05-17,92.7799987792969
1967-05-18,92.5299987792969
1967-05-19,92.0699996948242
1967-05-22,91.6699981689453
1967-05-23,91.2300033569336
1967-05-24,90.1800003051758
1967-05-25,91.1900024414062
1967-05-26,90.9800033569336
1967-05-29,90.4899978637695
1967-05-31,89.0800018310547
1967-06-01,90.2300033569336
1967-06-02,89.7900009155273
1967-06-05,88.4300003051758
1967-06-06,90.2300033569336
1967-06-07,90.9100036621094
1967-06-08,91.4000015258789
1967-06-09,91.5599975585938
1967-06-12,92.0400009155273
1967-06-13,92.620002746582
1967-06-14,92.4000015258789
1967-06-15,92.4899978637695
1967-06-16,92.5400009155273
1967-06-19,92.5100021362305
1967-06-20,92.4800033569336
1967-06-21,92.1999969482422
1967-06-22,91.9700012207031
1967-06-23,92
1967-06-26,91.6399993896484
1967-06-27,91.3000030517578
1967-06-28,91.3099975585938
1967-06-29,90.8499984741211
1967-06-30,90.6399993896484
1967-07-03,90.9100036621094
1967-07-05,91.3600006103516
1967-07-06,91.3199996948242
1967-07-07,91.6900024414062
1967-07-10,92.0500030517578
1967-07-11,92.4800033569336
1967-07-12,92.4000015258789
1967-07-13,92.4199981689453
1967-07-14,92.7399978637695
1967-07-17,92.75
1967-07-18,93.5
1967-07-19,93.6500015258789
1967-07-20,93.8499984741211
1967-07-21,94.0400009155273
1967-07-24,93.7300033569336
1967-07-25,93.2399978637695
1967-07-26,94.0599975585938
1967-07-27,94.3499984741211
1967-07-28,94.4899978637695
1967-07-31,94.75
1967-08-01,95.370002746582
1967-08-02,95.7799987792969
1967-08-03,95.6600036621094
1967-08-04,95.8300018310547
1967-08-07,95.5800018310547
1967-08-08,95.6900024414062
1967-08-09,95.7799987792969
1967-08-10,95.5299987792969
1967-08-11,95.1500015258789
1967-08-14,94.6399993896484
1967-08-15,94.7699966430664
1967-08-16,94.5500030517578
1967-08-17,94.629997253418
1967-08-18,94.7799987792969
1967-08-21,94.25
1967-08-22,93.7399978637695
1967-08-23,93.6100006103516
1967-08-24,93.0899963378906
1967-08-25,92.6999969482422
1967-08-28,92.6399993896484
1967-08-29,92.879997253418
1967-08-30,93.0699996948242
1967-08-31,93.6399993896484
1967-09-01,93.6800003051758
1967-09-05,94.2099990844727
1967-09-06,94.3899993896484
1967-09-07,94.3300018310547
1967-09-08,94.3600006103516
1967-09-11,94.5400009155273
1967-09-12,94.9899978637695
1967-09-13,95.9899978637695
1967-09-14,96.1999969482422
1967-09-15,96.2699966430664
1967-09-18,96.5299987792969
1967-09-19,96.1699981689453
1967-09-20,96.129997253418
1967-09-21,96.75
1967-09-22,97
1967-09-25,97.5899963378906
1967-09-26,96.7600021362305
1967-09-27,96.7900009155273
1967-09-28,96.7900009155273
1967-09-29,96.7099990844727
1967-10-02,96.3199996948242
1967-10-03,96.6500015258789
1967-10-04,96.4300003051758
1967-10-05,96.6699981689453
1967-10-06,97.2600021362305
1967-10-09,97.5100021362305
1967-10-10,96.8399963378906
1967-10-11,96.370002746582
1967-10-12,95.75
1967-10-13,96
1967-10-16,95.25
1967-10-17,95
1967-10-18,95.25
1967-10-19,95.4300003051758
1967-10-20,95.379997253418
1967-10-23,94.9599990844727
1967-10-24,94.4199981689453
1967-10-25,94.5199966430664
1967-10-26,94.9400024414062
1967-10-27,94.9599990844727
1967-10-30,94.7900009155273
1967-10-31,93.3000030517578
1967-11-01,92.7099990844727
1967-11-02,92.3399963378906
1967-11-03,91.7799987792969
1967-11-06,91.4800033569336
1967-11-08,91.1399993896484
1967-11-09,91.5899963378906
1967-11-10,92.2099990844727
1967-11-13,91.9700012207031
1967-11-14,91.3899993896484
1967-11-15,91.7600021362305
1967-11-16,92.5999984741211
1967-11-17,92.8199996948242
1967-11-20,91.6500015258789
1967-11-21,93.0999984741211
1967-11-22,93.6500015258789
1967-11-24,93.9000015258789
1967-11-27,94.1699981689453
1967-11-28,94.4899978637695
1967-11-29,94.4700012207031
1967-11-30,94
1967-12-01,94.5
1967-12-04,95.0999984741211
1967-12-05,95.2300033569336
1967-12-06,95.6399993896484
1967-12-07,95.5299987792969
1967-12-08,95.4199981689453
1967-12-11,95.120002746582
1967-12-12,95.0100021362305
1967-12-13,95.3399963378906
1967-12-14,95.4700012207031
1967-12-15,95.0299987792969
1967-12-18,94.7699966430664
1967-12-19,94.629997253418
1967-12-20,95.1500015258789
1967-12-21,95.379997253418
1967-12-22,95.1999969482422
1967-12-26,95.2600021362305
1967-12-27,95.9100036621094
1967-12-28,95.8899993896484
1967-12-29,96.4700012207031
1968-01-02,96.1100006103516
1968-01-03,95.6699981689453
1968-01-04,95.3600006103516
1968-01-05,95.9400024414062
1968-01-08,96.620002746582
1968-01-09,96.5
1968-01-10,96.5199966430664
1968-01-11,96.620002746582
1968-01-12,96.7200012207031
1968-01-15,96.4199981689453
1968-01-16,95.8199996948242
1968-01-17,95.6399993896484
1968-01-18,95.5599975585938
1968-01-19,95.2399978637695
1968-01-22,94.0299987792969
1968-01-23,93.6600036621094
1968-01-24,93.1699981689453
1968-01-25,93.3000030517578
1968-01-26,93.4499969482422
1968-01-29,93.3499984741211
1968-01-30,92.8899993896484
1968-01-31,92.2399978637695
1968-02-01,92.5599975585938
1968-02-02,92.2699966430664
1968-02-05,91.870002746582
1968-02-06,91.9000015258789
1968-02-07,92.0599975585938
1968-02-08,90.9000015258789
1968-02-09,89.8600006103516
1968-02-13,89.0699996948242
1968-02-14,90.1399993896484
1968-02-15,90.3000030517578
1968-02-16,89.9599990844727
1968-02-19,90.3099975585938
1968-02-20,91.2399978637695
1968-02-21,91.2399978637695
1968-02-23,90.8899993896484
1968-02-26,90.1800003051758
1968-02-27,90.5299987792969
1968-02-28,90.0800018310547
1968-02-29,89.3600006103516
1968-03-01,89.1100006103516
1968-03-04,87.9199981689453
1968-03-05,87.7200012207031
1968-03-06,89.2600021362305
1968-03-07,89.0999984741211
1968-03-08,89.0299987792969
1968-03-11,90.129997253418
1968-03-12,90.2300033569336
1968-03-13,90.0299987792969
1968-03-14,88.3199996948242
1968-03-15,89.0999984741211
1968-03-18,89.5899963378906
1968-03-19,88.9899978637695
1968-03-20,88.9800033569336
1968-03-21,88.3300018310547
1968-03-22,88.4199981689453
1968-03-25,88.3300018310547
1968-03-26,88.9300003051758
1968-03-27,89.6600036621094
1968-03-28,89.5699996948242
1968-03-29,90.1999969482422
1968-04-01,92.4800033569336
1968-04-02,92.6399993896484
1968-04-03,93.4700012207031
1968-04-04,93.8399963378906
1968-04-05,93.2900009155273
1968-04-08,94.9499969482422
1968-04-10,95.6699981689453
1968-04-11,96.5299987792969
1968-04-15,96.5899963378906
1968-04-16,96.620002746582
1968-04-17,96.8099975585938
1968-04-18,97.0800018310547
1968-04-19,95.8499984741211
1968-04-22,95.3199996948242
1968-04-23,96.620002746582
1968-04-24,96.9199981689453
1968-04-25,96.620002746582
1968-04-26,97.2099990844727
1968-04-29,97.9700012207031
1968-04-30,97.4599990844727
1968-05-01,97.9700012207031
1968-05-02,98.5899963378906
1968-05-03,98.6600036621094
1968-05-06,98.3499984741211
1968-05-07,98.9000015258789
1968-05-08,98.9100036621094
1968-05-09,98.3899993896484
1968-05-10,98.5
1968-05-13,98.1900024414062
1968-05-14,98.120002746582
1968-05-15,98.0699996948242
1968-05-16,97.5999984741211
1968-05-17,96.9000015258789
1968-05-20,96.4499969482422
1968-05-21,96.9300003051758
1968-05-22,97.1800003051758
1968-05-23,96.9700012207031
1968-05-24,97.1500015258789
1968-05-27,96.9899978637695
1968-05-28,97.620002746582
1968-05-29,97.9199981689453
1968-05-31,98.6800003051758
1968-06-03,99.9899978637695
1968-06-04,100.379997253418
1968-06-05,99.8899993896484
1968-06-06,100.650001525879
1968-06-07,101.269996643066
1968-06-10,101.410003662109
1968-06-11,101.660003662109
1968-06-13,101.25
1968-06-14,101.129997253418
1968-06-17,100.129997253418
1968-06-18,99.9899978637695
1968-06-20,101.51000213623
1968-06-21,100.660003662109
1968-06-24,100.389999389648
1968-06-25,100.080001831055
1968-06-27,99.9800033569336
1968-06-28,99.5800018310547
1968-07-01,99.4000015258789
1968-07-02,99.7399978637695
1968-07-03,100.910003662109
1968-07-08,101.940002441406
1968-07-09,102.230003356934
1968-07-11,102.389999389648
1968-07-12,102.339996337891
1968-07-15,102.26000213623
1968-07-16,101.699996948242
1968-07-18,101.440002441406
1968-07-19,100.459999084473
1968-07-22,99.3300018310547
1968-07-23,99.2099990844727
1968-07-25,97.9400024414062
1968-07-26,98.3399963378906
1968-07-29,97.6500015258789
1968-07-30,97.7399978637695
1968-08-01,97.2799987792969
1968-08-02,96.629997253418
1968-08-05,96.8499984741211
1968-08-06,97.25
1968-08-08,97.0400009155273
1968-08-09,97.0100021362305
1968-08-12,98.0100021362305
1968-08-13,98.5299987792969
1968-08-15,98.0699996948242
1968-08-16,98.6800003051758
1968-08-19,99
1968-08-20,98.9599990844727
1968-08-22,98.6999969482422
1968-08-23,98.6900024414062
1968-08-26,98.9400024414062
1968-08-27,98.8099975585938
1968-08-29,98.7399978637695
1968-08-30,98.8600006103516
1968-09-03,99.3199996948242
1968-09-04,100.019996643066
1968-09-05,100.73999786377
1968-09-06,101.199996948242
1968-09-09,101.230003356934
1968-09-10,100.730003356934
1968-09-12,100.519996643066
1968-09-13,100.860000610352
1968-09-16,101.23999786377
1968-09-17,101.5
1968-09-19,101.589996337891
1968-09-20,101.660003662109
1968-09-23,102.23999786377
1968-09-24,102.589996337891
1968-09-26,102.360000610352
1968-09-27,102.309997558594
1968-09-30,102.669998168945
1968-10-01,102.860000610352
1968-10-03,103.220001220703
1968-10-04,103.709999084473
1968-10-07,103.699996948242
1968-10-08,103.73999786377
1968-10-10,103.290000915527
1968-10-11,103.180000305176
1968-10-14,103.319999694824
1968-10-15,103.529998779297
1968-10-17,104.01000213623
1968-10-18,104.819999694824
1968-10-21,104.98999786377
1968-10-22,104.569999694824
1968-10-24,103.839996337891
1968-10-25,104.199996948242
1968-10-28,103.900001525879
1968-10-29,103.300003051758
1968-10-31,103.410003662109
1968-11-01,103.059997558594
1968-11-04,103.099998474121
1968-11-06,103.269996643066
1968-11-07,103.5
1968-11-08,103.949996948242
1968-11-12,104.620002746582
1968-11-13,105.129997253418
1968-11-14,105.199996948242
1968-11-15,105.779998779297
1968-11-18,105.919998168945
1968-11-19,106.139999389648
1968-11-21,105.970001220703
1968-11-22,106.300003051758
1968-11-25,106.480003356934
1968-11-26,107.26000213623
1968-11-27,107.76000213623
1968-11-29,108.370002746582
1968-12-02,108.120002746582
1968-12-03,108.019996643066
1968-12-05,107.669998168945
1968-12-06,107.930000305176
1968-12-09,107.660003662109
1968-12-10,107.389999389648
1968-12-12,107.319999694824
1968-12-13,107.580001831055
1968-12-16,107.099998474121
1968-12-17,106.660003662109
1968-12-19,106.970001220703
1968-12-20,106.339996337891
1968-12-23,105.209999084473
1968-12-24,105.040000915527
1968-12-26,105.150001525879
1968-12-27,104.73999786377
1968-12-30,103.800003051758
1968-12-31,103.860000610352
1969-01-02,103.930000305176
1969-01-03,103.98999786377
1969-01-06,102.470001220703
1969-01-07,101.220001220703
1969-01-08,100.800003051758
1969-01-09,101.220001220703
1969-01-10,100.930000305176
1969-01-13,100.440002441406
1969-01-14,101.129997253418
1969-01-15,101.620002746582
1969-01-16,102.180000305176
1969-01-17,102.029998779297
1969-01-20,101.690002441406
1969-01-21,101.629997253418
1969-01-22,101.980003356934
1969-01-23,102.430000305176
1969-01-24,102.379997253418
1969-01-27,102.400001525879
1969-01-28,102.410003662109
1969-01-29,102.51000213623
1969-01-30,102.550003051758
1969-01-31,103.01000213623
1969-02-03,102.889999389648
1969-02-04,102.919998168945
1969-02-05,103.199996948242
1969-02-06,103.540000915527
1969-02-07,103.529998779297
1969-02-11,103.650001525879
1969-02-12,103.629997253418
1969-02-13,103.709999084473
1969-02-14,103.610000610352
1969-02-17,102.440002441406
1969-02-18,101.400001525879
1969-02-19,100.650001525879
1969-02-20,99.7900009155273
1969-02-24,98.5999984741211
1969-02-25,97.9800033569336
1969-02-26,98.4499969482422
1969-02-27,98.1399993896484
1969-02-28,98.129997253418
1969-03-03,98.379997253418
1969-03-04,99.3199996948242
1969-03-05,99.7099990844727
1969-03-06,98.6999969482422
1969-03-07,98.6500015258789
1969-03-10,98.9899978637695
1969-03-11,99.3199996948242
1969-03-12,99.0500030517578
1969-03-13,98.3899993896484
1969-03-14,98
1969-03-17,98.25
1969-03-18,98.4899978637695
1969-03-19,99.2099990844727
1969-03-20,99.8399963378906
1969-03-21,99.629997253418
1969-03-24,99.5
1969-03-25,99.6600036621094
1969-03-26,100.389999389648
1969-03-27,101.099998474121
1969-03-28,101.51000213623
1969-04-01,101.419998168945
1969-04-02,100.779998779297
1969-04-03,100.680000305176
1969-04-07,99.8899993896484
1969-04-08,100.139999389648
1969-04-09,101.019996643066
1969-04-10,101.550003051758
1969-04-11,101.650001525879
1969-04-14,101.569999694824
1969-04-15,101.529998779297
1969-04-16,100.629997253418
1969-04-17,100.779998779297
1969-04-18,101.23999786377
1969-04-21,100.559997558594
1969-04-22,100.779998779297
1969-04-23,100.800003051758
1969-04-24,101.269996643066
1969-04-25,101.720001220703
1969-04-28,102.029998779297
1969-04-29,102.790000915527
1969-04-30,103.690002441406
1969-05-01,103.51000213623
1969-05-02,104
1969-05-05,104.370002746582
1969-05-06,104.860000610352
1969-05-07,104.669998168945
1969-05-08,105.099998474121
1969-05-09,105.050003051758
1969-05-12,104.889999389648
1969-05-13,105.339996337891
1969-05-14,106.160003662109
1969-05-15,105.849998474121
1969-05-16,105.940002441406
1969-05-19,104.970001220703
1969-05-20,104.040000915527
1969-05-21,104.470001220703
1969-05-22,104.599998474121
1969-05-23,104.589996337891
1969-05-26,104.360000610352
1969-05-27,103.569999694824
1969-05-28,103.26000213623
1969-05-29,103.459999084473
1969-06-02,102.940002441406
1969-06-03,102.629997253418
1969-06-04,102.589996337891
1969-06-05,102.76000213623
1969-06-06,102.120002746582
1969-06-09,101.199996948242
1969-06-10,100.419998168945
1969-06-11,99.0500030517578
1969-06-12,98.2600021362305
1969-06-13,98.6500015258789
1969-06-16,98.3199996948242
1969-06-17,97.9499969482422
1969-06-18,97.8099975585938
1969-06-19,97.2399978637695
1969-06-20,96.6699981689453
1969-06-23,96.2300033569336
1969-06-24,97.3199996948242
1969-06-25,97.0100021362305
1969-06-26,97.25
1969-06-27,97.3300018310547
1969-06-30,97.7099990844727
1969-07-01,98.0800018310547
1969-07-02,98.9400024414062
1969-07-03,99.6100006103516
1969-07-07,99.0299987792969
1969-07-08,97.629997253418
1969-07-09,96.879997253418
1969-07-10,95.379997253418
1969-07-11,95.7699966430664
1969-07-14,94.5500030517578
1969-07-15,94.2399978637695
1969-07-16,95.1800003051758
1969-07-17,95.7600021362305
1969-07-18,94.9499969482422
1969-07-22,93.5199966430664
1969-07-23,93.120002746582
1969-07-24,92.8000030517578
1969-07-25,92.0599975585938
1969-07-28,90.2099990844727
1969-07-29,89.4800033569336
1969-07-30,89.9300003051758
1969-07-31,91.8300018310547
1969-08-01,93.4700012207031
1969-08-04,92.9899978637695
1969-08-05,93.4100036621094
1969-08-06,93.9199981689453
1969-08-07,93.9899978637695
1969-08-08,93.9400024414062
1969-08-11,93.3600006103516
1969-08-12,92.629997253418
1969-08-13,92.6999969482422
1969-08-14,93.3399963378906
1969-08-15,94
1969-08-18,94.5699996948242
1969-08-19,95.0699996948242
1969-08-20,95.0699996948242
1969-08-21,95.3499984741211
1969-08-22,95.9199981689453
1969-08-25,94.9300003051758
1969-08-26,94.3000030517578
1969-08-27,94.4899978637695
1969-08-28,94.8899993896484
1969-08-29,95.5100021362305
1969-09-02,95.5400009155273
1969-09-03,94.9800033569336
1969-09-04,94.1999969482422
1969-09-05,93.6399993896484
1969-09-08,92.6999969482422
1969-09-09,93.379997253418
1969-09-10,94.9499969482422
1969-09-11,94.2200012207031
1969-09-12,94.129997253418
1969-09-15,94.870002746582
1969-09-16,94.9499969482422
1969-09-17,94.7600021362305
1969-09-18,94.9000015258789
1969-09-19,95.1900024414062
1969-09-22,95.629997253418
1969-09-23,95.629997253418
1969-09-24,95.5
1969-09-25,94.7699966430664
1969-09-26,94.1600036621094
1969-09-29,93.4100036621094
1969-09-30,93.120002746582
1969-10-01,92.5199966430664
1969-10-02,93.2399978637695
1969-10-03,93.1900024414062
1969-10-06,93.379997253418
1969-10-07,93.0899963378906
1969-10-08,92.6699981689453
1969-10-09,93.0299987792969
1969-10-10,93.5599975585938
1969-10-13,94.5500030517578
1969-10-14,95.6999969482422
1969-10-15,95.7200012207031
1969-10-16,96.370002746582
1969-10-17,96.2600021362305
1969-10-20,96.4599990844727
1969-10-21,97.1999969482422
1969-10-22,97.8300018310547
1969-10-23,97.4599990844727
1969-10-24,98.120002746582
1969-10-27,97.9700012207031
1969-10-28,97.6600036621094
1969-10-29,96.8099975585938
1969-10-30,96.9300003051758
1969-10-31,97.120002746582
1969-11-03,97.1500015258789
1969-11-04,97.2099990844727
1969-11-05,97.6399993896484
1969-11-06,97.6699981689453
1969-11-07,98.2600021362305
1969-11-10,98.3300018310547
1969-11-11,98.0699996948242
1969-11-12,97.8899993896484
1969-11-13,97.4199981689453
1969-11-14,97.0699996948242
1969-11-17,96.4100036621094
1969-11-18,96.3899993896484
1969-11-19,95.9000015258789
1969-11-20,94.9100036621094
1969-11-21,94.3199996948242
1969-11-24,93.2399978637695
1969-11-25,92.9400024414062
1969-11-26,93.2699966430664
1969-11-28,93.8099975585938
1969-12-01,93.2200012207031
1969-12-02,92.6500015258789
1969-12-03,91.6500015258789
1969-12-04,91.9499969482422
1969-12-05,91.7300033569336
1969-12-08,90.8399963378906
1969-12-09,90.5500030517578
1969-12-10,90.4800033569336
1969-12-11,90.5199966430664
1969-12-12,90.8099975585938
1969-12-15,90.5400009155273
1969-12-16,89.7200012207031
1969-12-17,89.1999969482422
1969-12-18,90.6100006103516
1969-12-19,91.379997253418
1969-12-22,90.5800018310547
1969-12-23,90.2300033569336
1969-12-24,91.1800003051758
1969-12-26,91.8899993896484
1969-12-29,91.25
1969-12-30,91.5999984741211
1969-12-31,92.0599975585938
1970-01-02,93
1970-01-05,93.4599990844727
1970-01-06,92.8199996948242
1970-01-07,92.629997253418
1970-01-08,92.6800003051758
1970-01-09,92.4000015258789
1970-01-12,91.6999969482422
1970-01-13,91.9199981689453
1970-01-14,91.6500015258789
1970-01-15,91.6800003051758
1970-01-16,90.9199981689453
1970-01-19,89.6500015258789
1970-01-20,89.8300018310547
1970-01-21,89.9499969482422
1970-01-22,90.0400009155273
1970-01-23,89.370002746582
1970-01-26,88.1699981689453
1970-01-27,87.620002746582
1970-01-28,86.7900009155273
1970-01-29,85.6900024414062
1970-01-30,85.0199966430664
1970-02-02,85.75
1970-02-03,86.7699966430664
1970-02-04,86.2399978637695
1970-02-05,85.9000015258789
1970-02-06,86.3300018310547
1970-02-09,87.0100021362305
1970-02-10,86.0999984741211
1970-02-11,86.9400024414062
1970-02-12,86.7300033569336
1970-02-13,86.5400009155273
1970-02-16,86.4700012207031
1970-02-17,86.370002746582
1970-02-18,87.4400024414062
1970-02-19,87.7600021362305
1970-02-20,88.0299987792969
1970-02-24,87.9899978637695
1970-02-25,89.3499984741211
1970-02-26,88.9000015258789
1970-02-27,89.5
1970-03-02,89.7099990844727
1970-03-03,90.2300033569336
1970-03-04,90.0400009155273
1970-03-05,90
1970-03-06,89.4400024414062
1970-03-09,88.5100021362305
1970-03-10,88.75
1970-03-11,88.6900024414062
1970-03-12,88.3300018310547
1970-03-13,87.8600006103516
1970-03-16,86.9100036621094
1970-03-17,87.2900009155273
1970-03-18,87.5400009155273
1970-03-19,87.4199981689453
1970-03-20,87.0599975585938
1970-03-23,86.9899978637695
1970-03-24,87.9800033569336
1970-03-25,89.7699966430664
1970-03-26,89.9199981689453
1970-03-30,89.629997253418
1970-03-31,89.629997253418
1970-04-01,90.0699996948242
1970-04-02,89.7900009155273
1970-04-03,89.3899993896484
1970-04-06,88.7600021362305
1970-04-07,88.5199966430664
1970-04-08,88.4899978637695
1970-04-09,88.5299987792969
1970-04-10,88.2399978637695
1970-04-13,87.6399993896484
1970-04-14,86.8899993896484
1970-04-15,86.7300033569336
1970-04-16,85.879997253418
1970-04-17,85.6699981689453
1970-04-20,85.8300018310547
1970-04-21,85.379997253418
1970-04-22,84.2699966430664
1970-04-23,83.0400009155273
1970-04-24,82.7699966430664
1970-04-27,81.4599990844727
1970-04-28,80.2699966430664
1970-04-29,81.8099975585938
1970-04-30,81.5199966430664
1970-05-01,81.4400024414062
1970-05-04,79.370002746582
1970-05-05,78.5999984741211
1970-05-06,79.4700012207031
1970-05-07,79.8300018310547
1970-05-08,79.4400024414062
1970-05-11,78.5999984741211
1970-05-12,77.8499984741211
1970-05-13,76.5299987792969
1970-05-14,75.4400024414062
1970-05-15,76.9000015258789
1970-05-18,76.9599990844727
1970-05-19,75.4599990844727
1970-05-20,73.5199966430664
1970-05-21,72.1600036621094
1970-05-22,72.25
1970-05-25,70.25
1970-05-26,69.2900009155273
1970-05-27,72.7699966430664
1970-05-28,74.6100006103516
1970-05-29,76.5500030517578
1970-06-01,77.8399963378906
1970-06-02,77.8399963378906
1970-06-03,78.5199966430664
1970-06-04,77.3600006103516
1970-06-05,76.1699981689453
1970-06-08,76.2900009155273
1970-06-09,76.25
1970-06-10,75.4800033569336
1970-06-11,74.4499969482422
1970-06-12,73.879997253418
1970-06-15,74.5800018310547
1970-06-16,76.1500015258789
1970-06-17,76
1970-06-18,76.5100021362305
1970-06-19,77.0500030517578
1970-06-22,76.6399993896484
1970-06-23,74.7600021362305
1970-06-24,73.9700012207031
1970-06-25,74.0199966430664
1970-06-26,73.4700012207031
1970-06-29,72.8899993896484
1970-06-30,72.7200012207031
1970-07-01,72.9400024414062
1970-07-02,72.9199981689453
1970-07-06,71.7799987792969
1970-07-07,71.2300033569336
1970-07-08,73
1970-07-09,74.0599975585938
1970-07-10,74.4499969482422
1970-07-13,74.5500030517578
1970-07-14,74.4199981689453
1970-07-15,75.2300033569336
1970-07-16,76.3399963378906
1970-07-17,77.6900024414062
1970-07-20,77.7900009155273
1970-07-21,76.9800033569336
1970-07-22,77.0299987792969
1970-07-23,78
1970-07-24,77.8199996948242
1970-07-27,77.6500015258789
1970-07-28,77.7699966430664
1970-07-29,78.0400009155273
1970-07-30,78.0699996948242
1970-07-31,78.0500030517578
1970-08-03,77.0199966430664
1970-08-04,77.1900024414062
1970-08-05,77.1800003051758
1970-08-06,77.0800018310547
1970-08-07,77.2799987792969
1970-08-10,76.1999969482422
1970-08-11,75.8199996948242
1970-08-12,75.4199981689453
1970-08-13,74.7600021362305
1970-08-14,75.1800003051758
1970-08-17,75.3300018310547
1970-08-18,76.1999969482422
1970-08-19,76.9599990844727
1970-08-20,77.8399963378906
1970-08-21,79.2399978637695
1970-08-24,80.9899978637695
1970-08-25,81.120002746582
1970-08-26,81.2099990844727
1970-08-27,81.0800018310547
1970-08-28,81.8600006103516
1970-08-31,81.5199966430664
1970-09-01,80.9499969482422
1970-09-02,80.9599990844727
1970-09-03,82.0899963378906
1970-09-04,82.8300018310547
1970-09-08,83.0400009155273
1970-09-09,82.7900009155273
1970-09-10,82.3000030517578
1970-09-11,82.5199966430664
1970-09-14,82.0699996948242
1970-09-15,81.3600006103516
1970-09-16,81.7900009155273
1970-09-17,82.2900009155273
1970-09-18,82.620002746582
1970-09-21,81.9100036621094
1970-09-22,81.8600006103516
1970-09-23,81.9100036621094
1970-09-24,81.6600036621094
1970-09-25,82.8300018310547
1970-09-28,83.9100036621094
1970-09-29,83.8600006103516
1970-09-30,84.3000030517578
1970-10-01,84.3199996948242
1970-10-02,85.1600036621094
1970-10-05,86.4700012207031
1970-10-06,86.8499984741211
1970-10-07,86.8899993896484
1970-10-08,85.9499969482422
1970-10-09,85.0800018310547
1970-10-12,84.1699981689453
1970-10-13,84.0599975585938
1970-10-14,84.1900024414062
1970-10-15,84.6500015258789
1970-10-16,84.2799987792969
1970-10-19,83.1500015258789
1970-10-20,83.6399993896484
1970-10-21,83.6600036621094
1970-10-22,83.379997253418
1970-10-23,83.7699966430664
1970-10-26,83.3099975585938
1970-10-27,83.120002746582
1970-10-28,83.4300003051758
1970-10-29,83.3600006103516
1970-10-30,83.25
1970-11-02,83.5100021362305
1970-11-03,84.2200012207031
1970-11-04,84.3899993896484
1970-11-05,84.0999984741211
1970-11-06,84.2200012207031
1970-11-09,84.6699981689453
1970-11-10,84.7900009155273
1970-11-11,85.0299987792969
1970-11-12,84.1500015258789
1970-11-13,83.370002746582
1970-11-16,83.2399978637695
1970-11-17,83.4700012207031
1970-11-18,82.7900009155273
1970-11-19,82.9100036621094
1970-11-20,83.7200012207031
1970-11-23,84.2399978637695
1970-11-24,84.7799987792969
1970-11-25,85.0899963378906
1970-11-27,85.9300003051758
1970-11-30,87.1999969482422
1970-12-01,87.4700012207031
1970-12-02,88.4800033569336
1970-12-03,88.9000015258789
1970-12-04,89.4599990844727
1970-12-07,89.9400024414062
1970-12-08,89.4700012207031
1970-12-09,89.5400009155273
1970-12-10,89.9199981689453
1970-12-11,90.2600021362305
1970-12-14,89.8000030517578
1970-12-15,89.6600036621094
1970-12-16,89.7200012207031
1970-12-17,90.0400009155273
1970-12-18,90.2200012207031
1970-12-21,89.9400024414062
1970-12-22,90.0400009155273
1970-12-23,90.0999984741211
1970-12-24,90.6100006103516
1970-12-28,91.0899963378906
1970-12-29,92.0800018310547
1970-12-30,92.2699966430664
1970-12-31,92.1500015258789
1971-01-04,91.1500015258789
1971-01-05,91.8000030517578
1971-01-06,92.3499984741211
1971-01-07,92.379997253418
1971-01-08,92.1900024414062
1971-01-11,91.9800033569336
1971-01-12,92.7200012207031
1971-01-13,92.5599975585938
1971-01-14,92.8000030517578
1971-01-15,93.0299987792969
1971-01-18,93.4100036621094
1971-01-19,93.7600021362305
1971-01-20,93.7799987792969
1971-01-21,94.1900024414062
1971-01-22,94.879997253418
1971-01-25,95.2799987792969
1971-01-26,95.5899963378906
1971-01-27,94.8899993896484
1971-01-28,95.2099990844727
1971-01-29,95.879997253418
1971-02-01,96.4199981689453
1971-02-02,96.4300003051758
1971-02-03,96.629997253418
1971-02-04,96.620002746582
1971-02-05,96.9300003051758
1971-02-08,97.4499969482422
1971-02-09,97.5100021362305
1971-02-10,97.3899993896484
1971-02-11,97.9100036621094
1971-02-12,98.4300003051758
1971-02-16,98.6600036621094
1971-02-17,98.1999969482422
1971-02-18,97.5599975585938
1971-02-19,96.7399978637695
1971-02-22,95.7200012207031
1971-02-23,96.0899963378906
1971-02-24,96.7300033569336
1971-02-25,96.9599990844727
1971-02-26,96.75
1971-03-01,97
1971-03-02,96.9800033569336
1971-03-03,96.9499969482422
1971-03-04,97.9199981689453
1971-03-05,98.9599990844727
1971-03-08,99.379997253418
1971-03-09,99.4599990844727
1971-03-10,99.3000030517578
1971-03-11,99.3899993896484
1971-03-12,99.5699996948242
1971-03-15,100.709999084473
1971-03-16,101.209999084473
1971-03-17,101.120002746582
1971-03-18,101.190002441406
1971-03-19,101.01000213623
1971-03-22,100.620002746582
1971-03-23,100.279998779297
1971-03-24,99.620002746582
1971-03-25,99.6100006103516
1971-03-26,99.9499969482422
1971-03-29,100.029998779297
1971-03-30,100.26000213623
1971-03-31,100.309997558594
1971-04-01,100.389999389648
1971-04-02,100.559997558594
1971-04-05,100.790000915527
1971-04-06,101.51000213623
1971-04-07,101.980003356934
1971-04-08,102.099998474121
1971-04-12,102.879997253418
1971-04-13,102.980003356934
1971-04-14,103.370002746582
1971-04-15,103.519996643066
1971-04-16,103.48999786377
1971-04-19,104.01000213623
1971-04-20,103.610000610352
1971-04-21,103.360000610352
1971-04-22,103.559997558594
1971-04-23,104.050003051758
1971-04-26,103.940002441406
1971-04-27,104.589996337891
1971-04-28,104.769996643066
1971-04-29,104.629997253418
1971-04-30,103.949996948242
1971-05-03,103.290000915527
1971-05-04,103.790000915527
1971-05-05,103.779998779297
1971-05-06,103.230003356934
1971-05-07,102.870002746582
1971-05-10,102.360000610352
1971-05-11,102.620002746582
1971-05-12,102.900001525879
1971-05-13,102.690002441406
1971-05-14,102.209999084473
1971-05-17,100.690002441406
1971-05-18,100.830001831055
1971-05-19,101.069999694824
1971-05-20,101.309997558594
1971-05-21,100.98999786377
1971-05-24,100.129997253418
1971-05-25,99.4700012207031
1971-05-26,99.5899963378906
1971-05-27,99.4000015258789
1971-05-28,99.629997253418
1971-06-01,100.199996948242
1971-06-02,100.959999084473
1971-06-03,101.01000213623
1971-06-04,101.300003051758
1971-06-07,101.089996337891
1971-06-08,100.319999694824
1971-06-09,100.290000915527
1971-06-10,100.639999389648
1971-06-11,101.069999694824
1971-06-14,100.220001220703
1971-06-15,100.319999694824
1971-06-16,100.519996643066
1971-06-17,100.5
1971-06-18,98.9700012207031
1971-06-21,97.870002746582
1971-06-22,97.5899963378906
1971-06-23,98.4100036621094
1971-06-24,98.129997253418
1971-06-25,97.9899978637695
1971-06-28,97.7399978637695
1971-06-29,98.8199996948242
1971-06-30,98.6999969482422
1971-07-01,99.7799987792969
1971-07-02,99.7799987792969
1971-07-06,99.7600021362305
1971-07-07,100.040000915527
1971-07-08,100.339996337891
1971-07-09,100.690002441406
1971-07-12,100.819999694824
1971-07-13,99.5
1971-07-14,99.2200012207031
1971-07-15,99.2799987792969
1971-07-16,99.1100006103516
1971-07-19,98.9300003051758
1971-07-20,99.3199996948242
1971-07-21,99.2799987792969
1971-07-22,99.1100006103516
1971-07-23,98.9400024414062
1971-07-26,98.1399993896484
1971-07-27,97.7799987792969
1971-07-28,97.0699996948242
1971-07-29,96.0199966430664
1971-07-30,95.5800018310547
1971-08-02,95.9599990844727
1971-08-03,94.5100021362305
1971-08-04,93.8899993896484
1971-08-05,94.0899963378906
1971-08-06,94.25
1971-08-09,93.5299987792969
1971-08-10,93.5400009155273
1971-08-11,94.6600036621094
1971-08-12,96
1971-08-13,95.6900024414062
1971-08-16,98.7600021362305
1971-08-17,99.9899978637695
1971-08-18,98.5999984741211
1971-08-19,98.1600036621094
1971-08-20,98.3300018310547
1971-08-23,99.25
1971-08-24,100.400001525879
1971-08-25,100.410003662109
1971-08-26,100.23999786377
1971-08-27,100.480003356934
1971-08-30,99.5199966430664
1971-08-31,99.0299987792969
1971-09-01,99.0699996948242
1971-09-02,99.2900009155273
1971-09-03,100.690002441406
1971-09-07,101.150001525879
1971-09-08,101.339996337891
1971-09-09,100.800003051758
1971-09-10,100.419998168945
1971-09-13,100.069999694824
1971-09-14,99.3399963378906
1971-09-15,99.7699966430664
1971-09-16,99.6600036621094
1971-09-17,99.9599990844727
1971-09-20,99.6800003051758
1971-09-21,99.3399963378906
1971-09-22,98.4700012207031
1971-09-23,98.379997253418
1971-09-24,98.1500015258789
1971-09-27,97.620002746582
1971-09-28,97.879997253418
1971-09-29,97.9000015258789
1971-09-30,98.3399963378906
1971-10-01,98.9300003051758
1971-10-04,99.2099990844727
1971-10-05,99.1100006103516
1971-10-06,99.8199996948242
1971-10-07,100.019996643066
1971-10-08,99.3600006103516
1971-10-11,99.2099990844727
1971-10-12,99.5699996948242
1971-10-13,99.0299987792969
1971-10-14,98.129997253418
1971-10-15,97.7900009155273
1971-10-18,97.3499984741211
1971-10-19,97
1971-10-20,95.6500015258789
1971-10-21,95.5999984741211
1971-10-22,95.5699996948242
1971-10-25,95.0999984741211
1971-10-26,94.7399978637695
1971-10-27,93.7900009155273
1971-10-28,93.9599990844727
1971-10-29,94.2300033569336
1971-11-01,92.8000030517578
1971-11-02,93.1800003051758
1971-11-03,94.9100036621094
1971-11-04,94.7900009155273
1971-11-05,94.4599990844727
1971-11-08,94.3899993896484
1971-11-09,94.4599990844727
1971-11-10,93.4100036621094
1971-11-11,92.120002746582
1971-11-12,92.120002746582
1971-11-15,91.8099975585938
1971-11-16,92.7099990844727
1971-11-17,92.8499984741211
1971-11-18,92.129997253418
1971-11-19,91.6100006103516
1971-11-22,90.7900009155273
1971-11-23,90.1600036621094
1971-11-24,90.3300018310547
1971-11-26,91.9400024414062
1971-11-29,93.4100036621094
1971-11-30,93.9899978637695
1971-12-01,95.4400024414062
1971-12-02,95.8399963378906
1971-12-03,97.0599975585938
1971-12-06,96.5100021362305
1971-12-07,96.870002746582
1971-12-08,96.9199981689453
1971-12-09,96.9599990844727
1971-12-10,97.6900024414062
1971-12-13,97.9700012207031
1971-12-14,97.6699981689453
1971-12-15,98.5400009155273
1971-12-16,99.7399978637695
1971-12-17,100.26000213623
1971-12-20,101.550003051758
1971-12-21,101.800003051758
1971-12-22,101.180000305176
1971-12-23,100.73999786377
1971-12-27,100.949996948242
1971-12-28,101.949996948242
1971-12-29,102.209999084473
1971-12-30,101.779998779297
1971-12-31,102.089996337891
1972-01-03,101.669998168945
1972-01-04,102.089996337891
1972-01-05,103.059997558594
1972-01-06,103.51000213623
1972-01-07,103.470001220703
1972-01-10,103.319999694824
1972-01-11,103.650001525879
1972-01-12,103.589996337891
1972-01-13,102.98999786377
1972-01-14,103.389999389648
1972-01-17,103.699996948242
1972-01-18,104.050003051758
1972-01-19,103.879997253418
1972-01-20,103.879997253418
1972-01-21,103.650001525879
1972-01-24,102.569999694824
1972-01-25,102.699996948242
1972-01-26,102.5
1972-01-27,103.5
1972-01-28,104.160003662109
1972-01-31,103.940002441406
1972-02-01,104.01000213623
1972-02-02,104.680000305176
1972-02-03,104.639999389648
1972-02-04,104.860000610352
1972-02-07,104.540000915527
1972-02-08,104.73999786377
1972-02-09,105.550003051758
1972-02-10,105.589996337891
1972-02-11,105.080001831055
1972-02-14,104.589996337891
1972-02-15,105.029998779297
1972-02-16,105.620002746582
1972-02-17,105.589996337891
1972-02-18,105.279998779297
1972-02-22,105.290000915527
1972-02-23,105.379997253418
1972-02-24,105.449996948242
1972-02-25,106.180000305176
1972-02-28,106.190002441406
1972-02-29,106.569999694824
1972-03-01,107.349998474121
1972-03-02,107.319999694824
1972-03-03,107.940002441406
1972-03-06,108.769996643066
1972-03-07,108.870002746582
1972-03-08,108.959999084473
1972-03-09,108.940002441406
1972-03-10,108.379997253418
1972-03-13,107.330001831055
1972-03-14,107.610000610352
1972-03-15,107.75
1972-03-16,107.5
1972-03-17,107.919998168945
1972-03-20,107.589996337891
1972-03-21,106.690002441406
1972-03-22,106.839996337891
1972-03-23,107.75
1972-03-24,107.519996643066
1972-03-27,107.300003051758
1972-03-28,107.169998168945
1972-03-29,106.48999786377
1972-03-30,107.199996948242
1972-04-03,107.480003356934
1972-04-04,108.120002746582
1972-04-05,109
1972-04-06,109.529998779297
1972-04-07,109.620002746582
1972-04-10,109.449996948242
1972-04-11,109.76000213623
1972-04-12,110.180000305176
1972-04-13,109.910003662109
1972-04-14,109.839996337891
1972-04-17,109.51000213623
1972-04-18,109.769996643066
1972-04-19,109.199996948242
1972-04-20,109.040000915527
1972-04-21,108.889999389648
1972-04-24,108.190002441406
1972-04-25,107.120002746582
1972-04-26,106.889999389648
1972-04-27,107.050003051758
1972-04-28,107.669998168945
1972-05-01,106.690002441406
1972-05-02,106.080001831055
1972-05-03,105.98999786377
1972-05-04,106.25
1972-05-05,106.629997253418
1972-05-08,106.139999389648
1972-05-09,104.73999786377
1972-05-10,105.419998168945
1972-05-11,105.769996643066
1972-05-12,106.379997253418
1972-05-15,106.860000610352
1972-05-16,106.660003662109
1972-05-17,106.889999389648
1972-05-18,107.940002441406
1972-05-19,108.980003356934
1972-05-22,109.690002441406
1972-05-23,109.779998779297
1972-05-24,110.309997558594
1972-05-25,110.459999084473
1972-05-26,110.660003662109
1972-05-30,110.349998474121
1972-05-31,109.529998779297
1972-06-01,109.690002441406
1972-06-02,109.730003356934
1972-06-05,108.819999694824
1972-06-06,108.209999084473
1972-06-07,107.650001525879
1972-06-08,107.279998779297
1972-06-09,106.860000610352
1972-06-12,107.01000213623
1972-06-13,107.550003051758
1972-06-14,108.389999389648
1972-06-15,108.440002441406
1972-06-16,108.360000610352
1972-06-19,108.110000610352
1972-06-20,108.559997558594
1972-06-21,108.790000915527
1972-06-22,108.680000305176
1972-06-23,108.269996643066
1972-06-26,107.480003356934
1972-06-27,107.370002746582
1972-06-28,107.019996643066
1972-06-29,106.819999694824
1972-06-30,107.139999389648
1972-07-03,107.48999786377
1972-07-05,108.099998474121
1972-07-06,109.040000915527
1972-07-07,108.690002441406
1972-07-10,108.110000610352
1972-07-11,107.319999694824
1972-07-12,106.889999389648
1972-07-13,106.279998779297
1972-07-14,106.800003051758
1972-07-17,105.879997253418
1972-07-18,105.830001831055
1972-07-19,106.139999389648
1972-07-20,105.809997558594
1972-07-21,106.660003662109
1972-07-24,107.919998168945
1972-07-25,107.599998474121
1972-07-26,107.529998779297
1972-07-27,107.279998779297
1972-07-28,107.379997253418
1972-07-31,107.389999389648
1972-08-01,108.400001525879
1972-08-02,109.290000915527
1972-08-03,110.139999389648
1972-08-04,110.430000305176
1972-08-07,110.610000610352
1972-08-08,110.690002441406
1972-08-09,110.860000610352
1972-08-10,111.050003051758
1972-08-11,111.949996948242
1972-08-14,112.550003051758
1972-08-15,112.059997558594
1972-08-16,111.660003662109
1972-08-17,111.339996337891
1972-08-18,111.76000213623
1972-08-21,111.720001220703
1972-08-22,112.410003662109
1972-08-23,112.26000213623
1972-08-24,111.019996643066
1972-08-25,110.669998168945
1972-08-28,110.230003356934
1972-08-29,110.410003662109
1972-08-30,110.569999694824
1972-08-31,111.089996337891
1972-09-01,111.51000213623
1972-09-05,111.230003356934
1972-09-06,110.550003051758
1972-09-07,110.290000915527
1972-09-08,110.150001525879
1972-09-11,109.51000213623
1972-09-12,108.470001220703
1972-09-13,108.900001525879
1972-09-14,108.930000305176
1972-09-15,108.809997558594
1972-09-18,108.610000610352
1972-09-19,108.550003051758
1972-09-20,108.599998474121
1972-09-21,108.430000305176
1972-09-22,108.519996643066
1972-09-25,108.050003051758
1972-09-26,108.120002746582
1972-09-27,109.660003662109
1972-09-28,110.349998474121
1972-09-29,110.550003051758
1972-10-02,110.160003662109
1972-10-03,110.300003051758
1972-10-04,110.089996337891
1972-10-05,108.889999389648
1972-10-06,109.620002746582
1972-10-09,109.900001525879
1972-10-10,109.98999786377
1972-10-11,109.5
1972-10-12,108.599998474121
1972-10-13,107.919998168945
1972-10-16,106.769996643066
1972-10-17,107.5
1972-10-18,108.190002441406
1972-10-19,108.050003051758
1972-10-20,109.23999786377
1972-10-23,110.349998474121
1972-10-24,110.809997558594
1972-10-25,110.720001220703
1972-10-26,110.98999786377
1972-10-27,110.620002746582
1972-10-30,110.589996337891
1972-10-31,111.580001831055
1972-11-01,112.669998168945
1972-11-02,113.230003356934
1972-11-03,114.220001220703
1972-11-06,113.980003356934
1972-11-08,113.349998474121
1972-11-09,113.5
1972-11-10,113.730003356934
1972-11-13,113.900001525879
1972-11-14,114.949996948242
1972-11-15,114.5
1972-11-16,115.129997253418
1972-11-17,115.48999786377
1972-11-20,115.529998779297
1972-11-21,116.209999084473
1972-11-22,116.900001525879
1972-11-24,117.269996643066
1972-11-27,116.720001220703
1972-11-28,116.470001220703
1972-11-29,116.519996643066
1972-11-30,116.669998168945
1972-12-01,117.379997253418
1972-12-04,117.769996643066
1972-12-05,117.580001831055
1972-12-06,118.01000213623
1972-12-07,118.599998474121
1972-12-08,118.860000610352
1972-12-11,119.120002746582
1972-12-12,118.660003662109
1972-12-13,118.559997558594
1972-12-14,118.23999786377
1972-12-15,118.26000213623
1972-12-18,116.900001525879
1972-12-19,116.339996337891
1972-12-20,115.949996948242
1972-12-21,115.110000610352
1972-12-22,115.830001831055
1972-12-26,116.300003051758
1972-12-27,116.930000305176
1972-12-29,118.050003051758
1973-01-02,119.099998474121
1973-01-03,119.569999694824
1973-01-04,119.400001525879
1973-01-05,119.870002746582
1973-01-08,119.849998474121
1973-01-09,119.730003356934
1973-01-10,119.430000305176
1973-01-11,120.23999786377
1973-01-12,119.300003051758
1973-01-15,118.440002441406
1973-01-16,118.139999389648
1973-01-17,118.680000305176
1973-01-18,118.849998474121
1973-01-19,118.779998779297
1973-01-22,118.209999084473
1973-01-23,118.220001220703
1973-01-24,116.730003356934
1973-01-26,116.449996948242
1973-01-29,116.01000213623
1973-01-30,115.830001831055
1973-01-31,116.029998779297
1973-02-01,114.76000213623
1973-02-02,114.349998474121
1973-02-05,114.230003356934
1973-02-06,114.449996948242
1973-02-07,113.660003662109
1973-02-08,113.160003662109
1973-02-09,114.680000305176
1973-02-12,116.059997558594
1973-02-13,116.779998779297
1973-02-14,115.099998474121
1973-02-15,114.449996948242
1973-02-16,114.980003356934
1973-02-20,115.400001525879
1973-02-21,114.690002441406
1973-02-22,114.440002441406
1973-02-23,113.160003662109
1973-02-26,112.190002441406
1973-02-27,110.900001525879
1973-02-28,111.680000305176
1973-03-01,111.050003051758
1973-03-02,112.279998779297
1973-03-05,112.680000305176
1973-03-06,114.099998474121
1973-03-07,114.449996948242
1973-03-08,114.230003356934
1973-03-09,113.790000915527
1973-03-12,113.860000610352
1973-03-13,114.480003356934
1973-03-14,114.980003356934
1973-03-15,114.120002746582
1973-03-16,113.540000915527
1973-03-19,112.169998168945
1973-03-20,111.949996948242
1973-03-21,110.48999786377
1973-03-22,108.839996337891
1973-03-23,108.879997253418
1973-03-26,109.839996337891
1973-03-27,111.559997558594
1973-03-28,111.620002746582
1973-03-29,112.709999084473
1973-03-30,111.519996643066
1973-04-02,110.180000305176
1973-04-03,109.23999786377
1973-04-04,108.769996643066
1973-04-05,108.519996643066
1973-04-06,109.279998779297
1973-04-09,110.860000610352
1973-04-10,112.209999084473
1973-04-11,112.680000305176
1973-04-12,112.580001831055
1973-04-13,112.080001831055
1973-04-16,111.440002441406
1973-04-17,110.940002441406
1973-04-18,111.540000915527
1973-04-19,112.169998168945
1973-04-23,111.569999694824
1973-04-24,109.98999786377
1973-04-25,108.339996337891
1973-04-26,108.889999389648
1973-04-27,107.230003356934
1973-04-30,106.970001220703
1973-05-01,107.099998474121
1973-05-02,108.430000305176
1973-05-03,110.220001220703
1973-05-04,111
1973-05-07,110.529998779297
1973-05-08,111.25
1973-05-09,110.440002441406
1973-05-10,109.540000915527
1973-05-11,108.169998168945
1973-05-14,105.900001525879
1973-05-15,106.569999694824
1973-05-16,106.430000305176
1973-05-17,105.559997558594
1973-05-18,103.860000610352
1973-05-21,102.730003356934
1973-05-22,103.580001831055
1973-05-23,104.069999694824
1973-05-24,107.139999389648
1973-05-25,107.940002441406
1973-05-29,107.51000213623
1973-05-30,105.910003662109
1973-05-31,104.949996948242
1973-06-01,103.930000305176
1973-06-04,102.970001220703
1973-06-05,104.620002746582
1973-06-06,104.309997558594
1973-06-07,105.839996337891
1973-06-08,107.029998779297
1973-06-11,106.699996948242
1973-06-12,108.290000915527
1973-06-13,107.599998474121
1973-06-14,106.400001525879
1973-06-15,105.099998474121
1973-06-18,103.599998474121
1973-06-19,103.98999786377
1973-06-20,104.440002441406
1973-06-21,103.209999084473
1973-06-22,103.699996948242
1973-06-25,102.25
1973-06-26,103.300003051758
1973-06-27,103.620002746582
1973-06-28,104.690002441406
1973-06-29,104.26000213623
1973-07-02,102.900001525879
1973-07-03,101.870002746582
1973-07-05,101.779998779297
1973-07-06,101.279998779297
1973-07-09,102.139999389648
1973-07-10,103.519996643066
1973-07-11,105.800003051758
1973-07-12,105.5
1973-07-13,104.089996337891
1973-07-16,105.669998168945
1973-07-17,105.720001220703
1973-07-18,106.349998474121
1973-07-19,106.550003051758
1973-07-20,107.139999389648
1973-07-23,107.519996643066
1973-07-24,108.139999389648
1973-07-25,109.639999389648
1973-07-26,109.849998474121
1973-07-27,109.589996337891
1973-07-30,109.25
1973-07-31,108.220001220703
1973-08-01,106.830001831055
1973-08-02,106.669998168945
1973-08-03,106.48999786377
1973-08-06,106.730003356934
1973-08-07,106.550003051758
1973-08-08,105.550003051758
1973-08-09,105.610000610352
1973-08-10,104.769996643066
1973-08-13,103.709999084473
1973-08-14,102.709999084473
1973-08-15,103.01000213623
1973-08-16,102.290000915527
1973-08-17,102.309997558594
1973-08-20,101.610000610352
1973-08-21,100.889999389648
1973-08-22,100.529998779297
1973-08-23,101.910003662109
1973-08-24,101.620002746582
1973-08-27,102.419998168945
1973-08-28,103.019996643066
1973-08-29,104.029998779297
1973-08-30,103.879997253418
1973-08-31,104.25
1973-09-04,104.51000213623
1973-09-05,104.639999389648
1973-09-06,105.150001525879
1973-09-07,104.76000213623
1973-09-10,103.849998474121
1973-09-11,103.220001220703
1973-09-12,103.059997558594
1973-09-13,103.360000610352
1973-09-14,104.440002441406
1973-09-17,104.150001525879
1973-09-18,103.769996643066
1973-09-19,105.879997253418
1973-09-20,106.76000213623
1973-09-21,107.199996948242
1973-09-24,107.360000610352
1973-09-25,108.050003051758
1973-09-26,108.830001831055
1973-09-27,109.080001831055
1973-09-28,108.430000305176
1973-10-01,108.209999084473
1973-10-02,108.790000915527
1973-10-03,108.779998779297
1973-10-04,108.410003662109
1973-10-05,109.849998474121
1973-10-08,110.230003356934
1973-10-09,110.129997253418
1973-10-10,109.220001220703
1973-10-11,111.089996337891
1973-10-12,111.440002441406
1973-10-15,110.050003051758
1973-10-16,110.190002441406
1973-10-17,109.970001220703
1973-10-18,110.01000213623
1973-10-19,110.220001220703
1973-10-22,109.160003662109
1973-10-23,109.75
1973-10-24,110.269996643066
1973-10-25,110.5
1973-10-26,111.379997253418
1973-10-29,111.150001525879
1973-10-30,109.330001831055
1973-10-31,108.290000915527
1973-11-01,107.690002441406
1973-11-02,107.069999694824
1973-11-05,105.519996643066
1973-11-06,104.959999084473
1973-11-07,105.800003051758
1973-11-08,107.019996643066
1973-11-09,105.300003051758
1973-11-12,104.440002441406
1973-11-13,104.360000610352
1973-11-14,102.449996948242
1973-11-15,102.430000305176
1973-11-16,103.879997253418
1973-11-19,100.709999084473
1973-11-20,98.6600036621094
1973-11-21,99.7600021362305
1973-11-23,99.4400024414062
1973-11-26,96.5800018310547
1973-11-27,95.6999969482422
1973-11-28,97.6500015258789
1973-11-29,97.3099975585938
1973-11-30,95.9599990844727
1973-12-03,93.9000015258789
1973-12-04,93.5899963378906
1973-12-05,92.1600036621094
1973-12-06,94.4199981689453
1973-12-07,96.5100021362305
1973-12-10,97.9499969482422
1973-12-11,96.0400009155273
1973-12-12,93.5699996948242
1973-12-13,92.379997253418
1973-12-14,93.2900009155273
1973-12-17,92.75
1973-12-18,94.7399978637695
1973-12-19,94.8199996948242
1973-12-20,94.5500030517578
1973-12-21,93.5400009155273
1973-12-24,92.9000015258789
1973-12-26,95.7399978637695
1973-12-27,97.7399978637695
1973-12-28,97.5400009155273
1973-12-31,97.5500030517578
1974-01-02,97.6800003051758
1974-01-03,99.8000030517578
1974-01-04,98.9000015258789
1974-01-07,98.0699996948242
1974-01-08,96.120002746582
1974-01-09,93.4199981689453
1974-01-10,92.3899993896484
1974-01-11,93.6600036621094
1974-01-14,93.4199981689453
1974-01-15,94.2300033569336
1974-01-16,95.6699981689453
1974-01-17,97.3000030517578
1974-01-18,95.5599975585938
1974-01-21,95.4000015258789
1974-01-22,96.5500030517578
1974-01-23,97.0699996948242
1974-01-24,96.8199996948242
1974-01-25,96.629997253418
1974-01-28,96.0899963378906
1974-01-29,96.0100021362305
1974-01-30,97.0599975585938
1974-01-31,96.5699996948242
1974-02-01,95.3199996948242
1974-02-04,93.2900009155273
1974-02-05,93
1974-02-06,93.2600021362305
1974-02-07,93.3000030517578
1974-02-08,92.3300018310547
1974-02-11,90.6600036621094
1974-02-12,90.9400024414062
1974-02-13,90.9800033569336
1974-02-14,90.9499969482422
1974-02-15,92.2699966430664
1974-02-19,92.120002746582
1974-02-20,93.4400024414062
1974-02-21,94.7099990844727
1974-02-22,95.3899993896484
1974-02-25,95.0299987792969
1974-02-26,96
1974-02-27,96.4000015258789
1974-02-28,96.2200012207031
1974-03-01,95.5299987792969
1974-03-04,95.5299987792969
1974-03-05,97.3199996948242
1974-03-06,97.9800033569336
1974-03-07,96.9400024414062
1974-03-08,97.7799987792969
1974-03-11,98.879997253418
1974-03-12,99.1500015258789
1974-03-13,99.7399978637695
1974-03-14,99.6500015258789
1974-03-15,99.2799987792969
1974-03-18,98.0500030517578
1974-03-19,97.2300033569336
1974-03-20,97.5699996948242
1974-03-21,97.3399963378906
1974-03-22,97.2699966430664
1974-03-25,97.6399993896484
1974-03-26,97.9499969482422
1974-03-27,96.5899963378906
1974-03-28,94.8199996948242
1974-03-29,93.9800033569336
1974-04-01,93.25
1974-04-02,93.3499984741211
1974-04-03,94.3300018310547
1974-04-04,94.3300018310547
1974-04-05,93.0100021362305
1974-04-08,92.0299987792969
1974-04-09,92.6100006103516
1974-04-10,92.4000015258789
1974-04-11,92.120002746582
1974-04-15,92.0500030517578
1974-04-16,93.6600036621094
1974-04-17,94.3600006103516
1974-04-18,94.7799987792969
1974-04-19,93.75
1974-04-22,93.379997253418
1974-04-23,91.8099975585938
1974-04-24,90.3000030517578
1974-04-25,89.5699996948242
1974-04-26,90.1800003051758
1974-04-29,90
1974-04-30,90.3099975585938
1974-05-01,92.2200012207031
1974-05-02,92.0899963378906
1974-05-03,91.2900009155273
1974-05-06,91.120002746582
1974-05-07,91.4599990844727
1974-05-08,91.6399993896484
1974-05-09,92.9599990844727
1974-05-10,91.4700012207031
1974-05-13,90.6600036621094
1974-05-14,90.6900024414062
1974-05-15,90.4499969482422
1974-05-16,89.7200012207031
1974-05-17,88.2099990844727
1974-05-20,87.8600006103516
1974-05-21,87.9100036621094
1974-05-22,87.0899963378906
1974-05-23,87.2900009155273
1974-05-24,88.5800018310547
1974-05-28,88.370002746582
1974-05-29,86.8899993896484
1974-05-30,87.4300003051758
1974-05-31,87.2799987792969
1974-06-03,89.0999984741211
1974-06-04,90.1399993896484
1974-06-05,90.3099975585938
1974-06-06,91.9599990844727
1974-06-07,92.5500030517578
1974-06-10,93.0999984741211
1974-06-11,92.2799987792969
1974-06-12,92.0599975585938
1974-06-13,92.3399963378906
1974-06-14,91.3000030517578
1974-06-17,90.0400009155273
1974-06-18,89.4499969482422
1974-06-19,88.8399963378906
1974-06-20,88.2099990844727
1974-06-21,87.4599990844727
1974-06-24,87.6900024414062
1974-06-25,88.9800033569336
1974-06-26,87.6100006103516
1974-06-27,86.3099975585938
1974-06-28,86
1974-07-01,86.0199966430664
1974-07-02,84.3000030517578
1974-07-03,84.25
1974-07-05,83.6600036621094
1974-07-08,81.0899963378906
1974-07-09,81.4800033569336
1974-07-10,79.9899978637695
1974-07-11,79.8899993896484
1974-07-12,83.1500015258789
1974-07-15,83.7799987792969
1974-07-16,82.8099975585938
1974-07-17,83.6999969482422
1974-07-18,83.7799987792969
1974-07-19,83.5400009155273
1974-07-22,83.8099975585938
1974-07-23,84.6500015258789
1974-07-24,84.9899978637695
1974-07-25,83.9800033569336
1974-07-26,82.4000015258789
1974-07-29,80.9400024414062
1974-07-30,80.5
1974-07-31,79.3099975585938
1974-08-01,78.75
1974-08-02,78.5899963378906
1974-08-05,79.2900009155273
1974-08-06,80.5199966430664
1974-08-07,82.6500015258789
1974-08-08,81.5699996948242
1974-08-09,80.8600006103516
1974-08-12,79.75
1974-08-13,78.4899978637695
1974-08-14,76.7300033569336
1974-08-15,76.3000030517578
1974-08-16,75.6699981689453
1974-08-19,74.5699996948242
1974-08-20,74.9499969482422
1974-08-21,73.5100021362305
1974-08-22,72.8000030517578
1974-08-23,71.5500030517578
1974-08-26,72.1600036621094
1974-08-27,70.9400024414062
1974-08-28,70.7600021362305
1974-08-29,69.9899978637695
1974-08-30,72.1500015258789
1974-09-03,70.5199966430664
1974-09-04,68.6900024414062
1974-09-05,70.870002746582
1974-09-06,71.4199981689453
1974-09-09,69.7200012207031
1974-09-10,69.2399978637695
1974-09-11,68.5500030517578
1974-09-12,66.7099990844727
1974-09-13,65.1999969482422
1974-09-16,66.2600021362305
1974-09-17,67.379997253418
1974-09-18,67.7200012207031
1974-09-19,70.0899963378906
1974-09-20,70.1399993896484
1974-09-23,69.4199981689453
1974-09-24,68.0199966430664
1974-09-25,67.5699996948242
1974-09-26,66.4599990844727
1974-09-27,64.9400024414062
1974-09-30,63.5400009155273
1974-10-01,63.3899993896484
1974-10-02,63.3800010681152
1974-10-03,62.2799987792969
1974-10-04,62.3400001525879
1974-10-07,64.9499969482422
1974-10-08,64.8399963378906
1974-10-09,67.8199996948242
1974-10-10,69.7900009155273
1974-10-11,71.1399993896484
1974-10-14,72.7399978637695
1974-10-15,71.4400024414062
1974-10-16,70.3300018310547
1974-10-17,71.1699981689453
1974-10-18,72.2799987792969
1974-10-21,73.5
1974-10-22,73.129997253418
1974-10-23,71.0299987792969
1974-10-24,70.2200012207031
1974-10-25,70.120002746582
1974-10-28,70.0899963378906
1974-10-29,72.8300018310547
1974-10-30,74.3099975585938
1974-10-31,73.9000015258789
1974-11-01,73.879997253418
1974-11-04,73.0800018310547
1974-11-05,75.1100006103516
1974-11-06,74.75
1974-11-07,75.2099990844727
1974-11-08,74.9100036621094
1974-11-11,75.1500015258789
1974-11-12,73.6699981689453
1974-11-13,73.3499984741211
1974-11-14,73.0599975585938
1974-11-15,71.9100036621094
1974-11-18,69.2699966430664
1974-11-19,68.1999969482422
1974-11-20,67.9000015258789
1974-11-21,68.1800003051758
1974-11-22,68.9000015258789
1974-11-25,68.8300018310547
1974-11-26,69.4700012207031
1974-11-27,69.9400024414062
1974-11-29,69.9700012207031
1974-12-02,68.1100006103516
1974-12-03,67.1699981689453
1974-12-04,67.4100036621094
1974-12-05,66.129997253418
1974-12-06,65.0100021362305
1974-12-09,65.5999984741211
1974-12-10,67.2799987792969
1974-12-11,67.6699981689453
1974-12-12,67.4499969482422
1974-12-13,67.0699996948242
1974-12-16,66.4599990844727
1974-12-17,67.5800018310547
1974-12-18,67.9000015258789
1974-12-19,67.6500015258789
1974-12-20,66.9100036621094
1974-12-23,65.9599990844727
1974-12-24,66.879997253418
1974-12-26,67.4400024414062
1974-12-27,67.1399993896484
1974-12-30,67.1600036621094
1974-12-31,68.5599975585938
1975-01-02,70.2300033569336
1975-01-03,70.7099990844727
1975-01-06,71.0699996948242
1975-01-07,71.0199966430664
1975-01-08,70.0400009155273
1975-01-09,71.1699981689453
1975-01-10,72.6100006103516
1975-01-13,72.3099975585938
1975-01-14,71.6800003051758
1975-01-15,72.1399993896484
1975-01-16,72.0500030517578
1975-01-17,70.9599990844727
1975-01-20,71.0800018310547
1975-01-21,70.6999969482422
1975-01-22,71.7399978637695
1975-01-23,72.0699996948242
1975-01-24,72.9800033569336
1975-01-27,75.370002746582
1975-01-28,76.0299987792969
1975-01-29,77.2600021362305
1975-01-30,76.2099990844727
1975-01-31,76.9800033569336
1975-02-03,77.8199996948242
1975-02-04,77.6100006103516
1975-02-05,78.9499969482422
1975-02-06,78.5599975585938
1975-02-07,78.629997253418
1975-02-10,78.3600006103516
1975-02-11,78.5800018310547
1975-02-12,79.9199981689453
1975-02-13,81.0100021362305
1975-02-14,81.5
1975-02-18,80.9300003051758
1975-02-19,81.4400024414062
1975-02-20,82.2099990844727
1975-02-21,82.620002746582
1975-02-24,81.4400024414062
1975-02-25,79.5299987792969
1975-02-26,80.370002746582
1975-02-27,80.7699966430664
1975-02-28,81.5899963378906
1975-03-03,83.0299987792969
1975-03-04,83.5599975585938
1975-03-05,83.9000015258789
1975-03-06,83.6900024414062
1975-03-07,84.3000030517578
1975-03-10,84.9499969482422
1975-03-11,84.3600006103516
1975-03-12,83.5899963378906
1975-03-13,83.7399978637695
1975-03-14,84.7600021362305
1975-03-17,86.0100021362305
1975-03-18,85.129997253418
1975-03-19,84.3399963378906
1975-03-20,83.6100006103516
1975-03-21,83.3899993896484
1975-03-24,81.4199981689453
1975-03-25,82.0599975585938
1975-03-26,83.5899963378906
1975-03-27,83.8499984741211
1975-03-31,83.3600006103516
1975-04-01,82.6399993896484
1975-04-02,82.4300003051758
1975-04-03,81.5100021362305
1975-04-04,80.879997253418
1975-04-07,80.3499984741211
1975-04-08,80.9899978637695
1975-04-09,82.8399963378906
1975-04-10,83.7699966430664
1975-04-11,84.1800003051758
1975-04-14,85.5999984741211
1975-04-15,86.3000030517578
1975-04-16,86.5999984741211
1975-04-17,87.25
1975-04-18,86.3000030517578
1975-04-21,87.2300033569336
1975-04-22,87.0899963378906
1975-04-23,86.120002746582
1975-04-24,86.0400009155273
1975-04-25,86.620002746582
1975-04-28,86.2300033569336
1975-04-29,85.6399993896484
1975-04-30,87.3000030517578
1975-05-01,88.0999984741211
1975-05-02,89.2200012207031
1975-05-05,90.0800018310547
1975-05-06,88.6399993896484
1975-05-07,89.0800018310547
1975-05-08,89.5599975585938
1975-05-09,90.5299987792969
1975-05-12,90.6100006103516
1975-05-13,91.5800018310547
1975-05-14,92.2699966430664
1975-05-15,91.4100036621094
1975-05-16,90.4300003051758
1975-05-19,90.5299987792969
1975-05-20,90.0699996948242
1975-05-21,89.0599975585938
1975-05-22,89.3899993896484
1975-05-23,90.5800018310547
1975-05-27,90.3399963378906
1975-05-28,89.7099990844727
1975-05-29,89.6800003051758
1975-05-30,91.1500015258789
1975-06-02,92.5800018310547
1975-06-03,92.8899993896484
1975-06-04,92.5999984741211
1975-06-05,92.6900024414062
1975-06-06,92.4800033569336
1975-06-09,91.2099990844727
1975-06-10,90.4400024414062
1975-06-11,90.5500030517578
1975-06-12,90.0800018310547
1975-06-13,90.5199966430664
1975-06-16,91.4599990844727
1975-06-17,90.5800018310547
1975-06-18,90.3899993896484
1975-06-19,92.0199966430664
1975-06-20,92.6100006103516
1975-06-23,93.620002746582
1975-06-24,94.1900024414062
1975-06-25,94.620002746582
1975-06-26,94.8099975585938
1975-06-27,94.8099975585938
1975-06-30,95.1900024414062
1975-07-01,94.8499984741211
1975-07-02,94.1800003051758
1975-07-03,94.3600006103516
1975-07-07,93.5400009155273
1975-07-08,93.3899993896484
1975-07-09,94.8000030517578
1975-07-10,94.8099975585938
1975-07-11,94.6600036621094
1975-07-14,95.1900024414062
1975-07-15,95.6100006103516
1975-07-16,94.6100006103516
1975-07-17,93.629997253418
1975-07-18,93.1999969482422
1975-07-21,92.4400024414062
1975-07-22,91.4499969482422
1975-07-23,90.1800003051758
1975-07-24,90.0699996948242
1975-07-25,89.2900009155273
1975-07-28,88.6900024414062
1975-07-29,88.1900024414062
1975-07-30,88.8300018310547
1975-07-31,88.75
1975-08-01,87.9899978637695
1975-08-04,87.1500015258789
1975-08-05,86.2300033569336
1975-08-06,86.25
1975-08-07,86.3000030517578
1975-08-08,86.0199966430664
1975-08-11,86.5500030517578
1975-08-12,87.120002746582
1975-08-13,85.9700012207031
1975-08-14,85.5999984741211
1975-08-15,86.3600006103516
1975-08-18,86.1999969482422
1975-08-19,84.9499969482422
1975-08-20,83.2200012207031
1975-08-21,83.0699996948242
1975-08-22,84.2799987792969
1975-08-25,85.0599975585938
1975-08-26,83.9599990844727
1975-08-27,84.4300003051758
1975-08-28,86.4000015258789
1975-08-29,86.879997253418
1975-09-02,85.4800033569336
1975-09-03,86.0299987792969
1975-09-04,86.1999969482422
1975-09-05,85.620002746582
1975-09-08,85.8899993896484
1975-09-09,84.5999984741211
1975-09-10,83.7900009155273
1975-09-11,83.4499969482422
1975-09-12,83.3000030517578
1975-09-15,82.879997253418
1975-09-16,82.0899963378906
1975-09-17,82.370002746582
1975-09-18,84.0599975585938
1975-09-19,85.879997253418
1975-09-22,85.0699996948242
1975-09-23,84.9400024414062
1975-09-24,85.7399978637695
1975-09-25,85.6399993896484
1975-09-26,86.1900024414062
1975-09-29,85.0299987792969
1975-09-30,83.870002746582
1975-10-01,82.9300003051758
1975-10-02,83.8199996948242
1975-10-03,85.9499969482422
1975-10-06,86.879997253418
1975-10-07,86.7699966430664
1975-10-08,87.9400024414062
1975-10-09,88.370002746582
1975-10-10,88.2099990844727
1975-10-13,89.4599990844727
1975-10-14,89.2799987792969
1975-10-15,89.2300033569336
1975-10-16,89.370002746582
1975-10-17,88.8600006103516
1975-10-20,89.8199996948242
1975-10-21,90.5599975585938
1975-10-22,90.7099990844727
1975-10-23,91.2399978637695
1975-10-24,89.8300018310547
1975-10-27,89.7300033569336
1975-10-28,90.5100021362305
1975-10-29,89.3899993896484
1975-10-30,89.3099975585938
1975-10-31,89.0400009155273
1975-11-03,88.0899963378906
1975-11-04,88.5100021362305
1975-11-05,89.1500015258789
1975-11-06,89.5500030517578
1975-11-07,89.3300018310547
1975-11-10,89.3399963378906
1975-11-11,89.870002746582
1975-11-12,91.1900024414062
1975-11-13,91.0400009155273
1975-11-14,90.9700012207031
1975-11-17,91.4599990844727
1975-11-18,91
1975-11-19,89.9800033569336
1975-11-20,89.6399993896484
1975-11-21,89.5299987792969
1975-11-24,89.6999969482422
1975-11-25,90.7099990844727
1975-11-26,90.9400024414062
1975-11-28,91.2399978637695
1975-12-01,90.6699981689453
1975-12-02,89.3300018310547
1975-12-03,87.5999984741211
1975-12-04,87.8399963378906
1975-12-05,86.8199996948242
1975-12-08,87.0699996948242
1975-12-09,87.3000030517578
1975-12-10,88.0800018310547
1975-12-11,87.8000030517578
1975-12-12,87.8300018310547
1975-12-15,88.0899963378906
1975-12-16,88.9300003051758
1975-12-17,89.1500015258789
1975-12-18,89.4300003051758
1975-12-19,88.8000030517578
1975-12-22,88.1399993896484
1975-12-23,88.7300033569336
1975-12-24,89.4599990844727
1975-12-26,90.25
1975-12-29,90.129997253418
1975-12-30,89.7699966430664
1975-12-31,90.1900024414062
1976-01-02,90.9000015258789
1976-01-05,92.5800018310547
1976-01-06,93.5299987792969
1976-01-07,93.9499969482422
1976-01-08,94.5800018310547
1976-01-09,94.9499969482422
1976-01-12,96.3300018310547
1976-01-13,95.5699996948242
1976-01-14,97.129997253418
1976-01-15,96.6100006103516
1976-01-16,97
1976-01-19,98.3199996948242
1976-01-20,98.8600006103516
1976-01-21,98.2399978637695
1976-01-22,98.0400009155273
1976-01-23,99.2099990844727
1976-01-26,99.6800003051758
1976-01-27,99.0699996948242
1976-01-28,98.5299987792969
1976-01-29,100.110000610352
1976-01-30,100.860000610352
1976-02-02,100.870002746582
1976-02-03,101.180000305176
1976-02-04,101.910003662109
1976-02-05,100.389999389648
1976-02-06,99.4599990844727
1976-02-09,99.620002746582
1976-02-10,100.470001220703
1976-02-11,100.769996643066
1976-02-12,100.25
1976-02-13,99.6699981689453
1976-02-17,99.0500030517578
1976-02-18,99.8499984741211
1976-02-19,101.410003662109
1976-02-20,102.099998474121
1976-02-23,101.610000610352
1976-02-24,102.029998779297
1976-02-25,101.690002441406
1976-02-26,100.110000610352
1976-02-27,99.7099990844727
1976-03-01,100.019996643066
1976-03-02,100.580001831055
1976-03-03,99.9800033569336
1976-03-04,98.9199981689453
1976-03-05,99.1100006103516
1976-03-08,100.190002441406
1976-03-09,100.580001831055
1976-03-10,100.940002441406
1976-03-11,101.889999389648
1976-03-12,100.860000610352
1976-03-15,99.8000030517578
1976-03-16,100.919998168945
1976-03-17,100.860000610352
1976-03-18,100.449996948242
1976-03-19,100.580001831055
1976-03-22,100.709999084473
1976-03-23,102.23999786377
1976-03-24,103.419998168945
1976-03-25,102.849998474121
1976-03-26,102.849998474121
1976-03-29,102.410003662109
1976-03-30,102.01000213623
1976-03-31,102.769996643066
1976-04-01,102.23999786377
1976-04-02,102.25
1976-04-05,103.51000213623
1976-04-06,103.360000610352
1976-04-07,102.209999084473
1976-04-08,101.279998779297
1976-04-09,100.349998474121
1976-04-12,100.199996948242
1976-04-13,101.050003051758
1976-04-14,100.309997558594
1976-04-15,100.669998168945
1976-04-19,101.440002441406
1976-04-20,102.870002746582
1976-04-21,103.319999694824
1976-04-22,102.980003356934
1976-04-23,102.290000915527
1976-04-26,102.430000305176
1976-04-27,101.860000610352
1976-04-28,102.129997253418
1976-04-29,102.129997253418
1976-04-30,101.639999389648
1976-05-03,100.919998168945
1976-05-04,101.459999084473
1976-05-05,100.879997253418
1976-05-06,101.160003662109
1976-05-07,101.879997253418
1976-05-10,103.099998474121
1976-05-11,102.949996948242
1976-05-12,102.769996643066
1976-05-13,102.160003662109
1976-05-14,101.339996337891
1976-05-17,101.089996337891
1976-05-18,101.26000213623
1976-05-19,101.180000305176
1976-05-20,102
1976-05-21,101.26000213623
1976-05-24,99.4400024414062
1976-05-25,99.4899978637695
1976-05-26,99.3399963378906
1976-05-27,99.379997253418
1976-05-28,100.180000305176
1976-06-01,99.8499984741211
1976-06-02,100.220001220703
1976-06-03,100.129997253418
1976-06-04,99.1500015258789
1976-06-07,98.629997253418
1976-06-08,98.8000030517578
1976-06-09,98.7399978637695
1976-06-10,99.5599975585938
1976-06-11,100.919998168945
1976-06-14,101.949996948242
1976-06-15,101.459999084473
1976-06-16,102.01000213623
1976-06-17,103.610000610352
1976-06-18,103.76000213623
1976-06-21,104.279998779297
1976-06-22,103.470001220703
1976-06-23,103.25
1976-06-24,103.790000915527
1976-06-25,103.720001220703
1976-06-28,103.430000305176
1976-06-29,103.860000610352
1976-06-30,104.279998779297
1976-07-01,103.589996337891
1976-07-02,104.110000610352
1976-07-06,103.540000915527
1976-07-07,103.830001831055
1976-07-08,103.980003356934
1976-07-09,104.980003356934
1976-07-12,105.900001525879
1976-07-13,105.669998168945
1976-07-14,105.949996948242
1976-07-15,105.199996948242
1976-07-16,104.680000305176
1976-07-19,104.290000915527
1976-07-20,103.720001220703
1976-07-21,103.819999694824
1976-07-22,103.930000305176
1976-07-23,104.059997558594
1976-07-26,104.069999694824
1976-07-27,103.480003356934
1976-07-28,103.050003051758
1976-07-29,102.930000305176
1976-07-30,103.440002441406
1976-08-02,103.190002441406
1976-08-03,104.139999389648
1976-08-04,104.430000305176
1976-08-05,103.849998474121
1976-08-06,103.790000915527
1976-08-09,103.48999786377
1976-08-10,104.410003662109
1976-08-11,104.059997558594
1976-08-12,104.220001220703
1976-08-13,104.25
1976-08-16,104.430000305176
1976-08-17,104.800003051758
1976-08-18,104.559997558594
1976-08-19,103.389999389648
1976-08-20,102.370002746582
1976-08-23,101.959999084473
1976-08-24,101.269996643066
1976-08-25,102.029998779297
1976-08-26,101.319999694824
1976-08-27,101.480003356934
1976-08-30,102.069999694824
1976-08-31,102.910003662109
1976-09-01,104.059997558594
1976-09-02,103.919998168945
1976-09-03,104.300003051758
1976-09-07,105.029998779297
1976-09-08,104.940002441406
1976-09-09,104.400001525879
1976-09-10,104.650001525879
1976-09-13,104.290000915527
1976-09-14,103.940002441406
1976-09-15,104.25
1976-09-16,105.339996337891
1976-09-17,106.269996643066
1976-09-20,106.319999694824
1976-09-21,107.830001831055
1976-09-22,107.459999084473
1976-09-23,106.919998168945
1976-09-24,106.800003051758
1976-09-27,107.269996643066
1976-09-28,105.919998168945
1976-09-29,105.370002746582
1976-09-30,105.23999786377
1976-10-01,104.169998168945
1976-10-04,104.029998779297
1976-10-05,103.230003356934
1976-10-06,102.970001220703
1976-10-07,103.540000915527
1976-10-08,102.559997558594
1976-10-11,101.639999389648
1976-10-12,100.809997558594
1976-10-13,102.120002746582
1976-10-14,100.849998474121
1976-10-15,100.879997253418
1976-10-18,101.470001220703
1976-10-19,101.449996948242
1976-10-20,101.73999786377
1976-10-21,100.769996643066
1976-10-22,99.9599990844727
1976-10-25,100.069999694824
1976-10-26,101.059997558594
1976-10-27,101.76000213623
1976-10-28,101.610000610352
1976-10-29,102.900001525879
1976-11-01,103.099998474121
1976-11-03,101.919998168945
1976-11-04,102.410003662109
1976-11-05,100.819999694824
1976-11-08,99.5999984741211
1976-11-09,99.3199996948242
1976-11-10,98.8099975585938
1976-11-11,99.6399993896484
1976-11-12,99.2399978637695
1976-11-15,99.9000015258789
1976-11-16,100.040000915527
1976-11-17,100.610000610352
1976-11-18,101.889999389648
1976-11-19,101.919998168945
1976-11-22,102.589996337891
1976-11-23,101.959999084473
1976-11-24,102.410003662109
1976-11-26,103.150001525879
1976-11-29,102.440002441406
1976-11-30,102.099998474121
1976-12-01,102.48999786377
1976-12-02,102.120002746582
1976-12-03,102.76000213623
1976-12-06,103.559997558594
1976-12-07,103.48999786377
1976-12-08,104.080001831055
1976-12-09,104.51000213623
1976-12-10,104.699996948242
1976-12-13,104.629997253418
1976-12-14,105.069999694824
1976-12-15,105.139999389648
1976-12-16,104.800003051758
1976-12-17,104.26000213623
1976-12-20,103.650001525879
1976-12-21,104.220001220703
1976-12-22,104.709999084473
1976-12-23,104.839996337891
1976-12-27,106.059997558594
1976-12-28,106.769996643066
1976-12-29,106.339996337891
1976-12-30,106.879997253418
1976-12-31,107.459999084473
1977-01-03,107
1977-01-04,105.699996948242
1977-01-05,104.76000213623
1977-01-06,105.019996643066
1977-01-07,105.01000213623
1977-01-10,105.199996948242
1977-01-11,104.120002746582
1977-01-12,103.400001525879
1977-01-13,104.199996948242
1977-01-14,104.01000213623
1977-01-17,103.730003356934
1977-01-18,103.319999694824
1977-01-19,103.849998474121
1977-01-20,102.970001220703
1977-01-21,103.319999694824
1977-01-24,103.25
1977-01-25,103.129997253418
1977-01-26,102.339996337891
1977-01-27,101.790000915527
1977-01-28,101.930000305176
1977-01-31,102.029998779297
1977-02-01,102.540000915527
1977-02-02,102.360000610352
1977-02-03,101.849998474121
1977-02-04,101.879997253418
1977-02-07,101.889999389648
1977-02-08,101.599998474121
1977-02-09,100.730003356934
1977-02-10,100.819999694824
1977-02-11,100.220001220703
1977-02-14,100.73999786377
1977-02-15,101.040000915527
1977-02-16,101.5
1977-02-17,100.919998168945
1977-02-18,100.48999786377
1977-02-22,100.48999786377
1977-02-23,100.190002441406
1977-02-24,99.5999984741211
1977-02-25,99.4800033569336
1977-02-28,99.8199996948242
1977-03-01,100.660003662109
1977-03-02,100.389999389648
1977-03-03,100.879997253418
1977-03-04,101.199996948242
1977-03-07,101.25
1977-03-08,100.870002746582
1977-03-09,100.099998474121
1977-03-10,100.669998168945
1977-03-11,100.650001525879
1977-03-14,101.419998168945
1977-03-15,101.980003356934
1977-03-16,102.169998168945
1977-03-17,102.080001831055
1977-03-18,101.860000610352
1977-03-21,101.309997558594
1977-03-22,101
1977-03-23,100.199996948242
1977-03-24,99.6999969482422
1977-03-25,99.0599975585938
1977-03-28,99
1977-03-29,99.6900024414062
1977-03-30,98.5400009155273
1977-03-31,98.4199981689453
1977-04-01,99.2099990844727
1977-04-04,98.2300033569336
1977-04-05,98.0100021362305
1977-04-06,97.9100036621094
1977-04-07,98.3499984741211
1977-04-11,98.879997253418
1977-04-12,100.150001525879
1977-04-13,100.160003662109
1977-04-14,101
1977-04-15,101.040000915527
1977-04-18,100.540000915527
1977-04-19,100.069999694824
1977-04-20,100.400001525879
1977-04-21,99.75
1977-04-22,98.4400024414062
1977-04-25,97.1500015258789
1977-04-26,97.1100006103516
1977-04-27,97.9599990844727
1977-04-28,98.1999969482422
1977-04-29,98.4400024414062
1977-05-02,98.9300003051758
1977-05-03,99.4300003051758
1977-05-04,99.9599990844727
1977-05-05,100.110000610352
1977-05-06,99.4899978637695
1977-05-09,99.1800003051758
1977-05-10,99.4700012207031
1977-05-11,98.7799987792969
1977-05-12,98.7300033569336
1977-05-13,99.0299987792969
1977-05-16,99.4700012207031
1977-05-17,99.7699966430664
1977-05-18,100.300003051758
1977-05-19,99.879997253418
1977-05-20,99.4499969482422
1977-05-23,98.1500015258789
1977-05-24,97.6699981689453
1977-05-25,96.7699966430664
1977-05-26,97.0100021362305
1977-05-27,96.2699966430664
1977-05-31,96.120002746582
1977-06-01,96.9300003051758
1977-06-02,96.7399978637695
1977-06-03,97.6900024414062
1977-06-06,97.2300033569336
1977-06-07,97.7300033569336
1977-06-08,98.1999969482422
1977-06-09,98.1399993896484
1977-06-10,98.4599990844727
1977-06-13,98.7399978637695
1977-06-14,99.8600006103516
1977-06-15,99.6100006103516
1977-06-16,99.8499984741211
1977-06-17,99.9700012207031
1977-06-20,100.419998168945
1977-06-21,100.73999786377
1977-06-22,100.459999084473
1977-06-23,100.620002746582
1977-06-24,101.190002441406
1977-06-27,100.980003356934
1977-06-28,100.139999389648
1977-06-29,100.110000610352
1977-06-30,100.480003356934
1977-07-01,100.099998474121
1977-07-05,100.089996337891
1977-07-06,99.5800018310547
1977-07-07,99.9300003051758
1977-07-08,99.7900009155273
1977-07-11,99.5500030517578
1977-07-12,99.4499969482422
1977-07-13,99.5899963378906
1977-07-15,100.180000305176
1977-07-18,100.949996948242
1977-07-19,101.790000915527
1977-07-20,101.730003356934
1977-07-21,101.589996337891
1977-07-22,101.669998168945
1977-07-25,100.849998474121
1977-07-26,100.269996643066
1977-07-27,98.6399993896484
1977-07-28,98.7900009155273
1977-07-29,98.8499984741211
1977-08-01,99.120002746582
1977-08-02,98.5
1977-08-03,98.370002746582
1977-08-04,98.7399978637695
1977-08-05,98.7600021362305
1977-08-08,97.9899978637695
1977-08-09,98.0500030517578
1977-08-10,98.9199981689453
1977-08-11,98.1600036621094
1977-08-12,97.879997253418
1977-08-15,98.1800003051758
1977-08-16,97.7300033569336
1977-08-17,97.7399978637695
1977-08-18,97.6800003051758
1977-08-19,97.5100021362305
1977-08-22,97.7900009155273
1977-08-23,97.620002746582
1977-08-24,97.2300033569336
1977-08-25,96.1500015258789
1977-08-26,96.0599975585938
1977-08-29,96.9199981689453
1977-08-30,96.379997253418
1977-08-31,96.7699966430664
1977-09-01,96.8300018310547
1977-09-02,97.4499969482422
1977-09-06,97.7099990844727
1977-09-07,98.0100021362305
1977-09-08,97.2799987792969
1977-09-09,96.370002746582
1977-09-12,96.0299987792969
1977-09-13,96.0899963378906
1977-09-14,96.5500030517578
1977-09-15,96.8000030517578
1977-09-16,96.4800033569336
1977-09-19,95.8499984741211
1977-09-20,95.8899993896484
1977-09-21,95.0999984741211
1977-09-22,95.0899963378906
1977-09-23,95.0400009155273
1977-09-26,95.379997253418
1977-09-27,95.2399978637695
1977-09-28,95.3099975585938
1977-09-29,95.8499984741211
1977-09-30,96.5299987792969
1977-10-03,96.7399978637695
1977-10-04,96.0299987792969
1977-10-05,95.6800003051758
1977-10-06,96.0500030517578
1977-10-07,95.9700012207031
1977-10-10,95.75
1977-10-11,94.9300003051758
1977-10-12,94.0400009155273
1977-10-13,93.4599990844727
1977-10-14,93.5599975585938
1977-10-17,93.4700012207031
1977-10-18,93.4599990844727
1977-10-19,92.379997253418
1977-10-20,92.6699981689453
1977-10-21,92.3199996948242
1977-10-24,91.629997253418
1977-10-25,91
1977-10-26,92.0999984741211
1977-10-27,92.3399963378906
1977-10-28,92.6100006103516
1977-10-31,92.3399963378906
1977-11-01,91.3499984741211
1977-11-02,90.7099990844727
1977-11-03,90.7600021362305
1977-11-04,91.5800018310547
1977-11-07,92.2900009155273
1977-11-08,92.4599990844727
1977-11-09,92.9800033569336
1977-11-10,94.7099990844727
1977-11-11,95.9800033569336
1977-11-14,95.3199996948242
1977-11-15,95.9300003051758
1977-11-16,95.4499969482422
1977-11-17,95.1600036621094
1977-11-18,95.3300018310547
1977-11-21,95.25
1977-11-22,96.0899963378906
1977-11-23,96.4899978637695
1977-11-25,96.6900024414062
1977-11-28,96.0400009155273
1977-11-29,94.5500030517578
1977-11-30,94.8300018310547
1977-12-01,94.6900024414062
1977-12-02,94.6699981689453
1977-12-05,94.2699966430664
1977-12-06,92.8300018310547
1977-12-07,92.7799987792969
1977-12-08,92.9599990844727
1977-12-09,93.6500015258789
1977-12-12,93.629997253418
1977-12-13,93.5599975585938
1977-12-14,94.0299987792969
1977-12-15,93.5500030517578
1977-12-16,93.4000015258789
1977-12-19,92.6900024414062
1977-12-20,92.5
1977-12-21,93.0500030517578
1977-12-22,93.8000030517578
1977-12-23,94.6900024414062
1977-12-27,94.6900024414062
1977-12-28,94.75
1977-12-29,94.9400024414062
1977-12-30,95.0999984741211
1978-01-03,93.8199996948242
1978-01-04,93.5199966430664
1978-01-05,92.7399978637695
1978-01-06,91.620002746582
1978-01-09,90.6399993896484
1978-01-10,90.1699981689453
1978-01-11,89.7399978637695
1978-01-12,89.8199996948242
1978-01-13,89.6900024414062
1978-01-16,89.4300003051758
1978-01-17,89.879997253418
1978-01-18,90.5599975585938
1978-01-19,90.0899963378906
1978-01-20,89.8899993896484
1978-01-23,89.2399978637695
1978-01-24,89.25
1978-01-25,89.3899993896484
1978-01-26,88.5800018310547
1978-01-27,88.5800018310547
1978-01-30,89.3399963378906
1978-01-31,89.25
1978-02-01,89.9300003051758
1978-02-02,90.129997253418
1978-02-03,89.620002746582
1978-02-06,89.5
1978-02-07,90.3300018310547
1978-02-08,90.8300018310547
1978-02-09,90.3000030517578
1978-02-10,90.0800018310547
1978-02-13,89.8600006103516
1978-02-14,89.0400009155273
1978-02-15,88.8300018310547
1978-02-16,88.0800018310547
1978-02-17,87.9599990844727
1978-02-21,87.5899963378906
1978-02-22,87.5599975585938
1978-02-23,87.6399993896484
1978-02-24,88.4899978637695
1978-02-27,87.7200012207031
1978-02-28,87.0400009155273
1978-03-01,87.1900024414062
1978-03-02,87.3199996948242
1978-03-03,87.4499969482422
1978-03-06,86.9000015258789
1978-03-07,87.3600006103516
1978-03-08,87.8399963378906
1978-03-09,87.8899993896484
1978-03-10,88.879997253418
1978-03-13,88.9499969482422
1978-03-14,89.3499984741211
1978-03-15,89.120002746582
1978-03-16,89.5100021362305
1978-03-17,90.1999969482422
1978-03-20,90.8199996948242
1978-03-21,89.7900009155273
1978-03-22,89.4700012207031
1978-03-23,89.3600006103516
1978-03-27,88.870002746582
1978-03-28,89.5
1978-03-29,89.6399993896484
1978-03-30,89.4100036621094
1978-03-31,89.2099990844727
1978-04-03,88.4599990844727
1978-04-04,88.8600006103516
1978-04-05,89.6399993896484
1978-04-06,89.7900009155273
1978-04-07,90.1699981689453
1978-04-10,90.4899978637695
1978-04-11,90.25
1978-04-12,90.1100006103516
1978-04-13,90.9800033569336
1978-04-14,92.9199981689453
1978-04-17,94.4499969482422
1978-04-18,93.4300003051758
1978-04-19,93.8600006103516
1978-04-20,94.5400009155273
1978-04-21,94.3399963378906
1978-04-24,95.7699966430664
1978-04-25,96.6399993896484
1978-04-26,96.8199996948242
1978-04-27,95.8600006103516
1978-04-28,96.8300018310547
1978-05-01,97.6699981689453
1978-05-02,97.25
1978-05-03,96.2600021362305
1978-05-04,95.9300003051758
1978-05-05,96.5299987792969
1978-05-08,96.1900024414062
1978-05-09,95.9000015258789
1978-05-10,95.9199981689453
1978-05-11,97.1999969482422
1978-05-12,98.0699996948242
1978-05-15,98.7600021362305
1978-05-16,99.3499984741211
1978-05-17,99.5999984741211
1978-05-18,98.620002746582
1978-05-19,98.120002746582
1978-05-22,99.0899963378906
1978-05-23,98.0500030517578
1978-05-24,97.0800018310547
1978-05-25,96.8000030517578
1978-05-26,96.5800018310547
1978-05-30,96.8600006103516
1978-05-31,97.2399978637695
1978-06-01,97.3499984741211
1978-06-02,98.1399993896484
1978-06-05,99.9499969482422
1978-06-06,100.319999694824
1978-06-07,100.120002746582
1978-06-08,100.209999084473
1978-06-09,99.9300003051758
1978-06-12,99.5500030517578
1978-06-13,99.5699996948242
1978-06-14,99.4800033569336
1978-06-15,98.3399963378906
1978-06-16,97.4199981689453
1978-06-19,97.4899978637695
1978-06-20,96.5100021362305
1978-06-21,96.0100021362305
1978-06-22,96.2399978637695
1978-06-23,95.8499984741211
1978-06-26,94.5999984741211
1978-06-27,94.9800033569336
1978-06-28,95.4000015258789
1978-06-29,95.5699996948242
1978-06-30,95.5299987792969
1978-07-03,95.0899963378906
1978-07-05,94.2699966430664
1978-07-06,94.3199996948242
1978-07-07,94.8899993896484
1978-07-10,95.2699966430664
1978-07-11,95.9300003051758
1978-07-12,96.2399978637695
1978-07-13,96.25
1978-07-14,97.5800018310547
1978-07-17,97.7799987792969
1978-07-18,96.870002746582
1978-07-19,98.120002746582
1978-07-20,98.0299987792969
1978-07-21,97.75
1978-07-24,97.7200012207031
1978-07-25,98.4400024414062
1978-07-26,99.0800018310547
1978-07-27,99.5400009155273
1978-07-28,100
1978-07-31,100.680000305176
1978-08-01,100.660003662109
1978-08-02,102.919998168945
1978-08-03,103.51000213623
1978-08-04,103.919998168945
1978-08-07,103.550003051758
1978-08-08,104.01000213623
1978-08-09,104.5
1978-08-10,103.660003662109
1978-08-11,103.959999084473
1978-08-14,103.970001220703
1978-08-15,103.849998474121
1978-08-16,104.650001525879
1978-08-17,105.080001831055
1978-08-18,104.730003356934
1978-08-21,103.889999389648
1978-08-22,104.309997558594
1978-08-23,104.910003662109
1978-08-24,105.080001831055
1978-08-25,104.900001525879
1978-08-28,103.959999084473
1978-08-29,103.389999389648
1978-08-30,103.5
1978-08-31,103.290000915527
1978-09-01,103.680000305176
1978-09-05,104.48999786377
1978-09-06,105.379997253418
1978-09-07,105.419998168945
1978-09-08,106.790000915527
1978-09-11,106.980003356934
1978-09-12,106.98999786377
1978-09-13,106.339996337891
1978-09-14,105.099998474121
1978-09-15,104.120002746582
1978-09-18,103.209999084473
1978-09-19,102.529998779297
1978-09-20,101.730003356934
1978-09-21,101.900001525879
1978-09-22,101.839996337891
1978-09-25,101.860000610352
1978-09-26,102.620002746582
1978-09-27,101.660003662109
1978-09-28,101.959999084473
1978-09-29,102.540000915527
1978-10-02,102.959999084473
1978-10-03,102.599998474121
1978-10-04,103.059997558594
1978-10-05,103.269996643066
1978-10-06,103.519996643066
1978-10-09,104.589996337891
1978-10-10,104.459999084473
1978-10-11,105.389999389648
1978-10-12,104.879997253418
1978-10-13,104.660003662109
1978-10-16,102.610000610352
1978-10-17,101.26000213623
1978-10-18,100.48999786377
1978-10-19,99.3300018310547
1978-10-20,97.9499969482422
1978-10-23,98.1800003051758
1978-10-24,97.4899978637695
1978-10-25,97.3099975585938
1978-10-26,96.0299987792969
1978-10-27,94.5899963378906
1978-10-30,95.0599975585938
1978-10-31,93.1500015258789
1978-11-01,96.8499984741211
1978-11-02,95.6100006103516
1978-11-03,96.1800003051758
1978-11-06,95.1900024414062
1978-11-07,93.8499984741211
1978-11-08,94.4499969482422
1978-11-09,94.4199981689453
1978-11-10,94.7699966430664
1978-11-13,93.129997253418
1978-11-14,92.4899978637695
1978-11-15,92.7099990844727
1978-11-16,93.7099990844727
1978-11-17,94.4199981689453
1978-11-20,95.25
1978-11-21,95.0100021362305
1978-11-22,95.4800033569336
1978-11-24,95.7900009155273
1978-11-27,95.9899978637695
1978-11-28,95.1500015258789
1978-11-29,93.75
1978-11-30,94.6999969482422
1978-12-01,96.2799987792969
1978-12-04,96.1500015258789
1978-12-05,97.4400024414062
1978-12-06,97.4899978637695
1978-12-07,97.0800018310547
1978-12-08,96.629997253418
1978-12-11,97.1100006103516
1978-12-12,96.5899963378906
1978-12-13,96.0599975585938
1978-12-14,96.0400009155273
1978-12-15,95.3300018310547
1978-12-18,93.4400024414062
1978-12-19,94.2399978637695
1978-12-20,94.6800003051758
1978-12-21,94.7099990844727
1978-12-22,96.3099975585938
1978-12-26,97.5199966430664
1978-12-27,96.6600036621094
1978-12-28,96.2799987792969
1978-12-29,96.1100006103516
1979-01-02,96.7300033569336
1979-01-03,97.8000030517578
1979-01-04,98.5800018310547
1979-01-05,99.129997253418
1979-01-08,98.8000030517578
1979-01-09,99.3300018310547
1979-01-10,98.7699966430664
1979-01-11,99.0999984741211
1979-01-12,99.9300003051758
1979-01-15,100.690002441406
1979-01-16,99.4599990844727
1979-01-17,99.4800033569336
1979-01-18,99.7200012207031
1979-01-19,99.75
1979-01-22,99.9000015258789
1979-01-23,100.599998474121
1979-01-24,100.160003662109
1979-01-25,101.190002441406
1979-01-26,101.860000610352
1979-01-29,101.550003051758
1979-01-30,101.050003051758
1979-01-31,99.9300003051758
1979-02-01,99.9599990844727
1979-02-02,99.5
1979-02-05,98.0899963378906
1979-02-06,98.0500030517578
1979-02-07,97.1600036621094
1979-02-08,97.6500015258789
1979-02-09,97.870002746582
1979-02-12,98.1999969482422
1979-02-13,98.9300003051758
1979-02-14,98.870002746582
1979-02-15,98.7300033569336
1979-02-16,98.6699981689453
1979-02-20,99.4199981689453
1979-02-21,99.0699996948242
1979-02-22,98.3300018310547
1979-02-23,97.7799987792969
1979-02-26,97.6699981689453
1979-02-27,96.129997253418
1979-02-28,96.2799987792969
1979-03-01,96.9000015258789
1979-03-02,96.9700012207031
1979-03-05,98.0599975585938
1979-03-06,97.870002746582
1979-03-07,98.4400024414062
1979-03-08,99.5800018310547
1979-03-09,99.5400009155273
1979-03-12,99.6699981689453
1979-03-13,99.8399963378906
1979-03-14,99.7099990844727
1979-03-15,99.8600006103516
1979-03-16,100.690002441406
1979-03-19,101.059997558594
1979-03-20,100.5
1979-03-21,101.25
1979-03-22,101.669998168945
1979-03-23,101.599998474121
1979-03-26,101.040000915527
1979-03-27,102.480003356934
1979-03-28,102.120002746582
1979-03-29,102.029998779297
1979-03-30,101.589996337891
1979-04-02,100.900001525879
1979-04-03,102.400001525879
1979-04-04,102.650001525879
1979-04-05,103.26000213623
1979-04-06,103.180000305176
1979-04-09,102.870002746582
1979-04-10,103.339996337891
1979-04-11,102.309997558594
1979-04-12,102
1979-04-16,101.120002746582
1979-04-17,101.23999786377
1979-04-18,101.699996948242
1979-04-19,101.279998779297
1979-04-20,101.230003356934
1979-04-23,101.569999694824
1979-04-24,102.199996948242
1979-04-25,102.5
1979-04-26,102.01000213623
1979-04-27,101.800003051758
1979-04-30,101.76000213623
1979-05-01,101.680000305176
1979-05-02,101.720001220703
1979-05-03,101.809997558594
1979-05-04,100.690002441406
1979-05-07,99.0199966430664
1979-05-08,99.1699981689453
1979-05-09,99.4599990844727
1979-05-10,98.5199966430664
1979-05-11,98.5199966430664
1979-05-14,98.0599975585938
1979-05-15,98.1399993896484
1979-05-16,98.4199981689453
1979-05-17,99.9400024414062
1979-05-18,99.9300003051758
1979-05-21,100.139999389648
1979-05-22,100.51000213623
1979-05-23,99.8899993896484
1979-05-24,99.9300003051758
1979-05-25,100.220001220703
1979-05-29,100.050003051758
1979-05-30,99.1100006103516
1979-05-31,99.0800018310547
1979-06-01,99.1699981689453
1979-06-04,99.3199996948242
1979-06-05,100.620002746582
1979-06-06,101.300003051758
1979-06-07,101.790000915527
1979-06-08,101.48999786377
1979-06-11,101.910003662109
1979-06-12,102.849998474121
1979-06-13,102.309997558594
1979-06-14,102.199996948242
1979-06-15,102.089996337891
1979-06-18,101.559997558594
1979-06-19,101.580001831055
1979-06-20,101.629997253418
1979-06-21,102.089996337891
1979-06-22,102.639999389648
1979-06-25,102.089996337891
1979-06-26,101.660003662109
1979-06-27,102.269996643066
1979-06-28,102.800003051758
1979-06-29,102.910003662109
1979-07-02,101.98999786377
1979-07-03,102.089996337891
1979-07-05,102.430000305176
1979-07-06,103.620002746582
1979-07-09,104.470001220703
1979-07-10,104.199996948242
1979-07-11,103.639999389648
1979-07-12,102.690002441406
1979-07-13,102.319999694824
1979-07-16,102.73999786377
1979-07-17,101.830001831055
1979-07-18,101.690002441406
1979-07-19,101.610000610352
1979-07-20,101.819999694824
1979-07-23,101.589996337891
1979-07-24,101.970001220703
1979-07-25,103.080001831055
1979-07-26,103.099998474121
1979-07-27,103.099998474121
1979-07-30,103.150001525879
1979-07-31,103.809997558594
1979-08-01,104.169998168945
1979-08-02,104.099998474121
1979-08-03,104.040000915527
1979-08-06,104.300003051758
1979-08-07,105.650001525879
1979-08-08,105.980003356934
1979-08-09,105.48999786377
1979-08-10,106.400001525879
1979-08-13,107.419998168945
1979-08-14,107.519996643066
1979-08-15,108.25
1979-08-16,108.089996337891
1979-08-17,108.300003051758
1979-08-20,108.830001831055
1979-08-21,108.910003662109
1979-08-22,108.98999786377
1979-08-23,108.629997253418
1979-08-24,108.599998474121
1979-08-27,109.139999389648
1979-08-28,109.019996643066
1979-08-29,109.019996643066
1979-08-30,109.019996643066
1979-08-31,109.319999694824
1979-09-04,107.440002441406
1979-09-05,106.400001525879
1979-09-06,106.849998474121
1979-09-07,107.660003662109
1979-09-10,108.169998168945
1979-09-11,107.51000213623
1979-09-12,107.819999694824
1979-09-13,107.849998474121
1979-09-14,108.76000213623
1979-09-17,108.839996337891
1979-09-18,108
1979-09-19,108.279998779297
1979-09-20,110.51000213623
1979-09-21,110.470001220703
1979-09-24,109.610000610352
1979-09-25,109.680000305176
1979-09-26,109.959999084473
1979-09-27,110.209999084473
1979-09-28,109.319999694824
1979-10-01,108.559997558594
1979-10-02,109.589996337891
1979-10-03,109.589996337891
1979-10-04,110.169998168945
1979-10-05,111.269996643066
1979-10-08,109.879997253418
1979-10-09,106.629997253418
1979-10-10,105.300003051758
1979-10-11,105.050003051758
1979-10-12,104.48999786377
1979-10-15,103.360000610352
1979-10-16,103.190002441406
1979-10-17,103.389999389648
1979-10-18,103.610000610352
1979-10-19,101.599998474121
1979-10-22,100.709999084473
1979-10-23,100.279998779297
1979-10-24,100.440002441406
1979-10-25,100
1979-10-26,100.569999694824
1979-10-29,100.709999084473
1979-10-30,102.669998168945
1979-10-31,101.819999694824
1979-11-01,102.569999694824
1979-11-02,102.51000213623
1979-11-05,101.819999694824
1979-11-06,101.199996948242
1979-11-07,99.870002746582
1979-11-08,100.300003051758
1979-11-09,101.51000213623
1979-11-12,103.51000213623
1979-11-13,102.940002441406
1979-11-14,103.389999389648
1979-11-15,104.129997253418
1979-11-16,103.790000915527
1979-11-19,104.230003356934
1979-11-20,103.690002441406
1979-11-21,103.889999389648
1979-11-23,104.669998168945
1979-11-26,106.800003051758
1979-11-27,106.379997253418
1979-11-28,106.769996643066
1979-11-29,106.809997558594
1979-11-30,106.160003662109
1979-12-03,105.830001831055
1979-12-04,106.790000915527
1979-12-05,107.25
1979-12-06,108
1979-12-07,107.519996643066
1979-12-10,107.669998168945
1979-12-11,107.48999786377
1979-12-12,107.519996643066
1979-12-13,107.669998168945
1979-12-14,108.919998168945
1979-12-17,109.330001831055
1979-12-18,108.300003051758
1979-12-19,108.199996948242
1979-12-20,108.26000213623
1979-12-21,107.589996337891
1979-12-24,107.660003662109
1979-12-26,107.779998779297
1979-12-27,107.959999084473
1979-12-28,107.839996337891
1979-12-31,107.940002441406
1980-01-02,105.76000213623
1980-01-03,105.220001220703
1980-01-04,106.519996643066
1980-01-07,106.809997558594
1980-01-08,108.949996948242
1980-01-09,109.050003051758
1980-01-10,109.889999389648
1980-01-11,109.919998168945
1980-01-14,110.379997253418
1980-01-15,111.139999389648
1980-01-16,111.050003051758
1980-01-17,110.699996948242
1980-01-18,111.069999694824
1980-01-21,112.099998474121
1980-01-22,111.51000213623
1980-01-23,113.440002441406
1980-01-24,113.699996948242
1980-01-25,113.610000610352
1980-01-28,114.849998474121
1980-01-29,114.069999694824
1980-01-30,115.199996948242
1980-01-31,114.160003662109
1980-02-01,115.120002746582
1980-02-04,114.370002746582
1980-02-05,114.660003662109
1980-02-06,115.720001220703
1980-02-07,116.279998779297
1980-02-08,117.949996948242
1980-02-11,117.120002746582
1980-02-12,117.900001525879
1980-02-13,118.440002441406
1980-02-14,116.720001220703
1980-02-15,115.410003662109
1980-02-19,114.599998474121
1980-02-20,116.470001220703
1980-02-21,115.279998779297
1980-02-22,115.040000915527
1980-02-25,113.330001831055
1980-02-26,113.980003356934
1980-02-27,112.379997253418
1980-02-28,112.349998474121
1980-02-29,113.660003662109
1980-03-03,112.5
1980-03-04,112.779998779297
1980-03-05,111.129997253418
1980-03-06,108.650001525879
1980-03-07,106.900001525879
1980-03-10,106.51000213623
1980-03-11,107.779998779297
1980-03-12,106.870002746582
1980-03-13,105.620002746582
1980-03-14,105.430000305176
1980-03-17,102.26000213623
1980-03-18,104.099998474121
1980-03-19,104.309997558594
1980-03-20,103.120002746582
1980-03-21,102.309997558594
1980-03-24,99.2799987792969
1980-03-25,99.1900024414062
1980-03-26,98.6800003051758
1980-03-27,98.2200012207031
1980-03-28,100.680000305176
1980-03-31,102.089996337891
1980-04-01,102.180000305176
1980-04-02,102.680000305176
1980-04-03,102.150001525879
1980-04-07,100.190002441406
1980-04-08,101.199996948242
1980-04-09,103.110000610352
1980-04-10,104.080001831055
1980-04-11,103.790000915527
1980-04-14,102.839996337891
1980-04-15,102.629997253418
1980-04-16,101.540000915527
1980-04-17,101.050003051758
1980-04-18,100.550003051758
1980-04-21,99.8000030517578
1980-04-22,103.430000305176
1980-04-23,103.730003356934
1980-04-24,104.400001525879
1980-04-25,105.160003662109
1980-04-28,105.639999389648
1980-04-29,105.860000610352
1980-04-30,106.290000915527
1980-05-01,105.459999084473
1980-05-02,105.580001831055
1980-05-05,106.379997253418
1980-05-06,106.25
1980-05-07,107.180000305176
1980-05-08,106.129997253418
1980-05-09,104.720001220703
1980-05-12,104.779998779297
1980-05-13,106.300003051758
1980-05-14,106.849998474121
1980-05-15,106.98999786377
1980-05-16,107.349998474121
1980-05-19,107.669998168945
1980-05-20,107.620002746582
1980-05-21,107.720001220703
1980-05-22,109.01000213623
1980-05-23,110.620002746582
1980-05-27,111.400001525879
1980-05-28,112.059997558594
1980-05-29,110.269996643066
1980-05-30,111.23999786377
1980-06-02,110.76000213623
1980-06-03,110.51000213623
1980-06-04,112.610000610352
1980-06-05,112.779998779297
1980-06-06,113.199996948242
1980-06-09,113.709999084473
1980-06-10,114.660003662109
1980-06-11,116.019996643066
1980-06-12,115.519996643066
1980-06-13,115.809997558594
1980-06-16,116.089996337891
1980-06-17,116.029998779297
1980-06-18,116.26000213623
1980-06-19,114.660003662109
1980-06-20,114.059997558594
1980-06-23,114.51000213623
1980-06-24,115.139999389648
1980-06-25,116.720001220703
1980-06-26,116.190002441406
1980-06-27,116
1980-06-30,114.23999786377
1980-07-01,114.930000305176
1980-07-02,115.680000305176
1980-07-03,117.459999084473
1980-07-07,118.290000915527
1980-07-08,117.839996337891
1980-07-09,117.980003356934
1980-07-10,116.949996948242
1980-07-11,117.839996337891
1980-07-14,120.01000213623
1980-07-15,119.300003051758
1980-07-16,119.629997253418
1980-07-17,121.440002441406
1980-07-18,122.040000915527
1980-07-21,122.51000213623
1980-07-22,122.190002441406
1980-07-23,121.930000305176
1980-07-24,121.790000915527
1980-07-25,120.779998779297
1980-07-28,121.430000305176
1980-07-29,122.400001525879
1980-07-30,122.230003356934
1980-07-31,121.669998168945
1980-08-01,121.209999084473
1980-08-04,120.980003356934
1980-08-05,120.73999786377
1980-08-06,121.550003051758
1980-08-07,123.300003051758
1980-08-08,123.610000610352
1980-08-11,124.779998779297
1980-08-12,123.790000915527
1980-08-13,123.279998779297
1980-08-14,125.25
1980-08-15,125.720001220703
1980-08-18,123.389999389648
1980-08-19,122.599998474121
1980-08-20,123.769996643066
1980-08-21,125.459999084473
1980-08-22,126.019996643066
1980-08-25,125.160003662109
1980-08-26,124.839996337891
1980-08-27,123.519996643066
1980-08-28,122.080001831055
1980-08-29,122.379997253418
1980-09-02,123.73999786377
1980-09-03,126.120002746582
1980-09-04,125.419998168945
1980-09-05,124.879997253418
1980-09-08,123.309997558594
1980-09-09,124.069999694824
1980-09-10,124.809997558594
1980-09-11,125.660003662109
1980-09-12,125.540000915527
1980-09-15,125.669998168945
1980-09-16,126.73999786377
1980-09-17,128.869995117188
1980-09-18,128.399993896484
1980-09-19,129.25
1980-09-22,130.399993896484
1980-09-23,129.429992675781
1980-09-24,130.369995117188
1980-09-25,128.720001220703
1980-09-26,126.349998474121
1980-09-29,123.540000915527
1980-09-30,125.459999084473
1980-10-01,127.129997253418
1980-10-02,128.089996337891
1980-10-03,129.330001831055
1980-10-06,131.729995727539
1980-10-07,131
1980-10-08,131.649993896484
1980-10-09,131.039993286133
1980-10-10,130.289993286133
1980-10-13,132.029998779297
1980-10-14,132.020004272461
1980-10-15,133.699996948242
1980-10-16,132.220001220703
1980-10-17,131.520004272461
1980-10-20,132.610000610352
1980-10-21,131.839996337891
1980-10-22,131.919998168945
1980-10-23,129.529998779297
1980-10-24,129.850006103516
1980-10-27,127.879997253418
1980-10-28,128.050003051758
1980-10-29,127.910003662109
1980-10-30,126.290000915527
1980-10-31,127.470001220703
1980-11-03,129.039993286133
1980-11-05,131.330001831055
1980-11-06,128.910003662109
1980-11-07,129.179992675781
1980-11-10,129.479995727539
1980-11-11,131.259994506836
1980-11-12,134.589996337891
1980-11-13,136.490005493164
1980-11-14,137.149993896484
1980-11-17,137.75
1980-11-18,139.699996948242
1980-11-19,139.059997558594
1980-11-20,140.399993896484
1980-11-21,139.110000610352
1980-11-24,138.309997558594
1980-11-25,139.330001831055
1980-11-26,140.169998168945
1980-11-28,140.520004272461
1980-12-01,137.210006713867
1980-12-02,136.970001220703
1980-12-03,136.710006713867
1980-12-04,136.479995727539
1980-12-05,134.029998779297
1980-12-08,130.610000610352
1980-12-09,130.479995727539
1980-12-10,128.259994506836
1980-12-11,127.360000610352
1980-12-12,129.229995727539
1980-12-15,129.449996948242
1980-12-16,130.600006103516
1980-12-17,132.889999389648
1980-12-18,133
1980-12-19,133.699996948242
1980-12-22,135.779998779297
1980-12-23,135.300003051758
1980-12-24,135.880004882812
1980-12-26,136.570007324219
1980-12-29,135.029998779297
1980-12-30,135.330001831055
1980-12-31,135.759994506836
1981-01-02,136.339996337891
1981-01-05,137.970001220703
1981-01-06,138.119995117188
1981-01-07,135.080001831055
1981-01-08,133.059997558594
1981-01-09,133.479995727539
1981-01-12,133.520004272461
1981-01-13,133.289993286133
1981-01-14,133.470001220703
1981-01-15,134.220001220703
1981-01-16,134.770004272461
1981-01-19,134.369995117188
1981-01-20,131.649993896484
1981-01-21,131.360000610352
1981-01-22,130.259994506836
1981-01-23,130.229995727539
1981-01-26,129.839996337891
1981-01-27,131.119995117188
1981-01-28,130.339996337891
1981-01-29,130.240005493164
1981-01-30,129.550003051758
1981-02-02,126.910003662109
1981-02-03,128.460006713867
1981-02-04,128.589996337891
1981-02-05,129.630004882812
1981-02-06,130.600006103516
1981-02-09,129.270004272461
1981-02-10,129.240005493164
1981-02-11,128.240005493164
1981-02-12,127.480003356934
1981-02-13,126.980003356934
1981-02-17,127.809997558594
1981-02-18,128.479995727539
1981-02-19,126.610000610352
1981-02-20,126.580001831055
1981-02-23,127.349998474121
1981-02-24,127.389999389648
1981-02-25,128.520004272461
1981-02-26,130.100006103516
1981-02-27,131.270004272461
1981-03-02,132.009994506836
1981-03-03,130.559997558594
1981-03-04,130.860000610352
1981-03-05,129.929992675781
1981-03-06,129.850006103516
1981-03-09,131.119995117188
1981-03-10,130.460006713867
1981-03-11,129.949996948242
1981-03-12,133.190002441406
1981-03-13,133.110000610352
1981-03-16,134.679992675781
1981-03-17,133.919998168945
1981-03-18,134.220001220703
1981-03-19,133.460006713867
1981-03-20,134.080001831055
1981-03-23,135.690002441406
1981-03-24,134.669998168945
1981-03-25,137.110000610352
1981-03-26,136.270004272461
1981-03-27,134.649993896484
1981-03-30,134.279998779297
1981-03-31,136
1981-04-01,136.570007324219
1981-04-02,136.320007324219
1981-04-03,135.490005493164
1981-04-06,133.929992675781
1981-04-07,133.910003662109
1981-04-08,134.309997558594
1981-04-09,134.669998168945
1981-04-10,134.509994506836
1981-04-13,133.149993896484
1981-04-14,132.679992675781
1981-04-15,134.169998168945
1981-04-16,134.699996948242
1981-04-20,135.449996948242
1981-04-21,134.229995727539
1981-04-22,134.139999389648
1981-04-23,133.940002441406
1981-04-24,135.139999389648
1981-04-27,135.479995727539
1981-04-28,134.330001831055
1981-04-29,133.050003051758
1981-04-30,132.809997558594
1981-05-01,132.720001220703
1981-05-04,130.669998168945
1981-05-05,130.320007324219
1981-05-06,130.779998779297
1981-05-07,131.669998168945
1981-05-08,131.660003662109
1981-05-11,129.710006713867
1981-05-12,130.720001220703
1981-05-13,130.550003051758
1981-05-14,131.279998779297
1981-05-15,132.169998168945
1981-05-18,132.539993286133
1981-05-19,132.089996337891
1981-05-20,132
1981-05-21,131.75
1981-05-22,131.330001831055
1981-05-26,132.770004272461
1981-05-27,133.770004272461
1981-05-28,133.449996948242
1981-05-29,132.589996337891
1981-06-01,132.410003662109
1981-06-02,130.619995117188
1981-06-03,130.710006713867
1981-06-04,130.960006713867
1981-06-05,132.220001220703
1981-06-08,132.240005493164
1981-06-09,131.970001220703
1981-06-10,132.320007324219
1981-06-11,133.75
1981-06-12,133.490005493164
1981-06-15,133.610000610352
1981-06-16,132.149993896484
1981-06-17,133.320007324219
1981-06-18,131.639999389648
1981-06-19,132.270004272461
1981-06-22,131.949996948242
1981-06-23,133.350006103516
1981-06-24,132.660003662109
1981-06-25,132.809997558594
1981-06-26,132.559997558594
1981-06-29,131.889999389648
1981-06-30,131.210006713867
1981-07-01,129.770004272461
1981-07-02,128.639999389648
1981-07-06,127.370002746582
1981-07-07,128.240005493164
1981-07-08,128.320007324219
1981-07-09,129.300003051758
1981-07-10,129.369995117188
1981-07-13,129.639999389648
1981-07-14,129.649993896484
1981-07-15,130.229995727539
1981-07-16,130.339996337891
1981-07-17,130.759994506836
1981-07-20,128.720001220703
1981-07-21,128.339996337891
1981-07-22,127.129997253418
1981-07-23,127.400001525879
1981-07-24,128.460006713867
1981-07-27,129.899993896484
1981-07-28,129.139999389648
1981-07-29,129.160003662109
1981-07-30,130.009994506836
1981-07-31,130.919998168945
1981-08-03,130.479995727539
1981-08-04,131.179992675781
1981-08-05,132.669998168945
1981-08-06,132.639999389648
1981-08-07,131.75
1981-08-10,132.539993286133
1981-08-11,133.850006103516
1981-08-12,133.399993896484
1981-08-13,133.509994506836
1981-08-14,132.490005493164
1981-08-17,131.220001220703
1981-08-18,130.110000610352
1981-08-19,130.490005493164
1981-08-20,130.690002441406
1981-08-21,129.229995727539
1981-08-24,125.5
1981-08-25,125.129997253418
1981-08-26,124.959999084473
1981-08-27,123.51000213623
1981-08-28,124.080001831055
1981-08-31,122.790000915527
1981-09-01,123.019996643066
1981-09-02,123.48999786377
1981-09-03,121.23999786377
1981-09-04,120.069999694824
1981-09-08,117.980003356934
1981-09-09,118.400001525879
1981-09-10,120.139999389648
1981-09-11,121.610000610352
1981-09-14,120.660003662109
1981-09-15,119.769996643066
1981-09-16,118.870002746582
1981-09-17,117.150001525879
1981-09-18,116.26000213623
1981-09-21,117.23999786377
1981-09-22,116.680000305176
1981-09-23,115.650001525879
1981-09-24,115.01000213623
1981-09-25,112.769996643066
1981-09-28,115.529998779297
1981-09-29,115.940002441406
1981-09-30,116.180000305176
1981-10-01,117.080001831055
1981-10-02,119.360000610352
1981-10-05,119.51000213623
1981-10-06,119.389999389648
1981-10-07,121.309997558594
1981-10-08,122.309997558594
1981-10-09,121.449996948242
1981-10-12,121.209999084473
1981-10-13,120.779998779297
1981-10-14,118.800003051758
1981-10-15,119.709999084473
1981-10-16,119.190002441406
1981-10-19,118.980003356934
1981-10-20,120.279998779297
1981-10-21,120.099998474121
1981-10-22,119.639999389648
1981-10-23,118.599998474121
1981-10-26,118.160003662109
1981-10-27,119.290000915527
1981-10-28,119.449996948242
1981-10-29,119.059997558594
1981-10-30,121.889999389648
1981-11-02,124.199996948242
1981-11-03,124.800003051758
1981-11-04,124.73999786377
1981-11-05,123.540000915527
1981-11-06,122.669998168945
1981-11-09,123.290000915527
1981-11-10,122.699996948242
1981-11-11,122.919998168945
1981-11-12,123.190002441406
1981-11-13,121.669998168945
1981-11-16,120.23999786377
1981-11-17,121.150001525879
1981-11-18,120.26000213623
1981-11-19,120.709999084473
1981-11-20,121.709999084473
1981-11-23,121.599998474121
1981-11-24,123.51000213623
1981-11-25,124.050003051758
1981-11-27,125.089996337891
1981-11-30,126.349998474121
1981-12-01,126.099998474121
1981-12-02,124.690002441406
1981-12-03,125.120002746582
1981-12-04,126.26000213623
1981-12-07,125.190002441406
1981-12-08,124.819999694824
1981-12-09,125.480003356934
1981-12-10,125.709999084473
1981-12-11,124.930000305176
1981-12-14,122.779998779297
1981-12-15,122.98999786377
1981-12-16,122.419998168945
1981-12-17,123.120002746582
1981-12-18,124
1981-12-21,123.339996337891
1981-12-22,122.879997253418
1981-12-23,122.309997558594
1981-12-24,122.540000915527
1981-12-28,122.269996643066
1981-12-29,121.669998168945
1981-12-30,122.300003051758
1981-12-31,122.550003051758
1982-01-04,122.73999786377
1982-01-05,120.050003051758
1982-01-06,119.180000305176
1982-01-07,118.930000305176
1982-01-08,119.550003051758
1982-01-11,116.779998779297
1982-01-12,116.300003051758
1982-01-13,114.879997253418
1982-01-14,115.540000915527
1982-01-15,116.330001831055
1982-01-18,117.220001220703
1982-01-19,115.970001220703
1982-01-20,115.269996643066
1982-01-21,115.75
1982-01-22,115.379997253418
1982-01-25,115.410003662109
1982-01-26,115.190002441406
1982-01-27,115.73999786377
1982-01-28,118.919998168945
1982-01-29,120.400001525879
1982-02-01,117.779998779297
1982-02-02,118.01000213623
1982-02-03,116.480003356934
1982-02-04,116.419998168945
1982-02-05,117.26000213623
1982-02-08,114.629997253418
1982-02-09,113.680000305176
1982-02-10,114.660003662109
1982-02-11,114.430000305176
1982-02-12,114.379997253418
1982-02-16,114.059997558594
1982-02-17,113.690002441406
1982-02-18,113.819999694824
1982-02-19,113.220001220703
1982-02-22,111.589996337891
1982-02-23,111.51000213623
1982-02-24,113.470001220703
1982-02-25,113.209999084473
1982-02-26,113.110000610352
1982-03-01,113.309997558594
1982-03-02,112.680000305176
1982-03-03,110.919998168945
1982-03-04,109.879997253418
1982-03-05,109.339996337891
1982-03-08,107.339996337891
1982-03-09,108.830001831055
1982-03-10,109.410003662109
1982-03-11,109.360000610352
1982-03-12,108.610000610352
1982-03-15,109.449996948242
1982-03-16,109.279998779297
1982-03-17,109.080001831055
1982-03-18,110.300003051758
1982-03-19,110.610000610352
1982-03-22,112.769996643066
1982-03-23,113.550003051758
1982-03-24,112.970001220703
1982-03-25,113.209999084473
1982-03-26,111.940002441406
1982-03-29,112.300003051758
1982-03-30,112.269996643066
1982-03-31,111.959999084473
1982-04-01,113.790000915527
1982-04-02,115.120002746582
1982-04-05,114.730003356934
1982-04-06,115.360000610352
1982-04-07,115.459999084473
1982-04-08,116.220001220703
1982-04-12,116
1982-04-13,115.98999786377
1982-04-14,115.830001831055
1982-04-15,116.349998474121
1982-04-16,116.809997558594
1982-04-19,116.699996948242
1982-04-20,115.440002441406
1982-04-21,115.720001220703
1982-04-22,117.190002441406
1982-04-23,118.639999389648
1982-04-26,119.26000213623
1982-04-27,118
1982-04-28,117.26000213623
1982-04-29,116.139999389648
1982-04-30,116.440002441406
1982-05-03,116.819999694824
1982-05-04,117.459999084473
1982-05-05,117.669998168945
1982-05-06,118.680000305176
1982-05-07,119.470001220703
1982-05-10,118.379997253418
1982-05-11,119.419998168945
1982-05-12,119.169998168945
1982-05-13,118.220001220703
1982-05-14,118.01000213623
1982-05-17,116.709999084473
1982-05-18,115.839996337891
1982-05-19,114.889999389648
1982-05-20,114.589996337891
1982-05-21,114.889999389648
1982-05-24,114.790000915527
1982-05-25,114.400001525879
1982-05-26,113.110000610352
1982-05-27,112.660003662109
1982-05-28,111.879997253418
1982-06-01,111.680000305176
1982-06-02,112.040000915527
1982-06-03,111.860000610352
1982-06-04,110.089996337891
1982-06-07,110.120002746582
1982-06-08,109.629997253418
1982-06-09,108.98999786377
1982-06-10,109.610000610352
1982-06-11,111.23999786377
1982-06-14,109.959999084473
1982-06-15,109.690002441406
1982-06-16,108.870002746582
1982-06-17,107.599998474121
1982-06-18,107.279998779297
1982-06-21,107.199996948242
1982-06-22,108.300003051758
1982-06-23,110.139999389648
1982-06-24,109.830001831055
1982-06-25,109.139999389648
1982-06-28,110.26000213623
1982-06-29,110.209999084473
1982-06-30,109.610000610352
1982-07-01,108.709999084473
1982-07-02,107.650001525879
1982-07-06,107.290000915527
1982-07-07,107.220001220703
1982-07-08,107.529998779297
1982-07-09,108.830001831055
1982-07-12,109.569999694824
1982-07-13,109.449996948242
1982-07-14,110.440002441406
1982-07-15,110.470001220703
1982-07-16,111.069999694824
1982-07-19,110.730003356934
1982-07-20,111.540000915527
1982-07-21,111.419998168945
1982-07-22,111.480003356934
1982-07-23,111.169998168945
1982-07-26,110.360000610352
1982-07-27,109.430000305176
1982-07-28,107.73999786377
1982-07-29,107.720001220703
1982-07-30,107.089996337891
1982-08-02,108.980003356934
1982-08-03,107.830001831055
1982-08-04,106.139999389648
1982-08-05,105.160003662109
1982-08-06,103.709999084473
1982-08-09,103.080001831055
1982-08-10,102.839996337891
1982-08-11,102.599998474121
1982-08-12,102.419998168945
1982-08-13,103.849998474121
1982-08-16,104.089996337891
1982-08-17,109.040000915527
1982-08-18,108.540000915527
1982-08-19,109.160003662109
1982-08-20,113.019996643066
1982-08-23,116.110000610352
1982-08-24,115.349998474121
1982-08-25,117.580001831055
1982-08-26,118.550003051758
1982-08-27,117.110000610352
1982-08-30,117.660003662109
1982-08-31,119.51000213623
1982-09-01,118.25
1982-09-02,120.290000915527
1982-09-03,122.680000305176
1982-09-07,121.370002746582
1982-09-08,122.199996948242
1982-09-09,121.970001220703
1982-09-10,120.970001220703
1982-09-13,122.23999786377
1982-09-14,123.099998474121
1982-09-15,124.290000915527
1982-09-16,123.769996643066
1982-09-17,122.550003051758
1982-09-20,122.51000213623
1982-09-21,124.879997253418
1982-09-22,123.98999786377
1982-09-23,123.809997558594
1982-09-24,123.319999694824
1982-09-27,123.620002746582
1982-09-28,123.23999786377
1982-09-29,121.629997253418
1982-09-30,120.419998168945
1982-10-01,121.970001220703
1982-10-04,121.51000213623
1982-10-05,121.980003356934
1982-10-06,125.970001220703
1982-10-07,128.800003051758
1982-10-08,131.050003051758
1982-10-11,134.470001220703
1982-10-12,134.440002441406
1982-10-13,136.710006713867
1982-10-14,134.570007324219
1982-10-15,133.570007324219
1982-10-18,136.729995727539
1982-10-19,136.580001831055
1982-10-20,139.229995727539
1982-10-21,139.059997558594
1982-10-22,138.830001831055
1982-10-25,133.320007324219
1982-10-26,134.479995727539
1982-10-27,135.289993286133
1982-10-28,133.589996337891
1982-10-29,133.720001220703
1982-11-01,135.470001220703
1982-11-02,137.490005493164
1982-11-03,142.869995117188
1982-11-04,141.850006103516
1982-11-05,142.160003662109
1982-11-08,140.440002441406
1982-11-09,143.020004272461
1982-11-10,141.160003662109
1982-11-11,141.75
1982-11-12,139.529998779297
1982-11-15,137.029998779297
1982-11-16,135.419998168945
1982-11-17,137.929992675781
1982-11-18,138.339996337891
1982-11-19,137.020004272461
1982-11-22,134.220001220703
1982-11-23,132.929992675781
1982-11-24,133.880004882812
1982-11-26,134.880004882812
1982-11-29,134.199996948242
1982-11-30,138.529998779297
1982-12-01,138.720001220703
1982-12-02,138.820007324219
1982-12-03,138.690002441406
1982-12-06,141.770004272461
1982-12-07,142.720001220703
1982-12-08,141.820007324219
1982-12-09,140
1982-12-10,139.570007324219
1982-12-13,139.949996948242
1982-12-14,137.399993896484
1982-12-15,135.240005493164
1982-12-16,135.300003051758
1982-12-17,137.490005493164
1982-12-20,136.25
1982-12-21,138.610000610352
1982-12-22,138.830001831055
1982-12-23,139.720001220703
1982-12-27,142.169998168945
1982-12-28,140.770004272461
1982-12-29,141.240005493164
1982-12-30,140.330001831055
1982-12-31,140.639999389648
1983-01-03,138.339996337891
1983-01-04,141.360000610352
1983-01-05,141.960006713867
1983-01-06,145.270004272461
1983-01-07,145.179992675781
1983-01-10,146.779998779297
1983-01-11,145.779998779297
1983-01-12,146.690002441406
1983-01-13,145.729995727539
1983-01-14,146.649993896484
1983-01-17,146.720001220703
1983-01-18,146.399993896484
1983-01-19,145.270004272461
1983-01-20,146.289993286133
1983-01-21,143.850006103516
1983-01-24,139.970001220703
1983-01-25,141.75
1983-01-26,141.539993286133
1983-01-27,144.270004272461
1983-01-28,144.509994506836
1983-01-31,145.300003051758
1983-02-01,142.960006713867
1983-02-02,143.229995727539
1983-02-03,144.259994506836
1983-02-04,146.139999389648
1983-02-07,146.929992675781
1983-02-08,145.699996948242
1983-02-09,145
1983-02-10,147.5
1983-02-11,147.649993896484
1983-02-14,148.929992675781
1983-02-15,148.300003051758
1983-02-16,147.429992675781
1983-02-17,147.440002441406
1983-02-18,148
1983-02-22,145.479995727539
1983-02-23,146.789993286133
1983-02-24,149.600006103516
1983-02-25,149.740005493164
1983-02-28,148.059997558594
1983-03-01,150.880004882812
1983-03-02,152.300003051758
1983-03-03,153.479995727539
1983-03-04,153.669998168945
1983-03-07,153.669998168945
1983-03-08,151.259994506836
1983-03-09,152.869995117188
1983-03-10,151.800003051758
1983-03-11,151.240005493164
1983-03-14,150.830001831055
1983-03-15,151.369995117188
1983-03-16,149.809997558594
1983-03-17,149.589996337891
1983-03-18,149.899993896484
1983-03-21,151.190002441406
1983-03-22,150.660003662109
1983-03-23,152.809997558594
1983-03-24,153.369995117188
1983-03-25,152.669998168945
1983-03-28,151.850006103516
1983-03-29,151.589996337891
1983-03-30,153.389999389648
1983-03-31,152.960006713867
1983-04-04,153.020004272461
1983-04-05,151.899993896484
1983-04-06,151.039993286133
1983-04-07,151.759994506836
1983-04-08,152.850006103516
1983-04-11,155.139999389648
1983-04-12,155.820007324219
1983-04-13,156.770004272461
1983-04-14,158.119995117188
1983-04-15,158.75
1983-04-18,159.740005493164
1983-04-19,158.710006713867
1983-04-20,160.710006713867
1983-04-21,160.050003051758
1983-04-22,160.419998168945
1983-04-25,158.809997558594
1983-04-26,161.809997558594
1983-04-27,161.440002441406
1983-04-28,162.949996948242
1983-04-29,164.429992675781
1983-05-02,162.110000610352
1983-05-03,162.339996337891
1983-05-04,163.309997558594
1983-05-05,164.279998779297
1983-05-06,166.100006103516
1983-05-09,165.809997558594
1983-05-10,165.949996948242
1983-05-11,164.960006713867
1983-05-12,164.25
1983-05-13,164.910003662109
1983-05-16,163.399993896484
1983-05-17,163.710006713867
1983-05-18,163.270004272461
1983-05-19,161.990005493164
1983-05-20,162.139999389648
1983-05-23,163.429992675781
1983-05-24,165.539993286133
1983-05-25,166.210006713867
1983-05-26,165.479995727539
1983-05-27,164.460006713867
1983-05-31,162.389999389648
1983-06-01,162.550003051758
1983-06-02,163.979995727539
1983-06-03,164.419998168945
1983-06-06,164.830001831055
1983-06-07,162.770004272461
1983-06-08,161.360000610352
1983-06-09,161.830001831055
1983-06-10,162.679992675781
1983-06-13,164.839996337891
1983-06-14,165.529998779297
1983-06-15,167.119995117188
1983-06-16,169.139999389648
1983-06-17,169.130004882812
1983-06-20,169.020004272461
1983-06-21,170.529998779297
1983-06-22,170.990005493164
1983-06-23,170.570007324219
1983-06-24,170.410003662109
1983-06-27,168.460006713867
1983-06-28,165.679992675781
1983-06-29,166.639999389648
1983-06-30,167.639999389648
1983-07-01,168.639999389648
1983-07-05,166.600006103516
1983-07-06,168.479995727539
1983-07-07,167.559997558594
1983-07-08,167.080001831055
1983-07-11,168.110000610352
1983-07-12,165.529998779297
1983-07-13,165.460006713867
1983-07-14,166.009994506836
1983-07-15,164.289993286133
1983-07-18,163.949996948242
1983-07-19,164.820007324219
1983-07-20,169.289993286133
1983-07-21,169.059997558594
1983-07-22,168.889999389648
1983-07-25,169.529998779297
1983-07-26,170.529998779297
1983-07-27,167.589996337891
1983-07-28,165.039993286133
1983-07-29,162.559997558594
1983-08-01,162.039993286133
1983-08-02,162.009994506836
1983-08-03,163.440002441406
1983-08-04,161.330001831055
1983-08-05,161.740005493164
1983-08-08,159.179992675781
1983-08-09,160.130004882812
1983-08-10,161.539993286133
1983-08-11,161.539993286133
1983-08-12,162.160003662109
1983-08-15,163.699996948242
1983-08-16,163.410003662109
1983-08-17,165.289993286133
1983-08-18,163.550003051758
1983-08-19,163.979995727539
1983-08-22,164.339996337891
1983-08-23,162.770004272461
1983-08-24,161.25
1983-08-25,160.839996337891
1983-08-26,162.139999389648
1983-08-29,162.25
1983-08-30,162.580001831055
1983-08-31,164.399993896484
1983-09-01,164.229995727539
1983-09-02,165
1983-09-06,167.889999389648
1983-09-07,167.960006713867
1983-09-08,167.770004272461
1983-09-09,166.919998168945
1983-09-12,165.479995727539
1983-09-13,164.800003051758
1983-09-14,165.350006103516
1983-09-15,164.380004882812
1983-09-16,166.25
1983-09-19,167.619995117188
1983-09-20,169.240005493164
1983-09-21,168.410003662109
1983-09-22,169.759994506836
1983-09-23,169.509994506836
1983-09-26,170.070007324219
1983-09-27,168.429992675781
1983-09-28,168
1983-09-29,167.229995727539
1983-09-30,166.070007324219
1983-10-03,165.809997558594
1983-10-04,166.270004272461
1983-10-05,167.740005493164
1983-10-06,170.279998779297
1983-10-07,170.800003051758
1983-10-10,172.649993896484
1983-10-11,170.339996337891
1983-10-12,169.619995117188
1983-10-13,169.869995117188
1983-10-14,169.860000610352
1983-10-17,170.429992675781
1983-10-18,167.809997558594
1983-10-19,166.729995727539
1983-10-20,166.979995727539
1983-10-21,165.949996948242
1983-10-24,165.990005493164
1983-10-25,166.470001220703
1983-10-26,165.380004882812
1983-10-27,164.839996337891
1983-10-28,163.369995117188
1983-10-31,163.550003051758
1983-11-01,163.660003662109
1983-11-02,164.839996337891
1983-11-03,163.449996948242
1983-11-04,162.440002441406
1983-11-07,161.910003662109
1983-11-08,161.759994506836
1983-11-09,163.970001220703
1983-11-10,164.410003662109
1983-11-11,166.289993286133
1983-11-14,166.580001831055
1983-11-15,165.360000610352
1983-11-16,166.080001831055
1983-11-17,166.130004882812
1983-11-18,165.089996337891
1983-11-21,166.050003051758
1983-11-22,166.839996337891
1983-11-23,166.960006713867
1983-11-25,167.179992675781
1983-11-28,166.539993286133
1983-11-29,167.910003662109
1983-11-30,166.399993896484
1983-12-01,166.490005493164
1983-12-02,165.440002441406
1983-12-05,165.759994506836
1983-12-06,165.470001220703
1983-12-07,165.910003662109
1983-12-08,165.199996948242
1983-12-09,165.080001831055
1983-12-12,165.619995117188
1983-12-13,164.929992675781
1983-12-14,163.330001831055
1983-12-15,161.660003662109
1983-12-16,162.389999389648
1983-12-19,162.320007324219
1983-12-20,162
1983-12-21,163.559997558594
1983-12-22,163.529998779297
1983-12-23,163.220001220703
1983-12-27,164.759994506836
1983-12-28,165.339996337891
1983-12-29,164.860000610352
1983-12-30,164.929992675781
1984-01-03,164.039993286133
1984-01-04,166.779998779297
1984-01-05,168.809997558594
1984-01-06,169.279998779297
1984-01-09,168.899993896484
1984-01-10,167.949996948242
1984-01-11,167.800003051758
1984-01-12,167.75
1984-01-13,167.020004272461
1984-01-16,167.179992675781
1984-01-17,167.830001831055
1984-01-18,167.550003051758
1984-01-19,167.039993286133
1984-01-20,166.210006713867
1984-01-23,164.869995117188
1984-01-24,165.940002441406
1984-01-25,164.839996337891
1984-01-26,164.240005493164
1984-01-27,163.940002441406
1984-01-30,162.869995117188
1984-01-31,163.410003662109
1984-02-01,162.740005493164
1984-02-02,163.360000610352
1984-02-03,160.910003662109
1984-02-06,158.080001831055
1984-02-07,158.740005493164
1984-02-08,155.850006103516
1984-02-09,155.419998168945
1984-02-10,156.300003051758
1984-02-13,154.949996948242
1984-02-14,156.610000610352
1984-02-15,156.25
1984-02-16,156.130004882812
1984-02-17,155.740005493164
1984-02-21,154.639999389648
1984-02-22,154.309997558594
1984-02-23,154.289993286133
1984-02-24,157.509994506836
1984-02-27,159.300003051758
1984-02-28,156.820007324219
1984-02-29,157.059997558594
1984-03-01,158.190002441406
1984-03-02,159.240005493164
1984-03-05,157.889999389648
1984-03-06,156.25
1984-03-07,154.570007324219
1984-03-08,155.190002441406
1984-03-09,154.350006103516
1984-03-12,156.339996337891
1984-03-13,156.779998779297
1984-03-14,156.770004272461
1984-03-15,157.410003662109
1984-03-16,159.270004272461
1984-03-19,157.779998779297
1984-03-20,158.860000610352
1984-03-21,158.660003662109
1984-03-22,156.690002441406
1984-03-23,156.860000610352
1984-03-26,156.669998168945
1984-03-27,157.300003051758
1984-03-28,159.880004882812
1984-03-29,159.520004272461
1984-03-30,159.179992675781
1984-04-02,157.979995727539
1984-04-03,157.660003662109
1984-04-04,157.539993286133
1984-04-05,155.039993286133
1984-04-06,155.479995727539
1984-04-09,155.449996948242
1984-04-10,155.869995117188
1984-04-11,155
1984-04-12,157.729995727539
1984-04-13,157.309997558594
1984-04-16,158.320007324219
1984-04-17,158.970001220703
1984-04-18,157.899993896484
1984-04-19,158.020004272461
1984-04-23,156.800003051758
1984-04-24,158.070007324219
1984-04-25,158.649993896484
1984-04-26,160.300003051758
1984-04-27,159.889999389648
1984-04-30,160.050003051758
1984-05-01,161.679992675781
1984-05-02,161.899993896484
1984-05-03,161.199996948242
1984-05-04,159.110000610352
1984-05-07,159.470001220703
1984-05-08,160.520004272461
1984-05-09,160.110000610352
1984-05-10,160
1984-05-11,158.490005493164
1984-05-14,157.5
1984-05-15,158
1984-05-16,157.990005493164
1984-05-17,156.570007324219
1984-05-18,155.779998779297
1984-05-21,154.729995727539
1984-05-22,153.880004882812
1984-05-23,153.149993896484
1984-05-24,151.229995727539
1984-05-25,151.619995117188
1984-05-29,150.289993286133
1984-05-30,150.350006103516
1984-05-31,150.550003051758
1984-06-01,153.240005493164
1984-06-04,154.339996337891
1984-06-05,153.649993896484
1984-06-06,155.009994506836
1984-06-07,154.919998168945
1984-06-08,155.169998168945
1984-06-11,153.059997558594
1984-06-12,152.190002441406
1984-06-13,152.130004882812
1984-06-14,150.389999389648
1984-06-15,149.029998779297
1984-06-18,151.729995727539
1984-06-19,152.610000610352
1984-06-20,154.839996337891
1984-06-21,154.509994506836
1984-06-22,154.460006713867
1984-06-25,153.970001220703
1984-06-26,152.710006713867
1984-06-27,151.639999389648
1984-06-28,152.839996337891
1984-06-29,153.179992675781
1984-07-02,153.199996948242
1984-07-03,153.699996948242
1984-07-05,152.759994506836
1984-07-06,152.240005493164
1984-07-09,153.360000610352
1984-07-10,152.889999389648
1984-07-11,150.559997558594
1984-07-12,150.029998779297
1984-07-13,150.880004882812
1984-07-16,151.600006103516
1984-07-17,152.380004882812
1984-07-18,151.399993896484
1984-07-19,150.369995117188
1984-07-20,149.550003051758
1984-07-23,148.949996948242
1984-07-24,147.820007324219
1984-07-25,148.830001831055
1984-07-26,150.080001831055
1984-07-27,151.190002441406
1984-07-30,150.190002441406
1984-07-31,150.660003662109
1984-08-01,154.080001831055
1984-08-02,157.990005493164
1984-08-03,162.350006103516
1984-08-06,162.600006103516
1984-08-07,162.720001220703
1984-08-08,161.75
1984-08-09,165.539993286133
1984-08-10,165.419998168945
1984-08-13,165.429992675781
1984-08-14,164.419998168945
1984-08-15,162.800003051758
1984-08-16,163.770004272461
1984-08-17,164.139999389648
1984-08-20,164.940002441406
1984-08-21,167.830001831055
1984-08-22,167.059997558594
1984-08-23,167.119995117188
1984-08-24,167.509994506836
1984-08-27,166.440002441406
1984-08-28,167.399993896484
1984-08-29,167.089996337891
1984-08-30,166.600006103516
1984-08-31,166.679992675781
1984-09-04,164.880004882812
1984-09-05,164.289993286133
1984-09-06,165.649993896484
1984-09-07,164.369995117188
1984-09-10,164.259994506836
1984-09-11,164.449996948242
1984-09-12,164.679992675781
1984-09-13,167.940002441406
1984-09-14,168.779998779297
1984-09-17,168.869995117188
1984-09-18,167.649993896484
1984-09-19,166.940002441406
1984-09-20,167.470001220703
1984-09-21,165.669998168945
1984-09-24,165.279998779297
1984-09-25,165.619995117188
1984-09-26,166.279998779297
1984-09-27,166.960006713867
1984-09-28,166.100006103516
1984-10-01,164.619995117188
1984-10-02,163.589996337891
1984-10-03,162.440002441406
1984-10-04,162.919998168945
1984-10-05,162.679992675781
1984-10-08,162.130004882812
1984-10-09,161.669998168945
1984-10-10,162.110000610352
1984-10-11,162.779998779297
1984-10-12,164.179992675781
1984-10-15,165.770004272461
1984-10-16,164.779998779297
1984-10-17,164.139999389648
1984-10-18,168.100006103516
1984-10-19,167.960006713867
1984-10-22,167.360000610352
1984-10-23,167.089996337891
1984-10-24,167.199996948242
1984-10-25,166.309997558594
1984-10-26,165.289993286133
1984-10-29,164.779998779297
1984-10-30,166.839996337891
1984-10-31,166.089996337891
1984-11-01,167.490005493164
1984-11-02,167.419998168945
1984-11-05,168.580001831055
1984-11-06,170.410003662109
1984-11-07,169.169998168945
1984-11-08,168.679992675781
1984-11-09,167.600006103516
1984-11-12,167.360000610352
1984-11-13,165.970001220703
1984-11-14,165.990005493164
1984-11-15,165.889999389648
1984-11-16,164.100006103516
1984-11-19,163.089996337891
1984-11-20,164.179992675781
1984-11-21,164.509994506836
1984-11-23,166.919998168945
1984-11-26,165.550003051758
1984-11-27,166.289993286133
1984-11-28,165.020004272461
1984-11-29,163.910003662109
1984-11-30,163.580001831055
1984-12-03,162.820007324219
1984-12-04,163.380004882812
1984-12-05,162.100006103516
1984-12-06,162.759994506836
1984-12-07,162.259994506836
1984-12-10,162.830001831055
1984-12-11,163.070007324219
1984-12-12,162.630004882812
1984-12-13,161.809997558594
1984-12-14,162.690002441406
1984-12-17,163.610000610352
1984-12-18,168.110000610352
1984-12-19,167.160003662109
1984-12-20,166.380004882812
1984-12-21,165.509994506836
1984-12-24,166.759994506836
1984-12-26,166.470001220703
1984-12-27,165.75
1984-12-28,166.259994506836
1984-12-31,167.240005493164
1985-01-02,165.369995117188
1985-01-03,164.570007324219
1985-01-04,163.679992675781
1985-01-07,164.240005493164
1985-01-08,163.990005493164
1985-01-09,165.179992675781
1985-01-10,168.309997558594
1985-01-11,167.910003662109
1985-01-14,170.509994506836
1985-01-15,170.809997558594
1985-01-16,171.190002441406
1985-01-17,170.729995727539
1985-01-18,171.320007324219
1985-01-21,175.229995727539
1985-01-22,175.479995727539
1985-01-23,177.300003051758
1985-01-24,176.710006713867
1985-01-25,177.350006103516
1985-01-28,177.399993896484
1985-01-29,179.179992675781
1985-01-30,179.389999389648
1985-01-31,179.630004882812
1985-02-01,178.630004882812
1985-02-04,180.350006103516
1985-02-05,180.610000610352
1985-02-06,180.429992675781
1985-02-07,181.820007324219
1985-02-08,182.190002441406
1985-02-11,180.509994506836
1985-02-12,180.559997558594
1985-02-13,183.350006103516
1985-02-14,182.410003662109
1985-02-15,181.600006103516
1985-02-19,181.330001831055
1985-02-20,181.179992675781
1985-02-21,180.190002441406
1985-02-22,179.360000610352
1985-02-25,179.229995727539
1985-02-26,181.169998168945
1985-02-27,180.710006713867
1985-02-28,181.179992675781
1985-03-01,183.229995727539
1985-03-04,182.059997558594
1985-03-05,182.229995727539
1985-03-06,180.649993896484
1985-03-07,179.509994506836
1985-03-08,179.100006103516
1985-03-11,178.789993286133
1985-03-12,179.660003662109
1985-03-13,178.190002441406
1985-03-14,177.839996337891
1985-03-15,176.529998779297
1985-03-18,176.880004882812
1985-03-19,179.539993286133
1985-03-20,179.080001831055
1985-03-21,179.350006103516
1985-03-22,179.039993286133
1985-03-25,177.970001220703
1985-03-26,178.429992675781
1985-03-27,179.539993286133
1985-03-28,179.539993286133
1985-03-29,180.660003662109
1985-04-01,181.270004272461
1985-04-02,180.529998779297
1985-04-03,179.110000610352
1985-04-04,179.029998779297
1985-04-08,178.029998779297
1985-04-09,178.210006713867
1985-04-10,179.419998168945
1985-04-11,180.190002441406
1985-04-12,180.539993286133
1985-04-15,180.919998168945
1985-04-16,181.199996948242
1985-04-17,181.679992675781
1985-04-18,180.839996337891
1985-04-19,181.110000610352
1985-04-22,180.699996948242
1985-04-23,181.880004882812
1985-04-24,182.259994506836
1985-04-25,183.429992675781
1985-04-26,182.179992675781
1985-04-29,180.630004882812
1985-04-30,179.830001831055
1985-05-01,178.369995117188
1985-05-02,179.009994506836
1985-05-03,180.080001831055
1985-05-06,179.990005493164
1985-05-07,180.759994506836
1985-05-08,180.619995117188
1985-05-09,181.919998168945
1985-05-10,184.279998779297
1985-05-13,184.610000610352
1985-05-14,183.869995117188
1985-05-15,184.539993286133
1985-05-16,185.660003662109
1985-05-17,187.419998168945
1985-05-20,189.720001220703
1985-05-21,189.639999389648
1985-05-22,188.559997558594
1985-05-23,187.600006103516
1985-05-24,188.289993286133
1985-05-28,187.860000610352
1985-05-29,187.679992675781
1985-05-30,187.75
1985-05-31,189.550003051758
1985-06-03,189.320007324219
1985-06-04,190.039993286133
1985-06-05,190.160003662109
1985-06-06,191.059997558594
1985-06-07,189.679992675781
1985-06-10,189.509994506836
1985-06-11,189.039993286133
1985-06-12,187.610000610352
1985-06-13,185.330001831055
1985-06-14,187.100006103516
1985-06-17,186.529998779297
1985-06-18,187.339996337891
1985-06-19,186.630004882812
1985-06-20,186.729995727539
1985-06-21,189.610000610352
1985-06-24,189.149993896484
1985-06-25,189.740005493164
1985-06-26,190.059997558594
1985-06-27,191.229995727539
1985-06-28,191.850006103516
1985-07-01,192.429992675781
1985-07-02,192.009994506836
1985-07-03,191.449996948242
1985-07-05,192.520004272461
1985-07-08,191.929992675781
1985-07-09,191.050003051758
1985-07-10,192.369995117188
1985-07-11,192.940002441406
1985-07-12,193.289993286133
1985-07-15,192.720001220703
1985-07-16,194.720001220703
1985-07-17,195.649993896484
1985-07-18,194.380004882812
1985-07-19,195.130004882812
1985-07-22,194.350006103516
1985-07-23,192.550003051758
1985-07-24,191.580001831055
1985-07-25,192.059997558594
1985-07-26,192.399993896484
1985-07-29,189.600006103516
1985-07-30,189.929992675781
1985-07-31,190.919998168945
1985-08-01,192.110000610352
1985-08-02,191.479995727539
1985-08-05,190.619995117188
1985-08-06,187.929992675781
1985-08-07,187.679992675781
1985-08-08,188.949996948242
1985-08-09,188.320007324219
1985-08-12,187.630004882812
1985-08-13,187.300003051758
1985-08-14,187.410003662109
1985-08-15,187.259994506836
1985-08-16,186.100006103516
1985-08-19,186.380004882812
1985-08-20,188.080001831055
1985-08-21,189.160003662109
1985-08-22,187.360000610352
1985-08-23,187.169998168945
1985-08-26,187.309997558594
1985-08-27,188.100006103516
1985-08-28,188.830001831055
1985-08-29,188.929992675781
1985-08-30,188.630004882812
1985-09-03,187.910003662109
1985-09-04,187.369995117188
1985-09-05,187.270004272461
1985-09-06,188.240005493164
1985-09-09,188.25
1985-09-10,186.899993896484
1985-09-11,185.029998779297
1985-09-12,183.690002441406
1985-09-13,182.910003662109
1985-09-16,182.880004882812
1985-09-17,181.360000610352
1985-09-18,181.710006713867
1985-09-19,183.389999389648
1985-09-20,182.050003051758
1985-09-23,184.300003051758
1985-09-24,182.619995117188
1985-09-25,180.660003662109
1985-09-26,181.289993286133
1985-09-30,182.080001831055
1985-10-01,185.070007324219
1985-10-02,184.059997558594
1985-10-03,184.360000610352
1985-10-04,183.220001220703
1985-10-07,181.869995117188
1985-10-08,181.869995117188
1985-10-09,182.520004272461
1985-10-10,182.779998779297
1985-10-11,184.279998779297
1985-10-14,186.369995117188
1985-10-15,186.080001831055
1985-10-16,187.979995727539
1985-10-17,187.660003662109
1985-10-18,187.039993286133
1985-10-21,186.960006713867
1985-10-22,188.039993286133
1985-10-23,189.089996337891
1985-10-24,188.5
1985-10-25,187.520004272461
1985-10-28,187.759994506836
1985-10-29,189.229995727539
1985-10-30,190.070007324219
1985-10-31,189.820007324219
1985-11-01,191.529998779297
1985-11-04,191.25
1985-11-05,192.369995117188
1985-11-06,192.759994506836
1985-11-07,192.619995117188
1985-11-08,193.720001220703
1985-11-11,197.279998779297
1985-11-12,198.080001831055
1985-11-13,197.100006103516
1985-11-14,199.059997558594
1985-11-15,198.110000610352
1985-11-18,198.710006713867
1985-11-19,198.669998168945
1985-11-20,198.990005493164
1985-11-21,201.410003662109
1985-11-22,201.520004272461
1985-11-25,200.350006103516
1985-11-26,200.669998168945
1985-11-27,202.539993286133
1985-11-29,202.169998168945
1985-12-02,200.460006713867
1985-12-03,200.860000610352
1985-12-04,204.229995727539
1985-12-05,203.880004882812
1985-12-06,202.990005493164
1985-12-09,204.25
1985-12-10,204.389999389648
1985-12-11,206.309997558594
1985-12-12,206.729995727539
1985-12-13,209.940002441406
1985-12-16,212.020004272461
1985-12-17,210.649993896484
1985-12-18,209.809997558594
1985-12-19,210.020004272461
1985-12-20,210.940002441406
1985-12-23,208.570007324219
1985-12-24,207.139999389648
1985-12-26,207.649993896484
1985-12-27,209.610000610352
1985-12-30,210.679992675781
1985-12-31,211.279998779297
1986-01-02,209.589996337891
1986-01-03,210.880004882812
1986-01-06,210.649993896484
1986-01-07,213.800003051758
1986-01-08,207.970001220703
1986-01-09,206.110000610352
1986-01-10,205.960006713867
1986-01-13,206.720001220703
1986-01-14,206.639999389648
1986-01-15,208.259994506836
1986-01-16,209.169998168945
1986-01-17,208.429992675781
1986-01-20,207.529998779297
1986-01-21,205.789993286133
1986-01-22,203.490005493164
1986-01-23,204.25
1986-01-24,206.429992675781
1986-01-27,207.389999389648
1986-01-28,209.809997558594
1986-01-29,210.289993286133
1986-01-30,209.330001831055
1986-01-31,211.779998779297
1986-02-03,213.960006713867
1986-02-04,212.789993286133
1986-02-05,212.960006713867
1986-02-06,213.470001220703
1986-02-07,214.559997558594
1986-02-10,216.240005493164
1986-02-11,215.919998168945
1986-02-12,215.970001220703
1986-02-13,217.399993896484
1986-02-14,219.759994506836
1986-02-18,222.449996948242
1986-02-19,219.759994506836
1986-02-20,222.220001220703
1986-02-21,224.619995117188
1986-02-24,224.339996337891
1986-02-25,223.789993286133
1986-02-26,224.039993286133
1986-02-27,226.770004272461
1986-02-28,226.919998168945
1986-03-03,225.419998168945
1986-03-04,224.380004882812
1986-03-05,224.339996337891
1986-03-06,225.130004882812
1986-03-07,225.570007324219
1986-03-10,226.580001831055
1986-03-11,231.690002441406
1986-03-12,232.539993286133
1986-03-13,233.190002441406
1986-03-14,236.550003051758
1986-03-17,234.669998168945
1986-03-18,235.779998779297
1986-03-19,235.600006103516
1986-03-20,236.539993286133
1986-03-21,233.339996337891
1986-03-24,235.330001831055
1986-03-25,234.720001220703
1986-03-26,237.300003051758
1986-03-27,238.970001220703
1986-03-31,238.899993896484
1986-04-01,235.139999389648
1986-04-02,235.710006713867
1986-04-03,232.470001220703
1986-04-04,228.690002441406
1986-04-07,228.630004882812
1986-04-08,233.520004272461
1986-04-09,233.75
1986-04-10,236.440002441406
1986-04-11,235.970001220703
1986-04-14,237.279998779297
1986-04-15,237.729995727539
1986-04-16,242.220001220703
1986-04-17,243.029998779297
1986-04-18,242.380004882812
1986-04-21,244.740005493164
1986-04-22,242.419998168945
1986-04-23,241.75
1986-04-24,242.020004272461
1986-04-25,242.289993286133
1986-04-28,243.080001831055
1986-04-29,240.509994506836
1986-04-30,235.520004272461
1986-05-01,235.160003662109
1986-05-02,234.789993286133
1986-05-05,237.729995727539
1986-05-06,237.240005493164
1986-05-07,236.080001831055
1986-05-08,237.130004882812
1986-05-09,237.850006103516
1986-05-12,237.580001831055
1986-05-13,236.410003662109
1986-05-14,237.539993286133
1986-05-15,234.429992675781
1986-05-16,232.759994506836
1986-05-19,233.199996948242
1986-05-20,236.110000610352
1986-05-21,235.449996948242
1986-05-22,240.119995117188
1986-05-23,241.350006103516
1986-05-27,244.75
1986-05-28,246.630004882812
1986-05-29,247.979995727539
1986-05-30,247.350006103516
1986-06-02,245.039993286133
1986-06-03,245.509994506836
1986-06-04,243.940002441406
1986-06-05,245.649993896484
1986-06-06,245.669998168945
1986-06-09,239.960006713867
1986-06-10,239.580001831055
1986-06-11,241.130004882812
1986-06-12,241.490005493164
1986-06-13,245.729995727539
1986-06-16,246.130004882812
1986-06-17,244.350006103516
1986-06-18,244.990005493164
1986-06-19,244.059997558594
1986-06-20,247.580001831055
1986-06-23,245.259994506836
1986-06-24,247.029998779297
1986-06-25,248.929992675781
1986-06-26,248.740005493164
1986-06-27,249.600006103516
1986-06-30,250.839996337891
1986-07-01,252.039993286133
1986-07-02,252.699996948242
1986-07-03,251.789993286133
1986-07-07,244.050003051758
1986-07-08,241.589996337891
1986-07-09,242.820007324219
1986-07-10,243.009994506836
1986-07-11,242.220001220703
1986-07-14,238.110000610352
1986-07-15,233.660003662109
1986-07-16,235.009994506836
1986-07-17,236.070007324219
1986-07-18,236.360000610352
1986-07-21,236.240005493164
1986-07-22,238.179992675781
1986-07-23,238.669998168945
1986-07-24,237.949996948242
1986-07-25,240.220001220703
1986-07-28,236.009994506836
1986-07-29,234.550003051758
1986-07-30,236.589996337891
1986-07-31,236.119995117188
1986-08-01,234.910003662109
1986-08-04,235.990005493164
1986-08-05,237.029998779297
1986-08-06,236.839996337891
1986-08-07,237.039993286133
1986-08-08,236.880004882812
1986-08-11,240.679992675781
1986-08-12,243.339996337891
1986-08-13,245.669998168945
1986-08-14,246.25
1986-08-15,247.149993896484
1986-08-18,247.380004882812
1986-08-19,246.509994506836
1986-08-20,249.770004272461
1986-08-21,249.669998168945
1986-08-22,250.190002441406
1986-08-25,247.809997558594
1986-08-26,252.839996337891
1986-08-27,253.300003051758
1986-08-28,252.839996337891
1986-08-29,252.929992675781
1986-09-02,248.520004272461
1986-09-03,250.080001831055
1986-09-04,253.830001831055
1986-09-05,250.470001220703
1986-09-08,248.139999389648
1986-09-09,247.669998168945
1986-09-10,247.059997558594
1986-09-11,235.179992675781
1986-09-12,230.669998168945
1986-09-15,231.940002441406
1986-09-16,231.720001220703
1986-09-17,231.679992675781
1986-09-18,232.309997558594
1986-09-19,232.210006713867
1986-09-22,234.929992675781
1986-09-23,235.669998168945
1986-09-24,236.279998779297
1986-09-25,231.830001831055
1986-09-26,232.229995727539
1986-09-29,229.910003662109
1986-09-30,231.320007324219
1986-10-01,233.600006103516
1986-10-02,233.919998168945
1986-10-03,233.710006713867
1986-10-06,234.779998779297
1986-10-07,234.410003662109
1986-10-08,236.679992675781
1986-10-09,235.850006103516
1986-10-10,235.479995727539
1986-10-13,235.910003662109
1986-10-14,235.369995117188
1986-10-15,238.800003051758
1986-10-16,239.529998779297
1986-10-17,238.839996337891
1986-10-20,235.970001220703
1986-10-21,235.880004882812
1986-10-22,236.259994506836
1986-10-23,239.279998779297
1986-10-24,238.259994506836
1986-10-27,238.770004272461
1986-10-28,239.259994506836
1986-10-29,240.940002441406
1986-10-30,243.710006713867
1986-10-31,243.979995727539
1986-11-03,245.800003051758
1986-11-04,246.199996948242
1986-11-05,246.580001831055
1986-11-06,245.869995117188
1986-11-07,245.770004272461
1986-11-10,246.130004882812
1986-11-11,247.080001831055
1986-11-12,246.639999389648
1986-11-13,243.020004272461
1986-11-14,244.5
1986-11-17,243.210006713867
1986-11-18,236.779998779297
1986-11-19,237.660003662109
1986-11-20,242.050003051758
1986-11-21,245.860000610352
1986-11-24,247.449996948242
1986-11-25,248.169998168945
1986-11-26,248.770004272461
1986-11-28,249.220001220703
1986-12-01,249.050003051758
1986-12-02,254
1986-12-03,253.850006103516
1986-12-04,253.039993286133
1986-12-05,251.169998168945
1986-12-08,251.160003662109
1986-12-09,249.279998779297
1986-12-10,250.960006713867
1986-12-11,248.169998168945
1986-12-12,247.350006103516
1986-12-15,248.210006713867
1986-12-16,250.039993286133
1986-12-17,247.559997558594
1986-12-18,246.779998779297
1986-12-19,249.729995727539
1986-12-22,248.75
1986-12-23,246.339996337891
1986-12-24,246.75
1986-12-26,246.919998168945
1986-12-29,244.669998168945
1986-12-30,243.369995117188
1986-12-31,242.169998168945
1987-01-02,246.449996948242
1987-01-05,252.190002441406
1987-01-06,252.779998779297
1987-01-07,255.330001831055
1987-01-08,257.279998779297
1987-01-09,258.730010986328
1987-01-12,260.299987792969
1987-01-13,259.950012207031
1987-01-14,262.640014648438
1987-01-15,265.489990234375
1987-01-16,266.279998779297
1987-01-19,269.339996337891
1987-01-20,269.040008544922
1987-01-21,267.839996337891
1987-01-22,273.910003662109
1987-01-23,270.100006103516
1987-01-26,269.609985351562
1987-01-27,273.75
1987-01-28,275.399993896484
1987-01-29,274.239990234375
1987-01-30,274.079986572266
1987-02-02,276.450012207031
1987-02-03,275.989990234375
1987-02-04,279.640014648438
1987-02-05,281.160003662109
1987-02-06,280.040008544922
1987-02-09,278.160003662109
1987-02-10,275.070007324219
1987-02-11,277.540008544922
1987-02-12,275.619995117188
1987-02-13,279.700012207031
1987-02-17,285.489990234375
1987-02-18,285.420013427734
1987-02-19,285.570007324219
1987-02-20,285.480010986328
1987-02-23,282.380004882812
1987-02-24,282.880004882812
1987-02-25,284
1987-02-26,282.959991455078
1987-02-27,284.200012207031
1987-03-02,283
1987-03-03,284.119995117188
1987-03-04,288.619995117188
1987-03-05,290.519989013672
1987-03-06,290.660003662109
1987-03-09,288.299987792969
1987-03-10,290.859985351562
1987-03-11,290.309997558594
1987-03-12,291.220001220703
1987-03-13,289.890014648438
1987-03-16,288.230010986328
1987-03-17,292.470001220703
1987-03-18,292.779998779297
1987-03-19,294.079986572266
1987-03-20,298.170013427734
1987-03-23,301.160003662109
1987-03-24,301.640014648438
1987-03-25,300.380004882812
1987-03-26,300.929992675781
1987-03-27,296.130004882812
1987-03-30,289.200012207031
1987-03-31,291.700012207031
1987-04-01,292.380004882812
1987-04-02,293.630004882812
1987-04-03,300.410003662109
1987-04-06,301.950012207031
1987-04-07,296.690002441406
1987-04-08,297.260009765625
1987-04-09,292.859985351562
1987-04-10,292.489990234375
1987-04-13,285.619995117188
1987-04-14,279.160003662109
1987-04-15,284.440002441406
1987-04-16,286.910003662109
1987-04-20,286.089996337891
1987-04-21,293.070007324219
1987-04-22,287.190002441406
1987-04-23,286.820007324219
1987-04-24,281.519989013672
1987-04-27,281.829986572266
1987-04-28,282.510009765625
1987-04-29,284.570007324219
1987-04-30,288.359985351562
1987-05-01,288.029998779297
1987-05-04,289.359985351562
1987-05-05,295.339996337891
1987-05-06,295.470001220703
1987-05-07,294.709991455078
1987-05-08,293.369995117188
1987-05-11,291.570007324219
1987-05-12,293.299987792969
1987-05-13,293.980010986328
1987-05-14,294.239990234375
1987-05-15,287.429992675781
1987-05-18,286.649993896484
1987-05-19,279.619995117188
1987-05-20,278.209991455078
1987-05-21,280.170013427734
1987-05-22,282.160003662109
1987-05-26,289.109985351562
1987-05-27,288.730010986328
1987-05-28,290.760009765625
1987-05-29,290.100006103516
1987-06-01,289.829986572266
1987-06-02,288.459991455078
1987-06-03,293.470001220703
1987-06-04,295.089996337891
1987-06-05,293.450012207031
1987-06-08,296.720001220703
1987-06-09,297.279998779297
1987-06-10,297.470001220703
1987-06-11,298.730010986328
1987-06-12,301.619995117188
1987-06-15,303.140014648438
1987-06-16,304.760009765625
1987-06-17,304.809997558594
1987-06-18,305.690002441406
1987-06-19,306.970001220703
1987-06-22,309.649993896484
1987-06-23,308.429992675781
1987-06-24,306.859985351562
1987-06-25,308.959991455078
1987-06-26,307.160003662109
1987-06-29,307.899993896484
1987-06-30,304
1987-07-01,302.940002441406
1987-07-02,305.630004882812
1987-07-06,304.920013427734
1987-07-07,307.399993896484
1987-07-08,308.290008544922
1987-07-09,307.519989013672
1987-07-10,308.369995117188
1987-07-13,307.630004882812
1987-07-14,310.679992675781
1987-07-15,310.420013427734
1987-07-16,312.700012207031
1987-07-17,314.589996337891
1987-07-20,311.390014648438
1987-07-21,308.549987792969
1987-07-22,308.470001220703
1987-07-23,307.809997558594
1987-07-24,309.269989013672
1987-07-27,310.649993896484
1987-07-28,312.329986572266
1987-07-29,315.649993896484
1987-07-30,318.049987792969
1987-07-31,318.660003662109
1987-08-03,317.570007324219
1987-08-04,316.230010986328
1987-08-05,318.450012207031
1987-08-06,322.089996337891
1987-08-07,323
1987-08-10,328
1987-08-11,333.329986572266
1987-08-12,332.390014648438
1987-08-13,334.649993896484
1987-08-14,333.989990234375
1987-08-17,334.109985351562
1987-08-18,329.25
1987-08-19,329.829986572266
1987-08-20,334.839996337891
1987-08-21,335.899993896484
1987-08-24,333.329986572266
1987-08-25,336.769989013672
1987-08-26,334.570007324219
1987-08-27,331.380004882812
1987-08-28,327.040008544922
1987-08-31,329.799987792969
1987-09-01,323.399993896484
1987-09-02,321.679992675781
1987-09-03,320.209991455078
1987-09-04,316.700012207031
1987-09-08,313.559997558594
1987-09-09,313.920013427734
1987-09-10,317.130004882812
1987-09-11,321.980010986328
1987-09-14,323.079986572266
1987-09-15,317.739990234375
1987-09-16,314.859985351562
1987-09-17,314.929992675781
1987-09-18,314.859985351562
1987-09-21,310.540008544922
1987-09-22,319.5
1987-09-23,321.190002441406
1987-09-24,319.720001220703
1987-09-25,320.160003662109
1987-09-28,323.200012207031
1987-09-29,321.690002441406
1987-09-30,321.829986572266
1987-10-01,327.329986572266
1987-10-02,328.070007324219
1987-10-05,328.079986572266
1987-10-06,319.220001220703
1987-10-07,318.540008544922
1987-10-08,314.160003662109
1987-10-09,311.070007324219
1987-10-12,309.390014648438
1987-10-13,314.519989013672
1987-10-14,305.230010986328
1987-10-15,298.079986572266
1987-10-16,282.700012207031
1987-10-19,224.839996337891
1987-10-20,236.830001831055
1987-10-21,258.380004882812
1987-10-22,248.25
1987-10-23,248.220001220703
1987-10-26,227.669998168945
1987-10-27,233.190002441406
1987-10-28,233.279998779297
1987-10-29,244.770004272461
1987-10-30,251.789993286133
1987-11-02,255.75
1987-11-03,250.820007324219
1987-11-04,248.960006713867
1987-11-05,254.479995727539
1987-11-06,250.410003662109
1987-11-09,243.169998168945
1987-11-10,239
1987-11-11,241.899993896484
1987-11-12,248.520004272461
1987-11-13,245.639999389648
1987-11-16,246.759994506836
1987-11-17,243.039993286133
1987-11-18,245.550003051758
1987-11-19,240.050003051758
1987-11-20,242
1987-11-23,242.990005493164
1987-11-24,246.389999389648
1987-11-25,244.100006103516
1987-11-27,240.339996337891
1987-11-30,230.300003051758
1987-12-01,232
1987-12-02,233.449996948242
1987-12-03,225.210006713867
1987-12-04,223.919998168945
1987-12-07,228.759994506836
1987-12-08,234.910003662109
1987-12-09,238.889999389648
1987-12-10,233.570007324219
1987-12-11,235.320007324219
1987-12-14,242.190002441406
1987-12-15,242.809997558594
1987-12-16,248.080001831055
1987-12-17,242.979995727539
1987-12-18,249.160003662109
1987-12-21,249.539993286133
1987-12-22,249.949996948242
1987-12-23,253.160003662109
1987-12-24,252.029998779297
1987-12-28,245.570007324219
1987-12-29,244.589996337891
1987-12-30,247.860000610352
1987-12-31,247.080001831055
1988-01-04,255.940002441406
1988-01-05,258.630004882812
1988-01-06,258.890014648438
1988-01-07,261.070007324219
1988-01-08,243.399993896484
1988-01-11,247.490005493164
1988-01-12,245.419998168945
1988-01-13,245.809997558594
1988-01-14,245.880004882812
1988-01-15,252.050003051758
1988-01-18,251.880004882812
1988-01-19,249.320007324219
1988-01-20,242.630004882812
1988-01-21,243.139999389648
1988-01-22,246.5
1988-01-25,252.169998168945
1988-01-26,249.570007324219
1988-01-27,249.380004882812
1988-01-28,253.289993286133
1988-01-29,257.070007324219
1988-02-01,255.039993286133
1988-02-02,255.570007324219
1988-02-03,252.210006713867
1988-02-04,252.210006713867
1988-02-05,250.960006713867
1988-02-08,249.100006103516
1988-02-09,251.720001220703
1988-02-10,256.660003662109
1988-02-11,255.949996948242
1988-02-12,257.630004882812
1988-02-16,259.829986572266
1988-02-17,259.209991455078
1988-02-18,257.910003662109
1988-02-19,261.609985351562
1988-02-22,265.640014648438
1988-02-23,265.019989013672
1988-02-24,264.429992675781
1988-02-25,261.579986572266
1988-02-26,262.459991455078
1988-02-29,267.820007324219
1988-03-01,267.220001220703
1988-03-02,267.980010986328
1988-03-03,267.880004882812
1988-03-04,267.299987792969
1988-03-07,267.380004882812
1988-03-08,269.429992675781
1988-03-09,269.059997558594
1988-03-10,263.839996337891
1988-03-11,264.940002441406
1988-03-14,266.369995117188
1988-03-15,266.130004882812
1988-03-16,268.649993896484
1988-03-17,271.220001220703
1988-03-18,271.119995117188
1988-03-21,268.739990234375
1988-03-22,268.839996337891
1988-03-23,268.910003662109
1988-03-24,263.350006103516
1988-03-25,258.510009765625
1988-03-28,258.059997558594
1988-03-29,260.070007324219
1988-03-30,258.070007324219
1988-03-31,258.890014648438
1988-04-04,256.089996337891
1988-04-05,258.510009765625
1988-04-06,265.489990234375
1988-04-07,266.160003662109
1988-04-08,269.429992675781
1988-04-11,270.160003662109
1988-04-12,271.369995117188
1988-04-13,271.579986572266
1988-04-14,259.75
1988-04-15,259.769989013672
1988-04-18,259.209991455078
1988-04-19,257.920013427734
1988-04-20,256.130004882812
1988-04-21,256.420013427734
1988-04-22,260.140014648438
1988-04-25,262.510009765625
1988-04-26,263.929992675781
1988-04-27,263.799987792969
1988-04-28,262.609985351562
1988-04-29,261.329986572266
1988-05-02,261.559997558594
1988-05-03,263
1988-05-04,260.320007324219
1988-05-05,258.790008544922
1988-05-06,257.480010986328
1988-05-09,256.540008544922
1988-05-10,257.619995117188
1988-05-11,253.309997558594
1988-05-12,253.850006103516
1988-05-13,256.779998779297
1988-05-16,258.709991455078
1988-05-17,255.389999389648
1988-05-18,251.350006103516
1988-05-19,252.570007324219
1988-05-20,253.020004272461
1988-05-23,250.830001831055
1988-05-24,253.509994506836
1988-05-25,253.759994506836
1988-05-26,254.630004882812
1988-05-27,253.419998168945
1988-05-31,262.160003662109
1988-06-01,266.690002441406
1988-06-02,265.329986572266
1988-06-03,266.450012207031
1988-06-06,267.049987792969
1988-06-07,265.170013427734
1988-06-08,271.519989013672
1988-06-09,270.200012207031
1988-06-10,271.260009765625
1988-06-13,271.429992675781
1988-06-14,274.299987792969
1988-06-15,274.450012207031
1988-06-16,269.769989013672
1988-06-17,270.679992675781
1988-06-20,268.940002441406
1988-06-21,271.670013427734
1988-06-22,275.660003662109
1988-06-23,274.820007324219
1988-06-24,273.779998779297
1988-06-27,269.059997558594
1988-06-28,272.309997558594
1988-06-29,270.980010986328
1988-06-30,273.5
1988-07-01,271.779998779297
1988-07-05,275.809997558594
1988-07-06,272.019989013672
1988-07-07,271.779998779297
1988-07-08,270.019989013672
1988-07-11,270.549987792969
1988-07-12,267.850006103516
1988-07-13,269.320007324219
1988-07-14,270.260009765625
1988-07-15,272.049987792969
1988-07-18,270.510009765625
1988-07-19,268.470001220703
1988-07-20,270
1988-07-21,266.660003662109
1988-07-22,263.5
1988-07-25,264.679992675781
1988-07-26,265.190002441406
1988-07-27,262.5
1988-07-28,266.019989013672
1988-07-29,272.019989013672
1988-08-01,272.209991455078
1988-08-02,272.059997558594
1988-08-03,272.980010986328
1988-08-04,271.929992675781
1988-08-05,271.149993896484
1988-08-08,269.980010986328
1988-08-09,266.489990234375
1988-08-10,261.899993896484
1988-08-11,262.75
1988-08-12,262.549987792969
1988-08-15,258.690002441406
1988-08-16,260.559997558594
1988-08-17,260.769989013672
1988-08-18,261.029998779297
1988-08-19,260.239990234375
1988-08-22,256.980010986328
1988-08-23,257.089996337891
1988-08-24,261.130004882812
1988-08-25,259.179992675781
1988-08-26,259.679992675781
1988-08-29,262.329986572266
1988-08-30,262.510009765625
1988-08-31,261.519989013672
1988-09-01,258.350006103516
1988-09-02,264.480010986328
1988-09-06,265.589996337891
1988-09-07,265.869995117188
1988-09-08,265.880004882812
1988-09-09,266.839996337891
1988-09-12,266.470001220703
1988-09-13,267.429992675781
1988-09-14,269.309997558594
1988-09-15,268.130004882812
1988-09-16,270.649993896484
1988-09-19,268.820007324219
1988-09-20,269.730010986328
1988-09-21,270.160003662109
1988-09-22,269.179992675781
1988-09-23,269.760009765625
1988-09-26,268.880004882812
1988-09-27,268.260009765625
1988-09-28,269.079986572266
1988-09-29,272.589996337891
1988-09-30,271.910003662109
1988-10-03,271.380004882812
1988-10-04,270.619995117188
1988-10-05,271.859985351562
1988-10-06,272.390014648438
1988-10-07,278.070007324219
1988-10-10,278.239990234375
1988-10-11,277.929992675781
1988-10-12,273.980010986328
1988-10-13,275.220001220703
1988-10-14,275.5
1988-10-17,276.410003662109
1988-10-18,279.380004882812
1988-10-19,276.970001220703
1988-10-20,282.880004882812
1988-10-21,283.660003662109
1988-10-24,282.279998779297
1988-10-25,282.380004882812
1988-10-26,281.380004882812
1988-10-27,277.279998779297
1988-10-28,278.529998779297
1988-10-31,278.970001220703
1988-11-01,279.059997558594
1988-11-02,279.059997558594
1988-11-03,279.200012207031
1988-11-04,276.309997558594
1988-11-07,273.929992675781
1988-11-08,275.149993896484
1988-11-09,273.329986572266
1988-11-10,273.690002441406
1988-11-11,267.920013427734
1988-11-14,267.720001220703
1988-11-15,268.339996337891
1988-11-16,263.820007324219
1988-11-17,264.600006103516
1988-11-18,266.470001220703
1988-11-21,266.220001220703
1988-11-22,267.209991455078
1988-11-23,269
1988-11-25,267.230010986328
1988-11-28,268.640014648438
1988-11-29,270.910003662109
1988-11-30,273.700012207031
1988-12-01,272.489990234375
1988-12-02,271.809997558594
1988-12-05,274.929992675781
1988-12-06,277.589996337891
1988-12-07,278.130004882812
1988-12-08,276.589996337891
1988-12-09,277.029998779297
1988-12-12,276.519989013672
1988-12-13,276.309997558594
1988-12-14,275.309997558594
1988-12-15,274.279998779297
1988-12-16,276.290008544922
1988-12-19,278.910003662109
1988-12-20,277.470001220703
1988-12-21,277.380004882812
1988-12-22,276.869995117188
1988-12-23,277.869995117188
1988-12-27,276.829986572266
1988-12-28,277.079986572266
1988-12-29,279.399993896484
1988-12-30,277.720001220703
1989-01-03,275.309997558594
1989-01-04,279.429992675781
1989-01-05,280.010009765625
1989-01-06,280.670013427734
1989-01-09,280.980010986328
1989-01-10,280.380004882812
1989-01-11,282.010009765625
1989-01-12,283.170013427734
1989-01-13,283.869995117188
1989-01-16,284.140014648438
1989-01-17,283.549987792969
1989-01-18,286.529998779297
1989-01-19,286.910003662109
1989-01-20,286.630004882812
1989-01-23,284.5
1989-01-24,288.489990234375
1989-01-25,289.140014648438
1989-01-26,291.690002441406
1989-01-27,293.820007324219
1989-01-30,294.989990234375
1989-01-31,297.470001220703
1989-02-01,297.089996337891
1989-02-02,296.839996337891
1989-02-03,296.970001220703
1989-02-06,296.040008544922
1989-02-07,299.630004882812
1989-02-08,298.649993896484
1989-02-09,296.059997558594
1989-02-10,292.019989013672
1989-02-13,292.540008544922
1989-02-14,291.809997558594
1989-02-15,294.239990234375
1989-02-16,294.809997558594
1989-02-17,296.760009765625
1989-02-21,295.980010986328
1989-02-22,290.910003662109
1989-02-23,292.049987792969
1989-02-24,287.130004882812
1989-02-27,287.820007324219
1989-02-28,288.859985351562
1989-03-01,287.109985351562
1989-03-02,289.950012207031
1989-03-03,291.179992675781
1989-03-06,294.809997558594
1989-03-07,293.869995117188
1989-03-08,294.079986572266
1989-03-09,293.929992675781
1989-03-10,292.880004882812
1989-03-13,295.320007324219
1989-03-14,295.140014648438
1989-03-15,296.670013427734
1989-03-16,299.440002441406
1989-03-17,292.690002441406
1989-03-20,289.920013427734
1989-03-21,291.329986572266
1989-03-22,290.489990234375
1989-03-23,288.980010986328
1989-03-27,290.570007324219
1989-03-28,291.589996337891
1989-03-29,292.350006103516
1989-03-30,292.519989013672
1989-03-31,294.869995117188
1989-04-03,296.390014648438
1989-04-04,295.309997558594
1989-04-05,296.239990234375
1989-04-06,295.290008544922
1989-04-07,297.160003662109
1989-04-10,297.109985351562
1989-04-11,298.489990234375
1989-04-12,298.989990234375
1989-04-13,296.399993896484
1989-04-14,301.359985351562
1989-04-17,301.720001220703
1989-04-18,306.019989013672
1989-04-19,307.149993896484
1989-04-20,306.190002441406
1989-04-21,309.609985351562
1989-04-24,308.690002441406
1989-04-25,306.75
1989-04-26,306.929992675781
1989-04-27,309.579986572266
1989-04-28,309.640014648438
1989-05-01,309.119995117188
1989-05-02,308.119995117188
1989-05-03,308.160003662109
1989-05-04,307.769989013672
1989-05-05,307.609985351562
1989-05-08,306
1989-05-09,305.190002441406
1989-05-10,305.799987792969
1989-05-11,306.950012207031
1989-05-12,313.839996337891
1989-05-15,316.160003662109
1989-05-16,315.279998779297
1989-05-17,317.480010986328
1989-05-18,317.970001220703
1989-05-19,321.239990234375
1989-05-22,321.980010986328
1989-05-23,318.320007324219
1989-05-24,319.140014648438
1989-05-25,319.170013427734
1989-05-26,321.589996337891
1989-05-30,319.049987792969
1989-05-31,320.519989013672
1989-06-01,321.970001220703
1989-06-02,325.519989013672
1989-06-05,322.029998779297
1989-06-06,324.239990234375
1989-06-07,326.950012207031
1989-06-08,326.75
1989-06-09,326.690002441406
1989-06-12,326.239990234375
1989-06-13,323.910003662109
1989-06-14,323.829986572266
1989-06-15,320.079986572266
1989-06-16,321.350006103516
1989-06-19,321.890014648438
1989-06-20,321.25
1989-06-21,320.480010986328
1989-06-22,322.320007324219
1989-06-23,328
1989-06-26,326.600006103516
1989-06-27,328.440002441406
1989-06-28,325.809997558594
1989-06-29,319.679992675781
1989-06-30,317.980010986328
1989-07-03,319.230010986328
1989-07-05,320.640014648438
1989-07-06,321.549987792969
1989-07-07,324.910003662109
1989-07-10,327.070007324219
1989-07-11,328.779998779297
1989-07-12,329.809997558594
1989-07-13,329.950012207031
1989-07-14,331.839996337891
1989-07-17,332.440002441406
1989-07-18,331.350006103516
1989-07-19,335.730010986328
1989-07-20,333.510009765625
1989-07-21,335.899993896484
1989-07-24,333.670013427734
1989-07-25,333.880004882812
1989-07-26,338.049987792969
1989-07-27,341.989990234375
1989-07-28,342.149993896484
1989-07-31,346.079986572266
1989-08-01,343.75
1989-08-02,344.339996337891
1989-08-03,344.739990234375
1989-08-04,343.920013427734
1989-08-07,349.410003662109
1989-08-08,349.350006103516
1989-08-09,346.940002441406
1989-08-10,348.25
1989-08-11,344.739990234375
1989-08-14,343.059997558594
1989-08-15,344.709991455078
1989-08-16,345.660003662109
1989-08-17,344.450012207031
1989-08-18,346.029998779297
1989-08-21,340.670013427734
1989-08-22,341.190002441406
1989-08-23,344.700012207031
1989-08-24,351.519989013672
1989-08-25,350.519989013672
1989-08-28,352.089996337891
1989-08-29,349.839996337891
1989-08-30,350.649993896484
1989-08-31,351.450012207031
1989-09-01,353.730010986328
1989-09-05,352.559997558594
1989-09-06,349.239990234375
1989-09-07,348.350006103516
1989-09-08,348.760009765625
1989-09-11,347.660003662109
1989-09-12,348.700012207031
1989-09-13,345.459991455078
1989-09-14,343.160003662109
1989-09-15,345.059997558594
1989-09-18,346.730010986328
1989-09-19,346.549987792969
1989-09-20,346.470001220703
1989-09-21,345.700012207031
1989-09-22,347.049987792969
1989-09-25,344.230010986328
1989-09-26,344.329986572266
1989-09-27,345.100006103516
1989-09-28,348.600006103516
1989-09-29,349.149993896484
1989-10-02,350.869995117188
1989-10-03,354.709991455078
1989-10-04,356.940002441406
1989-10-05,356.970001220703
1989-10-06,358.779998779297
1989-10-09,359.799987792969
1989-10-10,359.130004882812
1989-10-11,356.989990234375
1989-10-12,355.390014648438
1989-10-13,333.649993896484
1989-10-16,342.850006103516
1989-10-17,341.160003662109
1989-10-18,341.760009765625
1989-10-19,347.130004882812
1989-10-20,347.160003662109
1989-10-23,344.829986572266
1989-10-24,343.700012207031
1989-10-25,342.5
1989-10-26,337.929992675781
1989-10-27,335.059997558594
1989-10-30,335.070007324219
1989-10-31,340.359985351562
1989-11-01,341.200012207031
1989-11-02,338.480010986328
1989-11-03,337.619995117188
1989-11-06,332.609985351562
1989-11-07,334.809997558594
1989-11-08,338.149993896484
1989-11-09,336.570007324219
1989-11-10,339.100006103516
1989-11-13,339.549987792969
1989-11-14,337.989990234375
1989-11-15,340.540008544922
1989-11-16,340.579986572266
1989-11-17,341.609985351562
1989-11-20,339.350006103516
1989-11-21,339.589996337891
1989-11-22,341.910003662109
1989-11-24,343.970001220703
1989-11-27,345.609985351562
1989-11-28,345.769989013672
1989-11-29,343.600006103516
1989-11-30,345.989990234375
1989-12-01,350.630004882812
1989-12-04,351.410003662109
1989-12-05,349.579986572266
1989-12-06,348.549987792969
1989-12-07,347.589996337891
1989-12-08,348.690002441406
1989-12-11,348.559997558594
1989-12-12,351.730010986328
1989-12-13,352.75
1989-12-14,350.929992675781
1989-12-15,350.140014648438
1989-12-18,343.690002441406
1989-12-19,342.459991455078
1989-12-20,342.839996337891
1989-12-21,344.779998779297
1989-12-22,347.420013427734
1989-12-26,346.809997558594
1989-12-27,348.809997558594
1989-12-28,350.670013427734
1989-12-29,353.399993896484
1990-01-02,359.690002441406
1990-01-03,358.760009765625
1990-01-04,355.670013427734
1990-01-05,352.200012207031
1990-01-08,353.790008544922
1990-01-09,349.619995117188
1990-01-10,347.309997558594
1990-01-11,348.529998779297
1990-01-12,339.929992675781
1990-01-15,337
1990-01-16,340.75
1990-01-17,337.399993896484
1990-01-18,338.190002441406
1990-01-19,339.149993896484
1990-01-22,330.380004882812
1990-01-23,331.609985351562
1990-01-24,330.260009765625
1990-01-25,326.079986572266
1990-01-26,325.799987792969
1990-01-29,325.200012207031
1990-01-30,322.980010986328
1990-01-31,329.079986572266
1990-02-01,328.790008544922
1990-02-02,330.920013427734
1990-02-05,331.850006103516
1990-02-06,329.660003662109
1990-02-07,333.75
1990-02-08,332.959991455078
1990-02-09,333.619995117188
1990-02-12,330.079986572266
1990-02-13,331.019989013672
1990-02-14,332.010009765625
1990-02-15,334.890014648438
1990-02-16,332.720001220703
1990-02-20,327.989990234375
1990-02-21,327.670013427734
1990-02-22,325.700012207031
1990-02-23,324.149993896484
1990-02-26,328.670013427734
1990-02-27,330.260009765625
1990-02-28,331.890014648438
1990-03-01,332.739990234375
1990-03-02,335.540008544922
1990-03-05,333.739990234375
1990-03-06,337.929992675781
1990-03-07,336.950012207031
1990-03-08,340.269989013672
1990-03-09,337.929992675781
1990-03-12,338.670013427734
1990-03-13,336
1990-03-14,336.869995117188
1990-03-15,338.070007324219
1990-03-16,341.910003662109
1990-03-19,343.529998779297
1990-03-20,341.570007324219
1990-03-21,339.739990234375
1990-03-22,335.690002441406
1990-03-23,337.220001220703
1990-03-26,337.630004882812
1990-03-27,341.5
1990-03-28,342
1990-03-29,340.790008544922
1990-03-30,339.940002441406
1990-04-02,338.700012207031
1990-04-03,343.640014648438
1990-04-04,341.089996337891
1990-04-05,340.730010986328
1990-04-06,340.079986572266
1990-04-09,341.369995117188
1990-04-10,342.070007324219
1990-04-11,341.920013427734
1990-04-12,344.339996337891
1990-04-16,344.739990234375
1990-04-17,344.679992675781
1990-04-18,340.720001220703
1990-04-19,338.089996337891
1990-04-20,335.119995117188
1990-04-23,331.049987792969
1990-04-24,330.359985351562
1990-04-25,332.029998779297
1990-04-26,332.920013427734
1990-04-27,329.109985351562
1990-04-30,330.799987792969
1990-05-01,332.25
1990-05-02,334.480010986328
1990-05-03,335.570007324219
1990-05-04,338.390014648438
1990-05-07,340.529998779297
1990-05-08,342.010009765625
1990-05-09,342.859985351562
1990-05-10,343.820007324219
1990-05-11,352
1990-05-14,354.75
1990-05-15,354.279998779297
1990-05-16,354
1990-05-17,354.470001220703
1990-05-18,354.640014648438
1990-05-21,358
1990-05-22,358.429992675781
1990-05-23,359.290008544922
1990-05-24,358.410003662109
1990-05-25,354.579986572266
1990-05-29,360.649993896484
1990-05-30,360.859985351562
1990-05-31,361.230010986328
1990-06-01,363.160003662109
1990-06-04,367.399993896484
1990-06-05,366.640014648438
1990-06-06,364.959991455078
1990-06-07,363.149993896484
1990-06-08,358.709991455078
1990-06-11,361.630004882812
1990-06-12,366.25
1990-06-13,364.899993896484
1990-06-14,362.899993896484
1990-06-15,362.910003662109
1990-06-18,356.880004882812
1990-06-19,358.470001220703
1990-06-20,359.100006103516
1990-06-21,360.470001220703
1990-06-22,355.429992675781
1990-06-25,352.309997558594
1990-06-26,352.059997558594
1990-06-27,355.140014648438
1990-06-28,357.630004882812
1990-06-29,358.019989013672
1990-07-02,359.540008544922
1990-07-03,360.160003662109
1990-07-05,355.679992675781
1990-07-06,358.420013427734
1990-07-09,359.519989013672
1990-07-10,356.489990234375
1990-07-11,361.230010986328
1990-07-12,365.440002441406
1990-07-13,367.309997558594
1990-07-16,368.950012207031
1990-07-17,367.519989013672
1990-07-18,364.220001220703
1990-07-19,365.320007324219
1990-07-20,361.609985351562
1990-07-23,355.309997558594
1990-07-24,355.790008544922
1990-07-25,357.089996337891
1990-07-26,355.910003662109
1990-07-27,353.440002441406
1990-07-30,355.549987792969
1990-07-31,356.149993896484
1990-08-01,355.519989013672
1990-08-02,351.480010986328
1990-08-03,344.859985351562
1990-08-06,334.429992675781
1990-08-07,334.829986572266
1990-08-08,338.350006103516
1990-08-09,339.940002441406
1990-08-10,335.519989013672
1990-08-13,338.839996337891
1990-08-14,339.390014648438
1990-08-15,340.059997558594
1990-08-16,332.390014648438
1990-08-17,327.829986572266
1990-08-20,328.510009765625
1990-08-21,321.859985351562
1990-08-22,316.549987792969
1990-08-23,307.059997558594
1990-08-24,311.510009765625
1990-08-27,321.440002441406
1990-08-28,321.339996337891
1990-08-29,324.190002441406
1990-08-30,318.709991455078
1990-08-31,322.559997558594
1990-09-04,323.089996337891
1990-09-05,324.390014648438
1990-09-06,320.459991455078
1990-09-07,323.399993896484
1990-09-10,321.630004882812
1990-09-11,321.040008544922
1990-09-12,322.540008544922
1990-09-13,318.649993896484
1990-09-14,316.829986572266
1990-09-17,317.769989013672
1990-09-18,318.600006103516
1990-09-19,316.600006103516
1990-09-20,311.480010986328
1990-09-21,311.320007324219
1990-09-24,304.589996337891
1990-09-25,308.260009765625
1990-09-26,305.059997558594
1990-09-27,300.970001220703
1990-09-28,306.049987792969
1990-10-01,314.940002441406
1990-10-02,315.209991455078
1990-10-03,311.399993896484
1990-10-04,312.690002441406
1990-10-05,311.5
1990-10-08,313.480010986328
1990-10-09,305.100006103516
1990-10-10,300.390014648438
1990-10-11,295.459991455078
1990-10-12,300.029998779297
1990-10-15,303.230010986328
1990-10-16,298.920013427734
1990-10-17,298.760009765625
1990-10-18,305.739990234375
1990-10-19,312.480010986328
1990-10-22,314.760009765625
1990-10-23,312.359985351562
1990-10-24,312.600006103516
1990-10-25,310.170013427734
1990-10-26,304.709991455078
1990-10-29,301.880004882812
1990-10-30,304.059997558594
1990-10-31,304
1990-11-01,307.019989013672
1990-11-02,311.850006103516
1990-11-05,314.589996337891
1990-11-06,311.619995117188
1990-11-07,306.010009765625
1990-11-08,307.609985351562
1990-11-09,313.739990234375
1990-11-12,319.480010986328
1990-11-13,317.670013427734
1990-11-14,320.399993896484
1990-11-15,317.019989013672
1990-11-16,317.119995117188
1990-11-19,319.339996337891
1990-11-20,315.309997558594
1990-11-21,316.029998779297
1990-11-23,315.100006103516
1990-11-26,316.510009765625
1990-11-27,318.100006103516
1990-11-28,317.950012207031
1990-11-29,316.420013427734
1990-11-30,322.220001220703
1990-12-03,324.100006103516
1990-12-04,326.350006103516
1990-12-05,329.920013427734
1990-12-06,329.070007324219
1990-12-07,327.75
1990-12-10,328.890014648438
1990-12-11,326.440002441406
1990-12-12,330.190002441406
1990-12-13,329.339996337891
1990-12-14,326.820007324219
1990-12-17,326.019989013672
1990-12-18,330.049987792969
1990-12-19,330.200012207031
1990-12-20,330.119995117188
1990-12-21,331.75
1990-12-24,329.899993896484
1990-12-26,330.850006103516
1990-12-27,328.290008544922
1990-12-28,328.720001220703
1990-12-31,330.220001220703
1991-01-02,326.450012207031
1991-01-03,321.910003662109
1991-01-04,321
1991-01-07,315.440002441406
1991-01-08,314.899993896484
1991-01-09,311.489990234375
1991-01-10,314.529998779297
1991-01-11,315.230010986328
1991-01-14,312.489990234375
1991-01-15,313.730010986328
1991-01-16,316.170013427734
1991-01-17,327.970001220703
1991-01-18,332.230010986328
1991-01-21,331.059997558594
1991-01-22,328.309997558594
1991-01-23,330.209991455078
1991-01-24,334.779998779297
1991-01-25,336.070007324219
1991-01-28,336.029998779297
1991-01-29,335.839996337891
1991-01-30,340.910003662109
1991-01-31,343.929992675781
1991-02-01,343.049987792969
1991-02-04,348.339996337891
1991-02-05,351.260009765625
1991-02-06,358.070007324219
1991-02-07,356.519989013672
1991-02-08,359.350006103516
1991-02-11,368.579986572266
1991-02-12,365.5
1991-02-13,369.019989013672
1991-02-14,364.220001220703
1991-02-15,369.059997558594
1991-02-19,369.390014648438
1991-02-20,365.140014648438
1991-02-21,364.970001220703
1991-02-22,365.649993896484
1991-02-25,367.260009765625
1991-02-26,362.809997558594
1991-02-27,367.739990234375
1991-02-28,367.070007324219
1991-03-01,370.470001220703
1991-03-04,369.329986572266
1991-03-05,376.720001220703
1991-03-06,376.170013427734
1991-03-07,375.910003662109
1991-03-08,374.950012207031
1991-03-11,372.959991455078
1991-03-12,370.029998779297
1991-03-13,374.570007324219
1991-03-14,373.5
1991-03-15,373.589996337891
1991-03-18,372.109985351562
1991-03-19,366.589996337891
1991-03-20,367.920013427734
1991-03-21,366.579986572266
1991-03-22,367.480010986328
1991-03-25,369.829986572266
1991-03-26,376.299987792969
1991-03-27,375.350006103516
1991-03-28,375.220001220703
1991-04-01,371.299987792969
1991-04-02,379.5
1991-04-03,378.940002441406
1991-04-04,379.769989013672
1991-04-05,375.359985351562
1991-04-08,378.660003662109
1991-04-09,373.559997558594
1991-04-10,373.149993896484
1991-04-11,377.630004882812
1991-04-12,380.399993896484
1991-04-15,381.190002441406
1991-04-16,387.619995117188
1991-04-17,390.450012207031
1991-04-18,388.459991455078
1991-04-19,384.200012207031
1991-04-22,380.950012207031
1991-04-23,381.760009765625
1991-04-24,382.760009765625
1991-04-25,379.25
1991-04-26,379.019989013672
1991-04-29,373.660003662109
1991-04-30,375.339996337891
1991-05-01,380.290008544922
1991-05-02,380.519989013672
1991-05-03,380.799987792969
1991-05-06,380.079986572266
1991-05-07,377.320007324219
1991-05-08,378.510009765625
1991-05-09,383.25
1991-05-10,375.739990234375
1991-05-13,376.760009765625
1991-05-14,371.619995117188
1991-05-15,368.570007324219
1991-05-16,372.190002441406
1991-05-17,372.390014648438
1991-05-20,372.279998779297
1991-05-21,375.350006103516
1991-05-22,376.190002441406
1991-05-23,374.959991455078
1991-05-24,377.489990234375
1991-05-28,381.940002441406
1991-05-29,382.790008544922
1991-05-30,386.959991455078
1991-05-31,389.829986572266
1991-06-03,388.059997558594
1991-06-04,387.739990234375
1991-06-05,385.089996337891
1991-06-06,383.630004882812
1991-06-07,379.429992675781
1991-06-10,378.570007324219
1991-06-11,381.049987792969
1991-06-12,376.649993896484
1991-06-13,377.630004882812
1991-06-14,382.290008544922
1991-06-17,380.130004882812
1991-06-18,378.589996337891
1991-06-19,375.089996337891
1991-06-20,375.420013427734
1991-06-21,377.75
1991-06-24,370.940002441406
1991-06-25,370.649993896484
1991-06-26,371.589996337891
1991-06-27,374.399993896484
1991-06-28,371.160003662109
1991-07-01,377.920013427734
1991-07-02,377.470001220703
1991-07-03,373.329986572266
1991-07-05,374.079986572266
1991-07-08,377.940002441406
1991-07-09,376.109985351562
1991-07-10,375.739990234375
1991-07-11,376.970001220703
1991-07-12,380.25
1991-07-15,382.390014648438
1991-07-16,381.540008544922
1991-07-17,381.179992675781
1991-07-18,385.369995117188
1991-07-19,384.220001220703
1991-07-22,382.880004882812
1991-07-23,379.420013427734
1991-07-24,378.640014648438
1991-07-25,380.959991455078
1991-07-26,380.929992675781
1991-07-29,383.149993896484
1991-07-30,386.690002441406
1991-07-31,387.809997558594
1991-08-01,387.119995117188
1991-08-02,387.179992675781
1991-08-05,385.059997558594
1991-08-06,390.619995117188
1991-08-07,390.559997558594
1991-08-08,389.320007324219
1991-08-09,387.119995117188
1991-08-12,388.019989013672
1991-08-13,389.619995117188
1991-08-14,389.899993896484
1991-08-15,389.329986572266
1991-08-16,385.579986572266
1991-08-19,376.470001220703
1991-08-20,379.429992675781
1991-08-21,390.589996337891
1991-08-22,391.329986572266
1991-08-23,394.170013427734
1991-08-26,393.850006103516
1991-08-27,393.059997558594
1991-08-28,396.640014648438
1991-08-29,396.470001220703
1991-08-30,395.429992675781
1991-09-03,392.149993896484
1991-09-04,389.970001220703
1991-09-05,389.140014648438
1991-09-06,389.100006103516
1991-09-09,388.570007324219
1991-09-10,384.559997558594
1991-09-11,385.089996337891
1991-09-12,387.339996337891
1991-09-13,383.589996337891
1991-09-16,385.779998779297
1991-09-17,385.5
1991-09-18,386.940002441406
1991-09-19,387.559997558594
1991-09-20,387.920013427734
1991-09-23,385.920013427734
1991-09-24,387.709991455078
1991-09-25,386.880004882812
1991-09-26,386.489990234375
1991-09-27,385.899993896484
1991-09-30,387.859985351562
1991-10-01,389.200012207031
1991-10-02,388.260009765625
1991-10-03,384.470001220703
1991-10-04,381.25
1991-10-07,379.5
1991-10-08,380.670013427734
1991-10-09,376.799987792969
1991-10-10,380.549987792969
1991-10-11,381.450012207031
1991-10-14,386.470001220703
1991-10-15,391.010009765625
1991-10-16,392.799987792969
1991-10-17,391.920013427734
1991-10-18,392.5
1991-10-21,390.019989013672
1991-10-22,387.829986572266
1991-10-23,387.940002441406
1991-10-24,385.070007324219
1991-10-25,384.200012207031
1991-10-28,389.519989013672
1991-10-29,391.480010986328
1991-10-30,392.959991455078
1991-10-31,392.450012207031
1991-11-01,391.320007324219
1991-11-04,390.279998779297
1991-11-05,388.709991455078
1991-11-06,389.970001220703
1991-11-07,393.720001220703
1991-11-08,392.890014648438
1991-11-11,393.119995117188
1991-11-12,396.739990234375
1991-11-13,397.410003662109
1991-11-14,397.149993896484
1991-11-15,382.619995117188
1991-11-18,385.239990234375
1991-11-19,379.420013427734
1991-11-20,378.529998779297
1991-11-21,380.059997558594
1991-11-22,376.140014648438
1991-11-25,375.339996337891
1991-11-26,377.959991455078
1991-11-27,376.549987792969
1991-11-29,375.220001220703
1991-12-02,381.399993896484
1991-12-03,380.959991455078
1991-12-04,380.070007324219
1991-12-05,377.390014648438
1991-12-06,379.100006103516
1991-12-09,378.260009765625
1991-12-10,377.899993896484
1991-12-11,377.700012207031
1991-12-12,381.549987792969
1991-12-13,384.470001220703
1991-12-16,384.459991455078
1991-12-17,382.739990234375
1991-12-18,383.480010986328
1991-12-19,382.519989013672
1991-12-20,387.040008544922
1991-12-23,396.820007324219
1991-12-24,399.329986572266
1991-12-26,404.839996337891
1991-12-27,406.459991455078
1991-12-30,415.140014648438
1991-12-31,417.089996337891
1992-01-02,417.260009765625
1992-01-03,419.339996337891
1992-01-06,417.959991455078
1992-01-07,417.399993896484
1992-01-08,418.100006103516
1992-01-09,417.609985351562
1992-01-10,415.100006103516
1992-01-13,414.339996337891
1992-01-14,420.440002441406
1992-01-15,420.769989013672
1992-01-16,418.209991455078
1992-01-17,418.859985351562
1992-01-20,416.359985351562
1992-01-21,412.640014648438
1992-01-22,418.130004882812
1992-01-23,414.959991455078
1992-01-24,415.480010986328
1992-01-27,414.989990234375
1992-01-28,414.959991455078
1992-01-29,410.339996337891
1992-01-30,411.619995117188
1992-01-31,408.779998779297
1992-02-03,409.529998779297
1992-02-04,413.850006103516
1992-02-05,413.839996337891
1992-02-06,413.820007324219
1992-02-07,411.089996337891
1992-02-10,413.769989013672
1992-02-11,413.760009765625
1992-02-12,417.130004882812
1992-02-13,413.690002441406
1992-02-14,412.480010986328
1992-02-18,407.380004882812
1992-02-19,408.260009765625
1992-02-20,413.899993896484
1992-02-21,411.429992675781
1992-02-24,412.269989013672
1992-02-25,410.450012207031
1992-02-26,415.350006103516
1992-02-27,413.859985351562
1992-02-28,412.700012207031
1992-03-02,412.450012207031
1992-03-03,412.850006103516
1992-03-04,409.329986572266
1992-03-05,406.510009765625
1992-03-06,404.440002441406
1992-03-09,405.209991455078
1992-03-10,406.890014648438
1992-03-11,404.029998779297
1992-03-12,403.890014648438
1992-03-13,405.839996337891
1992-03-16,406.390014648438
1992-03-17,409.579986572266
1992-03-18,409.149993896484
1992-03-19,409.799987792969
1992-03-20,411.299987792969
1992-03-23,409.910003662109
1992-03-24,408.880004882812
1992-03-25,407.519989013672
1992-03-26,407.859985351562
1992-03-27,403.5
1992-03-30,403
1992-03-31,403.690002441406
1992-04-01,404.230010986328
1992-04-02,400.5
1992-04-03,401.549987792969
1992-04-06,405.589996337891
1992-04-07,398.059997558594
1992-04-08,394.5
1992-04-09,400.640014648438
1992-04-10,404.290008544922
1992-04-13,406.079986572266
1992-04-14,412.390014648438
1992-04-15,416.279998779297
1992-04-16,416.040008544922
1992-04-20,410.179992675781
1992-04-21,410.260009765625
1992-04-22,409.809997558594
1992-04-23,411.600006103516
1992-04-24,409.019989013672
1992-04-27,408.450012207031
1992-04-28,409.109985351562
1992-04-29,412.019989013672
1992-04-30,414.950012207031
1992-05-01,412.529998779297
1992-05-04,416.910003662109
1992-05-05,416.839996337891
1992-05-06,416.790008544922
1992-05-07,415.850006103516
1992-05-08,416.049987792969
1992-05-11,418.489990234375
1992-05-12,416.290008544922
1992-05-13,416.450012207031
1992-05-14,413.140014648438
1992-05-15,410.089996337891
1992-05-18,412.809997558594
1992-05-19,416.369995117188
1992-05-20,415.390014648438
1992-05-21,412.600006103516
1992-05-22,414.019989013672
1992-05-26,411.410003662109
1992-05-27,412.170013427734
1992-05-28,416.739990234375
1992-05-29,415.350006103516
1992-06-01,417.299987792969
1992-06-02,413.5
1992-06-03,414.589996337891
1992-06-04,413.260009765625
1992-06-05,413.480010986328
1992-06-08,413.359985351562
1992-06-09,410.059997558594
1992-06-10,407.25
1992-06-11,409.049987792969
1992-06-12,409.760009765625
1992-06-15,410.290008544922
1992-06-16,408.320007324219
1992-06-17,402.260009765625
1992-06-18,400.959991455078
1992-06-19,403.670013427734
1992-06-22,403.399993896484
1992-06-23,404.040008544922
1992-06-24,403.839996337891
1992-06-25,403.119995117188
1992-06-26,403.450012207031
1992-06-29,408.940002441406
1992-06-30,408.140014648438
1992-07-01,412.880004882812
1992-07-02,411.769989013672
1992-07-06,413.839996337891
1992-07-07,409.160003662109
1992-07-08,410.279998779297
1992-07-09,414.230010986328
1992-07-10,414.619995117188
1992-07-13,414.869995117188
1992-07-14,417.679992675781
1992-07-15,417.100006103516
1992-07-16,417.540008544922
1992-07-17,415.619995117188
1992-07-20,413.75
1992-07-21,413.760009765625
1992-07-22,410.929992675781
1992-07-23,412.079986572266
1992-07-24,411.600006103516
1992-07-27,411.540008544922
1992-07-28,417.519989013672
1992-07-29,422.230010986328
1992-07-30,423.920013427734
1992-07-31,424.209991455078
1992-08-03,425.089996337891
1992-08-04,424.359985351562
1992-08-05,422.190002441406
1992-08-06,420.589996337891
1992-08-07,418.880004882812
1992-08-10,419.420013427734
1992-08-11,418.899993896484
1992-08-12,417.779998779297
1992-08-13,417.730010986328
1992-08-14,419.910003662109
1992-08-17,420.739990234375
1992-08-18,421.339996337891
1992-08-19,418.190002441406
1992-08-20,418.260009765625
1992-08-21,414.850006103516
1992-08-24,410.720001220703
1992-08-25,411.609985351562
1992-08-26,413.510009765625
1992-08-27,413.529998779297
1992-08-28,414.839996337891
1992-08-31,414.029998779297
1992-09-01,416.070007324219
1992-09-02,417.980010986328
1992-09-03,417.980010986328
1992-09-04,417.079986572266
1992-09-08,414.440002441406
1992-09-09,416.359985351562
1992-09-10,419.950012207031
1992-09-11,419.579986572266
1992-09-14,425.269989013672
1992-09-15,419.769989013672
1992-09-16,419.920013427734
1992-09-17,419.929992675781
1992-09-18,422.929992675781
1992-09-21,422.140014648438
1992-09-22,417.140014648438
1992-09-23,417.440002441406
1992-09-24,418.470001220703
1992-09-25,414.350006103516
1992-09-28,416.619995117188
1992-09-29,416.799987792969
1992-09-30,417.799987792969
1992-10-01,416.290008544922
1992-10-02,410.470001220703
1992-10-05,407.570007324219
1992-10-06,407.179992675781
1992-10-07,404.25
1992-10-08,407.75
1992-10-09,402.660003662109
1992-10-12,407.440002441406
1992-10-13,409.299987792969
1992-10-14,409.369995117188
1992-10-15,409.600006103516
1992-10-16,411.730010986328
1992-10-19,414.980010986328
1992-10-20,415.480010986328
1992-10-21,415.670013427734
1992-10-22,414.899993896484
1992-10-23,414.100006103516
1992-10-26,418.160003662109
1992-10-27,418.489990234375
1992-10-28,420.130004882812
1992-10-29,420.859985351562
1992-10-30,418.679992675781
1992-11-02,422.75
1992-11-03,419.920013427734
1992-11-04,417.109985351562
1992-11-05,418.339996337891
1992-11-06,417.579986572266
1992-11-09,418.589996337891
1992-11-10,418.619995117188
1992-11-11,422.200012207031
1992-11-12,422.869995117188
1992-11-13,422.429992675781
1992-11-16,420.679992675781
1992-11-17,419.269989013672
1992-11-18,422.850006103516
1992-11-19,423.609985351562
1992-11-20,426.649993896484
1992-11-23,425.119995117188
1992-11-24,427.589996337891
1992-11-25,429.190002441406
1992-11-27,430.160003662109
1992-11-30,431.350006103516
1992-12-01,430.779998779297
1992-12-02,429.890014648438
1992-12-03,429.910003662109
1992-12-04,432.059997558594
1992-12-07,435.309997558594
1992-12-08,436.989990234375
1992-12-09,435.649993896484
1992-12-10,434.640014648438
1992-12-11,433.730010986328
1992-12-14,432.839996337891
1992-12-15,432.570007324219
1992-12-16,431.519989013672
1992-12-17,435.429992675781
1992-12-18,441.279998779297
1992-12-21,440.700012207031
1992-12-22,440.309997558594
1992-12-23,439.029998779297
1992-12-24,439.769989013672
1992-12-28,439.149993896484
1992-12-29,437.980010986328
1992-12-30,438.820007324219
1992-12-31,435.709991455078
1993-01-04,435.380004882812
1993-01-05,434.339996337891
1993-01-06,434.519989013672
1993-01-07,430.730010986328
1993-01-08,429.049987792969
1993-01-11,430.950012207031
1993-01-12,431.040008544922
1993-01-13,433.029998779297
1993-01-14,435.940002441406
1993-01-15,437.149993896484
1993-01-18,436.839996337891
1993-01-19,435.130004882812
1993-01-20,433.369995117188
1993-01-21,435.489990234375
1993-01-22,436.109985351562
1993-01-25,440.010009765625
1993-01-26,439.950012207031
1993-01-27,438.109985351562
1993-01-28,438.660003662109
1993-01-29,438.779998779297
1993-02-01,442.519989013672
1993-02-02,442.549987792969
1993-02-03,447.200012207031
1993-02-04,449.559997558594
1993-02-05,448.929992675781
1993-02-08,447.850006103516
1993-02-09,445.329986572266
1993-02-10,446.230010986328
1993-02-11,447.660003662109
1993-02-12,444.579986572266
1993-02-16,433.910003662109
1993-02-17,433.299987792969
1993-02-18,431.899993896484
1993-02-19,434.220001220703
1993-02-22,435.239990234375
1993-02-23,434.799987792969
1993-02-24,440.869995117188
1993-02-25,442.339996337891
1993-02-26,443.380004882812
1993-03-01,442.010009765625
1993-03-02,447.899993896484
1993-03-03,449.260009765625
1993-03-04,447.339996337891
1993-03-05,446.109985351562
1993-03-08,454.709991455078
1993-03-09,454.399993896484
1993-03-10,456.329986572266
1993-03-11,453.720001220703
1993-03-12,449.829986572266
1993-03-15,451.429992675781
1993-03-16,451.369995117188
1993-03-17,448.309997558594
1993-03-18,451.890014648438
1993-03-19,450.179992675781
1993-03-22,448.880004882812
1993-03-23,448.760009765625
1993-03-24,448.070007324219
1993-03-25,450.880004882812
1993-03-26,447.779998779297
1993-03-29,450.769989013672
1993-03-30,451.970001220703
1993-03-31,451.670013427734
1993-04-01,450.299987792969
1993-04-02,441.390014648438
1993-04-05,442.290008544922
1993-04-06,441.160003662109
1993-04-07,442.730010986328
1993-04-08,441.839996337891
1993-04-12,448.369995117188
1993-04-13,449.220001220703
1993-04-14,448.660003662109
1993-04-15,448.399993896484
1993-04-16,448.940002441406
1993-04-19,447.459991455078
1993-04-20,445.100006103516
1993-04-21,443.630004882812
1993-04-22,439.459991455078
1993-04-23,437.029998779297
1993-04-26,433.540008544922
1993-04-27,438.010009765625
1993-04-28,438.019989013672
1993-04-29,438.890014648438
1993-04-30,440.190002441406
1993-05-03,442.459991455078
1993-05-04,444.049987792969
1993-05-05,444.519989013672
1993-05-06,443.260009765625
1993-05-07,442.309997558594
1993-05-10,442.799987792969
1993-05-11,444.359985351562
1993-05-12,444.799987792969
1993-05-13,439.230010986328
1993-05-14,439.559997558594
1993-05-17,440.369995117188
1993-05-18,440.320007324219
1993-05-19,447.570007324219
1993-05-20,450.589996337891
1993-05-21,445.839996337891
1993-05-24,448
1993-05-25,448.850006103516
1993-05-26,453.440002441406
1993-05-27,452.410003662109
1993-05-28,450.190002441406
1993-06-01,453.829986572266
1993-06-02,453.850006103516
1993-06-03,452.489990234375
1993-06-04,450.059997558594
1993-06-07,447.690002441406
1993-06-08,444.709991455078
1993-06-09,445.779998779297
1993-06-10,445.380004882812
1993-06-11,447.260009765625
1993-06-14,447.709991455078
1993-06-15,446.269989013672
1993-06-16,447.429992675781
1993-06-17,448.540008544922
1993-06-18,443.679992675781
1993-06-21,446.220001220703
1993-06-22,445.929992675781
1993-06-23,443.190002441406
1993-06-24,446.619995117188
1993-06-25,447.600006103516
1993-06-28,451.850006103516
1993-06-29,450.690002441406
1993-06-30,450.529998779297
1993-07-01,449.019989013672
1993-07-02,445.839996337891
1993-07-06,441.429992675781
1993-07-07,442.829986572266
1993-07-08,448.640014648438
1993-07-09,448.109985351562
1993-07-12,448.980010986328
1993-07-13,448.089996337891
1993-07-14,450.079986572266
1993-07-15,449.220001220703
1993-07-16,445.75
1993-07-19,446.029998779297
1993-07-20,447.309997558594
1993-07-21,447.179992675781
1993-07-22,444.510009765625
1993-07-23,447.100006103516
1993-07-26,449.089996337891
1993-07-27,448.239990234375
1993-07-28,447.190002441406
1993-07-29,450.239990234375
1993-07-30,448.130004882812
1993-08-02,450.149993896484
1993-08-03,449.269989013672
1993-08-04,448.540008544922
1993-08-05,448.130004882812
1993-08-06,448.679992675781
1993-08-09,450.720001220703
1993-08-10,449.450012207031
1993-08-11,450.459991455078
1993-08-12,448.959991455078
1993-08-13,450.140014648438
1993-08-16,452.380004882812
1993-08-17,453.130004882812
1993-08-18,456.040008544922
1993-08-19,456.429992675781
1993-08-20,456.160003662109
1993-08-23,455.230010986328
1993-08-24,459.769989013672
1993-08-25,460.130004882812
1993-08-26,461.040008544922
1993-08-27,460.540008544922
1993-08-30,461.899993896484
1993-08-31,463.559997558594
1993-09-01,463.149993896484
1993-09-02,461.299987792969
1993-09-03,461.339996337891
1993-09-07,458.519989013672
1993-09-08,456.649993896484
1993-09-09,457.5
1993-09-10,461.720001220703
1993-09-13,462.059997558594
1993-09-14,459.899993896484
1993-09-15,461.600006103516
1993-09-16,459.429992675781
1993-09-17,458.829986572266
1993-09-20,455.049987792969
1993-09-21,452.950012207031
1993-09-22,456.200012207031
1993-09-23,457.739990234375
1993-09-24,457.630004882812
1993-09-27,461.799987792969
1993-09-28,461.529998779297
1993-09-29,460.109985351562
1993-09-30,458.929992675781
1993-10-01,461.279998779297
1993-10-04,461.339996337891
1993-10-05,461.200012207031
1993-10-06,460.739990234375
1993-10-07,459.179992675781
1993-10-08,460.309997558594
1993-10-11,460.880004882812
1993-10-12,461.119995117188
1993-10-13,461.489990234375
1993-10-14,466.829986572266
1993-10-15,469.5
1993-10-18,468.450012207031
1993-10-19,466.209991455078
1993-10-20,466.070007324219
1993-10-21,465.359985351562
1993-10-22,463.269989013672
1993-10-25,464.200012207031
1993-10-26,464.299987792969
1993-10-27,464.609985351562
1993-10-28,467.730010986328
1993-10-29,467.829986572266
1993-11-01,469.100006103516
1993-11-02,468.440002441406
1993-11-03,463.019989013672
1993-11-04,457.489990234375
1993-11-05,459.570007324219
1993-11-08,460.209991455078
1993-11-09,460.329986572266
1993-11-10,463.720001220703
1993-11-11,462.640014648438
1993-11-12,465.390014648438
1993-11-15,463.75
1993-11-16,466.739990234375
1993-11-17,464.809997558594
1993-11-18,463.619995117188
1993-11-19,462.600006103516
1993-11-22,459.130004882812
1993-11-23,461.029998779297
1993-11-24,462.359985351562
1993-11-26,463.059997558594
1993-11-29,461.899993896484
1993-11-30,461.790008544922
1993-12-01,461.890014648438
1993-12-02,463.109985351562
1993-12-03,464.890014648438
1993-12-06,466.429992675781
1993-12-07,466.760009765625
1993-12-08,466.290008544922
1993-12-09,464.179992675781
1993-12-10,463.929992675781
1993-12-13,465.700012207031
1993-12-14,463.059997558594
1993-12-15,461.839996337891
1993-12-16,463.339996337891
1993-12-17,466.380004882812
1993-12-20,465.850006103516
1993-12-21,465.299987792969
1993-12-22,467.320007324219
1993-12-23,467.380004882812
1993-12-27,470.540008544922
1993-12-28,470.940002441406
1993-12-29,470.579986572266
1993-12-30,468.640014648438
1993-12-31,466.450012207031
1994-01-03,465.440002441406
1994-01-04,466.890014648438
1994-01-05,467.549987792969
1994-01-06,467.119995117188
1994-01-07,469.899993896484
1994-01-10,475.269989013672
1994-01-11,474.130004882812
1994-01-12,474.170013427734
1994-01-13,472.470001220703
1994-01-14,474.910003662109
1994-01-17,473.299987792969
1994-01-18,474.25
1994-01-19,474.299987792969
1994-01-20,474.980010986328
1994-01-21,474.720001220703
1994-01-24,471.970001220703
1994-01-25,470.920013427734
1994-01-26,473.200012207031
1994-01-27,477.049987792969
1994-01-28,478.700012207031
1994-01-31,481.609985351562
1994-02-01,479.619995117188
1994-02-02,482
1994-02-03,480.709991455078
1994-02-04,469.809997558594
1994-02-07,471.760009765625
1994-02-08,471.049987792969
1994-02-09,472.769989013672
1994-02-10,468.929992675781
1994-02-11,470.179992675781
1994-02-14,470.230010986328
1994-02-15,472.519989013672
1994-02-16,472.790008544922
1994-02-17,470.339996337891
1994-02-18,467.690002441406
1994-02-22,471.459991455078
1994-02-23,470.690002441406
1994-02-24,464.260009765625
1994-02-25,466.070007324219
1994-02-28,467.140014648438
1994-03-01,464.440002441406
1994-03-02,464.809997558594
1994-03-03,463.010009765625
1994-03-04,464.739990234375
1994-03-07,466.910003662109
1994-03-08,465.880004882812
1994-03-09,467.059997558594
1994-03-10,463.899993896484
1994-03-11,466.440002441406
1994-03-14,467.390014648438
1994-03-15,467.010009765625
1994-03-16,469.420013427734
1994-03-17,470.899993896484
1994-03-18,471.059997558594
1994-03-21,468.540008544922
1994-03-22,468.799987792969
1994-03-23,468.540008544922
1994-03-24,464.350006103516
1994-03-25,460.579986572266
1994-03-28,460
1994-03-29,452.480010986328
1994-03-30,445.549987792969
1994-03-31,445.769989013672
1994-04-04,438.920013427734
1994-04-05,448.290008544922
1994-04-06,448.049987792969
1994-04-07,450.880004882812
1994-04-08,447.100006103516
1994-04-11,449.869995117188
1994-04-12,447.570007324219
1994-04-13,446.260009765625
1994-04-14,446.380004882812
1994-04-15,446.179992675781
1994-04-18,442.459991455078
1994-04-19,442.540008544922
1994-04-20,441.959991455078
1994-04-21,448.730010986328
1994-04-22,447.630004882812
1994-04-25,452.709991455078
1994-04-26,451.869995117188
1994-04-28,449.100006103516
1994-04-29,450.910003662109
1994-05-02,453.019989013672
1994-05-03,453.029998779297
1994-05-04,451.720001220703
1994-05-05,451.380004882812
1994-05-06,447.820007324219
1994-05-09,442.320007324219
1994-05-10,446.010009765625
1994-05-11,441.489990234375
1994-05-12,443.75
1994-05-13,444.140014648438
1994-05-16,444.489990234375
1994-05-17,449.369995117188
1994-05-18,453.690002441406
1994-05-19,456.480010986328
1994-05-20,454.920013427734
1994-05-23,453.200012207031
1994-05-24,454.809997558594
1994-05-25,456.339996337891
1994-05-26,457.059997558594
1994-05-27,457.329986572266
1994-05-31,456.5
1994-06-01,457.630004882812
1994-06-02,457.649993896484
1994-06-03,460.130004882812
1994-06-06,458.880004882812
1994-06-07,458.209991455078
1994-06-08,457.059997558594
1994-06-09,457.859985351562
1994-06-10,458.670013427734
1994-06-13,459.100006103516
1994-06-14,462.369995117188
1994-06-15,460.609985351562
1994-06-16,461.929992675781
1994-06-17,458.450012207031
1994-06-20,455.480010986328
1994-06-21,451.339996337891
1994-06-22,453.089996337891
1994-06-23,449.630004882812
1994-06-24,442.799987792969
1994-06-27,447.309997558594
1994-06-28,446.070007324219
1994-06-29,447.630004882812
1994-06-30,444.269989013672
1994-07-01,446.200012207031
1994-07-05,446.369995117188
1994-07-06,446.130004882812
1994-07-07,448.380004882812
1994-07-08,449.549987792969
1994-07-11,448.059997558594
1994-07-12,447.950012207031
1994-07-13,448.730010986328
1994-07-14,453.410003662109
1994-07-15,454.160003662109
1994-07-18,455.220001220703
1994-07-19,453.859985351562
1994-07-20,451.600006103516
1994-07-21,452.609985351562
1994-07-22,453.109985351562
1994-07-25,454.25
1994-07-26,453.359985351562
1994-07-27,452.570007324219
1994-07-28,454.239990234375
1994-07-29,458.260009765625
1994-08-01,461.010009765625
1994-08-02,460.559997558594
1994-08-03,461.450012207031
1994-08-04,458.399993896484
1994-08-05,457.089996337891
1994-08-08,457.890014648438
1994-08-09,457.920013427734
1994-08-10,460.299987792969
1994-08-11,458.880004882812
1994-08-12,461.940002441406
1994-08-15,461.230010986328
1994-08-16,465.010009765625
1994-08-17,465.170013427734
1994-08-18,463.170013427734
1994-08-19,463.679992675781
1994-08-22,462.320007324219
1994-08-23,464.510009765625
1994-08-24,469.029998779297
1994-08-25,468.079986572266
1994-08-26,473.799987792969
1994-08-29,474.589996337891
1994-08-30,476.070007324219
1994-08-31,475.489990234375
1994-09-01,473.170013427734
1994-09-02,470.989990234375
1994-09-06,471.859985351562
1994-09-07,470.989990234375
1994-09-08,473.140014648438
1994-09-09,468.179992675781
1994-09-12,466.209991455078
1994-09-13,467.510009765625
1994-09-14,468.799987792969
1994-09-15,474.809997558594
1994-09-16,471.190002441406
1994-09-19,470.850006103516
1994-09-20,463.359985351562
1994-09-21,461.459991455078
1994-09-22,461.269989013672
1994-09-23,459.670013427734
1994-09-26,460.820007324219
1994-09-27,462.049987792969
1994-09-28,464.839996337891
1994-09-29,462.239990234375
1994-09-30,462.709991455078
1994-10-03,461.739990234375
1994-10-04,454.589996337891
1994-10-05,453.519989013672
1994-10-06,452.359985351562
1994-10-07,455.100006103516
1994-10-10,459.040008544922
1994-10-11,465.790008544922
1994-10-12,465.470001220703
1994-10-13,467.790008544922
1994-10-14,469.100006103516
1994-10-17,468.959991455078
1994-10-18,467.660003662109
1994-10-19,470.279998779297
1994-10-20,466.850006103516
1994-10-21,464.890014648438
1994-10-24,460.829986572266
1994-10-25,461.529998779297
1994-10-26,462.619995117188
1994-10-27,465.850006103516
1994-10-28,473.769989013672
1994-10-31,472.350006103516
1994-11-01,468.420013427734
1994-11-02,466.510009765625
1994-11-03,467.910003662109
1994-11-04,462.279998779297
1994-11-07,463.070007324219
1994-11-08,465.649993896484
1994-11-09,465.399993896484
1994-11-10,464.369995117188
1994-11-11,462.350006103516
1994-11-14,466.040008544922
1994-11-15,465.029998779297
1994-11-16,465.619995117188
1994-11-17,463.570007324219
1994-11-18,461.470001220703
1994-11-21,458.299987792969
1994-11-22,450.089996337891
1994-11-23,449.929992675781
1994-11-25,452.290008544922
1994-11-28,454.160003662109
1994-11-29,455.170013427734
1994-11-30,453.690002441406
1994-12-01,448.920013427734
1994-12-02,453.299987792969
1994-12-05,453.320007324219
1994-12-06,453.109985351562
1994-12-07,451.230010986328
1994-12-08,445.450012207031
1994-12-09,446.959991455078
1994-12-12,449.470001220703
1994-12-13,450.149993896484
1994-12-14,454.970001220703
1994-12-15,455.339996337891
1994-12-16,458.799987792969
1994-12-19,457.910003662109
1994-12-20,457.100006103516
1994-12-21,459.609985351562
1994-12-22,459.679992675781
1994-12-23,459.829986572266
1994-12-27,462.470001220703
1994-12-28,460.859985351562
1994-12-29,461.170013427734
1994-12-30,459.269989013672
1995-01-03,459.109985351562
1995-01-04,460.709991455078
1995-01-05,460.339996337891
1995-01-06,460.679992675781
1995-01-09,460.829986572266
1995-01-10,461.679992675781
1995-01-11,461.660003662109
1995-01-12,461.640014648438
1995-01-13,465.970001220703
1995-01-16,469.380004882812
1995-01-17,470.049987792969
1995-01-18,469.709991455078
1995-01-19,466.950012207031
1995-01-20,464.779998779297
1995-01-23,465.820007324219
1995-01-24,465.859985351562
1995-01-25,467.440002441406
1995-01-26,468.320007324219
1995-01-27,470.390014648438
1995-01-30,468.510009765625
1995-01-31,470.420013427734
1995-02-01,470.399993896484
1995-02-02,472.790008544922
1995-02-03,478.649993896484
1995-02-06,481.140014648438
1995-02-07,480.809997558594
1995-02-08,481.190002441406
1995-02-09,480.190002441406
1995-02-10,481.459991455078
1995-02-13,481.649993896484
1995-02-14,482.549987792969
1995-02-15,484.540008544922
1995-02-16,485.220001220703
1995-02-17,481.970001220703
1995-02-21,482.720001220703
1995-02-22,485.070007324219
1995-02-23,486.910003662109
1995-02-24,488.109985351562
1995-02-27,483.809997558594
1995-02-28,487.390014648438
1995-03-01,485.649993896484
1995-03-02,485.130004882812
1995-03-03,485.420013427734
1995-03-06,485.630004882812
1995-03-07,482.119995117188
1995-03-08,483.140014648438
1995-03-09,483.160003662109
1995-03-10,489.570007324219
1995-03-13,490.049987792969
1995-03-14,492.890014648438
1995-03-15,491.880004882812
1995-03-16,495.410003662109
1995-03-17,495.519989013672
1995-03-20,496.140014648438
1995-03-21,495.070007324219
1995-03-22,495.670013427734
1995-03-23,495.950012207031
1995-03-24,500.970001220703
1995-03-27,503.200012207031
1995-03-28,503.899993896484
1995-03-29,503.119995117188
1995-03-30,502.220001220703
1995-03-31,500.709991455078
1995-04-03,501.850006103516
1995-04-04,505.239990234375
1995-04-05,505.570007324219
1995-04-06,506.079986572266
1995-04-07,506.420013427734
1995-04-10,507.010009765625
1995-04-11,505.529998779297
1995-04-12,507.170013427734
1995-04-13,509.230010986328
1995-04-17,506.130004882812
1995-04-18,505.369995117188
1995-04-19,504.920013427734
1995-04-20,505.290008544922
1995-04-21,508.489990234375
1995-04-24,512.890014648438
1995-04-25,512.099975585938
1995-04-26,512.659973144531
1995-04-27,513.549987792969
1995-04-28,514.710021972656
1995-05-01,514.260009765625
1995-05-02,514.859985351562
1995-05-03,520.47998046875
1995-05-04,520.539978027344
1995-05-05,520.119995117188
1995-05-08,523.960021972656
1995-05-09,523.559997558594
1995-05-10,524.359985351562
1995-05-11,524.369995117188
1995-05-12,525.549987792969
1995-05-15,527.739990234375
1995-05-16,528.190002441406
1995-05-17,527.070007324219
1995-05-18,519.580017089844
1995-05-19,519.190002441406
1995-05-22,523.650024414062
1995-05-23,528.590026855469
1995-05-24,528.609985351562
1995-05-25,528.590026855469
1995-05-26,523.650024414062
1995-05-30,523.580017089844
1995-05-31,533.400024414062
1995-06-01,533.489990234375
1995-06-02,532.510009765625
1995-06-05,535.599975585938
1995-06-06,535.549987792969
1995-06-07,533.130004882812
1995-06-08,532.349975585938
1995-06-09,527.940002441406
1995-06-12,530.880004882812
1995-06-13,536.049987792969
1995-06-14,536.469970703125
1995-06-15,537.119995117188
1995-06-16,539.830017089844
1995-06-19,545.219970703125
1995-06-20,544.97998046875
1995-06-21,543.97998046875
1995-06-22,551.070007324219
1995-06-23,549.710021972656
1995-06-26,544.130004882812
1995-06-27,542.429992675781
1995-06-28,544.72998046875
1995-06-29,543.869995117188
1995-06-30,544.75
1995-07-03,547.090026855469
1995-07-05,547.260009765625
1995-07-06,553.989990234375
1995-07-07,556.369995117188
1995-07-10,557.190002441406
1995-07-11,554.780029296875
1995-07-12,560.890014648438
1995-07-13,561
1995-07-14,559.890014648438
1995-07-17,562.719970703125
1995-07-18,558.460021972656
1995-07-19,550.97998046875
1995-07-20,553.539978027344
1995-07-21,553.619995117188
1995-07-24,556.630004882812
1995-07-25,561.099975585938
1995-07-26,561.609985351562
1995-07-27,565.219970703125
1995-07-28,562.929992675781
1995-07-31,562.059997558594
1995-08-01,559.640014648438
1995-08-02,558.799987792969
1995-08-03,558.75
1995-08-04,558.940002441406
1995-08-07,560.030029296875
1995-08-08,560.390014648438
1995-08-09,559.710021972656
1995-08-10,557.450012207031
1995-08-11,555.109985351562
1995-08-14,559.739990234375
1995-08-15,558.570007324219
1995-08-16,559.969970703125
1995-08-17,559.039978027344
1995-08-18,559.210021972656
1995-08-21,558.109985351562
1995-08-22,559.52001953125
1995-08-23,557.140014648438
1995-08-24,557.460021972656
1995-08-25,560.099975585938
1995-08-28,559.049987792969
1995-08-29,560
1995-08-30,560.919982910156
1995-08-31,561.880004882812
1995-09-01,563.840026855469
1995-09-05,569.169982910156
1995-09-06,570.169982910156
1995-09-07,570.289978027344
1995-09-08,572.679992675781
1995-09-11,573.909973144531
1995-09-12,576.510009765625
1995-09-13,578.77001953125
1995-09-14,583.609985351562
1995-09-15,583.349975585938
1995-09-18,582.77001953125
1995-09-19,584.200012207031
1995-09-20,586.77001953125
1995-09-21,583
1995-09-22,581.72998046875
1995-09-25,581.809997558594
1995-09-26,581.409973144531
1995-09-27,581.039978027344
1995-09-28,585.869995117188
1995-09-29,584.409973144531
1995-10-02,581.719970703125
1995-10-03,582.340026855469
1995-10-04,581.469970703125
1995-10-05,582.630004882812
1995-10-06,582.489990234375
1995-10-09,578.369995117188
1995-10-10,577.52001953125
1995-10-11,579.460021972656
1995-10-12,583.099975585938
1995-10-13,584.5
1995-10-16,583.030029296875
1995-10-17,586.780029296875
1995-10-18,587.440002441406
1995-10-19,590.650024414062
1995-10-20,587.460021972656
1995-10-23,585.059997558594
1995-10-24,586.539978027344
1995-10-25,582.469970703125
1995-10-26,576.719970703125
1995-10-27,579.700012207031
1995-10-30,583.25
1995-10-31,581.5
1995-11-01,584.219970703125
1995-11-02,589.719970703125
1995-11-03,590.570007324219
1995-11-06,588.460021972656
1995-11-07,586.320007324219
1995-11-08,591.710021972656
1995-11-09,593.260009765625
1995-11-10,592.719970703125
1995-11-13,592.299987792969
1995-11-14,589.289978027344
1995-11-15,593.960021972656
1995-11-16,597.340026855469
1995-11-17,600.070007324219
1995-11-20,596.849975585938
1995-11-21,600.239990234375
1995-11-22,598.400024414062
1995-11-24,599.969970703125
1995-11-27,601.320007324219
1995-11-28,606.450012207031
1995-11-29,607.640014648438
1995-11-30,605.369995117188
1995-12-01,606.97998046875
1995-12-04,613.679992675781
1995-12-05,617.679992675781
1995-12-06,620.179992675781
1995-12-07,616.169982910156
1995-12-08,617.47998046875
1995-12-11,619.52001953125
1995-12-12,618.780029296875
1995-12-13,621.690002441406
1995-12-14,616.919982910156
1995-12-15,616.340026855469
1995-12-18,606.809997558594
1995-12-19,611.929992675781
1995-12-20,605.940002441406
1995-12-21,610.489990234375
1995-12-22,611.950012207031
1995-12-26,614.299987792969
1995-12-27,614.530029296875
1995-12-28,614.119995117188
1995-12-29,615.929992675781
1996-01-02,620.72998046875
1996-01-03,621.320007324219
1996-01-04,617.700012207031
1996-01-05,616.710021972656
1996-01-08,618.460021972656
1996-01-09,609.450012207031
1996-01-10,598.47998046875
1996-01-11,602.690002441406
1996-01-12,601.809997558594
1996-01-15,599.820007324219
1996-01-16,608.440002441406
1996-01-17,606.369995117188
1996-01-18,608.239990234375
1996-01-19,611.830017089844
1996-01-22,613.400024414062
1996-01-23,612.789978027344
1996-01-24,619.960021972656
1996-01-25,617.030029296875
1996-01-26,621.619995117188
1996-01-29,624.219970703125
1996-01-30,630.150024414062
1996-01-31,636.02001953125
1996-02-01,638.460021972656
1996-02-02,635.840026855469
1996-02-05,641.429992675781
1996-02-06,646.330017089844
1996-02-07,649.929992675781
1996-02-08,656.070007324219
1996-02-09,656.369995117188
1996-02-12,661.450012207031
1996-02-13,660.510009765625
1996-02-14,655.580017089844
1996-02-15,651.320007324219
1996-02-16,647.97998046875
1996-02-20,640.650024414062
1996-02-21,648.099975585938
1996-02-22,658.859985351562
1996-02-23,659.080017089844
1996-02-26,650.460021972656
1996-02-27,647.239990234375
1996-02-28,644.75
1996-02-29,640.429992675781
1996-03-01,644.369995117188
1996-03-04,650.809997558594
1996-03-05,655.789978027344
1996-03-06,652
1996-03-07,653.650024414062
1996-03-08,633.5
1996-03-11,640.02001953125
1996-03-12,637.090026855469
1996-03-13,638.549987792969
1996-03-14,640.869995117188
1996-03-15,641.429992675781
1996-03-18,652.650024414062
1996-03-19,651.690002441406
1996-03-20,649.97998046875
1996-03-21,649.190002441406
1996-03-22,650.619995117188
1996-03-25,650.039978027344
1996-03-26,652.969970703125
1996-03-27,648.909973144531
1996-03-28,648.940002441406
1996-03-29,645.5
1996-04-01,653.72998046875
1996-04-02,655.260009765625
1996-04-03,655.880004882812
1996-04-04,655.859985351562
1996-04-08,644.239990234375
1996-04-09,642.190002441406
1996-04-10,633.5
1996-04-11,631.179992675781
1996-04-12,636.710021972656
1996-04-15,642.489990234375
1996-04-16,645
1996-04-17,641.609985351562
1996-04-18,643.609985351562
1996-04-19,645.070007324219
1996-04-22,647.890014648438
1996-04-23,651.580017089844
1996-04-24,650.169982910156
1996-04-25,652.869995117188
1996-04-26,653.460021972656
1996-04-29,654.159973144531
1996-04-30,654.169982910156
1996-05-01,654.580017089844
1996-05-02,643.380004882812
1996-05-03,641.630004882812
1996-05-06,640.809997558594
1996-05-07,638.260009765625
1996-05-08,644.77001953125
1996-05-09,645.440002441406
1996-05-10,652.090026855469
1996-05-13,661.510009765625
1996-05-14,665.599975585938
1996-05-15,665.419982910156
1996-05-16,664.849975585938
1996-05-17,668.909973144531
1996-05-20,673.150024414062
1996-05-21,672.760009765625
1996-05-22,678.419982910156
1996-05-23,676
1996-05-24,678.510009765625
1996-05-28,672.22998046875
1996-05-29,667.929992675781
1996-05-30,671.700012207031
1996-05-31,669.119995117188
1996-06-03,667.679992675781
1996-06-04,672.559997558594
1996-06-05,678.440002441406
1996-06-06,673.030029296875
1996-06-07,673.309997558594
1996-06-10,672.159973144531
1996-06-11,670.969970703125
1996-06-12,669.039978027344
1996-06-13,667.919982910156
1996-06-14,665.849975585938
1996-06-17,665.159973144531
1996-06-18,662.059997558594
1996-06-19,661.960021972656
1996-06-20,662.099975585938
1996-06-21,666.840026855469
1996-06-24,668.849975585938
1996-06-25,668.47998046875
1996-06-26,664.390014648438
1996-06-27,668.549987792969
1996-06-28,670.630004882812
1996-07-01,675.880004882812
1996-07-02,673.609985351562
1996-07-03,672.400024414062
1996-07-05,657.440002441406
1996-07-08,652.539978027344
1996-07-09,654.75
1996-07-10,656.059997558594
1996-07-11,645.669982910156
1996-07-12,646.190002441406
1996-07-15,629.799987792969
1996-07-16,628.369995117188
1996-07-17,634.070007324219
1996-07-18,643.559997558594
1996-07-19,638.72998046875
1996-07-22,633.77001953125
1996-07-23,626.869995117188
1996-07-24,626.650024414062
1996-07-25,631.169982910156
1996-07-26,635.900024414062
1996-07-29,630.909973144531
1996-07-30,635.260009765625
1996-07-31,639.950012207031
1996-08-01,650.02001953125
1996-08-02,662.489990234375
1996-08-05,660.22998046875
1996-08-06,662.380004882812
1996-08-07,664.159973144531
1996-08-08,662.590026855469
1996-08-09,662.099975585938
1996-08-12,665.77001953125
1996-08-13,660.200012207031
1996-08-14,662.049987792969
1996-08-15,662.280029296875
1996-08-16,665.210021972656
1996-08-19,666.580017089844
1996-08-20,665.690002441406
1996-08-21,665.070007324219
1996-08-22,670.679992675781
1996-08-23,667.030029296875
1996-08-26,663.880004882812
1996-08-27,666.400024414062
1996-08-28,664.809997558594
1996-08-29,657.400024414062
1996-08-30,651.989990234375
1996-09-03,654.719970703125
1996-09-04,655.609985351562
1996-09-05,649.440002441406
1996-09-06,655.679992675781
1996-09-09,663.760009765625
1996-09-10,663.809997558594
1996-09-11,667.280029296875
1996-09-12,671.150024414062
1996-09-13,680.539978027344
1996-09-16,683.97998046875
1996-09-17,682.940002441406
1996-09-18,681.469970703125
1996-09-19,683
1996-09-20,687.030029296875
1996-09-23,686.47998046875
1996-09-24,685.609985351562
1996-09-25,685.830017089844
1996-09-26,685.859985351562
1996-09-27,686.190002441406
1996-09-30,687.330017089844
1996-10-01,689.080017089844
1996-10-02,694.010009765625
1996-10-03,692.780029296875
1996-10-04,701.460021972656
1996-10-07,703.340026855469
1996-10-08,700.640014648438
1996-10-09,696.739990234375
1996-10-10,694.609985351562
1996-10-11,700.659973144531
1996-10-14,703.539978027344
1996-10-15,702.570007324219
1996-10-16,704.409973144531
1996-10-17,706.989990234375
1996-10-18,710.820007324219
1996-10-21,709.849975585938
1996-10-22,706.570007324219
1996-10-23,707.27001953125
1996-10-24,702.289978027344
1996-10-25,700.919982910156
1996-10-28,697.260009765625
1996-10-29,701.5
1996-10-30,700.900024414062
1996-10-31,705.27001953125
1996-11-01,703.77001953125
1996-11-04,706.72998046875
1996-11-05,714.140014648438
1996-11-06,724.590026855469
1996-11-07,727.650024414062
1996-11-08,730.820007324219
1996-11-11,731.869995117188
1996-11-12,729.559997558594
1996-11-13,731.130004882812
1996-11-14,735.880004882812
1996-11-15,737.619995117188
1996-11-18,737.02001953125
1996-11-19,742.159973144531
1996-11-20,743.950012207031
1996-11-21,742.75
1996-11-22,748.72998046875
1996-11-25,757.030029296875
1996-11-26,755.960021972656
1996-11-27,755
1996-11-29,757.02001953125
1996-12-02,756.559997558594
1996-12-03,748.280029296875
1996-12-04,745.099975585938
1996-12-05,744.380004882812
1996-12-06,739.599975585938
1996-12-09,749.760009765625
1996-12-10,747.539978027344
1996-12-11,740.72998046875
1996-12-12,729.299987792969
1996-12-13,728.640014648438
1996-12-16,720.97998046875
1996-12-17,726.039978027344
1996-12-18,731.539978027344
1996-12-19,745.760009765625
1996-12-20,748.869995117188
1996-12-23,746.919982910156
1996-12-24,751.030029296875
1996-12-26,755.820007324219
1996-12-27,756.789978027344
1996-12-30,753.849975585938
1996-12-31,740.739990234375
1997-01-02,737.010009765625
1997-01-03,748.030029296875
1997-01-06,747.650024414062
1997-01-07,753.22998046875
1997-01-08,748.409973144531
1997-01-09,754.849975585938
1997-01-10,759.5
1997-01-13,759.510009765625
1997-01-14,768.859985351562
1997-01-15,767.200012207031
1997-01-16,769.75
1997-01-17,776.169982910156
1997-01-20,776.700012207031
1997-01-21,782.719970703125
1997-01-22,786.22998046875
1997-01-23,777.559997558594
1997-01-24,770.52001953125
1997-01-27,765.02001953125
1997-01-28,765.02001953125
1997-01-29,772.5
1997-01-30,784.169982910156
1997-01-31,786.159973144531
1997-02-03,786.72998046875
1997-02-04,789.260009765625
1997-02-05,778.280029296875
1997-02-06,780.150024414062
1997-02-07,789.559997558594
1997-02-10,785.429992675781
1997-02-11,789.590026855469
1997-02-12,802.77001953125
1997-02-13,811.820007324219
1997-02-14,808.47998046875
1997-02-18,816.289978027344
1997-02-19,812.489990234375
1997-02-20,802.799987792969
1997-02-21,801.77001953125
1997-02-24,810.280029296875
1997-02-25,812.030029296875
1997-02-26,805.679992675781
1997-02-27,795.070007324219
1997-02-28,790.820007324219
1997-03-03,795.309997558594
1997-03-04,790.950012207031
1997-03-05,801.989990234375
1997-03-06,798.559997558594
1997-03-07,804.969970703125
1997-03-10,813.650024414062
1997-03-11,811.340026855469
1997-03-12,804.260009765625
1997-03-13,789.559997558594
1997-03-14,793.169982910156
1997-03-17,795.710021972656
1997-03-18,789.659973144531
1997-03-19,785.77001953125
1997-03-20,782.650024414062
1997-03-21,784.099975585938
1997-03-24,790.890014648438
1997-03-25,789.070007324219
1997-03-26,790.5
1997-03-27,773.880004882812
1997-03-31,757.119995117188
1997-04-01,759.640014648438
1997-04-02,750.109985351562
1997-04-03,750.320007324219
1997-04-04,757.900024414062
1997-04-07,762.130004882812
1997-04-08,766.119995117188
1997-04-09,760.599975585938
1997-04-10,758.340026855469
1997-04-11,737.650024414062
1997-04-14,743.72998046875
1997-04-15,754.719970703125
1997-04-16,763.530029296875
1997-04-17,761.77001953125
1997-04-18,766.340026855469
1997-04-21,760.369995117188
1997-04-22,774.609985351562
1997-04-23,773.640014648438
1997-04-24,771.179992675781
1997-04-25,765.369995117188
1997-04-28,772.960021972656
1997-04-29,794.049987792969
1997-04-30,801.340026855469
1997-05-01,798.530029296875
1997-05-02,812.969970703125
1997-05-05,830.289978027344
1997-05-06,827.760009765625
1997-05-07,815.619995117188
1997-05-08,820.260009765625
1997-05-09,824.780029296875
1997-05-12,837.659973144531
1997-05-13,833.130004882812
1997-05-14,836.039978027344
1997-05-15,841.880004882812
1997-05-16,829.75
1997-05-19,833.27001953125
1997-05-20,841.659973144531
1997-05-21,839.349975585938
1997-05-22,835.659973144531
1997-05-23,847.030029296875
1997-05-27,849.710021972656
1997-05-28,847.210021972656
1997-05-29,844.080017089844
1997-05-30,848.280029296875
1997-06-02,846.359985351562
1997-06-03,845.47998046875
1997-06-04,840.109985351562
1997-06-05,843.429992675781
1997-06-06,858.010009765625
1997-06-09,862.909973144531
1997-06-10,865.27001953125
1997-06-11,869.570007324219
1997-06-12,883.460021972656
1997-06-13,893.27001953125
1997-06-16,893.900024414062
1997-06-17,894.419982910156
1997-06-18,889.059997558594
1997-06-19,897.989990234375
1997-06-20,898.700012207031
1997-06-23,878.619995117188
1997-06-24,896.340026855469
1997-06-25,888.989990234375
1997-06-26,883.679992675781
1997-06-27,887.299987792969
1997-06-30,885.140014648438
1997-07-01,891.030029296875
1997-07-02,904.030029296875
1997-07-03,916.919982910156
1997-07-07,912.200012207031
1997-07-08,918.75
1997-07-09,907.539978027344
1997-07-10,913.780029296875
1997-07-11,916.679992675781
1997-07-14,918.380004882812
1997-07-15,925.760009765625
1997-07-16,936.590026855469
1997-07-17,931.609985351562
1997-07-18,915.299987792969
1997-07-21,912.940002441406
1997-07-22,933.97998046875
1997-07-23,936.559997558594
1997-07-24,940.299987792969
1997-07-25,938.789978027344
1997-07-28,936.450012207031
1997-07-29,942.289978027344
1997-07-30,952.289978027344
1997-07-31,954.309997558594
1997-08-01,947.140014648438
1997-08-04,950.299987792969
1997-08-05,952.369995117188
1997-08-06,960.320007324219
1997-08-07,951.190002441406
1997-08-08,933.539978027344
1997-08-11,937
1997-08-12,926.530029296875
1997-08-13,922.02001953125
1997-08-14,924.77001953125
1997-08-15,900.809997558594
1997-08-18,912.489990234375
1997-08-19,926.010009765625
1997-08-20,939.349975585938
1997-08-21,925.049987792969
1997-08-22,923.539978027344
1997-08-25,920.159973144531
1997-08-26,913.02001953125
1997-08-27,913.700012207031
1997-08-28,903.669982910156
1997-08-29,899.469970703125
1997-09-02,927.580017089844
1997-09-03,927.859985351562
1997-09-04,930.869995117188
1997-09-05,929.049987792969
1997-09-08,931.200012207031
1997-09-09,933.619995117188
1997-09-10,919.030029296875
1997-09-11,912.590026855469
1997-09-12,923.909973144531
1997-09-15,919.77001953125
1997-09-16,945.640014648438
1997-09-17,943
1997-09-18,947.289978027344
1997-09-19,950.510009765625
1997-09-22,955.429992675781
1997-09-23,951.929992675781
1997-09-24,944.47998046875
1997-09-25,937.909973144531
1997-09-26,945.219970703125
1997-09-29,953.340026855469
1997-09-30,947.280029296875
1997-10-01,955.409973144531
1997-10-02,960.460021972656
1997-10-03,965.030029296875
1997-10-06,972.690002441406
1997-10-07,983.119995117188
1997-10-08,973.840026855469
1997-10-09,970.619995117188
1997-10-10,966.97998046875
1997-10-13,968.099975585938
1997-10-14,970.280029296875
1997-10-15,965.719970703125
1997-10-16,955.25
1997-10-17,944.159973144531
1997-10-20,955.609985351562
1997-10-21,972.280029296875
1997-10-22,968.489990234375
1997-10-23,950.690002441406
1997-10-24,941.640014648438
1997-10-27,876.989990234375
1997-10-28,921.849975585938
1997-10-29,919.159973144531
1997-10-30,903.679992675781
1997-10-31,914.619995117188
1997-11-03,938.989990234375
1997-11-04,940.760009765625
1997-11-05,942.760009765625
1997-11-06,938.030029296875
1997-11-07,927.510009765625
1997-11-10,921.130004882812
1997-11-11,923.780029296875
1997-11-12,905.960021972656
1997-11-13,916.659973144531
1997-11-14,928.349975585938
1997-11-17,946.200012207031
1997-11-18,938.22998046875
1997-11-19,944.590026855469
1997-11-20,958.97998046875
1997-11-21,963.090026855469
1997-11-24,946.669982910156
1997-11-25,950.820007324219
1997-11-26,951.640014648438
1997-11-28,955.400024414062
1997-12-01,974.77001953125
1997-12-02,971.679992675781
1997-12-03,976.77001953125
1997-12-04,973.099975585938
1997-12-05,983.789978027344
1997-12-08,982.369995117188
1997-12-09,975.780029296875
1997-12-10,969.789978027344
1997-12-11,954.940002441406
1997-12-12,953.390014648438
1997-12-15,963.390014648438
1997-12-16,968.039978027344
1997-12-17,965.539978027344
1997-12-18,955.299987792969
1997-12-19,946.780029296875
1997-12-22,953.700012207031
1997-12-23,939.130004882812
1997-12-24,932.700012207031
1997-12-26,936.460021972656
1997-12-29,953.349975585938
1997-12-30,970.840026855469
1997-12-31,970.429992675781
1998-01-02,975.039978027344
1998-01-05,977.070007324219
1998-01-06,966.580017089844
1998-01-07,964
1998-01-08,956.049987792969
1998-01-09,927.690002441406
1998-01-12,939.210021972656
1998-01-13,952.119995117188
1998-01-14,957.940002441406
1998-01-15,950.72998046875
1998-01-16,961.510009765625
1998-01-20,978.599975585938
1998-01-21,970.809997558594
1998-01-22,963.039978027344
1998-01-23,957.590026855469
1998-01-26,956.950012207031
1998-01-27,969.02001953125
1998-01-28,977.460021972656
1998-01-29,985.489990234375
1998-01-30,980.280029296875
1998-02-02,1001.27001953125
1998-02-03,1006
1998-02-04,1006.90002441406
1998-02-05,1003.53997802734
1998-02-06,1012.46002197266
1998-02-09,1010.73999023438
1998-02-10,1019.01000976562
1998-02-11,1020.01000976562
1998-02-12,1024.14001464844
1998-02-13,1020.09002685547
1998-02-17,1022.76000976562
1998-02-18,1032.07995605469
1998-02-19,1028.28002929688
1998-02-20,1034.2099609375
1998-02-23,1038.14001464844
1998-02-24,1030.56005859375
1998-02-25,1042.90002441406
1998-02-26,1048.67004394531
1998-02-27,1049.33996582031
1998-03-02,1047.69995117188
1998-03-03,1052.02001953125
1998-03-04,1047.32995605469
1998-03-05,1035.05004882812
1998-03-06,1055.68994140625
1998-03-09,1052.31005859375
1998-03-10,1064.25
1998-03-11,1068.46997070312
1998-03-12,1069.92004394531
1998-03-13,1068.60998535156
1998-03-16,1079.27001953125
1998-03-17,1080.44995117188
1998-03-18,1085.52001953125
1998-03-19,1089.73999023438
1998-03-20,1099.16003417969
1998-03-23,1095.55004882812
1998-03-24,1105.65002441406
1998-03-25,1101.93005371094
1998-03-26,1100.80004882812
1998-03-27,1095.43994140625
1998-03-30,1093.59997558594
1998-03-31,1101.75
1998-04-01,1108.15002441406
1998-04-02,1120.01000976562
1998-04-03,1122.69995117188
1998-04-06,1121.38000488281
1998-04-07,1109.55004882812
1998-04-08,1101.65002441406
1998-04-09,1110.67004394531
1998-04-13,1109.68994140625
1998-04-14,1115.75
1998-04-15,1119.31994628906
1998-04-16,1108.17004394531
1998-04-17,1122.71997070312
1998-04-20,1123.65002441406
1998-04-21,1126.67004394531
1998-04-22,1130.5400390625
1998-04-23,1119.57995605469
1998-04-24,1107.90002441406
1998-04-27,1086.5400390625
1998-04-28,1085.10998535156
1998-04-29,1094.61999511719
1998-04-30,1111.75
1998-05-01,1121
1998-05-04,1122.06994628906
1998-05-05,1115.5
1998-05-06,1104.92004394531
1998-05-07,1095.14001464844
1998-05-08,1108.14001464844
1998-05-11,1106.64001464844
1998-05-12,1115.7900390625
1998-05-13,1118.85998535156
1998-05-14,1117.36999511719
1998-05-15,1108.72998046875
1998-05-18,1105.81994628906
1998-05-19,1109.52001953125
1998-05-20,1119.06005859375
1998-05-21,1114.64001464844
1998-05-22,1110.46997070312
1998-05-26,1094.02001953125
1998-05-27,1092.22998046875
1998-05-28,1097.59997558594
1998-05-29,1090.81994628906
1998-06-01,1090.97998046875
1998-06-02,1093.21997070312
1998-06-03,1082.72998046875
1998-06-04,1094.82995605469
1998-06-05,1113.85998535156
1998-06-08,1115.71997070312
1998-06-09,1118.41003417969
1998-06-10,1112.28002929688
1998-06-11,1094.57995605469
1998-06-12,1098.83996582031
1998-06-15,1077.01000976562
1998-06-16,1087.58996582031
1998-06-17,1107.10998535156
1998-06-18,1106.36999511719
1998-06-19,1100.65002441406
1998-06-22,1103.2099609375
1998-06-23,1119.48999023438
1998-06-24,1132.88000488281
1998-06-25,1129.28002929688
1998-06-26,1133.19995117188
1998-06-29,1138.48999023438
1998-06-30,1133.83996582031
1998-07-01,1148.56005859375
1998-07-02,1146.42004394531
1998-07-06,1157.32995605469
1998-07-07,1154.66003417969
1998-07-08,1166.38000488281
1998-07-09,1158.56005859375
1998-07-10,1164.32995605469
1998-07-13,1165.18994140625
1998-07-14,1177.57995605469
1998-07-15,1174.81005859375
1998-07-16,1183.98999023438
1998-07-17,1186.75
1998-07-20,1184.09997558594
1998-07-21,1165.06994628906
1998-07-22,1164.07995605469
1998-07-23,1139.75
1998-07-24,1140.80004882812
1998-07-27,1147.27001953125
1998-07-28,1130.23999023438
1998-07-29,1125.2099609375
1998-07-30,1142.94995117188
1998-07-31,1120.67004394531
1998-08-03,1112.43994140625
1998-08-04,1072.11999511719
1998-08-05,1081.43005371094
1998-08-06,1089.63000488281
1998-08-07,1089.44995117188
1998-08-10,1083.14001464844
1998-08-11,1068.97998046875
1998-08-12,1084.21997070312
1998-08-13,1074.91003417969
1998-08-14,1062.75
1998-08-17,1083.67004394531
1998-08-18,1101.19995117188
1998-08-19,1098.06005859375
1998-08-20,1091.59997558594
1998-08-21,1081.23999023438
1998-08-24,1088.14001464844
1998-08-25,1092.84997558594
1998-08-26,1084.18994140625
1998-08-27,1042.58996582031
1998-08-28,1027.14001464844
1998-08-31,957.280029296875
1998-09-01,994.260009765625
1998-09-02,990.47998046875
1998-09-03,982.260009765625
1998-09-04,973.890014648438
1998-09-08,1023.46002197266
1998-09-09,1006.20001220703
1998-09-10,980.190002441406
1998-09-11,1009.05999755859
1998-09-14,1029.71997070312
1998-09-15,1037.68005371094
1998-09-16,1045.47998046875
1998-09-17,1018.86999511719
1998-09-18,1020.09002685547
1998-09-21,1023.89001464844
1998-09-22,1029.63000488281
1998-09-23,1066.08996582031
1998-09-24,1042.71997070312
1998-09-25,1044.75
1998-09-28,1048.68994140625
1998-09-29,1049.02001953125
1998-09-30,1017.01000976562
1998-10-01,986.390014648438
1998-10-02,1002.59997558594
1998-10-05,988.559997558594
1998-10-06,984.590026855469
1998-10-07,970.679992675781
1998-10-08,959.440002441406
1998-10-09,984.390014648438
1998-10-12,997.710021972656
1998-10-13,994.799987792969
1998-10-14,1005.53002929688
1998-10-15,1047.48999023438
1998-10-16,1056.42004394531
1998-10-19,1062.39001464844
1998-10-20,1063.93005371094
1998-10-21,1069.92004394531
1998-10-22,1078.47998046875
1998-10-23,1070.67004394531
1998-10-26,1072.31994628906
1998-10-27,1065.33996582031
1998-10-28,1068.08996582031
1998-10-29,1085.93005371094
1998-10-30,1098.67004394531
1998-11-02,1111.59997558594
1998-11-03,1110.83996582031
1998-11-04,1118.67004394531
1998-11-05,1133.84997558594
1998-11-06,1141.01000976562
1998-11-09,1130.19995117188
1998-11-10,1128.26000976562
1998-11-11,1120.96997070312
1998-11-12,1117.68994140625
1998-11-13,1125.71997070312
1998-11-16,1135.86999511719
1998-11-17,1139.31994628906
1998-11-18,1144.47998046875
1998-11-19,1152.60998535156
1998-11-20,1163.55004882812
1998-11-23,1188.2099609375
1998-11-24,1182.98999023438
1998-11-25,1186.86999511719
1998-11-27,1192.32995605469
1998-11-30,1163.63000488281
1998-12-01,1175.28002929688
1998-12-02,1171.25
1998-12-03,1150.14001464844
1998-12-04,1176.73999023438
1998-12-07,1187.69995117188
1998-12-08,1181.38000488281
1998-12-09,1183.48999023438
1998-12-10,1165.02001953125
1998-12-11,1166.4599609375
1998-12-14,1141.19995117188
1998-12-15,1162.82995605469
1998-12-16,1161.93994140625
1998-12-17,1179.97998046875
1998-12-18,1188.03002929688
1998-12-21,1202.83996582031
1998-12-22,1203.56994628906
1998-12-23,1228.5400390625
1998-12-24,1226.27001953125
1998-12-28,1225.48999023438
1998-12-29,1241.81005859375
1998-12-30,1231.93005371094
1998-12-31,1229.22998046875
1999-01-04,1228.09997558594
1999-01-05,1244.78002929688
1999-01-06,1272.33996582031
1999-01-07,1269.72998046875
1999-01-08,1275.08996582031
1999-01-11,1263.88000488281
1999-01-12,1239.51000976562
1999-01-13,1234.40002441406
1999-01-14,1212.18994140625
1999-01-15,1243.26000976562
1999-01-19,1252
1999-01-20,1256.61999511719
1999-01-21,1235.16003417969
1999-01-22,1225.18994140625
1999-01-25,1233.97998046875
1999-01-26,1252.31005859375
1999-01-27,1243.17004394531
1999-01-28,1265.36999511719
1999-01-29,1279.64001464844
1999-02-01,1273
1999-02-02,1261.98999023438
1999-02-03,1272.06994628906
1999-02-04,1248.48999023438
1999-02-05,1239.40002441406
1999-02-08,1243.77001953125
1999-02-09,1216.14001464844
1999-02-10,1223.55004882812
1999-02-11,1254.0400390625
1999-02-12,1230.13000488281
1999-02-16,1241.86999511719
1999-02-17,1224.03002929688
1999-02-18,1237.28002929688
1999-02-19,1239.21997070312
1999-02-22,1272.14001464844
1999-02-23,1271.18005371094
1999-02-24,1253.41003417969
1999-02-25,1245.02001953125
1999-02-26,1238.32995605469
1999-03-01,1236.16003417969
1999-03-02,1225.5
1999-03-03,1227.69995117188
1999-03-04,1246.64001464844
1999-03-05,1275.46997070312
1999-03-08,1282.72998046875
1999-03-09,1279.83996582031
1999-03-10,1286.83996582031
1999-03-11,1297.68005371094
1999-03-12,1294.58996582031
1999-03-15,1307.26000976562
1999-03-16,1306.38000488281
1999-03-17,1297.81994628906
1999-03-18,1316.55004882812
1999-03-19,1299.2900390625
1999-03-22,1297.01000976562
1999-03-23,1262.14001464844
1999-03-24,1268.58996582031
1999-03-25,1289.98999023438
1999-03-26,1282.80004882812
1999-03-29,1310.17004394531
1999-03-30,1300.75
1999-03-31,1286.36999511719
1999-04-01,1293.71997070312
1999-04-05,1321.11999511719
1999-04-06,1317.89001464844
1999-04-07,1326.89001464844
1999-04-08,1343.97998046875
1999-04-09,1348.34997558594
1999-04-12,1358.63000488281
1999-04-13,1349.81994628906
1999-04-14,1328.43994140625
1999-04-15,1322.84997558594
1999-04-16,1319
1999-04-19,1289.47998046875
1999-04-20,1306.17004394531
1999-04-21,1336.11999511719
1999-04-22,1358.81994628906
1999-04-23,1356.84997558594
1999-04-26,1360.0400390625
1999-04-27,1362.80004882812
1999-04-28,1350.91003417969
1999-04-29,1342.82995605469
1999-04-30,1335.18005371094
1999-05-03,1354.63000488281
1999-05-04,1332
1999-05-05,1347.31005859375
1999-05-06,1332.05004882812
1999-05-07,1345
1999-05-10,1340.30004882812
1999-05-11,1355.60998535156
1999-05-12,1364
1999-05-13,1367.56005859375
1999-05-14,1337.80004882812
1999-05-17,1339.48999023438
1999-05-18,1333.31994628906
1999-05-19,1344.22998046875
1999-05-20,1338.82995605469
1999-05-21,1330.2900390625
1999-05-24,1306.65002441406
1999-05-25,1284.40002441406
1999-05-26,1304.76000976562
1999-05-27,1281.41003417969
1999-05-28,1301.83996582031
1999-06-01,1294.26000976562
1999-06-02,1294.81005859375
1999-06-03,1299.5400390625
1999-06-04,1327.75
1999-06-07,1334.52001953125
1999-06-08,1317.32995605469
1999-06-09,1318.64001464844
1999-06-10,1302.81994628906
1999-06-11,1293.64001464844
1999-06-14,1294
1999-06-15,1301.16003417969
1999-06-16,1330.41003417969
1999-06-17,1339.90002441406
1999-06-18,1342.83996582031
1999-06-21,1349
1999-06-22,1335.88000488281
1999-06-23,1333.06005859375
1999-06-24,1315.78002929688
1999-06-25,1315.31005859375
1999-06-28,1331.34997558594
1999-06-29,1351.44995117188
1999-06-30,1372.7099609375
1999-07-01,1380.9599609375
1999-07-02,1391.21997070312
1999-07-06,1388.11999511719
1999-07-07,1395.85998535156
1999-07-08,1394.42004394531
1999-07-09,1403.28002929688
1999-07-12,1399.09997558594
1999-07-13,1393.56005859375
1999-07-14,1398.17004394531
1999-07-15,1409.61999511719
1999-07-16,1418.78002929688
1999-07-19,1407.65002441406
1999-07-20,1377.09997558594
1999-07-21,1379.2900390625
1999-07-22,1360.96997070312
1999-07-23,1356.93994140625
1999-07-26,1347.76000976562
1999-07-27,1362.83996582031
1999-07-28,1365.40002441406
1999-07-29,1341.03002929688
1999-07-30,1328.71997070312
1999-08-02,1328.05004882812
1999-08-03,1322.18005371094
1999-08-04,1305.32995605469
1999-08-05,1313.7099609375
1999-08-06,1300.2900390625
1999-08-09,1297.80004882812
1999-08-10,1281.43005371094
1999-08-11,1301.93005371094
1999-08-12,1298.16003417969
1999-08-13,1327.68005371094
1999-08-16,1330.77001953125
1999-08-17,1344.16003417969
1999-08-18,1332.83996582031
1999-08-19,1323.58996582031
1999-08-20,1336.60998535156
1999-08-23,1360.21997070312
1999-08-24,1363.5
1999-08-25,1381.7900390625
1999-08-26,1362.01000976562
1999-08-27,1348.27001953125
1999-08-30,1324.02001953125
1999-08-31,1320.41003417969
1999-09-01,1331.06994628906
1999-09-02,1319.10998535156
1999-09-03,1357.23999023438
1999-09-07,1350.44995117188
1999-09-08,1344.15002441406
1999-09-09,1347.66003417969
1999-09-10,1351.66003417969
1999-09-13,1344.13000488281
1999-09-14,1336.2900390625
1999-09-15,1317.96997070312
1999-09-16,1318.47998046875
1999-09-17,1335.42004394531
1999-09-20,1335.53002929688
1999-09-21,1307.57995605469
1999-09-22,1310.51000976562
1999-09-23,1280.41003417969
1999-09-24,1277.35998535156
1999-09-27,1283.31005859375
1999-09-28,1282.19995117188
1999-09-29,1268.36999511719
1999-09-30,1282.7099609375
1999-10-01,1282.81005859375
1999-10-04,1304.59997558594
1999-10-05,1301.34997558594
1999-10-06,1325.40002441406
1999-10-07,1317.64001464844
1999-10-08,1336.02001953125
1999-10-11,1335.2099609375
1999-10-12,1313.0400390625
1999-10-13,1285.55004882812
1999-10-14,1283.42004394531
1999-10-15,1247.41003417969
1999-10-18,1254.13000488281
1999-10-19,1261.31994628906
1999-10-20,1289.43005371094
1999-10-21,1283.60998535156
1999-10-22,1301.65002441406
1999-10-25,1293.63000488281
1999-10-26,1281.91003417969
1999-10-27,1296.7099609375
1999-10-28,1342.43994140625
1999-10-29,1362.93005371094
1999-11-01,1354.11999511719
1999-11-02,1347.73999023438
1999-11-03,1354.93005371094
1999-11-04,1362.64001464844
1999-11-05,1370.22998046875
1999-11-08,1377.01000976562
1999-11-09,1365.28002929688
1999-11-10,1373.4599609375
1999-11-11,1381.4599609375
1999-11-12,1396.06005859375
1999-11-15,1394.39001464844
1999-11-16,1420.06994628906
1999-11-17,1410.7099609375
1999-11-18,1424.93994140625
1999-11-19,1422
1999-11-22,1420.93994140625
1999-11-23,1404.64001464844
1999-11-24,1417.07995605469
1999-11-26,1416.61999511719
1999-11-29,1407.82995605469
1999-11-30,1388.91003417969
1999-12-01,1397.71997070312
1999-12-02,1409.0400390625
1999-12-03,1433.30004882812
1999-12-06,1423.32995605469
1999-12-07,1409.17004394531
1999-12-08,1403.88000488281
1999-12-09,1408.10998535156
1999-12-10,1417.0400390625
1999-12-13,1415.21997070312
1999-12-14,1403.17004394531
1999-12-15,1413.32995605469
1999-12-16,1418.78002929688
1999-12-17,1421.03002929688
1999-12-20,1418.08996582031
1999-12-21,1433.43005371094
1999-12-22,1436.13000488281
1999-12-23,1458.33996582031
1999-12-27,1457.09997558594
1999-12-28,1457.66003417969
1999-12-29,1463.4599609375
1999-12-30,1464.46997070312
1999-12-31,1469.25
2000-01-03,1455.21997070312
2000-01-04,1399.42004394531
2000-01-05,1402.10998535156
2000-01-06,1403.44995117188
2000-01-07,1441.46997070312
2000-01-10,1457.59997558594
2000-01-11,1438.56005859375
2000-01-12,1432.25
2000-01-13,1449.68005371094
2000-01-14,1465.15002441406
2000-01-18,1455.14001464844
2000-01-19,1455.90002441406
2000-01-20,1445.56994628906
2000-01-21,1441.35998535156
2000-01-24,1401.53002929688
2000-01-25,1410.03002929688
2000-01-26,1404.08996582031
2000-01-27,1398.56005859375
2000-01-28,1360.16003417969
2000-01-31,1394.4599609375
2000-02-01,1409.28002929688
2000-02-02,1409.11999511719
2000-02-03,1424.96997070312
2000-02-04,1424.36999511719
2000-02-07,1424.23999023438
2000-02-08,1441.71997070312
2000-02-09,1411.7099609375
2000-02-10,1416.82995605469
2000-02-11,1387.11999511719
2000-02-14,1389.93994140625
2000-02-15,1402.05004882812
2000-02-16,1387.67004394531
2000-02-17,1388.26000976562
2000-02-18,1346.08996582031
2000-02-22,1352.17004394531
2000-02-23,1360.68994140625
2000-02-24,1353.43005371094
2000-02-25,1333.35998535156
2000-02-28,1348.05004882812
2000-02-29,1366.42004394531
2000-03-01,1379.18994140625
2000-03-02,1381.76000976562
2000-03-03,1409.17004394531
2000-03-06,1391.28002929688
2000-03-07,1355.61999511719
2000-03-08,1366.69995117188
2000-03-09,1401.68994140625
2000-03-10,1395.06994628906
2000-03-13,1383.61999511719
2000-03-14,1359.15002441406
2000-03-15,1392.14001464844
2000-03-16,1458.46997070312
2000-03-17,1464.46997070312
2000-03-20,1456.63000488281
2000-03-21,1493.86999511719
2000-03-22,1500.64001464844
2000-03-23,1527.34997558594
2000-03-24,1527.4599609375
2000-03-27,1523.85998535156
2000-03-28,1507.72998046875
2000-03-29,1508.52001953125
2000-03-30,1487.92004394531
2000-03-31,1498.57995605469
2000-04-03,1505.96997070312
2000-04-04,1494.72998046875
2000-04-05,1487.36999511719
2000-04-06,1501.33996582031
2000-04-07,1516.34997558594
2000-04-10,1504.4599609375
2000-04-11,1500.58996582031
2000-04-12,1467.17004394531
2000-04-13,1440.51000976562
2000-04-14,1356.56005859375
2000-04-17,1401.43994140625
2000-04-18,1441.60998535156
2000-04-19,1427.46997070312
2000-04-20,1434.5400390625
2000-04-24,1429.85998535156
2000-04-25,1477.43994140625
2000-04-26,1460.98999023438
2000-04-27,1464.92004394531
2000-04-28,1452.43005371094
2000-05-01,1468.25
2000-05-02,1446.2900390625
2000-05-03,1415.09997558594
2000-05-04,1409.56994628906
2000-05-05,1432.63000488281
2000-05-08,1424.17004394531
2000-05-09,1412.14001464844
2000-05-10,1383.05004882812
2000-05-11,1407.81005859375
2000-05-12,1420.9599609375
2000-05-15,1452.35998535156
2000-05-16,1466.0400390625
2000-05-17,1447.80004882812
2000-05-18,1437.2099609375
2000-05-19,1406.94995117188
2000-05-22,1400.71997070312
2000-05-23,1373.85998535156
2000-05-24,1399.05004882812
2000-05-25,1381.52001953125
2000-05-26,1378.02001953125
2000-05-30,1422.44995117188
2000-05-31,1420.59997558594
2000-06-01,1448.81005859375
2000-06-02,1477.26000976562
2000-06-05,1467.63000488281
2000-06-06,1457.83996582031
2000-06-07,1471.35998535156
2000-06-08,1461.67004394531
2000-06-09,1456.94995117188
2000-06-12,1446
2000-06-13,1469.43994140625
2000-06-14,1470.5400390625
2000-06-15,1478.72998046875
2000-06-16,1464.4599609375
2000-06-19,1486
2000-06-20,1475.94995117188
2000-06-21,1479.13000488281
2000-06-22,1452.18005371094
2000-06-23,1441.47998046875
2000-06-26,1455.31005859375
2000-06-27,1450.55004882812
2000-06-28,1454.81994628906
2000-06-29,1442.39001464844
2000-06-30,1454.59997558594
2000-07-03,1469.5400390625
2000-07-05,1446.22998046875
2000-07-06,1456.67004394531
2000-07-07,1478.90002441406
2000-07-10,1475.61999511719
2000-07-11,1480.88000488281
2000-07-12,1492.92004394531
2000-07-13,1495.83996582031
2000-07-14,1509.97998046875
2000-07-17,1510.48999023438
2000-07-18,1493.73999023438
2000-07-19,1481.9599609375
2000-07-20,1495.56994628906
2000-07-21,1480.18994140625
2000-07-24,1464.2900390625
2000-07-25,1474.46997070312
2000-07-26,1452.42004394531
2000-07-27,1449.61999511719
2000-07-28,1419.89001464844
2000-07-31,1430.82995605469
2000-08-01,1438.09997558594
2000-08-02,1438.69995117188
2000-08-03,1452.56005859375
2000-08-04,1462.93005371094
2000-08-07,1479.31994628906
2000-08-08,1482.80004882812
2000-08-09,1472.86999511719
2000-08-10,1460.25
2000-08-11,1471.83996582031
2000-08-14,1491.56005859375
2000-08-15,1484.43005371094
2000-08-16,1479.84997558594
2000-08-17,1496.06994628906
2000-08-18,1491.71997070312
2000-08-21,1499.47998046875
2000-08-22,1498.13000488281
2000-08-23,1505.96997070312
2000-08-24,1508.31005859375
2000-08-25,1506.44995117188
2000-08-28,1514.08996582031
2000-08-29,1509.83996582031
2000-08-30,1502.58996582031
2000-08-31,1517.68005371094
2000-09-01,1520.77001953125
2000-09-05,1507.07995605469
2000-09-06,1492.25
2000-09-07,1502.51000976562
2000-09-08,1494.5
2000-09-11,1489.26000976562
2000-09-12,1481.98999023438
2000-09-13,1484.91003417969
2000-09-14,1480.86999511719
2000-09-15,1465.81005859375
2000-09-18,1444.51000976562
2000-09-19,1459.90002441406
2000-09-20,1451.33996582031
2000-09-21,1449.05004882812
2000-09-22,1448.71997070312
2000-09-25,1439.03002929688
2000-09-26,1427.2099609375
2000-09-27,1426.56994628906
2000-09-28,1458.2900390625
2000-09-29,1436.51000976562
2000-10-02,1436.22998046875
2000-10-03,1426.4599609375
2000-10-04,1434.31994628906
2000-10-05,1436.28002929688
2000-10-06,1408.98999023438
2000-10-09,1402.03002929688
2000-10-10,1387.02001953125
2000-10-11,1364.58996582031
2000-10-12,1329.78002929688
2000-10-13,1374.17004394531
2000-10-16,1374.61999511719
2000-10-17,1349.96997070312
2000-10-18,1342.13000488281
2000-10-19,1388.76000976562
2000-10-20,1396.93005371094
2000-10-23,1395.78002929688
2000-10-24,1398.13000488281
2000-10-25,1364.90002441406
2000-10-26,1364.43994140625
2000-10-27,1379.57995605469
2000-10-30,1398.66003417969
2000-10-31,1429.40002441406
2000-11-01,1421.21997070312
2000-11-02,1428.31994628906
2000-11-03,1426.68994140625
2000-11-06,1432.18994140625
2000-11-07,1431.86999511719
2000-11-08,1409.28002929688
2000-11-09,1400.14001464844
2000-11-10,1365.97998046875
2000-11-13,1351.26000976562
2000-11-14,1382.94995117188
2000-11-15,1389.81005859375
2000-11-16,1372.31994628906
2000-11-17,1367.71997070312
2000-11-20,1342.61999511719
2000-11-21,1347.34997558594
2000-11-22,1322.35998535156
2000-11-24,1341.77001953125
2000-11-27,1348.96997070312
2000-11-28,1336.08996582031
2000-11-29,1341.93005371094
2000-11-30,1314.94995117188
2000-12-01,1315.22998046875
2000-12-04,1324.96997070312
2000-12-05,1376.5400390625
2000-12-06,1351.4599609375
2000-12-07,1343.55004882812
2000-12-08,1369.89001464844
2000-12-11,1380.19995117188
2000-12-12,1371.18005371094
2000-12-13,1359.98999023438
2000-12-14,1340.93005371094
2000-12-15,1312.15002441406
2000-12-18,1322.73999023438
2000-12-19,1305.59997558594
2000-12-20,1264.73999023438
2000-12-21,1274.85998535156
2000-12-22,1305.94995117188
2000-12-26,1315.18994140625
2000-12-27,1328.92004394531
2000-12-28,1334.21997070312
2000-12-29,1320.28002929688
2001-01-02,1283.27001953125
2001-01-03,1347.56005859375
2001-01-04,1333.33996582031
2001-01-05,1298.34997558594
2001-01-08,1295.85998535156
2001-01-09,1300.80004882812
2001-01-10,1313.27001953125
2001-01-11,1326.81994628906
2001-01-12,1318.55004882812
2001-01-16,1326.65002441406
2001-01-17,1329.46997070312
2001-01-18,1347.96997070312
2001-01-19,1342.5400390625
2001-01-22,1342.90002441406
2001-01-23,1360.40002441406
2001-01-24,1364.30004882812
2001-01-25,1357.51000976562
2001-01-26,1354.94995117188
2001-01-29,1364.17004394531
2001-01-30,1373.72998046875
2001-01-31,1366.01000976562
2001-02-01,1373.46997070312
2001-02-02,1349.46997070312
2001-02-05,1354.31005859375
2001-02-06,1352.26000976562
2001-02-07,1340.89001464844
2001-02-08,1332.53002929688
2001-02-09,1314.76000976562
2001-02-12,1330.31005859375
2001-02-13,1318.80004882812
2001-02-14,1315.92004394531
2001-02-15,1326.60998535156
2001-02-16,1301.53002929688
2001-02-20,1278.93994140625
2001-02-21,1255.27001953125
2001-02-22,1252.81994628906
2001-02-23,1245.85998535156
2001-02-26,1267.65002441406
2001-02-27,1257.93994140625
2001-02-28,1239.93994140625
2001-03-01,1241.22998046875
2001-03-02,1234.18005371094
2001-03-05,1241.41003417969
2001-03-06,1253.80004882812
2001-03-07,1261.89001464844
2001-03-08,1264.73999023438
2001-03-09,1233.42004394531
2001-03-12,1180.16003417969
2001-03-13,1197.66003417969
2001-03-14,1166.7099609375
2001-03-15,1173.56005859375
2001-03-16,1150.53002929688
2001-03-19,1170.81005859375
2001-03-20,1142.61999511719
2001-03-21,1122.14001464844
2001-03-22,1117.57995605469
2001-03-23,1139.82995605469
2001-03-26,1152.68994140625
2001-03-27,1182.17004394531
2001-03-28,1153.2900390625
2001-03-29,1147.94995117188
2001-03-30,1160.32995605469
2001-04-02,1145.86999511719
2001-04-03,1106.4599609375
2001-04-04,1103.25
2001-04-05,1151.43994140625
2001-04-06,1128.43005371094
2001-04-09,1137.58996582031
2001-04-10,1168.38000488281
2001-04-11,1165.89001464844
2001-04-12,1183.5
2001-04-16,1179.68005371094
2001-04-17,1191.81005859375
2001-04-18,1238.16003417969
2001-04-19,1253.68994140625
2001-04-20,1242.97998046875
2001-04-23,1224.35998535156
2001-04-24,1209.46997070312
2001-04-25,1228.75
2001-04-26,1234.52001953125
2001-04-27,1253.05004882812
2001-04-30,1249.4599609375
2001-05-01,1266.43994140625
2001-05-02,1267.43005371094
2001-05-03,1248.57995605469
2001-05-04,1266.60998535156
2001-05-07,1263.51000976562
2001-05-08,1261.19995117188
2001-05-09,1255.5400390625
2001-05-10,1255.18005371094
2001-05-11,1245.67004394531
2001-05-14,1248.92004394531
2001-05-15,1249.43994140625
2001-05-16,1284.98999023438
2001-05-17,1288.48999023438
2001-05-18,1291.9599609375
2001-05-21,1312.82995605469
2001-05-22,1309.38000488281
2001-05-23,1289.05004882812
2001-05-24,1293.17004394531
2001-05-25,1277.89001464844
2001-05-29,1267.93005371094
2001-05-30,1248.07995605469
2001-05-31,1255.81994628906
2001-06-01,1260.67004394531
2001-06-04,1267.10998535156
2001-06-05,1283.56994628906
2001-06-06,1270.03002929688
2001-06-07,1276.9599609375
2001-06-08,1264.9599609375
2001-06-11,1254.39001464844
2001-06-12,1255.84997558594
2001-06-13,1241.59997558594
2001-06-14,1219.86999511719
2001-06-15,1214.35998535156
2001-06-18,1208.43005371094
2001-06-19,1212.57995605469
2001-06-20,1223.14001464844
2001-06-21,1237.0400390625
2001-06-22,1225.34997558594
2001-06-25,1218.59997558594
2001-06-26,1216.76000976562
2001-06-27,1211.06994628906
2001-06-28,1226.19995117188
2001-06-29,1224.38000488281
2001-07-02,1236.71997070312
2001-07-03,1234.44995117188
2001-07-05,1219.23999023438
2001-07-06,1190.58996582031
2001-07-09,1198.78002929688
2001-07-10,1181.52001953125
2001-07-11,1180.18005371094
2001-07-12,1208.14001464844
2001-07-13,1215.68005371094
2001-07-16,1202.44995117188
2001-07-17,1214.43994140625
2001-07-18,1207.7099609375
2001-07-19,1215.02001953125
2001-07-20,1210.84997558594
2001-07-23,1191.03002929688
2001-07-24,1171.65002441406
2001-07-25,1190.48999023438
2001-07-26,1202.93005371094
2001-07-27,1205.81994628906
2001-07-30,1204.52001953125
2001-07-31,1211.22998046875
2001-08-01,1215.93005371094
2001-08-02,1220.75
2001-08-03,1214.34997558594
2001-08-06,1200.47998046875
2001-08-07,1204.40002441406
2001-08-08,1183.53002929688
2001-08-09,1183.43005371094
2001-08-10,1190.16003417969
2001-08-13,1191.2900390625
2001-08-14,1186.72998046875
2001-08-15,1178.02001953125
2001-08-16,1181.66003417969
2001-08-17,1161.96997070312
2001-08-20,1171.41003417969
2001-08-21,1157.26000976562
2001-08-22,1165.31005859375
2001-08-23,1162.08996582031
2001-08-24,1184.93005371094
2001-08-27,1179.2099609375
2001-08-28,1161.51000976562
2001-08-29,1148.56005859375
2001-08-30,1129.03002929688
2001-08-31,1133.57995605469
2001-09-04,1132.93994140625
2001-09-05,1131.73999023438
2001-09-06,1106.40002441406
2001-09-07,1085.78002929688
2001-09-10,1092.5400390625
2001-09-17,1038.77001953125
2001-09-18,1032.73999023438
2001-09-19,1016.09997558594
2001-09-20,984.539978027344
2001-09-21,965.799987792969
2001-09-24,1003.45001220703
2001-09-25,1012.27001953125
2001-09-26,1007.03997802734
2001-09-27,1018.60998535156
2001-09-28,1040.93994140625
2001-10-01,1038.55004882812
2001-10-02,1051.32995605469
2001-10-03,1072.28002929688
2001-10-04,1069.63000488281
2001-10-05,1071.38000488281
2001-10-08,1062.43994140625
2001-10-09,1056.75
2001-10-10,1080.98999023438
2001-10-11,1097.43005371094
2001-10-12,1091.65002441406
2001-10-15,1089.97998046875
2001-10-16,1097.5400390625
2001-10-17,1077.08996582031
2001-10-18,1068.60998535156
2001-10-19,1073.47998046875
2001-10-22,1089.90002441406
2001-10-23,1084.78002929688
2001-10-24,1085.19995117188
2001-10-25,1100.08996582031
2001-10-26,1104.60998535156
2001-10-29,1078.30004882812
2001-10-30,1059.7900390625
2001-10-31,1059.78002929688
2001-11-01,1084.09997558594
2001-11-02,1087.19995117188
2001-11-05,1102.83996582031
2001-11-06,1118.85998535156
2001-11-07,1115.80004882812
2001-11-08,1118.5400390625
2001-11-09,1120.31005859375
2001-11-12,1118.32995605469
2001-11-13,1139.08996582031
2001-11-14,1141.2099609375
2001-11-15,1142.23999023438
2001-11-16,1138.65002441406
2001-11-19,1151.06005859375
2001-11-20,1142.66003417969
2001-11-21,1137.03002929688
2001-11-23,1150.33996582031
2001-11-26,1157.42004394531
2001-11-27,1149.5
2001-11-28,1128.52001953125
2001-11-29,1140.19995117188
2001-11-30,1139.44995117188
2001-12-03,1129.90002441406
2001-12-04,1144.80004882812
2001-12-05,1170.34997558594
2001-12-06,1167.09997558594
2001-12-07,1158.31005859375
2001-12-10,1139.93005371094
2001-12-11,1136.76000976562
2001-12-12,1137.06994628906
2001-12-13,1119.38000488281
2001-12-14,1123.08996582031
2001-12-17,1134.35998535156
2001-12-18,1142.92004394531
2001-12-19,1149.56005859375
2001-12-20,1139.93005371094
2001-12-21,1144.89001464844
2001-12-24,1144.65002441406
2001-12-26,1149.36999511719
2001-12-27,1157.13000488281
2001-12-28,1161.02001953125
2001-12-31,1148.07995605469
2002-01-02,1154.67004394531
2002-01-03,1165.27001953125
2002-01-04,1172.51000976562
2002-01-07,1164.89001464844
2002-01-08,1160.7099609375
2002-01-09,1155.14001464844
2002-01-10,1156.55004882812
2002-01-11,1145.59997558594
2002-01-14,1138.41003417969
2002-01-15,1146.18994140625
2002-01-16,1127.56994628906
2002-01-17,1138.88000488281
2002-01-18,1127.57995605469
2002-01-22,1119.31005859375
2002-01-23,1128.18005371094
2002-01-24,1132.15002441406
2002-01-25,1133.28002929688
2002-01-28,1133.06005859375
2002-01-29,1100.64001464844
2002-01-30,1113.56994628906
2002-01-31,1130.19995117188
2002-02-01,1122.19995117188
2002-02-04,1094.43994140625
2002-02-05,1090.02001953125
2002-02-06,1083.51000976562
2002-02-07,1080.17004394531
2002-02-08,1096.21997070312
2002-02-11,1111.93994140625
2002-02-12,1107.5
2002-02-13,1118.51000976562
2002-02-14,1116.47998046875
2002-02-15,1104.18005371094
2002-02-19,1083.33996582031
2002-02-20,1097.97998046875
2002-02-21,1080.94995117188
2002-02-22,1089.83996582031
2002-02-25,1109.43005371094
2002-02-26,1109.38000488281
2002-02-27,1109.89001464844
2002-02-28,1106.72998046875
2002-03-01,1131.78002929688
2002-03-04,1153.83996582031
2002-03-05,1146.14001464844
2002-03-06,1162.77001953125
2002-03-07,1157.5400390625
2002-03-08,1164.31005859375
2002-03-11,1168.26000976562
2002-03-12,1165.57995605469
2002-03-13,1154.08996582031
2002-03-14,1153.0400390625
2002-03-15,1166.16003417969
2002-03-18,1165.55004882812
2002-03-19,1170.2900390625
2002-03-20,1151.84997558594
2002-03-21,1153.58996582031
2002-03-22,1148.69995117188
2002-03-25,1131.86999511719
2002-03-26,1138.48999023438
2002-03-27,1144.57995605469
2002-03-28,1147.39001464844
2002-04-01,1146.5400390625
2002-04-02,1136.76000976562
2002-04-03,1125.40002441406
2002-04-04,1126.33996582031
2002-04-05,1122.72998046875
2002-04-08,1125.2900390625
2002-04-09,1117.80004882812
2002-04-10,1130.46997070312
2002-04-11,1103.68994140625
2002-04-12,1111.01000976562
2002-04-15,1102.55004882812
2002-04-16,1128.36999511719
2002-04-17,1126.06994628906
2002-04-18,1124.46997070312
2002-04-19,1125.17004394531
2002-04-22,1107.82995605469
2002-04-23,1100.9599609375
2002-04-24,1093.14001464844
2002-04-25,1091.47998046875
2002-04-26,1076.31994628906
2002-04-29,1065.44995117188
2002-04-30,1076.92004394531
2002-05-01,1086.4599609375
2002-05-02,1084.56005859375
2002-05-03,1073.43005371094
2002-05-06,1052.67004394531
2002-05-07,1049.48999023438
2002-05-08,1088.84997558594
2002-05-09,1073.01000976562
2002-05-10,1054.98999023438
2002-05-13,1074.56005859375
2002-05-14,1097.28002929688
2002-05-15,1091.06994628906
2002-05-16,1098.22998046875
2002-05-17,1106.58996582031
2002-05-20,1091.88000488281
2002-05-21,1079.88000488281
2002-05-22,1086.02001953125
2002-05-23,1097.07995605469
2002-05-24,1083.81994628906
2002-05-28,1074.55004882812
2002-05-29,1067.66003417969
2002-05-30,1064.66003417969
2002-05-31,1067.14001464844
2002-06-03,1040.68005371094
2002-06-04,1040.68994140625
2002-06-05,1049.90002441406
2002-06-06,1029.15002441406
2002-06-07,1027.53002929688
2002-06-10,1030.73999023438
2002-06-11,1013.59997558594
2002-06-12,1020.26000976562
2002-06-13,1009.55999755859
2002-06-14,1007.27001953125
2002-06-17,1036.17004394531
2002-06-18,1037.14001464844
2002-06-19,1019.98999023438
2002-06-20,1006.28997802734
2002-06-21,989.140014648438
2002-06-24,992.719970703125
2002-06-25,976.140014648438
2002-06-26,973.530029296875
2002-06-27,990.640014648438
2002-06-28,989.820007324219
2002-07-01,968.650024414062
2002-07-02,948.090026855469
2002-07-03,953.989990234375
2002-07-05,989.030029296875
2002-07-08,976.97998046875
2002-07-09,952.830017089844
2002-07-10,920.469970703125
2002-07-11,927.369995117188
2002-07-12,921.390014648438
2002-07-15,917.929992675781
2002-07-16,900.940002441406
2002-07-17,906.039978027344
2002-07-18,881.559997558594
2002-07-19,847.75
2002-07-22,819.849975585938
2002-07-23,797.700012207031
2002-07-24,843.429992675781
2002-07-25,838.679992675781
2002-07-26,852.840026855469
2002-07-29,898.960021972656
2002-07-30,902.780029296875
2002-07-31,911.619995117188
2002-08-01,884.659973144531
2002-08-02,864.239990234375
2002-08-05,834.599975585938
2002-08-06,859.570007324219
2002-08-07,876.77001953125
2002-08-08,905.460021972656
2002-08-09,908.640014648438
2002-08-12,903.799987792969
2002-08-13,884.210021972656
2002-08-14,919.619995117188
2002-08-15,930.25
2002-08-16,928.77001953125
2002-08-19,950.700012207031
2002-08-20,937.429992675781
2002-08-21,949.359985351562
2002-08-22,962.700012207031
2002-08-23,940.859985351562
2002-08-26,947.950012207031
2002-08-27,934.820007324219
2002-08-28,917.869995117188
2002-08-29,917.799987792969
2002-08-30,916.070007324219
2002-09-03,878.02001953125
2002-09-04,893.400024414062
2002-09-05,879.150024414062
2002-09-06,893.919982910156
2002-09-09,902.960021972656
2002-09-10,909.580017089844
2002-09-11,909.450012207031
2002-09-12,886.909973144531
2002-09-13,889.809997558594
2002-09-16,891.099975585938
2002-09-17,873.52001953125
2002-09-18,869.460021972656
2002-09-19,843.320007324219
2002-09-20,845.390014648438
2002-09-23,833.700012207031
2002-09-24,819.289978027344
2002-09-25,839.659973144531
2002-09-26,854.950012207031
2002-09-27,827.369995117188
2002-09-30,815.280029296875
2002-10-01,847.909973144531
2002-10-02,827.909973144531
2002-10-03,818.950012207031
2002-10-04,800.580017089844
2002-10-07,785.280029296875
2002-10-08,798.549987792969
2002-10-09,776.760009765625
2002-10-10,803.919982910156
2002-10-11,835.320007324219
2002-10-14,841.440002441406
2002-10-15,881.27001953125
2002-10-16,860.02001953125
2002-10-17,879.200012207031
2002-10-18,884.390014648438
2002-10-21,899.719970703125
2002-10-22,890.159973144531
2002-10-23,896.140014648438
2002-10-24,882.5
2002-10-25,897.650024414062
2002-10-28,890.22998046875
2002-10-29,882.150024414062
2002-10-30,890.710021972656
2002-10-31,885.760009765625
2002-11-01,900.960021972656
2002-11-04,908.349975585938
2002-11-05,915.390014648438
2002-11-06,923.760009765625
2002-11-07,902.650024414062
2002-11-08,894.739990234375
2002-11-11,876.190002441406
2002-11-12,882.950012207031
2002-11-13,882.530029296875
2002-11-14,904.27001953125
2002-11-15,909.830017089844
2002-11-18,900.359985351562
2002-11-19,896.739990234375
2002-11-20,914.150024414062
2002-11-21,933.760009765625
2002-11-22,930.549987792969
2002-11-25,932.869995117188
2002-11-26,913.309997558594
2002-11-27,938.869995117188
2002-11-29,936.309997558594
2002-12-02,934.530029296875
2002-12-03,920.75
2002-12-04,917.580017089844
2002-12-05,906.549987792969
2002-12-06,912.22998046875
2002-12-09,892
2002-12-10,904.450012207031
2002-12-11,904.960021972656
2002-12-12,901.580017089844
2002-12-13,889.47998046875
2002-12-16,910.400024414062
2002-12-17,902.989990234375
2002-12-18,891.119995117188
2002-12-19,884.25
2002-12-20,895.760009765625
2002-12-23,897.380004882812
2002-12-24,892.469970703125
2002-12-26,889.659973144531
2002-12-27,875.400024414062
2002-12-30,879.390014648438
2002-12-31,879.820007324219
2003-01-02,909.030029296875
2003-01-03,908.590026855469
2003-01-06,929.010009765625
2003-01-07,922.929992675781
2003-01-08,909.929992675781
2003-01-09,927.570007324219
2003-01-10,927.570007324219
2003-01-13,926.260009765625
2003-01-14,931.659973144531
2003-01-15,918.219970703125
2003-01-16,914.599975585938
2003-01-17,901.780029296875
2003-01-21,887.619995117188
2003-01-22,878.359985351562
2003-01-23,887.340026855469
2003-01-24,861.400024414062
2003-01-27,847.47998046875
2003-01-28,858.539978027344
2003-01-29,864.359985351562
2003-01-30,844.609985351562
2003-01-31,855.700012207031
2003-02-03,860.320007324219
2003-02-04,848.200012207031
2003-02-05,843.590026855469
2003-02-06,838.150024414062
2003-02-07,829.690002441406
2003-02-10,835.969970703125
2003-02-11,829.200012207031
2003-02-12,818.679992675781
2003-02-13,817.369995117188
2003-02-14,834.890014648438
2003-02-18,851.169982910156
2003-02-19,845.130004882812
2003-02-20,837.099975585938
2003-02-21,848.169982910156
2003-02-24,832.580017089844
2003-02-25,838.570007324219
2003-02-26,827.549987792969
2003-02-27,837.280029296875
2003-02-28,841.150024414062
2003-03-03,834.809997558594
2003-03-04,821.989990234375
2003-03-05,829.849975585938
2003-03-06,822.099975585938
2003-03-07,828.890014648438
2003-03-10,807.47998046875
2003-03-11,800.72998046875
2003-03-12,804.190002441406
2003-03-13,831.900024414062
2003-03-14,833.27001953125
2003-03-17,862.789978027344
2003-03-18,866.450012207031
2003-03-19,874.02001953125
2003-03-20,875.669982910156
2003-03-21,895.789978027344
2003-03-24,864.22998046875
2003-03-25,874.739990234375
2003-03-26,869.950012207031
2003-03-27,868.52001953125
2003-03-28,863.5
2003-03-31,848.179992675781
2003-04-01,858.47998046875
2003-04-02,880.900024414062
2003-04-03,876.450012207031
2003-04-04,878.849975585938
2003-04-07,879.929992675781
2003-04-08,878.289978027344
2003-04-09,865.989990234375
2003-04-10,871.580017089844
2003-04-11,868.299987792969
2003-04-14,885.22998046875
2003-04-15,890.809997558594
2003-04-16,879.909973144531
2003-04-17,893.580017089844
2003-04-21,892.010009765625
2003-04-22,911.369995117188
2003-04-23,919.02001953125
2003-04-24,911.429992675781
2003-04-25,898.809997558594
2003-04-28,914.840026855469
2003-04-29,917.840026855469
2003-04-30,916.919982910156
2003-05-01,916.299987792969
2003-05-02,930.080017089844
2003-05-05,926.549987792969
2003-05-06,934.390014648438
2003-05-07,929.619995117188
2003-05-08,920.27001953125
2003-05-09,933.409973144531
2003-05-12,945.109985351562
2003-05-13,942.299987792969
2003-05-14,939.280029296875
2003-05-15,946.669982910156
2003-05-16,944.299987792969
2003-05-19,920.77001953125
2003-05-20,919.72998046875
2003-05-21,923.419982910156
2003-05-22,931.869995117188
2003-05-23,933.219970703125
2003-05-27,951.47998046875
2003-05-28,953.219970703125
2003-05-29,949.640014648438
2003-05-30,963.590026855469
2003-06-02,967
2003-06-03,971.559997558594
2003-06-04,986.239990234375
2003-06-05,990.140014648438
2003-06-06,987.760009765625
2003-06-09,975.929992675781
2003-06-10,984.840026855469
2003-06-11,997.47998046875
2003-06-12,998.510009765625
2003-06-13,988.609985351562
2003-06-16,1010.73999023438
2003-06-17,1011.65997314453
2003-06-18,1010.09002685547
2003-06-19,994.700012207031
2003-06-20,995.690002441406
2003-06-23,981.640014648438
2003-06-24,983.450012207031
2003-06-25,975.320007324219
2003-06-26,985.820007324219
2003-06-27,976.219970703125
2003-06-30,974.5
2003-07-01,982.320007324219
2003-07-02,993.75
2003-07-03,985.700012207031
2003-07-07,1004.41998291016
2003-07-08,1007.84002685547
2003-07-09,1002.21002197266
2003-07-10,988.700012207031
2003-07-11,998.140014648438
2003-07-14,1003.85998535156
2003-07-15,1000.41998291016
2003-07-16,994.090026855469
2003-07-17,981.72998046875
2003-07-18,993.320007324219
2003-07-21,978.799987792969
2003-07-22,988.109985351562
2003-07-23,988.609985351562
2003-07-24,981.599975585938
2003-07-25,998.679992675781
2003-07-28,996.52001953125
2003-07-29,989.280029296875
2003-07-30,987.489990234375
2003-07-31,990.309997558594
2003-08-01,980.150024414062
2003-08-04,982.820007324219
2003-08-05,965.460021972656
2003-08-06,967.080017089844
2003-08-07,974.119995117188
2003-08-08,977.590026855469
2003-08-11,980.590026855469
2003-08-12,990.349975585938
2003-08-13,984.030029296875
2003-08-14,990.510009765625
2003-08-15,990.669982910156
2003-08-18,999.739990234375
2003-08-19,1002.34997558594
2003-08-20,1000.29998779297
2003-08-21,1003.27001953125
2003-08-22,993.059997558594
2003-08-25,993.710021972656
2003-08-26,996.72998046875
2003-08-27,996.789978027344
2003-08-28,1002.84002685547
2003-08-29,1008.01000976562
2003-09-02,1021.98999023438
2003-09-03,1026.27001953125
2003-09-04,1027.96997070312
2003-09-05,1021.39001464844
2003-09-08,1031.64001464844
2003-09-09,1023.16998291016
2003-09-10,1010.91998291016
2003-09-11,1016.41998291016
2003-09-12,1018.63000488281
2003-09-15,1014.80999755859
2003-09-16,1029.31994628906
2003-09-17,1025.96997070312
2003-09-18,1039.57995605469
2003-09-19,1036.30004882812
2003-09-22,1022.82000732422
2003-09-23,1029.03002929688
2003-09-24,1009.38000488281
2003-09-25,1003.27001953125
2003-09-26,996.849975585938
2003-09-29,1006.58001708984
2003-09-30,995.969970703125
2003-10-01,1018.21997070312
2003-10-02,1020.23999023438
2003-10-03,1029.84997558594
2003-10-06,1034.34997558594
2003-10-07,1039.25
2003-10-08,1033.78002929688
2003-10-09,1038.72998046875
2003-10-10,1038.06005859375
2003-10-13,1045.34997558594
2003-10-14,1049.47998046875
2003-10-15,1046.76000976562
2003-10-16,1050.06994628906
2003-10-17,1039.31994628906
2003-10-20,1044.68005371094
2003-10-21,1046.03002929688
2003-10-22,1030.35998535156
2003-10-23,1033.77001953125
2003-10-24,1028.91003417969
2003-10-27,1031.13000488281
2003-10-28,1046.7900390625
2003-10-29,1048.10998535156
2003-10-30,1046.93994140625
2003-10-31,1050.7099609375
2003-11-03,1059.02001953125
2003-11-04,1053.25
2003-11-05,1051.81005859375
2003-11-06,1058.05004882812
2003-11-07,1053.2099609375
2003-11-10,1047.10998535156
2003-11-11,1046.56994628906
2003-11-12,1058.53002929688
2003-11-13,1058.41003417969
2003-11-14,1050.34997558594
2003-11-17,1043.63000488281
2003-11-18,1034.15002441406
2003-11-19,1042.43994140625
2003-11-20,1033.65002441406
2003-11-21,1035.28002929688
2003-11-24,1052.07995605469
2003-11-25,1053.89001464844
2003-11-26,1058.44995117188
2003-11-28,1058.19995117188
2003-12-01,1070.11999511719
2003-12-02,1066.61999511719
2003-12-03,1064.72998046875
2003-12-04,1069.71997070312
2003-12-05,1061.5
2003-12-08,1069.30004882812
2003-12-09,1060.18005371094
2003-12-10,1059.05004882812
2003-12-11,1071.2099609375
2003-12-12,1074.14001464844
2003-12-15,1068.0400390625
2003-12-16,1075.13000488281
2003-12-17,1076.47998046875
2003-12-18,1089.18005371094
2003-12-19,1088.66003417969
2003-12-22,1092.93994140625
2003-12-23,1096.02001953125
2003-12-24,1094.0400390625
2003-12-26,1095.89001464844
2003-12-29,1109.47998046875
2003-12-30,1109.64001464844
2003-12-31,1111.92004394531
2004-01-02,1108.47998046875
2004-01-05,1122.21997070312
2004-01-06,1123.67004394531
2004-01-07,1126.32995605469
2004-01-08,1131.92004394531
2004-01-09,1121.85998535156
2004-01-12,1127.22998046875
2004-01-13,1121.21997070312
2004-01-14,1130.52001953125
2004-01-15,1132.05004882812
2004-01-16,1139.82995605469
2004-01-20,1138.77001953125
2004-01-21,1147.61999511719
2004-01-22,1143.93994140625
2004-01-23,1141.55004882812
2004-01-26,1155.36999511719
2004-01-27,1144.05004882812
2004-01-28,1128.47998046875
2004-01-29,1134.10998535156
2004-01-30,1131.13000488281
2004-02-02,1135.26000976562
2004-02-03,1136.03002929688
2004-02-04,1126.52001953125
2004-02-05,1128.58996582031
2004-02-06,1142.76000976562
2004-02-09,1139.81005859375
2004-02-10,1145.5400390625
2004-02-11,1157.76000976562
2004-02-12,1152.10998535156
2004-02-13,1145.81005859375
2004-02-17,1156.98999023438
2004-02-18,1151.81994628906
2004-02-19,1147.06005859375
2004-02-20,1144.10998535156
2004-02-23,1140.98999023438
2004-02-24,1139.08996582031
2004-02-25,1143.67004394531
2004-02-26,1144.91003417969
2004-02-27,1144.93994140625
2004-03-01,1155.96997070312
2004-03-02,1149.09997558594
2004-03-03,1151.03002929688
2004-03-04,1154.86999511719
2004-03-05,1156.85998535156
2004-03-08,1147.19995117188
2004-03-09,1140.57995605469
2004-03-10,1123.89001464844
2004-03-11,1106.78002929688
2004-03-12,1120.56994628906
2004-03-15,1104.48999023438
2004-03-16,1110.69995117188
2004-03-17,1123.75
2004-03-18,1122.31994628906
2004-03-19,1109.78002929688
2004-03-22,1095.40002441406
2004-03-23,1093.94995117188
2004-03-24,1091.32995605469
2004-03-25,1109.18994140625
2004-03-26,1108.06005859375
2004-03-29,1122.46997070312
2004-03-30,1127
2004-03-31,1126.2099609375
2004-04-01,1132.17004394531
2004-04-02,1141.81005859375
2004-04-05,1150.56994628906
2004-04-06,1148.16003417969
2004-04-07,1140.53002929688
2004-04-08,1139.31994628906
2004-04-12,1145.19995117188
2004-04-13,1129.43994140625
2004-04-14,1128.17004394531
2004-04-15,1128.83996582031
2004-04-16,1134.60998535156
2004-04-19,1135.81994628906
2004-04-20,1118.15002441406
2004-04-21,1124.08996582031
2004-04-22,1139.93005371094
2004-04-23,1140.59997558594
2004-04-26,1135.53002929688
2004-04-27,1138.10998535156
2004-04-28,1122.41003417969
2004-04-29,1113.89001464844
2004-04-30,1107.30004882812
2004-05-03,1117.48999023438
2004-05-04,1119.55004882812
2004-05-05,1121.53002929688
2004-05-06,1113.98999023438
2004-05-07,1098.69995117188
2004-05-10,1087.11999511719
2004-05-11,1095.44995117188
2004-05-12,1097.28002929688
2004-05-13,1096.43994140625
2004-05-14,1095.69995117188
2004-05-17,1084.09997558594
2004-05-18,1091.48999023438
2004-05-19,1088.68005371094
2004-05-20,1089.18994140625
2004-05-21,1093.56005859375
2004-05-24,1095.41003417969
2004-05-25,1113.05004882812
2004-05-26,1114.93994140625
2004-05-27,1121.28002929688
2004-05-28,1120.68005371094
2004-06-01,1121.19995117188
2004-06-02,1124.98999023438
2004-06-03,1116.64001464844
2004-06-04,1122.5
2004-06-07,1140.42004394531
2004-06-08,1142.18005371094
2004-06-09,1131.32995605469
2004-06-10,1136.46997070312
2004-06-14,1125.2900390625
2004-06-15,1132.01000976562
2004-06-16,1133.56005859375
2004-06-17,1132.05004882812
2004-06-18,1135.02001953125
2004-06-21,1130.30004882812
2004-06-22,1134.41003417969
2004-06-23,1144.06005859375
2004-06-24,1140.65002441406
2004-06-25,1134.43005371094
2004-06-28,1133.34997558594
2004-06-29,1136.19995117188
2004-06-30,1140.83996582031
2004-07-01,1128.93994140625
2004-07-02,1125.38000488281
2004-07-06,1116.2099609375
2004-07-07,1118.32995605469
2004-07-08,1109.10998535156
2004-07-09,1112.81005859375
2004-07-12,1114.34997558594
2004-07-13,1115.14001464844
2004-07-14,1111.46997070312
2004-07-15,1106.68994140625
2004-07-16,1101.39001464844
2004-07-19,1100.90002441406
2004-07-20,1108.67004394531
2004-07-21,1093.88000488281
2004-07-22,1096.83996582031
2004-07-23,1086.19995117188
2004-07-26,1084.06994628906
2004-07-27,1094.82995605469
2004-07-28,1095.42004394531
2004-07-29,1100.43005371094
2004-07-30,1101.71997070312
2004-08-02,1106.61999511719
2004-08-03,1099.68994140625
2004-08-04,1098.63000488281
2004-08-05,1080.69995117188
2004-08-06,1063.96997070312
2004-08-09,1065.21997070312
2004-08-10,1079.0400390625
2004-08-11,1075.7900390625
2004-08-12,1063.22998046875
2004-08-13,1064.80004882812
2004-08-16,1079.33996582031
2004-08-17,1081.7099609375
2004-08-18,1095.17004394531
2004-08-19,1091.22998046875
2004-08-20,1098.34997558594
2004-08-23,1095.68005371094
2004-08-24,1096.18994140625
2004-08-25,1104.9599609375
2004-08-26,1105.08996582031
2004-08-27,1107.77001953125
2004-08-30,1099.15002441406
2004-08-31,1104.23999023438
2004-09-01,1105.91003417969
2004-09-02,1118.31005859375
2004-09-03,1113.63000488281
2004-09-07,1121.30004882812
2004-09-08,1116.27001953125
2004-09-09,1118.38000488281
2004-09-10,1123.92004394531
2004-09-13,1125.81994628906
2004-09-14,1128.32995605469
2004-09-15,1120.36999511719
2004-09-16,1123.5
2004-09-17,1128.55004882812
2004-09-20,1122.19995117188
2004-09-21,1129.30004882812
2004-09-22,1113.56005859375
2004-09-23,1108.35998535156
2004-09-24,1110.10998535156
2004-09-27,1103.52001953125
2004-09-28,1110.06005859375
2004-09-29,1114.80004882812
2004-09-30,1114.57995605469
2004-10-01,1131.5
2004-10-04,1135.17004394531
2004-10-05,1134.47998046875
2004-10-06,1142.05004882812
2004-10-07,1130.65002441406
2004-10-08,1122.14001464844
2004-10-11,1124.39001464844
2004-10-12,1121.83996582031
2004-10-13,1113.65002441406
2004-10-14,1103.2900390625
2004-10-15,1108.19995117188
2004-10-18,1114.02001953125
2004-10-19,1103.22998046875
2004-10-20,1103.66003417969
2004-10-21,1106.48999023438
2004-10-22,1095.73999023438
2004-10-25,1094.80004882812
2004-10-26,1111.08996582031
2004-10-27,1125.40002441406
2004-10-28,1127.43994140625
2004-10-29,1130.19995117188
2004-11-01,1130.51000976562
2004-11-02,1130.56005859375
2004-11-03,1143.19995117188
2004-11-04,1161.67004394531
2004-11-05,1166.17004394531
2004-11-08,1164.89001464844
2004-11-09,1164.07995605469
2004-11-10,1162.91003417969
2004-11-11,1173.47998046875
2004-11-12,1184.17004394531
2004-11-15,1183.81005859375
2004-11-16,1175.43005371094
2004-11-17,1181.93994140625
2004-11-18,1183.55004882812
2004-11-19,1170.33996582031
2004-11-22,1177.23999023438
2004-11-23,1176.93994140625
2004-11-24,1181.76000976562
2004-11-26,1182.65002441406
2004-11-29,1178.56994628906
2004-11-30,1173.81994628906
2004-12-01,1191.36999511719
2004-12-02,1190.32995605469
2004-12-03,1191.17004394531
2004-12-06,1190.25
2004-12-07,1177.06994628906
2004-12-08,1182.81005859375
2004-12-09,1189.23999023438
2004-12-10,1188
2004-12-13,1198.68005371094
2004-12-14,1203.38000488281
2004-12-15,1205.71997070312
2004-12-16,1203.2099609375
2004-12-17,1194.19995117188
2004-12-20,1194.65002441406
2004-12-21,1205.44995117188
2004-12-22,1209.56994628906
2004-12-23,1210.13000488281
2004-12-27,1204.92004394531
2004-12-28,1213.5400390625
2004-12-29,1213.44995117188
2004-12-30,1213.55004882812
2004-12-31,1211.92004394531
2005-01-03,1202.07995605469
2005-01-04,1188.05004882812
2005-01-05,1183.73999023438
2005-01-06,1187.89001464844
2005-01-07,1186.18994140625
2005-01-10,1190.25
2005-01-11,1182.98999023438
2005-01-12,1187.69995117188
2005-01-13,1177.44995117188
2005-01-14,1184.52001953125
2005-01-18,1195.97998046875
2005-01-19,1184.63000488281
2005-01-20,1175.41003417969
2005-01-21,1167.86999511719
2005-01-24,1163.75
2005-01-25,1168.41003417969
2005-01-26,1174.06994628906
2005-01-27,1174.55004882812
2005-01-28,1171.35998535156
2005-01-31,1181.27001953125
2005-02-01,1189.41003417969
2005-02-02,1193.18994140625
2005-02-03,1189.89001464844
2005-02-04,1203.03002929688
2005-02-07,1201.71997070312
2005-02-08,1202.30004882812
2005-02-09,1191.98999023438
2005-02-10,1197.01000976562
2005-02-11,1205.30004882812
2005-02-14,1206.14001464844
2005-02-15,1210.11999511719
2005-02-16,1210.33996582031
2005-02-17,1200.75
2005-02-18,1201.58996582031
2005-02-22,1184.16003417969
2005-02-23,1190.80004882812
2005-02-24,1200.19995117188
2005-02-25,1211.36999511719
2005-02-28,1203.59997558594
2005-03-01,1210.41003417969
2005-03-02,1210.07995605469
2005-03-03,1210.46997070312
2005-03-04,1222.11999511719
2005-03-07,1225.31005859375
2005-03-08,1219.43005371094
2005-03-09,1207.01000976562
2005-03-10,1209.25
2005-03-11,1200.07995605469
2005-03-14,1206.82995605469
2005-03-15,1197.75
2005-03-16,1188.06994628906
2005-03-17,1190.2099609375
2005-03-18,1189.65002441406
2005-03-21,1183.78002929688
2005-03-22,1171.7099609375
2005-03-23,1172.53002929688
2005-03-24,1171.42004394531
2005-03-28,1174.28002929688
2005-03-29,1165.35998535156
2005-03-30,1181.41003417969
2005-03-31,1180.58996582031
2005-04-01,1172.92004394531
2005-04-04,1176.11999511719
2005-04-05,1181.39001464844
2005-04-06,1184.06994628906
2005-04-07,1191.14001464844
2005-04-08,1181.19995117188
2005-04-11,1181.2099609375
2005-04-12,1187.76000976562
2005-04-13,1173.7900390625
2005-04-14,1162.05004882812
2005-04-15,1142.61999511719
2005-04-18,1145.97998046875
2005-04-19,1152.78002929688
2005-04-20,1137.5
2005-04-21,1159.94995117188
2005-04-22,1152.11999511719
2005-04-25,1162.09997558594
2005-04-26,1151.82995605469
2005-04-27,1156.38000488281
2005-04-28,1143.21997070312
2005-04-29,1156.84997558594
2005-05-02,1162.16003417969
2005-05-03,1161.17004394531
2005-05-04,1175.65002441406
2005-05-05,1172.63000488281
2005-05-06,1171.34997558594
2005-05-09,1178.83996582031
2005-05-10,1166.21997070312
2005-05-11,1171.10998535156
2005-05-12,1159.35998535156
2005-05-13,1154.05004882812
2005-05-16,1165.68994140625
2005-05-17,1173.80004882812
2005-05-18,1185.56005859375
2005-05-19,1191.07995605469
2005-05-20,1189.28002929688
2005-05-23,1193.85998535156
2005-05-24,1194.06994628906
2005-05-25,1190.01000976562
2005-05-26,1197.61999511719
2005-05-27,1198.78002929688
2005-05-31,1191.5
2005-06-01,1202.21997070312
2005-06-02,1204.2900390625
2005-06-03,1196.02001953125
2005-06-06,1197.51000976562
2005-06-07,1197.26000976562
2005-06-08,1194.67004394531
2005-06-09,1200.93005371094
2005-06-10,1198.10998535156
2005-06-13,1200.81994628906
2005-06-14,1203.91003417969
2005-06-15,1206.57995605469
2005-06-16,1210.9599609375
2005-06-17,1216.9599609375
2005-06-20,1216.09997558594
2005-06-21,1213.60998535156
2005-06-22,1213.88000488281
2005-06-23,1200.72998046875
2005-06-24,1191.56994628906
2005-06-27,1190.68994140625
2005-06-28,1201.56994628906
2005-06-29,1199.84997558594
2005-06-30,1191.32995605469
2005-07-01,1194.43994140625
2005-07-05,1204.98999023438
2005-07-06,1194.93994140625
2005-07-07,1197.86999511719
2005-07-08,1211.85998535156
2005-07-11,1219.43994140625
2005-07-12,1222.2099609375
2005-07-13,1223.2900390625
2005-07-14,1226.5
2005-07-15,1227.92004394531
2005-07-18,1221.13000488281
2005-07-19,1229.34997558594
2005-07-20,1235.19995117188
2005-07-21,1227.0400390625
2005-07-22,1233.68005371094
2005-07-25,1229.03002929688
2005-07-26,1231.16003417969
2005-07-27,1236.7900390625
2005-07-28,1243.71997070312
2005-07-29,1234.18005371094
2005-08-01,1235.34997558594
2005-08-02,1244.11999511719
2005-08-03,1245.0400390625
2005-08-04,1235.85998535156
2005-08-05,1226.42004394531
2005-08-08,1223.13000488281
2005-08-09,1231.38000488281
2005-08-10,1229.13000488281
2005-08-11,1237.81005859375
2005-08-12,1230.39001464844
2005-08-15,1233.86999511719
2005-08-16,1219.33996582031
2005-08-17,1220.23999023438
2005-08-18,1219.02001953125
2005-08-19,1219.7099609375
2005-08-22,1221.72998046875
2005-08-23,1217.58996582031
2005-08-24,1209.58996582031
2005-08-25,1212.36999511719
2005-08-26,1205.09997558594
2005-08-29,1212.28002929688
2005-08-30,1208.41003417969
2005-08-31,1220.32995605469
2005-09-01,1221.58996582031
2005-09-02,1218.02001953125
2005-09-06,1233.39001464844
2005-09-07,1236.35998535156
2005-09-08,1231.67004394531
2005-09-09,1241.47998046875
2005-09-12,1240.56005859375
2005-09-13,1231.19995117188
2005-09-14,1227.16003417969
2005-09-15,1227.72998046875
2005-09-16,1237.91003417969
2005-09-19,1231.02001953125
2005-09-20,1221.33996582031
2005-09-21,1210.19995117188
2005-09-22,1214.61999511719
2005-09-23,1215.2900390625
2005-09-26,1215.63000488281
2005-09-27,1215.66003417969
2005-09-28,1216.89001464844
2005-09-29,1227.68005371094
2005-09-30,1228.81005859375
2005-10-03,1226.69995117188
2005-10-04,1214.46997070312
2005-10-05,1196.39001464844
2005-10-06,1191.48999023438
2005-10-07,1195.90002441406
2005-10-10,1187.32995605469
2005-10-11,1184.86999511719
2005-10-12,1177.68005371094
2005-10-13,1176.83996582031
2005-10-14,1186.56994628906
2005-10-17,1190.09997558594
2005-10-18,1178.14001464844
2005-10-19,1195.76000976562
2005-10-20,1177.80004882812
2005-10-21,1179.58996582031
2005-10-24,1199.38000488281
2005-10-25,1196.5400390625
2005-10-26,1191.38000488281
2005-10-27,1178.90002441406
2005-10-28,1198.41003417969
2005-10-31,1207.01000976562
2005-11-01,1202.76000976562
2005-11-02,1214.76000976562
2005-11-03,1219.93994140625
2005-11-04,1220.14001464844
2005-11-07,1222.81005859375
2005-11-08,1218.58996582031
2005-11-09,1220.65002441406
2005-11-10,1230.9599609375
2005-11-11,1234.71997070312
2005-11-14,1233.76000976562
2005-11-15,1229.01000976562
2005-11-16,1231.2099609375
2005-11-17,1242.80004882812
2005-11-18,1248.27001953125
2005-11-21,1254.84997558594
2005-11-22,1261.22998046875
2005-11-23,1265.60998535156
2005-11-25,1268.25
2005-11-28,1257.4599609375
2005-11-29,1257.47998046875
2005-11-30,1249.47998046875
2005-12-01,1264.67004394531
2005-12-02,1265.07995605469
2005-12-05,1262.08996582031
2005-12-06,1263.69995117188
2005-12-07,1257.36999511719
2005-12-08,1255.83996582031
2005-12-09,1259.36999511719
2005-12-12,1260.43005371094
2005-12-13,1267.43005371094
2005-12-14,1272.73999023438
2005-12-15,1270.93994140625
2005-12-16,1267.31994628906
2005-12-19,1259.92004394531
2005-12-20,1259.61999511719
2005-12-21,1262.7900390625
2005-12-22,1268.11999511719
2005-12-23,1268.66003417969
2005-12-27,1256.5400390625
2005-12-28,1258.17004394531
2005-12-29,1254.42004394531
2005-12-30,1248.2900390625
2006-01-03,1268.80004882812
2006-01-04,1273.4599609375
2006-01-05,1273.47998046875
2006-01-06,1285.44995117188
2006-01-09,1290.15002441406
2006-01-10,1289.68994140625
2006-01-11,1294.18005371094
2006-01-12,1286.06005859375
2006-01-13,1287.60998535156
2006-01-17,1282.93005371094
2006-01-18,1277.93005371094
2006-01-19,1285.0400390625
2006-01-20,1261.48999023438
2006-01-23,1263.81994628906
2006-01-24,1266.85998535156
2006-01-25,1264.68005371094
2006-01-26,1273.82995605469
2006-01-27,1283.71997070312
2006-01-30,1285.18994140625
2006-01-31,1280.07995605469
2006-02-01,1282.4599609375
2006-02-02,1270.83996582031
2006-02-03,1264.03002929688
2006-02-06,1265.02001953125
2006-02-07,1254.78002929688
2006-02-08,1265.65002441406
2006-02-09,1263.78002929688
2006-02-10,1266.98999023438
2006-02-13,1262.85998535156
2006-02-14,1275.53002929688
2006-02-15,1280
2006-02-16,1289.38000488281
2006-02-17,1287.23999023438
2006-02-21,1283.03002929688
2006-02-22,1292.67004394531
2006-02-23,1287.7900390625
2006-02-24,1289.43005371094
2006-02-27,1294.11999511719
2006-02-28,1280.66003417969
2006-03-01,1291.23999023438
2006-03-02,1289.14001464844
2006-03-03,1287.22998046875
2006-03-06,1278.26000976562
2006-03-07,1275.88000488281
2006-03-08,1278.46997070312
2006-03-09,1272.22998046875
2006-03-10,1281.42004394531
2006-03-13,1284.13000488281
2006-03-14,1297.47998046875
2006-03-15,1303.02001953125
2006-03-16,1305.32995605469
2006-03-17,1307.25
2006-03-20,1305.07995605469
2006-03-21,1297.22998046875
2006-03-22,1305.0400390625
2006-03-23,1301.67004394531
2006-03-24,1302.94995117188
2006-03-27,1301.60998535156
2006-03-28,1293.22998046875
2006-03-29,1302.89001464844
2006-03-30,1300.25
2006-03-31,1294.86999511719
2006-04-03,1297.81005859375
2006-04-04,1305.93005371094
2006-04-05,1311.56005859375
2006-04-06,1309.0400390625
2006-04-07,1295.5
2006-04-10,1296.61999511719
2006-04-11,1286.56994628906
2006-04-12,1288.11999511719
2006-04-13,1289.11999511719
2006-04-17,1285.32995605469
2006-04-18,1307.28002929688
2006-04-19,1309.93005371094
2006-04-20,1311.4599609375
2006-04-21,1311.28002929688
2006-04-24,1308.10998535156
2006-04-25,1301.73999023438
2006-04-26,1305.41003417969
2006-04-27,1309.71997070312
2006-04-28,1310.60998535156
2006-05-01,1305.18994140625
2006-05-02,1313.2099609375
2006-05-03,1308.11999511719
2006-05-04,1312.25
2006-05-05,1325.76000976562
2006-05-08,1324.66003417969
2006-05-09,1325.14001464844
2006-05-10,1322.84997558594
2006-05-11,1305.92004394531
2006-05-12,1291.23999023438
2006-05-15,1294.5
2006-05-16,1292.07995605469
2006-05-17,1270.31994628906
2006-05-18,1261.81005859375
2006-05-19,1267.03002929688
2006-05-22,1262.06994628906
2006-05-23,1256.57995605469
2006-05-24,1258.56994628906
2006-05-25,1272.88000488281
2006-05-26,1280.16003417969
2006-05-30,1259.86999511719
2006-05-31,1270.08996582031
2006-06-01,1285.7099609375
2006-06-02,1288.21997070312
2006-06-05,1265.2900390625
2006-06-06,1263.84997558594
2006-06-07,1256.15002441406
2006-06-08,1257.93005371094
2006-06-09,1252.30004882812
2006-06-12,1237.43994140625
2006-06-13,1223.68994140625
2006-06-14,1230.0400390625
2006-06-15,1256.16003417969
2006-06-16,1251.5400390625
2006-06-19,1240.13000488281
2006-06-20,1240.11999511719
2006-06-21,1252.19995117188
2006-06-22,1245.59997558594
2006-06-23,1244.5
2006-06-26,1250.56005859375
2006-06-27,1239.19995117188
2006-06-28,1246
2006-06-29,1272.86999511719
2006-06-30,1270.19995117188
2006-07-03,1280.18994140625
2006-07-05,1270.91003417969
2006-07-06,1274.07995605469
2006-07-07,1265.47998046875
2006-07-10,1267.33996582031
2006-07-11,1272.43005371094
2006-07-12,1258.59997558594
2006-07-13,1242.28002929688
2006-07-14,1236.19995117188
2006-07-17,1234.48999023438
2006-07-18,1236.85998535156
2006-07-19,1259.81005859375
2006-07-20,1249.13000488281
2006-07-21,1240.2900390625
2006-07-24,1260.91003417969
2006-07-25,1268.88000488281
2006-07-26,1268.40002441406
2006-07-27,1263.19995117188
2006-07-28,1278.55004882812
2006-07-31,1276.66003417969
2006-08-01,1270.92004394531
2006-08-02,1277.41003417969
2006-08-03,1280.27001953125
2006-08-04,1279.35998535156
2006-08-07,1275.77001953125
2006-08-08,1271.47998046875
2006-08-09,1265.94995117188
2006-08-10,1271.81005859375
2006-08-11,1266.73999023438
2006-08-14,1268.2099609375
2006-08-15,1285.57995605469
2006-08-16,1295.43005371094
2006-08-17,1297.47998046875
2006-08-18,1302.30004882812
2006-08-21,1297.52001953125
2006-08-22,1298.81994628906
2006-08-23,1292.98999023438
2006-08-24,1296.06005859375
2006-08-25,1295.08996582031
2006-08-28,1301.78002929688
2006-08-29,1304.28002929688
2006-08-30,1305.36999511719
2006-08-31,1303.81994628906
2006-09-01,1311.01000976562
2006-09-05,1313.25
2006-09-06,1300.26000976562
2006-09-07,1294.02001953125
2006-09-08,1298.92004394531
2006-09-11,1299.5400390625
2006-09-12,1313
2006-09-13,1318.06994628906
2006-09-14,1316.28002929688
2006-09-15,1319.66003417969
2006-09-18,1321.18005371094
2006-09-19,1317.64001464844
2006-09-20,1325.18005371094
2006-09-21,1318.03002929688
2006-09-22,1314.78002929688
2006-09-25,1326.36999511719
2006-09-26,1336.34997558594
2006-09-27,1336.58996582031
2006-09-28,1338.88000488281
2006-09-29,1335.84997558594
2006-10-02,1331.31994628906
2006-10-03,1334.10998535156
2006-10-04,1350.19995117188
2006-10-05,1353.21997070312
2006-10-06,1349.58996582031
2006-10-09,1350.66003417969
2006-10-10,1353.42004394531
2006-10-11,1349.94995117188
2006-10-12,1362.82995605469
2006-10-13,1365.61999511719
2006-10-16,1369.06005859375
2006-10-17,1364.05004882812
2006-10-18,1365.80004882812
2006-10-19,1366.9599609375
2006-10-20,1368.59997558594
2006-10-23,1377.02001953125
2006-10-24,1377.38000488281
2006-10-25,1382.21997070312
2006-10-26,1389.07995605469
2006-10-27,1377.33996582031
2006-10-30,1377.93005371094
2006-10-31,1377.93994140625
2006-11-01,1367.81005859375
2006-11-02,1367.33996582031
2006-11-03,1364.30004882812
2006-11-06,1379.78002929688
2006-11-07,1382.83996582031
2006-11-08,1385.71997070312
2006-11-09,1378.32995605469
2006-11-10,1380.90002441406
2006-11-13,1384.42004394531
2006-11-14,1393.21997070312
2006-11-15,1396.56994628906
2006-11-16,1399.76000976562
2006-11-17,1401.19995117188
2006-11-20,1400.5
2006-11-21,1402.81005859375
2006-11-22,1406.08996582031
2006-11-24,1400.94995117188
2006-11-27,1381.9599609375
2006-11-28,1386.71997070312
2006-11-29,1399.47998046875
2006-11-30,1400.63000488281
2006-12-01,1396.7099609375
2006-12-04,1409.11999511719
2006-12-05,1414.76000976562
2006-12-06,1412.90002441406
2006-12-07,1407.2900390625
2006-12-08,1409.83996582031
2006-12-11,1413.0400390625
2006-12-12,1411.56005859375
2006-12-13,1413.2099609375
2006-12-14,1425.48999023438
2006-12-15,1427.08996582031
2006-12-18,1422.47998046875
2006-12-19,1425.55004882812
2006-12-20,1423.53002929688
2006-12-21,1418.30004882812
2006-12-22,1410.76000976562
2006-12-26,1416.90002441406
2006-12-27,1426.83996582031
2006-12-28,1424.72998046875
2006-12-29,1418.30004882812
2007-01-03,1416.59997558594
2007-01-04,1418.33996582031
2007-01-05,1409.7099609375
2007-01-08,1412.83996582031
2007-01-09,1412.10998535156
2007-01-10,1414.84997558594
2007-01-11,1423.81994628906
2007-01-12,1430.72998046875
2007-01-16,1431.90002441406
2007-01-17,1430.61999511719
2007-01-18,1426.36999511719
2007-01-19,1430.5
2007-01-22,1422.94995117188
2007-01-23,1427.98999023438
2007-01-24,1440.13000488281
2007-01-25,1423.90002441406
2007-01-26,1422.18005371094
2007-01-29,1420.61999511719
2007-01-30,1428.81994628906
2007-01-31,1438.23999023438
2007-02-01,1445.93994140625
2007-02-02,1448.39001464844
2007-02-05,1446.98999023438
2007-02-06,1448
2007-02-07,1450.02001953125
2007-02-08,1448.31005859375
2007-02-09,1438.06005859375
2007-02-12,1433.36999511719
2007-02-13,1444.26000976562
2007-02-14,1455.30004882812
2007-02-15,1456.81005859375
2007-02-16,1455.5400390625
2007-02-20,1459.68005371094
2007-02-21,1457.63000488281
2007-02-22,1456.38000488281
2007-02-23,1451.18994140625
2007-02-26,1449.36999511719
2007-02-27,1399.0400390625
2007-02-28,1406.81994628906
2007-03-01,1403.17004394531
2007-03-02,1387.17004394531
2007-03-05,1374.11999511719
2007-03-06,1395.41003417969
2007-03-07,1391.96997070312
2007-03-08,1401.89001464844
2007-03-09,1402.83996582031
2007-03-12,1406.59997558594
2007-03-13,1377.94995117188
2007-03-14,1387.17004394531
2007-03-15,1392.28002929688
2007-03-16,1386.94995117188
2007-03-19,1402.06005859375
2007-03-20,1410.93994140625
2007-03-21,1435.0400390625
2007-03-22,1434.5400390625
2007-03-23,1436.10998535156
2007-03-26,1437.5
2007-03-27,1428.60998535156
2007-03-28,1417.22998046875
2007-03-29,1422.53002929688
2007-03-30,1420.85998535156
2007-04-02,1424.55004882812
2007-04-03,1437.77001953125
2007-04-04,1439.36999511719
2007-04-05,1443.76000976562
2007-04-09,1444.60998535156
2007-04-10,1448.39001464844
2007-04-11,1438.86999511719
2007-04-12,1447.80004882812
2007-04-13,1452.84997558594
2007-04-16,1468.32995605469
2007-04-17,1471.47998046875
2007-04-18,1472.5
2007-04-19,1470.72998046875
2007-04-20,1484.34997558594
2007-04-23,1480.93005371094
2007-04-24,1480.41003417969
2007-04-25,1495.42004394531
2007-04-26,1494.25
2007-04-27,1494.06994628906
2007-04-30,1482.36999511719
2007-05-01,1486.30004882812
2007-05-02,1495.92004394531
2007-05-03,1502.39001464844
2007-05-04,1505.61999511719
2007-05-07,1509.47998046875
2007-05-08,1507.71997070312
2007-05-09,1512.57995605469
2007-05-10,1491.46997070312
2007-05-11,1505.84997558594
2007-05-14,1503.15002441406
2007-05-15,1501.18994140625
2007-05-16,1514.14001464844
2007-05-17,1512.75
2007-05-18,1522.75
2007-05-21,1525.09997558594
2007-05-22,1524.11999511719
2007-05-23,1522.28002929688
2007-05-24,1507.51000976562
2007-05-25,1515.72998046875
2007-05-29,1518.10998535156
2007-05-30,1530.22998046875
2007-05-31,1530.61999511719
2007-06-01,1536.33996582031
2007-06-04,1539.18005371094
2007-06-05,1530.94995117188
2007-06-06,1517.38000488281
2007-06-07,1490.71997070312
2007-06-08,1507.67004394531
2007-06-11,1509.11999511719
2007-06-12,1493
2007-06-13,1515.67004394531
2007-06-14,1522.96997070312
2007-06-15,1532.91003417969
2007-06-18,1531.05004882812
2007-06-19,1533.69995117188
2007-06-20,1512.83996582031
2007-06-21,1522.18994140625
2007-06-22,1502.56005859375
2007-06-25,1497.73999023438
2007-06-26,1492.89001464844
2007-06-27,1506.33996582031
2007-06-28,1505.7099609375
2007-06-29,1503.34997558594
2007-07-02,1519.43005371094
2007-07-03,1524.86999511719
2007-07-05,1525.40002441406
2007-07-06,1530.43994140625
2007-07-09,1531.84997558594
2007-07-10,1510.11999511719
2007-07-11,1518.76000976562
2007-07-12,1547.69995117188
2007-07-13,1552.5
2007-07-16,1549.52001953125
2007-07-17,1549.36999511719
2007-07-18,1546.17004394531
2007-07-19,1553.07995605469
2007-07-20,1534.09997558594
2007-07-23,1541.56994628906
2007-07-24,1511.0400390625
2007-07-25,1518.08996582031
2007-07-26,1482.66003417969
2007-07-27,1458.94995117188
2007-07-30,1473.91003417969
2007-07-31,1455.27001953125
2007-08-01,1465.81005859375
2007-08-02,1472.19995117188
2007-08-03,1433.06005859375
2007-08-06,1467.67004394531
2007-08-07,1476.7099609375
2007-08-08,1497.48999023438
2007-08-09,1453.08996582031
2007-08-10,1453.64001464844
2007-08-13,1452.92004394531
2007-08-14,1426.5400390625
2007-08-15,1406.69995117188
2007-08-16,1411.27001953125
2007-08-17,1445.93994140625
2007-08-20,1445.55004882812
2007-08-21,1447.11999511719
2007-08-22,1464.06994628906
2007-08-23,1462.5
2007-08-24,1479.36999511719
2007-08-27,1466.7900390625
2007-08-28,1432.35998535156
2007-08-29,1463.76000976562
2007-08-30,1457.64001464844
2007-08-31,1473.98999023438
2007-09-04,1489.42004394531
2007-09-05,1472.2900390625
2007-09-06,1478.55004882812
2007-09-07,1453.55004882812
2007-09-10,1451.69995117188
2007-09-11,1471.48999023438
2007-09-12,1471.56005859375
2007-09-13,1483.94995117188
2007-09-14,1484.25
2007-09-17,1476.65002441406
2007-09-18,1519.78002929688
2007-09-19,1529.03002929688
2007-09-20,1518.75
2007-09-21,1525.75
2007-09-24,1517.72998046875
2007-09-25,1517.2099609375
2007-09-26,1525.42004394531
2007-09-27,1531.38000488281
2007-09-28,1526.75
2007-10-01,1547.0400390625
2007-10-02,1546.63000488281
2007-10-03,1539.58996582031
2007-10-04,1542.83996582031
2007-10-05,1557.58996582031
2007-10-08,1552.57995605469
2007-10-09,1565.15002441406
2007-10-10,1562.46997070312
2007-10-11,1554.41003417969
2007-10-12,1561.80004882812
2007-10-15,1548.7099609375
2007-10-16,1538.53002929688
2007-10-17,1541.23999023438
2007-10-18,1540.07995605469
2007-10-19,1500.63000488281
2007-10-22,1506.32995605469
2007-10-23,1519.58996582031
2007-10-24,1515.88000488281
2007-10-25,1514.40002441406
2007-10-26,1535.28002929688
2007-10-29,1540.97998046875
2007-10-30,1531.02001953125
2007-10-31,1549.38000488281
2007-11-01,1508.43994140625
2007-11-02,1509.65002441406
2007-11-05,1502.17004394531
2007-11-06,1520.27001953125
2007-11-07,1475.61999511719
2007-11-08,1474.77001953125
2007-11-09,1453.69995117188
2007-11-12,1439.18005371094
2007-11-13,1481.05004882812
2007-11-14,1470.57995605469
2007-11-15,1451.15002441406
2007-11-16,1458.73999023438
2007-11-19,1433.27001953125
2007-11-20,1439.69995117188
2007-11-21,1416.77001953125
2007-11-23,1440.69995117188
2007-11-26,1407.21997070312
2007-11-27,1428.22998046875
2007-11-28,1469.02001953125
2007-11-29,1469.71997070312
2007-11-30,1481.14001464844
2007-12-03,1472.42004394531
2007-12-04,1462.7900390625
2007-12-05,1485.01000976562
2007-12-06,1507.33996582031
2007-12-07,1504.66003417969
2007-12-10,1515.9599609375
2007-12-11,1477.65002441406
2007-12-12,1486.58996582031
2007-12-13,1488.41003417969
2007-12-14,1467.94995117188
2007-12-17,1445.90002441406
2007-12-18,1454.97998046875
2007-12-19,1453
2007-12-20,1460.11999511719
2007-12-21,1484.4599609375
2007-12-24,1496.44995117188
2007-12-26,1497.66003417969
2007-12-27,1476.27001953125
2007-12-28,1478.48999023438
2007-12-31,1468.35998535156
2008-01-02,1447.16003417969
2008-01-03,1447.16003417969
2008-01-04,1411.63000488281
2008-01-07,1416.18005371094
2008-01-08,1390.18994140625
2008-01-09,1409.13000488281
2008-01-10,1420.32995605469
2008-01-11,1401.02001953125
2008-01-14,1416.25
2008-01-15,1380.94995117188
2008-01-16,1373.19995117188
2008-01-17,1333.25
2008-01-18,1325.18994140625
2008-01-22,1310.5
2008-01-23,1338.59997558594
2008-01-24,1352.06994628906
2008-01-25,1330.60998535156
2008-01-28,1353.9599609375
2008-01-29,1362.30004882812
2008-01-30,1355.81005859375
2008-01-31,1378.55004882812
2008-02-01,1395.42004394531
2008-02-04,1380.81994628906
2008-02-05,1336.64001464844
2008-02-06,1326.44995117188
2008-02-07,1336.91003417969
2008-02-08,1331.2900390625
2008-02-11,1339.13000488281
2008-02-12,1348.85998535156
2008-02-13,1367.2099609375
2008-02-14,1348.85998535156
2008-02-15,1349.98999023438
2008-02-19,1348.78002929688
2008-02-20,1360.03002929688
2008-02-21,1342.53002929688
2008-02-22,1353.10998535156
2008-02-25,1371.80004882812
2008-02-26,1381.2900390625
2008-02-27,1380.02001953125
2008-02-28,1367.68005371094
2008-02-29,1330.63000488281
2008-03-03,1331.33996582031
2008-03-04,1326.75
2008-03-05,1333.69995117188
2008-03-06,1304.33996582031
2008-03-07,1293.36999511719
2008-03-10,1273.36999511719
2008-03-11,1320.65002441406
2008-03-12,1308.77001953125
2008-03-13,1315.47998046875
2008-03-14,1288.14001464844
2008-03-17,1276.59997558594
2008-03-18,1330.73999023438
2008-03-19,1298.42004394531
2008-03-20,1329.51000976562
2008-03-24,1349.88000488281
2008-03-25,1352.98999023438
2008-03-26,1341.13000488281
2008-03-27,1325.76000976562
2008-03-28,1315.21997070312
2008-03-31,1322.69995117188
2008-04-01,1370.18005371094
2008-04-02,1367.53002929688
2008-04-03,1369.31005859375
2008-04-04,1370.40002441406
2008-04-07,1372.5400390625
2008-04-08,1365.5400390625
2008-04-09,1354.48999023438
2008-04-10,1360.55004882812
2008-04-11,1332.82995605469
2008-04-14,1328.31994628906
2008-04-15,1334.43005371094
2008-04-16,1364.7099609375
2008-04-17,1365.56005859375
2008-04-18,1390.32995605469
2008-04-21,1388.17004394531
2008-04-22,1375.93994140625
2008-04-23,1379.93005371094
2008-04-24,1388.81994628906
2008-04-25,1397.83996582031
2008-04-28,1396.36999511719
2008-04-29,1390.93994140625
2008-04-30,1385.58996582031
2008-05-01,1409.33996582031
2008-05-02,1413.90002441406
2008-05-05,1407.48999023438
2008-05-06,1418.26000976562
2008-05-07,1392.56994628906
2008-05-08,1397.68005371094
2008-05-09,1388.28002929688
2008-05-12,1403.57995605469
2008-05-13,1403.0400390625
2008-05-14,1408.66003417969
2008-05-15,1423.56994628906
2008-05-16,1425.34997558594
2008-05-19,1426.63000488281
2008-05-20,1413.40002441406
2008-05-21,1390.7099609375
2008-05-22,1394.34997558594
2008-05-23,1375.93005371094
2008-05-27,1385.34997558594
2008-05-28,1390.83996582031
2008-05-29,1398.26000976562
2008-05-30,1400.38000488281
2008-06-02,1385.67004394531
2008-06-03,1377.65002441406
2008-06-04,1377.19995117188
2008-06-05,1404.05004882812
2008-06-06,1360.68005371094
2008-06-09,1361.76000976562
2008-06-10,1358.43994140625
2008-06-11,1335.48999023438
2008-06-12,1339.86999511719
2008-06-13,1360.03002929688
2008-06-16,1360.14001464844
2008-06-17,1350.93005371094
2008-06-18,1337.81005859375
2008-06-19,1342.82995605469
2008-06-20,1317.93005371094
2008-06-23,1318
2008-06-24,1314.2900390625
2008-06-25,1321.96997070312
2008-06-26,1283.15002441406
2008-06-27,1278.38000488281
2008-06-30,1280
2008-07-01,1284.91003417969
2008-07-02,1261.52001953125
2008-07-03,1262.90002441406
2008-07-07,1252.31005859375
2008-07-08,1273.69995117188
2008-07-09,1244.68994140625
2008-07-10,1253.39001464844
2008-07-11,1239.48999023438
2008-07-14,1228.30004882812
2008-07-15,1214.91003417969
2008-07-16,1245.35998535156
2008-07-17,1260.31994628906
2008-07-18,1260.68005371094
2008-07-21,1260
2008-07-22,1277
2008-07-23,1282.18994140625
2008-07-24,1252.5400390625
2008-07-25,1257.76000976562
2008-07-28,1234.36999511719
2008-07-29,1263.19995117188
2008-07-30,1284.26000976562
2008-07-31,1267.38000488281
2008-08-01,1260.31005859375
2008-08-04,1249.01000976562
2008-08-05,1284.88000488281
2008-08-06,1289.18994140625
2008-08-07,1266.06994628906
2008-08-08,1296.31994628906
2008-08-11,1305.31994628906
2008-08-12,1289.58996582031
2008-08-13,1285.82995605469
2008-08-14,1292.93005371094
2008-08-15,1298.19995117188
2008-08-18,1278.59997558594
2008-08-19,1266.68994140625
2008-08-20,1274.5400390625
2008-08-21,1277.71997070312
2008-08-22,1292.19995117188
2008-08-25,1266.83996582031
2008-08-26,1271.51000976562
2008-08-27,1281.66003417969
2008-08-28,1300.68005371094
2008-08-29,1282.82995605469
2008-09-02,1277.57995605469
2008-09-03,1274.97998046875
2008-09-04,1236.82995605469
2008-09-05,1242.31005859375
2008-09-08,1267.7900390625
2008-09-09,1224.51000976562
2008-09-10,1232.0400390625
2008-09-11,1249.05004882812
2008-09-12,1251.69995117188
2008-09-15,1192.69995117188
2008-09-16,1213.59997558594
2008-09-17,1156.39001464844
2008-09-18,1206.51000976562
2008-09-19,1255.07995605469
2008-09-22,1207.08996582031
2008-09-23,1188.21997070312
2008-09-24,1185.86999511719
2008-09-25,1209.18005371094
2008-09-26,1213.27001953125
2008-09-29,1106.42004394531
2008-09-30,1166.35998535156
2008-10-01,1161.06005859375
2008-10-02,1114.28002929688
2008-10-03,1099.22998046875
2008-10-06,1056.89001464844
2008-10-07,996.22998046875
2008-10-08,984.940002441406
2008-10-09,909.919982910156
2008-10-10,899.219970703125
2008-10-13,1003.34997558594
2008-10-14,998.010009765625
2008-10-15,907.840026855469
2008-10-16,946.429992675781
2008-10-17,940.549987792969
2008-10-20,985.400024414062
2008-10-21,955.049987792969
2008-10-22,896.780029296875
2008-10-23,908.109985351562
2008-10-24,876.77001953125
2008-10-27,848.919982910156
2008-10-28,940.510009765625
2008-10-29,930.090026855469
2008-10-30,954.090026855469
2008-10-31,968.75
2008-11-03,966.299987792969
2008-11-04,1005.75
2008-11-05,952.77001953125
2008-11-06,904.880004882812
2008-11-07,930.989990234375
2008-11-10,919.210021972656
2008-11-11,898.950012207031
2008-11-12,852.299987792969
2008-11-13,911.289978027344
2008-11-14,873.289978027344
2008-11-17,850.75
2008-11-18,859.119995117188
2008-11-19,806.580017089844
2008-11-20,752.440002441406
2008-11-21,800.030029296875
2008-11-24,851.809997558594
2008-11-25,857.390014648438
2008-11-26,887.679992675781
2008-11-28,896.239990234375
2008-12-01,816.210021972656
2008-12-02,848.809997558594
2008-12-03,870.739990234375
2008-12-04,845.219970703125
2008-12-05,876.070007324219
2008-12-08,909.700012207031
2008-12-09,888.669982910156
2008-12-10,899.239990234375
2008-12-11,873.590026855469
2008-12-12,879.72998046875
2008-12-15,868.570007324219
2008-12-16,913.179992675781
2008-12-17,904.419982910156
2008-12-18,885.280029296875
2008-12-19,887.880004882812
2008-12-22,871.630004882812
2008-12-23,863.159973144531
2008-12-24,868.150024414062
2008-12-26,872.799987792969
2008-12-29,869.419982910156
2008-12-30,890.640014648438
2008-12-31,903.25
2009-01-02,931.799987792969
2009-01-05,927.450012207031
2009-01-06,934.700012207031
2009-01-07,906.650024414062
2009-01-08,909.72998046875
2009-01-09,890.349975585938
2009-01-12,870.260009765625
2009-01-13,871.789978027344
2009-01-14,842.619995117188
2009-01-15,843.739990234375
2009-01-16,850.119995117188
2009-01-20,805.219970703125
2009-01-21,840.239990234375
2009-01-22,827.5
2009-01-23,831.950012207031
2009-01-26,836.570007324219
2009-01-27,845.710021972656
2009-01-28,874.090026855469
2009-01-29,845.140014648438
2009-01-30,825.880004882812
2009-02-02,825.440002441406
2009-02-03,838.510009765625
2009-02-04,832.22998046875
2009-02-05,845.849975585938
2009-02-06,868.599975585938
2009-02-09,869.890014648438
2009-02-10,827.159973144531
2009-02-11,833.739990234375
2009-02-12,835.190002441406
2009-02-13,826.840026855469
2009-02-17,789.169982910156
2009-02-18,788.419982910156
2009-02-19,778.940002441406
2009-02-20,770.049987792969
2009-02-23,743.330017089844
2009-02-24,773.140014648438
2009-02-25,764.900024414062
2009-02-26,752.830017089844
2009-02-27,735.090026855469
2009-03-02,700.820007324219
2009-03-03,696.330017089844
2009-03-04,712.869995117188
2009-03-05,682.549987792969
2009-03-06,683.380004882812
2009-03-09,676.530029296875
2009-03-10,719.599975585938
2009-03-11,721.359985351562
2009-03-12,750.739990234375
2009-03-13,756.549987792969
2009-03-16,753.890014648438
2009-03-17,778.119995117188
2009-03-18,794.349975585938
2009-03-19,784.039978027344
2009-03-20,768.539978027344
2009-03-23,822.919982910156
2009-03-24,806.119995117188
2009-03-25,813.880004882812
2009-03-26,832.859985351562
2009-03-27,815.940002441406
2009-03-30,787.530029296875
2009-03-31,797.869995117188
2009-04-01,811.080017089844
2009-04-02,834.380004882812
2009-04-03,842.5
2009-04-06,835.47998046875
2009-04-07,815.549987792969
2009-04-08,825.159973144531
2009-04-09,856.559997558594
2009-04-13,858.72998046875
2009-04-14,841.5
2009-04-15,852.059997558594
2009-04-16,865.299987792969
2009-04-17,869.599975585938
2009-04-20,832.390014648438
2009-04-21,850.080017089844
2009-04-22,843.549987792969
2009-04-23,851.919982910156
2009-04-24,866.22998046875
2009-04-27,857.510009765625
2009-04-28,855.159973144531
2009-04-29,873.640014648438
2009-04-30,872.809997558594
2009-05-01,877.52001953125
2009-05-04,907.239990234375
2009-05-05,903.799987792969
2009-05-06,919.530029296875
2009-05-07,907.390014648438
2009-05-08,929.22998046875
2009-05-11,909.239990234375
2009-05-12,908.349975585938
2009-05-13,883.919982910156
2009-05-14,893.070007324219
2009-05-15,882.880004882812
2009-05-18,909.710021972656
2009-05-19,908.130004882812
2009-05-20,903.469970703125
2009-05-21,888.330017089844
2009-05-22,887
2009-05-26,910.330017089844
2009-05-27,893.059997558594
2009-05-28,906.830017089844
2009-05-29,919.140014648438
2009-06-01,942.869995117188
2009-06-02,944.739990234375
2009-06-03,931.760009765625
2009-06-04,942.460021972656
2009-06-05,940.090026855469
2009-06-08,939.140014648438
2009-06-09,942.429992675781
2009-06-10,939.150024414062
2009-06-11,944.890014648438
2009-06-12,946.210021972656
2009-06-15,923.719970703125
2009-06-16,911.969970703125
2009-06-17,910.710021972656
2009-06-18,918.369995117188
2009-06-19,921.22998046875
2009-06-22,893.039978027344
2009-06-23,895.099975585938
2009-06-24,900.940002441406
2009-06-25,920.260009765625
2009-06-26,918.900024414062
2009-06-29,927.22998046875
2009-06-30,919.320007324219
2009-07-01,923.330017089844
2009-07-02,896.419982910156
2009-07-06,898.719970703125
2009-07-07,881.030029296875
2009-07-08,879.559997558594
2009-07-09,882.679992675781
2009-07-10,879.130004882812
2009-07-13,901.049987792969
2009-07-14,905.840026855469
2009-07-15,932.679992675781
2009-07-16,940.739990234375
2009-07-17,940.380004882812
2009-07-20,951.130004882812
2009-07-21,954.580017089844
2009-07-22,954.070007324219
2009-07-23,976.289978027344
2009-07-24,979.260009765625
2009-07-27,982.179992675781
2009-07-28,979.619995117188
2009-07-29,975.150024414062
2009-07-30,986.75
2009-07-31,987.47998046875
2009-08-03,1002.63000488281
2009-08-04,1005.65002441406
2009-08-05,1002.71997070312
2009-08-06,997.080017089844
2009-08-07,1010.47998046875
2009-08-10,1007.09997558594
2009-08-11,994.349975585938
2009-08-12,1005.80999755859
2009-08-13,1012.72998046875
2009-08-14,1004.09002685547
2009-08-17,979.72998046875
2009-08-18,989.669982910156
2009-08-19,996.460021972656
2009-08-20,1007.36999511719
2009-08-21,1026.13000488281
2009-08-24,1025.56994628906
2009-08-25,1028
2009-08-26,1028.11999511719
2009-08-27,1030.97998046875
2009-08-28,1028.93005371094
2009-08-31,1020.61999511719
2009-09-01,998.039978027344
2009-09-02,994.75
2009-09-03,1003.23999023438
2009-09-04,1016.40002441406
2009-09-08,1025.39001464844
2009-09-09,1033.36999511719
2009-09-10,1044.14001464844
2009-09-11,1042.72998046875
2009-09-14,1049.33996582031
2009-09-15,1052.63000488281
2009-09-16,1068.76000976562
2009-09-17,1065.48999023438
2009-09-18,1068.30004882812
2009-09-21,1064.66003417969
2009-09-22,1071.66003417969
2009-09-23,1060.86999511719
2009-09-24,1050.78002929688
2009-09-25,1044.38000488281
2009-09-28,1062.97998046875
2009-09-29,1060.60998535156
2009-09-30,1057.07995605469
2009-10-01,1029.84997558594
2009-10-02,1025.2099609375
2009-10-05,1040.4599609375
2009-10-06,1054.71997070312
2009-10-07,1057.57995605469
2009-10-08,1065.47998046875
2009-10-09,1071.48999023438
2009-10-12,1076.18994140625
2009-10-13,1073.18994140625
2009-10-14,1092.02001953125
2009-10-15,1096.56005859375
2009-10-16,1087.68005371094
2009-10-19,1097.91003417969
2009-10-20,1091.06005859375
2009-10-21,1081.40002441406
2009-10-22,1092.91003417969
2009-10-23,1079.59997558594
2009-10-26,1066.94995117188
2009-10-27,1063.41003417969
2009-10-28,1042.63000488281
2009-10-29,1066.10998535156
2009-10-30,1036.18994140625
2009-11-02,1042.88000488281
2009-11-03,1045.41003417969
2009-11-04,1046.5
2009-11-05,1066.63000488281
2009-11-06,1069.30004882812
2009-11-09,1093.07995605469
2009-11-10,1093.01000976562
2009-11-11,1098.51000976562
2009-11-12,1087.23999023438
2009-11-13,1093.47998046875
2009-11-16,1109.30004882812
2009-11-17,1110.31994628906
2009-11-18,1109.80004882812
2009-11-19,1094.90002441406
2009-11-20,1091.38000488281
2009-11-23,1106.23999023438
2009-11-24,1105.65002441406
2009-11-25,1110.63000488281
2009-11-27,1091.48999023438
2009-11-30,1095.63000488281
2009-12-01,1108.85998535156
2009-12-02,1109.23999023438
2009-12-03,1099.92004394531
2009-12-04,1105.97998046875
2009-12-07,1103.25
2009-12-08,1091.93994140625
2009-12-09,1095.94995117188
2009-12-10,1102.34997558594
2009-12-11,1106.41003417969
2009-12-14,1114.10998535156
2009-12-15,1107.93005371094
2009-12-16,1109.18005371094
2009-12-17,1096.07995605469
2009-12-18,1102.46997070312
2009-12-21,1114.05004882812
2009-12-22,1118.02001953125
2009-12-23,1120.58996582031
2009-12-24,1126.47998046875
2009-12-28,1127.78002929688
2009-12-29,1126.19995117188
2009-12-30,1126.42004394531
2009-12-31,1115.09997558594
2010-01-04,1132.98999023438
2010-01-05,1136.52001953125
2010-01-06,1137.14001464844
2010-01-07,1141.68994140625
2010-01-08,1144.97998046875
2010-01-11,1146.97998046875
2010-01-12,1136.21997070312
2010-01-13,1145.68005371094
2010-01-14,1148.4599609375
2010-01-15,1136.03002929688
2010-01-19,1150.22998046875
2010-01-20,1138.0400390625
2010-01-21,1116.47998046875
2010-01-22,1091.76000976562
2010-01-25,1096.78002929688
2010-01-26,1092.17004394531
2010-01-27,1097.5
2010-01-28,1084.53002929688
2010-01-29,1073.86999511719
2010-02-01,1089.18994140625
2010-02-02,1103.31994628906
2010-02-03,1097.28002929688
2010-02-04,1063.10998535156
2010-02-05,1066.18994140625
2010-02-08,1056.73999023438
2010-02-09,1070.52001953125
2010-02-10,1068.13000488281
2010-02-11,1078.46997070312
2010-02-12,1075.51000976562
2010-02-16,1094.86999511719
2010-02-17,1099.51000976562
2010-02-18,1106.75
2010-02-19,1109.17004394531
2010-02-22,1108.01000976562
2010-02-23,1094.59997558594
2010-02-24,1105.23999023438
2010-02-25,1102.93994140625
2010-02-26,1104.48999023438
2010-03-01,1115.7099609375
2010-03-02,1118.31005859375
2010-03-03,1118.7900390625
2010-03-04,1122.96997070312
2010-03-05,1138.69995117188
2010-03-08,1138.5
2010-03-09,1140.44995117188
2010-03-10,1145.60998535156
2010-03-11,1150.23999023438
2010-03-12,1149.98999023438
2010-03-15,1150.51000976562
2010-03-16,1159.4599609375
2010-03-17,1166.2099609375
2010-03-18,1165.82995605469
2010-03-19,1159.90002441406
2010-03-22,1165.81005859375
2010-03-23,1174.17004394531
2010-03-24,1167.71997070312
2010-03-25,1165.72998046875
2010-03-26,1166.58996582031
2010-03-29,1173.21997070312
2010-03-30,1173.27001953125
2010-03-31,1169.43005371094
2010-04-01,1178.09997558594
2010-04-05,1187.43994140625
2010-04-06,1189.43994140625
2010-04-07,1182.44995117188
2010-04-08,1186.43994140625
2010-04-09,1194.36999511719
2010-04-12,1196.47998046875
2010-04-13,1197.30004882812
2010-04-14,1210.65002441406
2010-04-15,1211.67004394531
2010-04-16,1192.13000488281
2010-04-19,1197.52001953125
2010-04-20,1207.17004394531
2010-04-21,1205.93994140625
2010-04-22,1208.67004394531
2010-04-23,1217.28002929688
2010-04-26,1212.05004882812
2010-04-27,1183.7099609375
2010-04-28,1191.35998535156
2010-04-29,1206.78002929688
2010-04-30,1186.68994140625
2010-05-03,1202.26000976562
2010-05-04,1173.59997558594
2010-05-05,1165.86999511719
2010-05-06,1128.15002441406
2010-05-07,1110.88000488281
2010-05-10,1159.72998046875
2010-05-11,1155.7900390625
2010-05-12,1171.67004394531
2010-05-13,1157.43994140625
2010-05-14,1135.68005371094
2010-05-17,1136.93994140625
2010-05-18,1120.80004882812
2010-05-19,1115.05004882812
2010-05-20,1071.58996582031
2010-05-21,1087.68994140625
2010-05-24,1073.65002441406
2010-05-25,1074.03002929688
2010-05-26,1067.94995117188
2010-05-27,1103.06005859375
2010-05-28,1089.41003417969
2010-06-01,1070.7099609375
2010-06-02,1098.38000488281
2010-06-03,1102.82995605469
2010-06-04,1064.88000488281
2010-06-07,1050.46997070312
2010-06-08,1062
2010-06-09,1055.68994140625
2010-06-10,1086.83996582031
2010-06-11,1091.59997558594
2010-06-14,1089.63000488281
2010-06-15,1115.22998046875
2010-06-16,1114.60998535156
2010-06-17,1116.0400390625
2010-06-18,1117.51000976562
2010-06-21,1113.19995117188
2010-06-22,1095.31005859375
2010-06-23,1092.0400390625
2010-06-24,1073.68994140625
2010-06-25,1076.76000976562
2010-06-28,1074.56994628906
2010-06-29,1041.23999023438
2010-06-30,1030.7099609375
2010-07-01,1027.36999511719
2010-07-02,1022.58001708984
2010-07-06,1028.06005859375
2010-07-07,1060.27001953125
2010-07-08,1070.25
2010-07-09,1077.9599609375
2010-07-12,1078.75
2010-07-13,1095.33996582031
2010-07-14,1095.17004394531
2010-07-15,1096.47998046875
2010-07-16,1064.88000488281
2010-07-19,1071.25
2010-07-20,1083.47998046875
2010-07-21,1069.58996582031
2010-07-22,1093.67004394531
2010-07-23,1102.66003417969
2010-07-26,1115.01000976562
2010-07-27,1113.83996582031
2010-07-28,1106.13000488281
2010-07-29,1101.53002929688
2010-07-30,1101.59997558594
2010-08-02,1125.85998535156
2010-08-03,1120.4599609375
2010-08-04,1127.23999023438
2010-08-05,1125.81005859375
2010-08-06,1121.64001464844
2010-08-09,1127.7900390625
2010-08-10,1121.06005859375
2010-08-11,1089.46997070312
2010-08-12,1083.60998535156
2010-08-13,1079.25
2010-08-16,1079.38000488281
2010-08-17,1092.5400390625
2010-08-18,1094.16003417969
2010-08-19,1075.63000488281
2010-08-20,1071.68994140625
2010-08-23,1067.35998535156
2010-08-24,1051.86999511719
2010-08-25,1055.32995605469
2010-08-26,1047.21997070312
2010-08-27,1064.58996582031
2010-08-30,1048.92004394531
2010-08-31,1049.32995605469
2010-09-01,1080.2900390625
2010-09-02,1090.09997558594
2010-09-03,1104.51000976562
2010-09-07,1091.83996582031
2010-09-08,1098.86999511719
2010-09-09,1104.18005371094
2010-09-10,1109.55004882812
2010-09-13,1121.90002441406
2010-09-14,1121.09997558594
2010-09-15,1125.06994628906
2010-09-16,1124.66003417969
2010-09-17,1125.58996582031
2010-09-20,1142.7099609375
2010-09-21,1139.78002929688
2010-09-22,1134.28002929688
2010-09-23,1124.82995605469
2010-09-24,1148.67004394531
2010-09-27,1142.16003417969
2010-09-28,1147.69995117188
2010-09-29,1144.72998046875
2010-09-30,1141.19995117188
2010-10-01,1146.23999023438
2010-10-04,1137.03002929688
2010-10-05,1160.75
2010-10-06,1159.96997070312
2010-10-07,1158.06005859375
2010-10-08,1165.15002441406
2010-10-11,1165.31994628906
2010-10-12,1169.77001953125
2010-10-13,1178.09997558594
2010-10-14,1173.81005859375
2010-10-15,1176.18994140625
2010-10-18,1184.7099609375
2010-10-19,1165.90002441406
2010-10-20,1178.17004394531
2010-10-21,1180.26000976562
2010-10-22,1183.07995605469
2010-10-25,1185.61999511719
2010-10-26,1185.64001464844
2010-10-27,1182.44995117188
2010-10-28,1183.78002929688
2010-10-29,1183.26000976562
2010-11-01,1184.38000488281
2010-11-02,1193.56994628906
2010-11-03,1197.9599609375
2010-11-04,1221.06005859375
2010-11-05,1225.84997558594
2010-11-08,1223.25
2010-11-09,1213.40002441406
2010-11-10,1218.7099609375
2010-11-11,1213.5400390625
2010-11-12,1199.2099609375
2010-11-15,1197.75
2010-11-16,1178.33996582031
2010-11-17,1178.58996582031
2010-11-18,1196.68994140625
2010-11-19,1199.72998046875
2010-11-22,1197.83996582031
2010-11-23,1180.72998046875
2010-11-24,1198.34997558594
2010-11-26,1189.40002441406
2010-11-29,1187.76000976562
2010-11-30,1180.55004882812
2010-12-01,1206.06994628906
2010-12-02,1221.53002929688
2010-12-03,1224.7099609375
2010-12-06,1223.11999511719
2010-12-07,1223.75
2010-12-08,1228.28002929688
2010-12-09,1233
2010-12-10,1240.40002441406
2010-12-13,1240.4599609375
2010-12-14,1241.58996582031
2010-12-15,1235.22998046875
2010-12-16,1242.86999511719
2010-12-17,1243.91003417969
2010-12-20,1247.07995605469
2010-12-21,1254.59997558594
2010-12-22,1258.83996582031
2010-12-23,1256.77001953125
2010-12-27,1257.5400390625
2010-12-28,1258.51000976562
2010-12-29,1259.78002929688
2010-12-30,1257.88000488281
2010-12-31,1257.64001464844
2011-01-03,1271.86999511719
2011-01-04,1270.19995117188
2011-01-05,1276.56005859375
2011-01-06,1273.84997558594
2011-01-07,1271.5
2011-01-10,1269.75
2011-01-11,1274.47998046875
2011-01-12,1285.9599609375
2011-01-13,1283.76000976562
2011-01-14,1293.23999023438
2011-01-18,1295.02001953125
2011-01-19,1281.92004394531
2011-01-20,1280.26000976562
2011-01-21,1283.34997558594
2011-01-24,1290.83996582031
2011-01-25,1291.18005371094
2011-01-26,1296.63000488281
2011-01-27,1299.5400390625
2011-01-28,1276.33996582031
2011-01-31,1286.11999511719
2011-02-01,1307.58996582031
2011-02-02,1304.03002929688
2011-02-03,1307.09997558594
2011-02-04,1310.86999511719
2011-02-07,1319.05004882812
2011-02-08,1324.56994628906
2011-02-09,1320.88000488281
2011-02-10,1321.86999511719
2011-02-11,1329.15002441406
2011-02-14,1332.31994628906
2011-02-15,1328.01000976562
2011-02-16,1336.31994628906
2011-02-17,1340.43005371094
2011-02-18,1343.01000976562
2011-02-22,1315.43994140625
2011-02-23,1307.40002441406
2011-02-24,1306.09997558594
2011-02-25,1319.88000488281
2011-02-28,1327.21997070312
2011-03-01,1306.32995605469
2011-03-02,1308.43994140625
2011-03-03,1330.96997070312
2011-03-04,1321.15002441406
2011-03-07,1310.13000488281
2011-03-08,1321.81994628906
2011-03-09,1320.02001953125
2011-03-10,1295.10998535156
2011-03-11,1304.28002929688
2011-03-14,1296.39001464844
2011-03-15,1281.86999511719
2011-03-16,1256.88000488281
2011-03-17,1273.71997070312
2011-03-18,1279.2099609375
2011-03-21,1298.38000488281
2011-03-22,1293.77001953125
2011-03-23,1297.5400390625
2011-03-24,1309.66003417969
2011-03-25,1313.80004882812
2011-03-28,1310.18994140625
2011-03-29,1319.43994140625
2011-03-30,1328.26000976562
2011-03-31,1325.82995605469
2011-04-01,1332.41003417969
2011-04-04,1332.86999511719
2011-04-05,1332.63000488281
2011-04-06,1335.5400390625
2011-04-07,1333.51000976562
2011-04-08,1328.17004394531
2011-04-11,1324.4599609375
2011-04-12,1314.16003417969
2011-04-13,1314.41003417969
2011-04-14,1314.52001953125
2011-04-15,1319.68005371094
2011-04-18,1305.14001464844
2011-04-19,1312.61999511719
2011-04-20,1330.35998535156
2011-04-21,1337.38000488281
2011-04-25,1335.25
2011-04-26,1347.23999023438
2011-04-27,1355.66003417969
2011-04-28,1360.47998046875
2011-04-29,1363.60998535156
2011-05-02,1361.21997070312
2011-05-03,1356.61999511719
2011-05-04,1347.31994628906
2011-05-05,1335.09997558594
2011-05-06,1340.19995117188
2011-05-09,1346.2900390625
2011-05-10,1357.16003417969
2011-05-11,1342.07995605469
2011-05-12,1348.65002441406
2011-05-13,1337.77001953125
2011-05-16,1329.46997070312
2011-05-17,1328.97998046875
2011-05-18,1340.68005371094
2011-05-19,1343.59997558594
2011-05-20,1333.27001953125
2011-05-23,1317.36999511719
2011-05-24,1316.28002929688
2011-05-25,1320.46997070312
2011-05-26,1325.68994140625
2011-05-27,1331.09997558594
2011-05-31,1345.19995117188
2011-06-01,1314.55004882812
2011-06-02,1312.93994140625
2011-06-03,1300.16003417969
2011-06-06,1286.17004394531
2011-06-07,1284.93994140625
2011-06-08,1279.56005859375
2011-06-09,1289
2011-06-10,1270.97998046875
2011-06-13,1271.82995605469
2011-06-14,1287.86999511719
2011-06-15,1265.42004394531
2011-06-16,1267.64001464844
2011-06-17,1271.5
2011-06-20,1278.35998535156
2011-06-21,1295.52001953125
2011-06-22,1287.14001464844
2011-06-23,1283.5
2011-06-24,1268.44995117188
2011-06-27,1280.09997558594
2011-06-28,1296.67004394531
2011-06-29,1307.41003417969
2011-06-30,1320.64001464844
2011-07-01,1339.67004394531
2011-07-05,1337.88000488281
2011-07-06,1339.21997070312
2011-07-07,1353.21997070312
2011-07-08,1343.80004882812
2011-07-11,1319.48999023438
2011-07-12,1313.64001464844
2011-07-13,1317.71997070312
2011-07-14,1308.86999511719
2011-07-15,1316.14001464844
2011-07-18,1305.43994140625
2011-07-19,1326.72998046875
2011-07-20,1325.83996582031
2011-07-21,1343.80004882812
2011-07-22,1345.02001953125
2011-07-25,1337.43005371094
2011-07-26,1331.93994140625
2011-07-27,1304.89001464844
2011-07-28,1300.67004394531
2011-07-29,1292.28002929688
2011-08-01,1286.93994140625
2011-08-02,1254.05004882812
2011-08-03,1260.33996582031
2011-08-04,1200.06994628906
2011-08-05,1199.38000488281
2011-08-08,1119.4599609375
2011-08-09,1172.53002929688
2011-08-10,1120.76000976562
2011-08-11,1172.64001464844
2011-08-12,1178.81005859375
2011-08-15,1204.48999023438
2011-08-16,1192.76000976562
2011-08-17,1193.89001464844
2011-08-18,1140.65002441406
2011-08-19,1123.53002929688
2011-08-22,1123.81994628906
2011-08-23,1162.34997558594
2011-08-24,1177.59997558594
2011-08-25,1159.27001953125
2011-08-26,1176.80004882812
2011-08-29,1210.07995605469
2011-08-30,1212.92004394531
2011-08-31,1218.89001464844
2011-09-01,1204.42004394531
2011-09-02,1173.96997070312
2011-09-06,1165.23999023438
2011-09-07,1198.61999511719
2011-09-08,1185.90002441406
2011-09-09,1154.22998046875
2011-09-12,1162.27001953125
2011-09-13,1172.86999511719
2011-09-14,1188.68005371094
2011-09-15,1209.10998535156
2011-09-16,1216.01000976562
2011-09-19,1204.08996582031
2011-09-20,1202.08996582031
2011-09-21,1166.76000976562
2011-09-22,1129.56005859375
2011-09-23,1136.43005371094
2011-09-26,1162.94995117188
2011-09-27,1175.38000488281
2011-09-28,1151.06005859375
2011-09-29,1160.40002441406
2011-09-30,1131.42004394531
2011-10-03,1099.22998046875
2011-10-04,1123.94995117188
2011-10-05,1144.03002929688
2011-10-06,1164.96997070312
2011-10-07,1155.4599609375
2011-10-10,1194.89001464844
2011-10-11,1195.5400390625
2011-10-12,1207.25
2011-10-13,1203.66003417969
2011-10-14,1224.57995605469
2011-10-17,1200.85998535156
2011-10-18,1225.38000488281
2011-10-19,1209.88000488281
2011-10-20,1215.39001464844
2011-10-21,1238.25
2011-10-24,1254.18994140625
2011-10-25,1229.05004882812
2011-10-26,1242
2011-10-27,1284.58996582031
2011-10-28,1285.08996582031
2011-10-31,1253.30004882812
2011-11-01,1218.28002929688
2011-11-02,1237.90002441406
2011-11-03,1261.15002441406
2011-11-04,1253.22998046875
2011-11-07,1261.11999511719
2011-11-08,1275.92004394531
2011-11-09,1229.09997558594
2011-11-10,1239.69995117188
2011-11-11,1263.84997558594
2011-11-14,1251.78002929688
2011-11-15,1257.81005859375
2011-11-16,1236.91003417969
2011-11-17,1216.13000488281
2011-11-18,1215.65002441406
2011-11-21,1192.97998046875
2011-11-22,1188.0400390625
2011-11-23,1161.7900390625
2011-11-25,1158.67004394531
2011-11-28,1192.55004882812
2011-11-29,1195.18994140625
2011-11-30,1246.9599609375
2011-12-01,1244.57995605469
2011-12-02,1244.28002929688
2011-12-05,1257.07995605469
2011-12-06,1258.46997070312
2011-12-07,1261.01000976562
2011-12-08,1234.34997558594
2011-12-09,1255.18994140625
2011-12-12,1236.46997070312
2011-12-13,1225.72998046875
2011-12-14,1211.81994628906
2011-12-15,1215.75
2011-12-16,1219.66003417969
2011-12-19,1205.34997558594
2011-12-20,1241.30004882812
2011-12-21,1243.71997070312
2011-12-22,1254
2011-12-23,1265.32995605469
2011-12-27,1265.43005371094
2011-12-28,1249.64001464844
2011-12-29,1263.02001953125
2011-12-30,1257.59997558594
2012-01-03,1277.06005859375
2012-01-04,1277.30004882812
2012-01-05,1281.06005859375
2012-01-06,1277.81005859375
2012-01-09,1280.69995117188
2012-01-10,1292.07995605469
2012-01-11,1292.47998046875
2012-01-12,1295.5
2012-01-13,1289.08996582031
2012-01-17,1293.67004394531
2012-01-18,1308.0400390625
2012-01-19,1314.5
2012-01-20,1315.38000488281
2012-01-23,1316
2012-01-24,1314.65002441406
2012-01-25,1326.06005859375
2012-01-26,1318.43005371094
2012-01-27,1316.32995605469
2012-01-30,1313.01000976562
2012-01-31,1312.41003417969
2012-02-01,1324.08996582031
2012-02-02,1325.5400390625
2012-02-03,1344.90002441406
2012-02-06,1344.32995605469
2012-02-07,1347.05004882812
2012-02-08,1349.9599609375
2012-02-09,1351.94995117188
2012-02-10,1342.64001464844
2012-02-13,1351.77001953125
2012-02-14,1350.5
2012-02-15,1343.22998046875
2012-02-16,1358.0400390625
2012-02-17,1361.22998046875
2012-02-21,1362.2099609375
2012-02-22,1357.66003417969
2012-02-23,1363.4599609375
2012-02-24,1365.73999023438
2012-02-27,1367.58996582031
2012-02-28,1372.18005371094
2012-02-29,1365.68005371094
2012-03-01,1374.08996582031
2012-03-02,1369.63000488281
2012-03-05,1364.32995605469
2012-03-06,1343.35998535156
2012-03-07,1352.63000488281
2012-03-08,1365.91003417969
2012-03-09,1370.86999511719
2012-03-12,1371.08996582031
2012-03-13,1395.94995117188
2012-03-14,1394.28002929688
2012-03-15,1402.59997558594
2012-03-16,1404.17004394531
2012-03-19,1409.75
2012-03-20,1405.52001953125
2012-03-21,1402.89001464844
2012-03-22,1392.78002929688
2012-03-23,1397.10998535156
2012-03-26,1416.51000976562
2012-03-27,1412.52001953125
2012-03-28,1405.5400390625
2012-03-29,1403.28002929688
2012-03-30,1408.46997070312
2012-04-02,1419.0400390625
2012-04-03,1413.38000488281
2012-04-04,1398.9599609375
2012-04-05,1398.07995605469
2012-04-09,1382.19995117188
2012-04-10,1358.58996582031
2012-04-11,1368.7099609375
2012-04-12,1387.56994628906
2012-04-13,1370.26000976562
2012-04-16,1369.56994628906
2012-04-17,1390.78002929688
2012-04-18,1385.14001464844
2012-04-19,1376.92004394531
2012-04-20,1378.53002929688
2012-04-23,1366.93994140625
2012-04-24,1371.96997070312
2012-04-25,1390.68994140625
2012-04-26,1399.97998046875
2012-04-27,1403.35998535156
2012-04-30,1397.91003417969
2012-05-01,1405.81994628906
2012-05-02,1402.31005859375
2012-05-03,1391.56994628906
2012-05-04,1369.09997558594
2012-05-07,1369.57995605469
2012-05-08,1363.71997070312
2012-05-09,1354.57995605469
2012-05-10,1357.98999023438
2012-05-11,1353.39001464844
2012-05-14,1338.34997558594
2012-05-15,1330.66003417969
2012-05-16,1324.80004882812
2012-05-17,1304.85998535156
2012-05-18,1295.21997070312
2012-05-21,1315.98999023438
2012-05-22,1316.63000488281
2012-05-23,1318.85998535156
2012-05-24,1320.68005371094
2012-05-25,1317.81994628906
2012-05-29,1332.42004394531
2012-05-30,1313.31994628906
2012-05-31,1310.32995605469
2012-06-01,1278.0400390625
2012-06-04,1278.18005371094
2012-06-05,1285.5
2012-06-06,1315.13000488281
2012-06-07,1314.98999023438
2012-06-08,1325.66003417969
2012-06-11,1308.93005371094
2012-06-12,1324.18005371094
2012-06-13,1314.88000488281
2012-06-14,1329.09997558594
2012-06-15,1342.83996582031
2012-06-18,1344.78002929688
2012-06-19,1357.97998046875
2012-06-20,1355.68994140625
2012-06-21,1325.51000976562
2012-06-22,1335.02001953125
2012-06-25,1313.71997070312
2012-06-26,1319.98999023438
2012-06-27,1331.84997558594
2012-06-28,1329.0400390625
2012-06-29,1362.16003417969
2012-07-02,1365.51000976562
2012-07-03,1374.02001953125
2012-07-05,1367.57995605469
2012-07-06,1354.68005371094
2012-07-09,1352.4599609375
2012-07-10,1341.46997070312
2012-07-11,1341.44995117188
2012-07-12,1334.76000976562
2012-07-13,1356.78002929688
2012-07-16,1353.64001464844
2012-07-17,1363.67004394531
2012-07-18,1372.78002929688
2012-07-19,1376.51000976562
2012-07-20,1362.66003417969
2012-07-23,1350.52001953125
2012-07-24,1338.31005859375
2012-07-25,1337.89001464844
2012-07-26,1360.02001953125
2012-07-27,1385.96997070312
2012-07-30,1385.30004882812
2012-07-31,1379.31994628906
2012-08-01,1375.31994628906
2012-08-02,1365
2012-08-03,1390.98999023438
2012-08-06,1394.22998046875
2012-08-07,1401.34997558594
2012-08-08,1402.21997070312
2012-08-09,1402.80004882812
2012-08-10,1405.86999511719
2012-08-13,1404.10998535156
2012-08-14,1403.93005371094
2012-08-15,1405.53002929688
2012-08-16,1415.51000976562
2012-08-17,1418.16003417969
2012-08-20,1418.13000488281
2012-08-21,1413.17004394531
2012-08-22,1413.48999023438
2012-08-23,1402.07995605469
2012-08-24,1411.13000488281
2012-08-27,1410.43994140625
2012-08-28,1409.30004882812
2012-08-29,1410.48999023438
2012-08-30,1399.47998046875
2012-08-31,1406.57995605469
2012-09-04,1404.93994140625
2012-09-05,1403.43994140625
2012-09-06,1432.11999511719
2012-09-07,1437.92004394531
2012-09-10,1429.07995605469
2012-09-11,1433.56005859375
2012-09-12,1436.56005859375
2012-09-13,1459.98999023438
2012-09-14,1465.77001953125
2012-09-17,1461.18994140625
2012-09-18,1459.31994628906
2012-09-19,1461.05004882812
2012-09-20,1460.26000976562
2012-09-21,1460.15002441406
2012-09-24,1456.89001464844
2012-09-25,1441.58996582031
2012-09-26,1433.31994628906
2012-09-27,1447.15002441406
2012-09-28,1440.67004394531
2012-10-01,1444.48999023438
2012-10-02,1445.75
2012-10-03,1450.98999023438
2012-10-04,1461.40002441406
2012-10-05,1460.93005371094
2012-10-08,1455.88000488281
2012-10-09,1441.47998046875
2012-10-10,1432.56005859375
2012-10-11,1432.83996582031
2012-10-12,1428.58996582031
2012-10-15,1440.13000488281
2012-10-16,1454.92004394531
2012-10-17,1460.91003417969
2012-10-18,1457.33996582031
2012-10-19,1433.18994140625
2012-10-22,1433.81994628906
2012-10-23,1413.10998535156
2012-10-24,1408.75
2012-10-25,1412.96997070312
2012-10-26,1411.93994140625
2012-10-31,1412.16003417969
2012-11-01,1427.58996582031
2012-11-02,1414.19995117188
2012-11-05,1417.26000976562
2012-11-06,1428.39001464844
2012-11-07,1394.53002929688
2012-11-08,1377.51000976562
2012-11-09,1379.84997558594
2012-11-12,1380.03002929688
2012-11-13,1374.53002929688
2012-11-14,1355.48999023438
2012-11-15,1353.32995605469
2012-11-16,1359.88000488281
2012-11-19,1386.89001464844
2012-11-20,1387.81005859375
2012-11-21,1391.03002929688
2012-11-23,1409.15002441406
2012-11-26,1406.2900390625
2012-11-27,1398.93994140625
2012-11-28,1409.93005371094
2012-11-29,1415.94995117188
2012-11-30,1416.18005371094
2012-12-03,1409.4599609375
2012-12-04,1407.05004882812
2012-12-05,1409.28002929688
2012-12-06,1413.93994140625
2012-12-07,1418.06994628906
2012-12-10,1418.55004882812
2012-12-11,1427.83996582031
2012-12-12,1428.47998046875
2012-12-13,1419.44995117188
2012-12-14,1413.57995605469
2012-12-17,1430.35998535156
2012-12-18,1446.7900390625
2012-12-19,1435.81005859375
2012-12-20,1443.68994140625
2012-12-21,1430.15002441406
2012-12-24,1426.66003417969
2012-12-26,1419.82995605469
2012-12-27,1418.09997558594
2012-12-28,1402.43005371094
2012-12-31,1426.18994140625
2013-01-02,1462.42004394531
2013-01-03,1459.36999511719
2013-01-04,1466.46997070312
2013-01-07,1461.89001464844
2013-01-08,1457.15002441406
2013-01-09,1461.02001953125
2013-01-10,1472.11999511719
2013-01-11,1472.05004882812
2013-01-14,1470.68005371094
2013-01-15,1472.33996582031
2013-01-16,1472.63000488281
2013-01-17,1480.93994140625
2013-01-18,1485.97998046875
2013-01-22,1492.56005859375
2013-01-23,1494.81005859375
2013-01-24,1494.81994628906
2013-01-25,1502.9599609375
2013-01-28,1500.18005371094
2013-01-29,1507.83996582031
2013-01-30,1501.9599609375
2013-01-31,1498.10998535156
2013-02-01,1513.17004394531
2013-02-04,1495.7099609375
2013-02-05,1511.2900390625
2013-02-06,1512.11999511719
2013-02-07,1509.39001464844
2013-02-08,1517.93005371094
2013-02-11,1517.01000976562
2013-02-12,1519.43005371094
2013-02-13,1520.32995605469
2013-02-14,1521.38000488281
2013-02-15,1519.7900390625
2013-02-19,1530.93994140625
2013-02-20,1511.94995117188
2013-02-21,1502.42004394531
2013-02-22,1515.59997558594
2013-02-25,1487.84997558594
2013-02-26,1496.93994140625
2013-02-27,1515.98999023438
2013-02-28,1514.68005371094
2013-03-01,1518.19995117188
2013-03-04,1525.19995117188
2013-03-05,1539.7900390625
2013-03-06,1541.4599609375
2013-03-07,1544.26000976562
2013-03-08,1551.18005371094
2013-03-11,1556.21997070312
2013-03-12,1552.47998046875
2013-03-13,1554.52001953125
2013-03-14,1563.22998046875
2013-03-15,1560.69995117188
2013-03-18,1552.09997558594
2013-03-19,1548.33996582031
2013-03-20,1558.7099609375
2013-03-21,1545.80004882812
2013-03-22,1556.89001464844
2013-03-25,1551.68994140625
2013-03-26,1563.77001953125
2013-03-27,1562.84997558594
2013-03-28,1569.18994140625
2013-04-01,1562.17004394531
2013-04-02,1570.25
2013-04-03,1553.68994140625
2013-04-04,1559.97998046875
2013-04-05,1553.28002929688
2013-04-08,1563.06994628906
2013-04-09,1568.60998535156
2013-04-10,1587.72998046875
2013-04-11,1593.36999511719
2013-04-12,1588.84997558594
2013-04-15,1552.35998535156
2013-04-16,1574.56994628906
2013-04-17,1552.01000976562
2013-04-18,1541.60998535156
2013-04-19,1555.25
2013-04-22,1562.5
2013-04-23,1578.78002929688
2013-04-24,1578.7900390625
2013-04-25,1585.16003417969
2013-04-26,1582.23999023438
2013-04-29,1593.60998535156
2013-04-30,1597.56994628906
2013-05-01,1582.69995117188
2013-05-02,1597.58996582031
2013-05-03,1614.42004394531
2013-05-06,1617.5
2013-05-07,1625.9599609375
2013-05-08,1632.68994140625
2013-05-09,1626.67004394531
2013-05-10,1633.69995117188
2013-05-13,1633.77001953125
2013-05-14,1650.33996582031
2013-05-15,1658.78002929688
2013-05-16,1650.46997070312
2013-05-17,1667.46997070312
2013-05-20,1666.2900390625
2013-05-21,1669.16003417969
2013-05-22,1655.34997558594
2013-05-23,1650.51000976562
2013-05-24,1649.59997558594
2013-05-28,1660.06005859375
2013-05-29,1648.35998535156
2013-05-30,1654.41003417969
2013-05-31,1630.73999023438
2013-06-03,1640.42004394531
2013-06-04,1631.38000488281
2013-06-05,1608.90002441406
2013-06-06,1622.56005859375
2013-06-07,1643.38000488281
2013-06-10,1642.81005859375
2013-06-11,1626.13000488281
2013-06-12,1612.52001953125
2013-06-13,1636.35998535156
2013-06-14,1626.72998046875
2013-06-17,1639.0400390625
2013-06-18,1651.81005859375
2013-06-19,1628.93005371094
2013-06-20,1588.18994140625
2013-06-21,1592.43005371094
2013-06-24,1573.08996582031
2013-06-25,1588.03002929688
2013-06-26,1603.26000976562
2013-06-27,1613.19995117188
2013-06-28,1606.28002929688
2013-07-01,1614.9599609375
2013-07-02,1614.07995605469
2013-07-03,1615.41003417969
2013-07-05,1631.89001464844
2013-07-08,1640.4599609375
2013-07-09,1652.31994628906
2013-07-10,1652.61999511719
2013-07-11,1675.02001953125
2013-07-12,1680.18994140625
2013-07-15,1682.5
2013-07-16,1676.26000976562
2013-07-17,1680.91003417969
2013-07-18,1689.36999511719
2013-07-19,1692.08996582031
2013-07-22,1695.53002929688
2013-07-23,1692.39001464844
2013-07-24,1685.93994140625
2013-07-25,1690.25
2013-07-26,1691.65002441406
2013-07-29,1685.32995605469
2013-07-30,1685.9599609375
2013-07-31,1685.72998046875
2013-08-01,1706.86999511719
2013-08-02,1709.67004394531
2013-08-05,1707.14001464844
2013-08-06,1697.36999511719
2013-08-07,1690.91003417969
2013-08-08,1697.47998046875
2013-08-09,1691.42004394531
2013-08-12,1689.46997070312
2013-08-13,1694.16003417969
2013-08-14,1685.39001464844
2013-08-15,1661.31994628906
2013-08-16,1655.82995605469
2013-08-19,1646.06005859375
2013-08-20,1652.34997558594
2013-08-21,1642.80004882812
2013-08-22,1656.9599609375
2013-08-23,1663.5
2013-08-26,1656.78002929688
2013-08-27,1630.47998046875
2013-08-28,1634.9599609375
2013-08-29,1638.17004394531
2013-08-30,1632.96997070312
2013-09-03,1639.77001953125
2013-09-04,1653.07995605469
2013-09-05,1655.07995605469
2013-09-06,1655.17004394531
2013-09-09,1671.7099609375
2013-09-10,1683.98999023438
2013-09-11,1689.13000488281
2013-09-12,1683.42004394531
2013-09-13,1687.98999023438
2013-09-16,1697.59997558594
2013-09-17,1704.76000976562
2013-09-18,1725.52001953125
2013-09-19,1722.33996582031
2013-09-20,1709.91003417969
2013-09-23,1701.83996582031
2013-09-24,1697.42004394531
2013-09-25,1692.77001953125
2013-09-26,1698.67004394531
2013-09-27,1691.75
2013-09-30,1681.55004882812
2013-10-01,1695
2013-10-02,1693.86999511719
2013-10-03,1678.66003417969
2013-10-04,1690.5
2013-10-07,1676.11999511719
2013-10-08,1655.44995117188
2013-10-09,1656.40002441406
2013-10-10,1692.56005859375
2013-10-11,1703.19995117188
2013-10-14,1710.14001464844
2013-10-15,1698.06005859375
2013-10-16,1721.5400390625
2013-10-17,1733.15002441406
2013-10-18,1744.5
2013-10-21,1744.66003417969
2013-10-22,1754.67004394531
2013-10-23,1746.38000488281
2013-10-24,1752.06994628906
2013-10-25,1759.77001953125
2013-10-28,1762.10998535156
2013-10-29,1771.94995117188
2013-10-30,1763.31005859375
2013-10-31,1756.5400390625
2013-11-01,1761.64001464844
2013-11-04,1767.93005371094
2013-11-05,1762.96997070312
2013-11-06,1770.48999023438
2013-11-07,1747.15002441406
2013-11-08,1770.60998535156
2013-11-11,1771.89001464844
2013-11-12,1767.68994140625
2013-11-13,1782
2013-11-14,1790.61999511719
2013-11-15,1798.18005371094
2013-11-18,1791.53002929688
2013-11-19,1787.86999511719
2013-11-20,1781.36999511719
2013-11-21,1795.84997558594
2013-11-22,1804.76000976562
2013-11-25,1802.47998046875
2013-11-26,1802.75
2013-11-27,1807.22998046875
2013-11-29,1805.81005859375
2013-12-02,1800.90002441406
2013-12-03,1795.15002441406
2013-12-04,1792.81005859375
2013-12-05,1785.03002929688
2013-12-06,1805.08996582031
2013-12-09,1808.36999511719
2013-12-10,1802.61999511719
2013-12-11,1782.21997070312
2013-12-12,1775.5
2013-12-13,1775.31994628906
2013-12-16,1786.5400390625
2013-12-17,1781
2013-12-18,1810.65002441406
2013-12-19,1809.59997558594
2013-12-20,1818.31994628906
2013-12-23,1827.98999023438
2013-12-24,1833.31994628906
2013-12-26,1842.02001953125
2013-12-27,1841.40002441406
2013-12-30,1841.06994628906
2013-12-31,1848.35998535156
2014-01-02,1831.97998046875
2014-01-03,1831.36999511719
2014-01-06,1826.77001953125
2014-01-07,1837.88000488281
2014-01-08,1837.48999023438
2014-01-09,1838.13000488281
2014-01-10,1842.36999511719
2014-01-13,1819.19995117188
2014-01-14,1838.88000488281
2014-01-15,1848.38000488281
2014-01-16,1845.89001464844
2014-01-17,1838.69995117188
2014-01-21,1843.80004882812
2014-01-22,1844.85998535156
2014-01-23,1828.4599609375
2014-01-24,1790.2900390625
2014-01-27,1781.56005859375
2014-01-28,1792.5
2014-01-29,1774.19995117188
2014-01-30,1794.18994140625
2014-01-31,1782.58996582031
2014-02-03,1741.89001464844
2014-02-04,1755.19995117188
2014-02-05,1751.64001464844
2014-02-06,1773.43005371094
2014-02-07,1797.02001953125
2014-02-10,1799.83996582031
2014-02-11,1819.75
2014-02-12,1819.26000976562
2014-02-13,1829.82995605469
2014-02-14,1838.63000488281
2014-02-18,1840.76000976562
2014-02-19,1828.75
2014-02-20,1839.78002929688
2014-02-21,1836.25
2014-02-24,1847.60998535156
2014-02-25,1845.11999511719
2014-02-26,1845.16003417969
2014-02-27,1854.2900390625
2014-02-28,1859.44995117188
2014-03-03,1845.72998046875
2014-03-04,1873.91003417969
2014-03-05,1873.81005859375
2014-03-06,1877.03002929688
2014-03-07,1878.0400390625
2014-03-10,1877.17004394531
2014-03-11,1867.63000488281
2014-03-12,1868.19995117188
2014-03-13,1846.33996582031
2014-03-14,1841.13000488281
2014-03-17,1858.82995605469
2014-03-18,1872.25
2014-03-19,1860.77001953125
2014-03-20,1872.01000976562
2014-03-21,1866.52001953125
2014-03-24,1857.43994140625
2014-03-25,1865.61999511719
2014-03-26,1852.56005859375
2014-03-27,1849.0400390625
2014-03-28,1857.61999511719
2014-03-31,1872.33996582031
2014-04-01,1885.52001953125
2014-04-02,1890.90002441406
2014-04-03,1888.77001953125
2014-04-04,1865.08996582031
2014-04-07,1845.0400390625
2014-04-08,1851.9599609375
2014-04-09,1872.18005371094
2014-04-10,1833.07995605469
2014-04-11,1815.68994140625
2014-04-14,1830.60998535156
2014-04-15,1842.97998046875
2014-04-16,1862.31005859375
2014-04-17,1864.84997558594
2014-04-21,1871.89001464844
2014-04-22,1879.55004882812
2014-04-23,1875.39001464844
2014-04-24,1878.60998535156
2014-04-25,1863.40002441406
2014-04-28,1869.43005371094
2014-04-29,1878.32995605469
2014-04-30,1883.94995117188
2014-05-01,1883.68005371094
2014-05-02,1881.14001464844
2014-05-05,1884.66003417969
2014-05-06,1867.71997070312
2014-05-07,1878.2099609375
2014-05-08,1875.63000488281
2014-05-09,1878.47998046875
2014-05-12,1896.65002441406
2014-05-13,1897.44995117188
2014-05-14,1888.53002929688
2014-05-15,1870.84997558594
2014-05-16,1877.85998535156
2014-05-19,1885.07995605469
2014-05-20,1872.82995605469
2014-05-21,1888.03002929688
2014-05-22,1892.48999023438
2014-05-23,1900.53002929688
2014-05-27,1911.91003417969
2014-05-28,1909.78002929688
2014-05-29,1920.03002929688
2014-05-30,1923.56994628906
2014-06-02,1924.96997070312
2014-06-03,1924.23999023438
2014-06-04,1927.88000488281
2014-06-05,1940.4599609375
2014-06-06,1949.43994140625
2014-06-09,1951.27001953125
2014-06-10,1950.7900390625
2014-06-11,1943.89001464844
2014-06-12,1930.10998535156
2014-06-13,1936.16003417969
2014-06-16,1937.78002929688
2014-06-17,1941.98999023438
2014-06-18,1956.97998046875
2014-06-19,1959.47998046875
2014-06-20,1962.86999511719
2014-06-23,1962.60998535156
2014-06-24,1949.97998046875
2014-06-25,1959.53002929688
2014-06-26,1957.21997070312
2014-06-27,1960.9599609375
2014-06-30,1960.22998046875
2014-07-01,1973.31994628906
2014-07-02,1974.61999511719
2014-07-03,1985.43994140625
2014-07-07,1977.65002441406
2014-07-08,1963.7099609375
2014-07-09,1972.82995605469
2014-07-10,1964.68005371094
2014-07-11,1967.56994628906
2014-07-14,1977.09997558594
2014-07-15,1973.28002929688
2014-07-16,1981.56994628906
2014-07-17,1958.11999511719
2014-07-18,1978.21997070312
2014-07-21,1973.63000488281
2014-07-22,1983.53002929688
2014-07-23,1987.01000976562
2014-07-24,1987.97998046875
2014-07-25,1978.33996582031
2014-07-28,1978.91003417969
2014-07-29,1969.94995117188
2014-07-30,1970.06994628906
2014-07-31,1930.67004394531
2014-08-01,1925.15002441406
2014-08-04,1938.98999023438
2014-08-05,1920.2099609375
2014-08-06,1920.23999023438
2014-08-07,1909.56994628906
2014-08-08,1931.58996582031
2014-08-11,1936.92004394531
2014-08-12,1933.75
2014-08-13,1946.71997070312
2014-08-14,1955.18005371094
2014-08-15,1955.06005859375
2014-08-18,1971.73999023438
2014-08-19,1981.59997558594
2014-08-20,1986.51000976562
2014-08-21,1992.36999511719
2014-08-22,1988.40002441406
2014-08-25,1997.92004394531
2014-08-26,2000.02001953125
2014-08-27,2000.11999511719
2014-08-28,1996.73999023438
2014-08-29,2003.36999511719
2014-09-02,2002.28002929688
2014-09-03,2000.71997070312
2014-09-04,1997.65002441406
2014-09-05,2007.7099609375
2014-09-08,2001.5400390625
2014-09-09,1988.43994140625
2014-09-10,1995.68994140625
2014-09-11,1997.44995117188
2014-09-12,1985.5400390625
2014-09-15,1984.13000488281
2014-09-16,1998.97998046875
2014-09-17,2001.56994628906
2014-09-18,2011.35998535156
2014-09-19,2010.40002441406
2014-09-22,1994.2900390625
2014-09-23,1982.77001953125
2014-09-24,1998.30004882812
2014-09-25,1965.98999023438
2014-09-26,1982.84997558594
2014-09-29,1977.80004882812
2014-09-30,1972.2900390625
2014-10-01,1946.16003417969
2014-10-02,1946.17004394531
2014-10-03,1967.90002441406
2014-10-06,1964.81994628906
2014-10-07,1935.09997558594
2014-10-08,1968.89001464844
2014-10-09,1928.2099609375
2014-10-10,1906.13000488281
2014-10-13,1874.73999023438
2014-10-14,1877.69995117188
2014-10-15,1862.48999023438
2014-10-16,1862.76000976562
2014-10-17,1886.76000976562
2014-10-20,1904.01000976562
2014-10-21,1941.28002929688
2014-10-22,1927.10998535156
2014-10-23,1950.81994628906
2014-10-24,1964.57995605469
2014-10-27,1961.63000488281
2014-10-28,1985.05004882812
2014-10-29,1982.30004882812
2014-10-30,1994.65002441406
2014-10-31,2018.05004882812
2014-11-03,2017.81005859375
2014-11-04,2012.09997558594
2014-11-05,2023.56994628906
2014-11-06,2031.2099609375
2014-11-07,2031.92004394531
2014-11-10,2038.26000976562
2014-11-11,2039.68005371094
2014-11-12,2038.25
2014-11-13,2039.32995605469
2014-11-14,2039.81994628906
2014-11-17,2041.31994628906
2014-11-18,2051.80004882812
2014-11-19,2048.71997070312
2014-11-20,2052.75
2014-11-21,2063.5
2014-11-24,2069.40991210938
2014-11-25,2067.03002929688
2014-11-26,2072.830078125
2014-11-28,2067.56005859375
2014-12-01,2053.43994140625
2014-12-02,2066.55004882812
2014-12-03,2074.330078125
2014-12-04,2071.919921875
2014-12-05,2075.3701171875
2014-12-08,2060.31005859375
2014-12-09,2059.82006835938
2014-12-10,2026.14001464844
2014-12-11,2035.32995605469
2014-12-12,2002.32995605469
2014-12-15,1989.63000488281
2014-12-16,1972.73999023438
2014-12-17,2012.89001464844
2014-12-18,2061.22998046875
2014-12-19,2070.64990234375
2014-12-22,2078.5400390625
2014-12-23,2082.169921875
2014-12-24,2081.8798828125
2014-12-26,2088.77001953125
2014-12-29,2090.57006835938
2014-12-30,2080.35009765625
2014-12-31,2058.89990234375
2015-01-02,2058.19995117188
2015-01-05,2020.57995605469
2015-01-06,2002.60998535156
2015-01-07,2025.90002441406
2015-01-08,2062.13989257812
2015-01-09,2044.81005859375
2015-01-12,2028.26000976562
2015-01-13,2023.03002929688
2015-01-14,2011.27001953125
2015-01-15,1992.67004394531
2015-01-16,2019.42004394531
2015-01-20,2022.55004882812
2015-01-21,2032.11999511719
2015-01-22,2063.14990234375
2015-01-23,2051.82006835938
2015-01-26,2057.09008789062
2015-01-27,2029.55004882812
2015-01-28,2002.16003417969
2015-01-29,2021.25
2015-01-30,1994.98999023438
2015-02-02,2020.84997558594
2015-02-03,2050.03002929688
2015-02-04,2041.51000976562
2015-02-05,2062.52001953125
2015-02-06,2055.46997070312
2015-02-09,2046.73999023438
2015-02-10,2068.59008789062
2015-02-11,2068.53002929688
2015-02-12,2088.47998046875
2015-02-13,2096.98999023438
2015-02-17,2100.34008789062
2015-02-18,2099.67993164062
2015-02-19,2097.44995117188
2015-02-20,2110.30004882812
2015-02-23,2109.65991210938
2015-02-24,2115.47998046875
2015-02-25,2113.86010742188
2015-02-26,2110.73999023438
2015-02-27,2104.5
2015-03-02,2117.38989257812
2015-03-03,2107.78002929688
2015-03-04,2098.53002929688
2015-03-05,2101.0400390625
2015-03-06,2071.26000976562
2015-03-09,2079.42993164062
2015-03-10,2044.16003417969
2015-03-11,2040.23999023438
2015-03-12,2065.94995117188
2015-03-13,2053.39990234375
2015-03-16,2081.18994140625
2015-03-17,2074.28002929688
2015-03-18,2099.5
2015-03-19,2089.27001953125
2015-03-20,2108.10009765625
2015-03-23,2104.419921875
2015-03-24,2091.5
2015-03-25,2061.05004882812
2015-03-26,2056.14990234375
2015-03-27,2061.02001953125
2015-03-30,2086.23999023438
2015-03-31,2067.88989257812
2015-04-01,2059.68994140625
2015-04-02,2066.9599609375
2015-04-06,2080.6201171875
2015-04-07,2076.330078125
2015-04-08,2081.89990234375
2015-04-09,2091.17993164062
2015-04-10,2102.06005859375
2015-04-13,2092.42993164062
2015-04-14,2095.84008789062
2015-04-15,2106.6298828125
2015-04-16,2104.98999023438
2015-04-17,2081.17993164062
2015-04-20,2100.39990234375
2015-04-21,2097.2900390625
2015-04-22,2107.9599609375
2015-04-23,2112.92993164062
2015-04-24,2117.68994140625
2015-04-27,2108.919921875
2015-04-28,2114.76000976562
2015-04-29,2106.85009765625
2015-04-30,2085.51000976562
2015-05-01,2108.2900390625
2015-05-04,2114.48999023438
2015-05-05,2089.4599609375
2015-05-06,2080.14990234375
2015-05-07,2088
2015-05-08,2116.10009765625
2015-05-11,2105.330078125
2015-05-12,2099.1201171875
2015-05-13,2098.47998046875
2015-05-14,2121.10009765625
2015-05-15,2122.72998046875
2015-05-18,2129.19995117188
2015-05-19,2127.830078125
2015-05-20,2125.85009765625
2015-05-21,2130.82006835938
2015-05-22,2126.06005859375
2015-05-26,2104.19995117188
2015-05-27,2123.47998046875
2015-05-28,2120.7900390625
2015-05-29,2107.38989257812
2015-06-01,2111.72998046875
2015-06-02,2109.60009765625
2015-06-03,2114.07006835938
2015-06-04,2095.84008789062
2015-06-05,2092.830078125
2015-06-08,2079.28002929688
2015-06-09,2080.14990234375
2015-06-10,2105.19995117188
2015-06-11,2108.86010742188
2015-06-12,2094.11010742188
2015-06-15,2084.42993164062
2015-06-16,2096.2900390625
2015-06-17,2100.43994140625
2015-06-18,2121.23999023438
2015-06-19,2109.98999023438
2015-06-22,2122.85009765625
2015-06-23,2124.19995117188
2015-06-24,2108.580078125
2015-06-25,2102.31005859375
2015-06-26,2101.48999023438
2015-06-29,2057.63989257812
2015-06-30,2063.11010742188
2015-07-01,2077.419921875
2015-07-02,2076.78002929688
2015-07-06,2068.76000976562
2015-07-07,2081.34008789062
2015-07-08,2046.68005371094
2015-07-09,2051.31005859375
2015-07-10,2076.6201171875
2015-07-13,2099.60009765625
2015-07-14,2108.94995117188
2015-07-15,2107.39990234375
2015-07-16,2124.2900390625
2015-07-17,2126.63989257812
2015-07-20,2128.28002929688
2015-07-21,2119.2099609375
2015-07-22,2114.14990234375
2015-07-23,2102.14990234375
2015-07-24,2079.64990234375
2015-07-27,2067.63989257812
2015-07-28,2093.25
2015-07-29,2108.57006835938
2015-07-30,2108.6298828125
2015-07-31,2103.84008789062
2015-08-03,2098.0400390625
2015-08-04,2093.32006835938
2015-08-05,2099.84008789062
2015-08-06,2083.56005859375
2015-08-07,2077.57006835938
2015-08-10,2104.17993164062
2015-08-11,2084.07006835938
2015-08-12,2086.05004882812
2015-08-13,2083.38989257812
2015-08-14,2091.5400390625
2015-08-17,2102.43994140625
2015-08-18,2096.919921875
2015-08-19,2079.61010742188
2015-08-20,2035.72998046875
2015-08-21,1970.89001464844
2015-08-24,1893.2099609375
2015-08-25,1867.60998535156
2015-08-26,1940.51000976562
2015-08-27,1987.66003417969
2015-08-28,1988.86999511719
2015-08-31,1972.18005371094
2015-09-01,1913.84997558594
2015-09-02,1948.85998535156
2015-09-03,1951.13000488281
2015-09-04,1921.21997070312
2015-09-08,1969.41003417969
2015-09-09,1942.0400390625
2015-09-10,1952.2900390625
2015-09-11,1961.05004882812
2015-09-14,1953.03002929688
2015-09-15,1978.08996582031
2015-09-16,1995.31005859375
2015-09-17,1990.19995117188
2015-09-18,1958.03002929688
2015-09-21,1966.96997070312
2015-09-22,1942.73999023438
2015-09-23,1938.76000976562
2015-09-24,1932.23999023438
2015-09-25,1931.33996582031
2015-09-28,1881.77001953125
2015-09-29,1884.08996582031
2015-09-30,1920.03002929688
2015-10-01,1923.81994628906
2015-10-02,1951.35998535156
2015-10-05,1987.05004882812
2015-10-06,1979.92004394531
2015-10-07,1995.82995605469
2015-10-08,2013.43005371094
2015-10-09,2014.89001464844
2015-10-12,2017.4599609375
2015-10-13,2003.68994140625
2015-10-14,1994.23999023438
2015-10-15,2023.85998535156
2015-10-16,2033.10998535156
2015-10-19,2033.66003417969
2015-10-20,2030.77001953125
2015-10-21,2018.93994140625
2015-10-22,2052.51000976562
2015-10-23,2075.14990234375
2015-10-26,2071.17993164062
2015-10-27,2065.88989257812
2015-10-28,2090.35009765625
2015-10-29,2089.40991210938
2015-10-30,2079.36010742188
2015-11-02,2104.05004882812
2015-11-03,2109.7900390625
2015-11-04,2102.31005859375
2015-11-05,2099.92993164062
2015-11-06,2099.19995117188
2015-11-09,2078.580078125
2015-11-10,2081.71997070312
2015-11-11,2075
2015-11-12,2045.96997070312
2015-11-13,2023.0400390625
2015-11-16,2053.18994140625
2015-11-17,2050.43994140625
2015-11-18,2083.580078125
2015-11-19,2081.23999023438
2015-11-20,2089.169921875
2015-11-23,2086.59008789062
2015-11-24,2089.13989257812
2015-11-25,2088.8701171875
2015-11-27,2090.11010742188
2015-11-30,2080.40991210938
2015-12-01,2102.6298828125
2015-12-02,2079.51000976562
2015-12-03,2049.6201171875
2015-12-04,2091.68994140625
2015-12-07,2077.07006835938
2015-12-08,2063.59008789062
2015-12-09,2047.61999511719
2015-12-10,2052.22998046875
2015-12-11,2012.36999511719
2015-12-14,2021.93994140625
2015-12-15,2043.41003417969
2015-12-16,2073.07006835938
2015-12-17,2041.89001464844
2015-12-18,2005.55004882812
2015-12-21,2021.15002441406
2015-12-22,2038.96997070312
2015-12-23,2064.2900390625
2015-12-24,2060.98999023438
2015-12-28,2056.5
2015-12-29,2078.36010742188
2015-12-30,2063.36010742188
2015-12-31,2043.93994140625
2016-01-04,2012.66003417969
2016-01-05,2016.7099609375
2016-01-06,1990.26000976562
2016-01-07,1943.08996582031
2016-01-08,1922.03002929688
2016-01-11,1923.67004394531
2016-01-12,1938.68005371094
2016-01-13,1890.28002929688
2016-01-14,1921.83996582031
2016-01-15,1880.32995605469
2016-01-19,1881.32995605469
2016-01-20,1859.32995605469
2016-01-21,1868.98999023438
2016-01-22,1906.90002441406
2016-01-25,1877.07995605469
2016-01-26,1903.63000488281
2016-01-27,1882.94995117188
2016-01-28,1893.35998535156
2016-01-29,1940.23999023438
2016-02-01,1939.38000488281
2016-02-02,1903.03002929688
2016-02-03,1912.53002929688
2016-02-04,1915.44995117188
2016-02-05,1880.05004882812
2016-02-08,1853.43994140625
2016-02-09,1852.2099609375
2016-02-10,1851.85998535156
2016-02-11,1829.07995605469
2016-02-12,1864.78002929688
2016-02-16,1895.57995605469
2016-02-17,1926.81994628906
2016-02-18,1917.82995605469
2016-02-19,1917.78002929688
2016-02-22,1945.5
2016-02-23,1921.27001953125
2016-02-24,1929.80004882812
2016-02-25,1951.69995117188
2016-02-26,1948.05004882812
2016-02-29,1932.22998046875
2016-03-01,1978.34997558594
2016-03-02,1986.44995117188
2016-03-03,1993.40002441406
2016-03-04,1999.98999023438
2016-03-07,2001.76000976562
2016-03-08,1979.26000976562
2016-03-09,1989.26000976562
2016-03-10,1989.56994628906
2016-03-11,2022.18994140625
2016-03-14,2019.64001464844
2016-03-15,2015.93005371094
2016-03-16,2027.21997070312
2016-03-17,2040.58996582031
2016-03-18,2049.580078125
2016-03-21,2051.60009765625
2016-03-22,2049.80004882812
2016-03-23,2036.7099609375
2016-03-24,2035.93994140625
2016-03-28,2037.05004882812
2016-03-29,2055.01000976562
2016-03-30,2063.94995117188
2016-03-31,2059.73999023438
2016-04-01,2072.78002929688
2016-04-04,2066.1298828125
2016-04-05,2045.17004394531
2016-04-06,2066.65991210938
2016-04-07,2041.91003417969
2016-04-08,2047.59997558594
2016-04-11,2041.98999023438
2016-04-12,2061.71997070312
2016-04-13,2082.419921875
2016-04-14,2082.78002929688
2016-04-15,2080.72998046875
2016-04-18,2094.34008789062
2016-04-19,2100.80004882812
2016-04-20,2102.39990234375
2016-04-21,2091.47998046875
2016-04-22,2091.580078125
2016-04-25,2087.7900390625
2016-04-26,2091.69995117188
2016-04-27,2095.14990234375
2016-04-28,2075.81005859375
2016-04-29,2065.30004882812
2016-05-02,2081.42993164062
2016-05-03,2063.3701171875
2016-05-04,2051.1201171875
2016-05-05,2050.6298828125
2016-05-06,2057.13989257812
2016-05-09,2058.68994140625
2016-05-10,2084.38989257812
2016-05-11,2064.4599609375
2016-05-12,2064.11010742188
2016-05-13,2046.60998535156
2016-05-16,2066.65991210938
2016-05-17,2047.2099609375
2016-05-18,2047.63000488281
2016-05-19,2040.0400390625
2016-05-20,2052.32006835938
2016-05-23,2048.0400390625
2016-05-24,2076.06005859375
2016-05-25,2090.5400390625
2016-05-26,2090.10009765625
2016-05-27,2099.06005859375
2016-05-31,2096.94995117188
2016-06-01,2099.330078125
2016-06-02,2105.26000976562
2016-06-03,2099.1298828125
2016-06-06,2109.40991210938
2016-06-07,2112.1298828125
2016-06-08,2119.1201171875
2016-06-09,2115.47998046875
2016-06-10,2096.07006835938
2016-06-13,2079.06005859375
2016-06-14,2075.32006835938
2016-06-15,2071.5
2016-06-16,2077.98999023438
2016-06-17,2071.21997070312
2016-06-20,2083.25
2016-06-21,2088.89990234375
2016-06-22,2085.44995117188
2016-06-23,2113.32006835938
2016-06-24,2037.41003417969
2016-06-27,2000.5400390625
2016-06-28,2036.08996582031
2016-06-29,2070.77001953125
2016-06-30,2098.86010742188
2016-07-01,2102.94995117188
2016-07-05,2088.55004882812
2016-07-06,2099.72998046875
2016-07-07,2097.89990234375
2016-07-08,2129.89990234375
2016-07-11,2137.15991210938
2016-07-12,2152.13989257812
2016-07-13,2152.42993164062
2016-07-14,2163.75
2016-07-15,2161.73999023438
2016-07-18,2166.88989257812
2016-07-19,2163.78002929688
2016-07-20,2173.02001953125
2016-07-21,2165.169921875
2016-07-22,2175.03002929688
2016-07-25,2168.47998046875
2016-07-26,2169.17993164062
2016-07-27,2166.580078125
2016-07-28,2170.06005859375
2016-07-29,2173.60009765625
2016-08-01,2170.84008789062
2016-08-02,2157.03002929688
2016-08-03,2163.7900390625
2016-08-04,2164.25
2016-08-05,2182.8701171875
2016-08-08,2180.88989257812
2016-08-09,2181.73999023438
2016-08-10,2175.48999023438
2016-08-11,2185.7900390625
2016-08-12,2184.05004882812
2016-08-15,2190.14990234375
2016-08-16,2178.14990234375
2016-08-17,2182.21997070312
2016-08-18,2187.02001953125
2016-08-19,2183.8701171875
2016-08-22,2182.63989257812
2016-08-23,2186.89990234375
2016-08-24,2175.43994140625
2016-08-25,2172.46997070312
2016-08-26,2169.0400390625
2016-08-29,2180.3798828125
2016-08-30,2176.1201171875
2016-08-31,2170.94995117188
2016-09-01,2170.86010742188
2016-09-02,2179.97998046875
2016-09-06,2186.47998046875
2016-09-07,2186.15991210938
2016-09-08,2181.30004882812
2016-09-09,2127.81005859375
2016-09-12,2159.0400390625
2016-09-13,2127.02001953125
2016-09-14,2125.77001953125
2016-09-15,2147.26000976562
2016-09-16,2139.15991210938
2016-09-19,2139.1201171875
2016-09-20,2139.76000976562
2016-09-21,2163.1201171875
2016-09-22,2177.17993164062
2016-09-23,2164.68994140625
2016-09-26,2146.10009765625
2016-09-27,2159.92993164062
2016-09-28,2171.3701171875
2016-09-29,2151.1298828125
2016-09-30,2168.27001953125
2016-10-03,2161.19995117188
2016-10-04,2150.48999023438
2016-10-05,2159.72998046875
2016-10-06,2160.77001953125
2016-10-07,2153.73999023438
2016-10-10,2163.65991210938
2016-10-11,2136.72998046875
2016-10-12,2139.17993164062
2016-10-13,2132.55004882812
2016-10-14,2132.97998046875
2016-10-17,2126.5
2016-10-18,2139.60009765625
2016-10-19,2144.2900390625
2016-10-20,2141.34008789062
2016-10-21,2141.15991210938
2016-10-24,2151.330078125
2016-10-25,2143.15991210938
2016-10-26,2139.42993164062
2016-10-27,2133.0400390625
2016-10-28,2126.40991210938
2016-10-31,2126.14990234375
2016-11-01,2111.71997070312
2016-11-02,2097.93994140625
2016-11-03,2088.65991210938
2016-11-04,2085.17993164062
2016-11-07,2131.52001953125
2016-11-08,2139.56005859375
2016-11-09,2163.26000976562
2016-11-10,2167.47998046875
2016-11-11,2164.44995117188
2016-11-14,2164.19995117188
2016-11-15,2180.38989257812
2016-11-16,2176.93994140625
2016-11-17,2187.1201171875
2016-11-18,2181.89990234375
2016-11-21,2198.17993164062
2016-11-22,2202.93994140625
2016-11-23,2204.71997070312
2016-11-25,2213.35009765625
2016-11-28,2201.71997070312
2016-11-29,2204.65991210938
2016-11-30,2198.81005859375
2016-12-01,2191.080078125
2016-12-02,2191.94995117188
2016-12-05,2204.7099609375
2016-12-06,2212.22998046875
2016-12-07,2241.35009765625
2016-12-08,2246.18994140625
2016-12-09,2259.53002929688
2016-12-12,2256.9599609375
2016-12-13,2271.71997070312
2016-12-14,2253.28002929688
2016-12-15,2262.03002929688
2016-12-16,2258.07006835938
2016-12-19,2262.53002929688
2016-12-20,2270.76000976562
2016-12-21,2265.17993164062
2016-12-22,2260.9599609375
2016-12-23,2263.7900390625
2016-12-27,2268.8798828125
2016-12-28,2249.919921875
2016-12-29,2249.26000976562
2016-12-30,2238.830078125
2017-01-03,2257.830078125
2017-01-04,2270.75
2017-01-05,2269
2017-01-06,2276.97998046875
2017-01-09,2268.89990234375
2017-01-10,2268.89990234375
2017-01-11,2275.32006835938
2017-01-12,2270.43994140625
2017-01-13,2274.63989257812
2017-01-17,2267.88989257812
2017-01-18,2271.88989257812
2017-01-19,2263.68994140625
2017-01-20,2271.31005859375
2017-01-23,2265.19995117188
2017-01-24,2280.07006835938
2017-01-25,2298.3701171875
2017-01-26,2296.67993164062
2017-01-27,2294.68994140625
2017-01-30,2280.89990234375
2017-01-31,2278.8701171875
2017-02-01,2279.55004882812
2017-02-02,2280.85009765625
2017-02-03,2297.419921875
2017-02-06,2292.56005859375
2017-02-07,2293.080078125
2017-02-08,2294.669921875
2017-02-09,2307.8701171875
2017-02-10,2316.10009765625
2017-02-13,2328.25
2017-02-14,2337.580078125
2017-02-15,2349.25
2017-02-16,2347.21997070312
2017-02-17,2351.15991210938
2017-02-21,2365.3798828125
2017-02-22,2362.82006835938
2017-02-23,2363.81005859375
2017-02-24,2367.34008789062
2017-02-27,2369.75
2017-02-28,2363.63989257812
2017-03-01,2395.9599609375
2017-03-02,2381.919921875
2017-03-03,2383.1201171875
2017-03-06,2375.31005859375
2017-03-07,2368.38989257812
2017-03-08,2362.97998046875
2017-03-09,2364.8701171875
2017-03-10,2372.60009765625
2017-03-13,2373.46997070312
2017-03-14,2365.44995117188
2017-03-15,2385.26000976562
2017-03-16,2381.3798828125
2017-03-17,2378.25
2017-03-20,2373.46997070312
2017-03-21,2344.02001953125
2017-03-22,2348.44995117188
2017-03-23,2345.9599609375
2017-03-24,2343.97998046875
2017-03-27,2341.59008789062
2017-03-28,2358.57006835938
2017-03-29,2361.1298828125
2017-03-30,2368.06005859375
2017-03-31,2362.71997070312
2017-04-03,2358.84008789062
2017-04-04,2360.15991210938
2017-04-05,2352.94995117188
2017-04-06,2357.48999023438
2017-04-07,2355.5400390625
2017-04-10,2357.15991210938
2017-04-11,2353.78002929688
2017-04-12,2344.92993164062
2017-04-13,2328.94995117188
2017-04-17,2349.01000976562
2017-04-18,2342.18994140625
2017-04-19,2338.169921875
2017-04-20,2355.84008789062
2017-04-21,2348.68994140625
2017-04-24,2374.14990234375
2017-04-25,2388.61010742188
2017-04-26,2387.44995117188
2017-04-27,2388.77001953125
2017-04-28,2384.19995117188
2017-05-01,2388.330078125
2017-05-02,2391.169921875
2017-05-03,2388.1298828125
2017-05-04,2389.52001953125
2017-05-05,2399.2900390625
2017-05-08,2399.3798828125
2017-05-09,2396.919921875
2017-05-10,2399.6298828125
2017-05-11,2394.43994140625
2017-05-12,2390.89990234375
2017-05-15,2402.32006835938
2017-05-16,2400.669921875
2017-05-17,2357.03002929688
2017-05-18,2365.71997070312
2017-05-19,2381.72998046875
2017-05-22,2394.02001953125
2017-05-23,2398.419921875
2017-05-24,2404.38989257812
2017-05-25,2415.07006835938
2017-05-26,2415.82006835938
2017-05-30,2412.90991210938
2017-05-31,2411.80004882812
2017-06-01,2430.06005859375
2017-06-02,2439.07006835938
2017-06-05,2436.10009765625
2017-06-06,2429.330078125
2017-06-07,2433.13989257812
2017-06-08,2433.7900390625
2017-06-09,2431.77001953125
2017-06-12,2429.38989257812
2017-06-13,2440.35009765625
2017-06-14,2437.919921875
2017-06-15,2432.4599609375
2017-06-16,2433.14990234375
2017-06-19,2453.4599609375
2017-06-20,2437.03002929688
2017-06-21,2435.61010742188
2017-06-22,2434.5
2017-06-23,2438.30004882812
2017-06-26,2439.07006835938
2017-06-27,2419.3798828125
2017-06-28,2440.68994140625
2017-06-29,2419.69995117188
2017-06-30,2423.40991210938
2017-07-03,2429.01000976562
2017-07-05,2432.5400390625
2017-07-06,2409.75
2017-07-07,2425.17993164062
2017-07-10,2427.42993164062
2017-07-11,2425.53002929688
2017-07-12,2443.25
2017-07-13,2447.830078125
2017-07-14,2459.27001953125
2017-07-17,2459.13989257812
2017-07-18,2460.61010742188
2017-07-19,2473.830078125
2017-07-20,2473.44995117188
2017-07-21,2472.5400390625
2017-07-24,2469.90991210938
2017-07-25,2477.1298828125
2017-07-26,2477.830078125
2017-07-27,2475.419921875
2017-07-28,2472.10009765625
2017-07-31,2470.30004882812
2017-08-01,2476.35009765625
2017-08-02,2477.57006835938
2017-08-03,2472.15991210938
2017-08-04,2476.830078125
2017-08-07,2480.90991210938
2017-08-08,2474.919921875
2017-08-09,2474.02001953125
2017-08-10,2438.2099609375
2017-08-11,2441.32006835938
2017-08-14,2465.84008789062
2017-08-15,2464.61010742188
2017-08-16,2468.11010742188
2017-08-17,2430.01000976562
2017-08-18,2425.55004882812
2017-08-21,2428.3701171875
2017-08-22,2452.51000976562
2017-08-23,2444.0400390625
2017-08-24,2438.96997070312
2017-08-25,2443.05004882812
2017-08-28,2444.23999023438
2017-08-29,2446.30004882812
2017-08-30,2457.59008789062
2017-08-31,2471.64990234375
2017-09-01,2476.55004882812
2017-09-05,2457.85009765625
2017-09-06,2465.5400390625
2017-09-07,2465.10009765625
2017-09-08,2461.42993164062
2017-09-11,2488.11010742188
2017-09-12,2496.47998046875
2017-09-13,2498.3701171875
2017-09-14,2495.6201171875
2017-09-15,2500.22998046875
2017-09-18,2503.8701171875
2017-09-19,2506.64990234375
2017-09-20,2508.23999023438
2017-09-21,2500.60009765625
2017-09-22,2502.21997070312
2017-09-25,2496.65991210938
2017-09-26,2496.84008789062
2017-09-27,2507.0400390625
2017-09-28,2510.06005859375
2017-09-29,2519.36010742188
2017-10-02,2529.1201171875
2017-10-03,2534.580078125
2017-10-04,2537.73999023438
2017-10-05,2552.07006835938
2017-10-06,2549.330078125
2017-10-09,2544.72998046875
2017-10-10,2550.63989257812
2017-10-11,2555.23999023438
2017-10-12,2550.92993164062
2017-10-13,2553.169921875
2017-10-16,2557.63989257812
2017-10-17,2559.36010742188
2017-10-18,2561.26000976562
2017-10-19,2562.10009765625
2017-10-20,2575.2099609375
2017-10-23,2564.97998046875
2017-10-24,2569.1298828125
2017-10-25,2557.14990234375
2017-10-26,2560.39990234375
2017-10-27,2581.07006835938
2017-10-30,2572.830078125
2017-10-31,2575.26000976562
2017-11-01,2579.36010742188
2017-11-02,2579.85009765625
2017-11-03,2587.84008789062
2017-11-06,2591.1298828125
2017-11-07,2590.63989257812
2017-11-08,2594.3798828125
2017-11-09,2584.6201171875
2017-11-10,2582.30004882812
2017-11-13,2584.84008789062
2017-11-14,2578.8701171875
2017-11-15,2564.6201171875
2017-11-16,2585.63989257812
2017-11-17,2578.85009765625
2017-11-20,2582.13989257812
2017-11-21,2599.03002929688
2017-11-22,2597.080078125
2017-11-24,2602.419921875
2017-11-27,2601.419921875
2017-11-28,2627.0400390625
2017-11-29,2626.07006835938
2017-11-30,2647.580078125
2017-12-01,2642.21997070312
2017-12-04,2639.43994140625
2017-12-05,2629.57006835938
2017-12-06,2629.27001953125
2017-12-07,2636.97998046875
2017-12-08,2651.5
2017-12-11,2659.98999023438
2017-12-12,2664.11010742188
2017-12-13,2662.85009765625
2017-12-14,2652.01000976562
2017-12-15,2675.81005859375
2017-12-18,2690.15991210938
2017-12-19,2681.46997070312
2017-12-20,2679.25
2017-12-21,2684.57006835938
2017-12-22,2683.34008789062
2017-12-26,2680.5
2017-12-27,2682.6201171875
2017-12-28,2687.5400390625
2017-12-29,2673.61010742188
2018-01-02,2695.81005859375
2018-01-03,2713.06005859375
2018-01-04,2723.98999023438
2018-01-05,2743.14990234375
2018-01-08,2747.7099609375
2018-01-09,2751.2900390625
2018-01-10,2748.22998046875
2018-01-11,2767.56005859375
2018-01-12,2786.23999023438
2018-01-16,2776.419921875
2018-01-17,2802.56005859375
2018-01-18,2798.03002929688
2018-01-19,2810.30004882812
2018-01-22,2832.96997070312
2018-01-23,2839.1298828125
2018-01-24,2837.5400390625
2018-01-25,2839.25
2018-01-26,2872.8701171875
2018-01-29,2853.53002929688
2018-01-30,2822.42993164062
2018-01-31,2823.81005859375
2018-02-01,2821.97998046875
2018-02-02,2762.1298828125
2018-02-05,2648.93994140625
2018-02-06,2695.13989257812
2018-02-07,2681.65991210938
2018-02-08,2581
2018-02-09,2619.55004882812
2018-02-12,2656
2018-02-13,2662.93994140625
2018-02-14,2698.6298828125
2018-02-15,2731.19995117188
2018-02-16,2732.21997070312
2018-02-20,2716.26000976562
2018-02-21,2701.330078125
2018-02-22,2703.9599609375
2018-02-23,2747.30004882812
2018-02-26,2779.60009765625
2018-02-27,2744.28002929688
2018-02-28,2713.830078125
2018-03-01,2677.669921875
2018-03-02,2691.25
2018-03-05,2720.93994140625
2018-03-06,2728.1201171875
2018-03-07,2726.80004882812
2018-03-08,2738.96997070312
2018-03-09,2786.57006835938
2018-03-12,2783.02001953125
2018-03-13,2765.31005859375
2018-03-14,2749.47998046875
2018-03-15,2747.330078125
2018-03-16,2752.01000976562
2018-03-19,2712.919921875
2018-03-20,2716.93994140625
2018-03-21,2711.92993164062
2018-03-22,2643.68994140625
2018-03-23,2588.26000976562
2018-03-26,2658.55004882812
2018-03-27,2612.6201171875
2018-03-28,2605
2018-03-29,2640.8701171875
2018-04-02,2581.8798828125
2018-04-03,2614.44995117188
2018-04-04,2644.68994140625
2018-04-05,2662.84008789062
2018-04-06,2604.46997070312
2018-04-09,2613.15991210938
2018-04-10,2656.8701171875
2018-04-11,2642.18994140625
2018-04-12,2663.98999023438
2018-04-13,2656.30004882812
2018-04-16,2677.84008789062
2018-04-17,2706.38989257812
2018-04-18,2708.63989257812
2018-04-19,2693.1298828125
2018-04-20,2670.13989257812
2018-04-23,2670.2900390625
2018-04-24,2634.56005859375
2018-04-25,2639.39990234375
2018-04-26,2666.93994140625
2018-04-27,2669.90991210938
2018-04-30,2648.05004882812
2018-05-01,2654.80004882812
2018-05-02,2635.669921875
2018-05-03,2629.72998046875
2018-05-04,2663.419921875
2018-05-07,2672.6298828125
2018-05-08,2671.919921875
2018-05-09,2697.7900390625
2018-05-10,2723.07006835938
2018-05-11,2727.71997070312
2018-05-14,2730.1298828125
2018-05-15,2711.44995117188
2018-05-16,2722.4599609375
2018-05-17,2720.1298828125
2018-05-18,2712.96997070312
2018-05-21,2733.01000976562
2018-05-22,2724.43994140625
2018-05-23,2733.2900390625
2018-05-24,2727.76000976562
2018-05-25,2721.330078125
2018-05-29,2689.86010742188
2018-05-30,2724.01000976562
2018-05-31,2705.27001953125
2018-06-01,2734.6201171875
2018-06-04,2746.8701171875
2018-06-05,2748.80004882812
2018-06-06,2772.35009765625
2018-06-07,2770.3701171875
2018-06-08,2779.03002929688
2018-06-11,2782
2018-06-12,2786.85009765625
2018-06-13,2775.6298828125
2018-06-14,2782.48999023438
2018-06-15,2779.65991210938
2018-06-18,2773.75
2018-06-19,2762.59008789062
2018-06-20,2767.32006835938
2018-06-21,2749.76000976562
2018-06-22,2754.8798828125
2018-06-25,2717.07006835938
2018-06-26,2723.06005859375
2018-06-27,2699.6298828125
2018-06-28,2716.31005859375
2018-06-29,2718.3701171875
2018-07-02,2726.7099609375
2018-07-03,2713.21997070312
2018-07-05,2736.61010742188
2018-07-06,2759.82006835938
2018-07-09,2784.169921875
2018-07-10,2793.84008789062
2018-07-11,2774.02001953125
2018-07-12,2798.2900390625
2018-07-13,2801.31005859375
2018-07-16,2798.42993164062
2018-07-17,2809.55004882812
2018-07-18,2815.6201171875
2018-07-19,2804.48999023438
2018-07-20,2801.830078125
2018-07-23,2806.97998046875
2018-07-24,2820.39990234375
2018-07-25,2846.07006835938
2018-07-26,2837.43994140625
2018-07-27,2818.82006835938
2018-07-30,2802.60009765625
2018-07-31,2816.2900390625
2018-08-01,2813.36010742188
2018-08-02,2827.21997070312
2018-08-03,2840.35009765625
2018-08-06,2850.39990234375
2018-08-07,2858.44995117188
2018-08-08,2857.69995117188
2018-08-09,2853.580078125
2018-08-10,2833.28002929688
2018-08-13,2821.92993164062
2018-08-14,2839.9599609375
2018-08-15,2818.3701171875
2018-08-16,2840.68994140625
2018-08-17,2850.1298828125
2018-08-20,2857.05004882812
2018-08-21,2862.9599609375
2018-08-22,2861.82006835938
2018-08-23,2856.97998046875
2018-08-24,2874.68994140625
2018-08-27,2896.73999023438
2018-08-28,2897.52001953125
2018-08-29,2914.0400390625
2018-08-30,2901.1298828125
2018-08-31,2901.52001953125
2018-09-04,2896.71997070312
2018-09-05,2888.60009765625
2018-09-06,2878.05004882812
2018-09-07,2871.67993164062
2018-09-10,2877.1298828125
2018-09-11,2887.88989257812
2018-09-12,2888.919921875
2018-09-13,2904.17993164062
2018-09-14,2904.97998046875
2018-09-17,2888.80004882812
2018-09-18,2904.31005859375
2018-09-19,2907.94995117188
2018-09-20,2930.75
2018-09-21,2929.669921875
2018-09-24,2919.3701171875
2018-09-25,2915.56005859375
2018-09-26,2905.96997070312
2018-09-27,2914
2018-09-28,2913.97998046875
2018-10-01,2924.59008789062
2018-10-02,2923.42993164062
2018-10-03,2925.51000976562
2018-10-04,2901.61010742188
2018-10-05,2885.57006835938
2018-10-08,2884.42993164062
2018-10-09,2880.34008789062
2018-10-10,2785.67993164062
2018-10-11,2728.3701171875
2018-10-12,2767.1298828125
2018-10-15,2750.7900390625
2018-10-16,2809.919921875
2018-10-17,2809.2099609375
2018-10-18,2768.78002929688
2018-10-19,2767.78002929688
2018-10-22,2755.8798828125
2018-10-23,2740.68994140625
2018-10-24,2656.10009765625
2018-10-25,2705.57006835938
2018-10-26,2658.68994140625
2018-10-29,2641.25
2018-10-30,2682.6298828125
2018-10-31,2711.73999023438
2018-11-01,2740.3701171875
2018-11-02,2723.06005859375
2018-11-05,2738.31005859375
2018-11-06,2755.44995117188
2018-11-07,2813.88989257812
2018-11-08,2806.830078125
2018-11-09,2781.01000976562
2018-11-12,2726.21997070312
2018-11-13,2722.17993164062
2018-11-14,2701.580078125
2018-11-15,2730.19995117188
2018-11-16,2736.27001953125
2018-11-19,2690.72998046875
2018-11-20,2641.88989257812
2018-11-21,2649.92993164062
2018-11-23,2632.56005859375
2018-11-26,2673.44995117188
2018-11-27,2682.169921875
2018-11-28,2743.7900390625
2018-11-29,2737.80004882812
2018-11-30,2760.169921875
2018-12-03,2790.3701171875
2018-12-04,2700.06005859375
2018-12-06,2695.94995117188
2018-12-07,2633.080078125
2018-12-10,2637.71997070312
2018-12-11,2636.78002929688
2018-12-12,2651.07006835938
2018-12-13,2650.5400390625
2018-12-14,2599.94995117188
2018-12-17,2545.93994140625
2018-12-18,2546.15991210938
2018-12-19,2506.9599609375
2018-12-20,2467.419921875
2018-12-21,2416.6201171875
2018-12-24,2351.10009765625
2018-12-26,2467.69995117188
2018-12-27,2488.830078125
2018-12-28,2485.73999023438
2018-12-31,2506.85009765625
2019-01-02,2510.03002929688
2019-01-03,2447.88989257812
2019-01-04,2531.93994140625
2019-01-07,2549.68994140625
2019-01-08,2574.40991210938
2019-01-09,2584.9599609375
2019-01-10,2596.63989257812
2019-01-11,2596.26000976562
2019-01-14,2582.61010742188
2019-01-15,2610.30004882812
2019-01-16,2616.10009765625
2019-01-17,2635.9599609375
2019-01-18,2670.7099609375
2019-01-22,2632.89990234375
2019-01-23,2638.69995117188
2019-01-24,2642.330078125
2019-01-25,2664.76000976562
2019-01-28,2643.85009765625
2019-01-29,2640
2019-01-30,2681.05004882812
2019-01-31,2704.10009765625
2019-02-01,2706.53002929688
2019-02-04,2724.8701171875
2019-02-05,2737.69995117188
2019-02-06,2731.61010742188
2019-02-07,2706.05004882812
2019-02-08,2707.8798828125
2019-02-11,2709.80004882812
2019-02-12,2744.72998046875
2019-02-13,2753.03002929688
2019-02-14,2745.72998046875
2019-02-15,2775.60009765625
2019-02-19,2779.76000976562
2019-02-20,2784.69995117188
2019-02-21,2774.8798828125
2019-02-22,2792.669921875
2019-02-25,2796.11010742188
2019-02-26,2793.89990234375
2019-02-27,2792.3798828125
2019-02-28,2784.48999023438
2019-03-01,2803.68994140625
2019-03-04,2792.81005859375
2019-03-05,2789.64990234375
2019-03-06,2771.44995117188
2019-03-07,2748.92993164062
2019-03-08,2743.07006835938
2019-03-11,2783.30004882812
2019-03-12,2791.52001953125
2019-03-13,2810.919921875
2019-03-14,2808.47998046875
2019-03-15,2822.47998046875
2019-03-18,2832.93994140625
2019-03-19,2832.57006835938
2019-03-20,2824.22998046875
2019-03-21,2854.8798828125
2019-03-22,2800.7099609375
2019-03-25,2798.36010742188
2019-03-26,2818.4599609375
2019-03-27,2805.3701171875
2019-03-28,2815.43994140625
2019-03-29,2834.39990234375
2019-04-01,2867.18994140625
2019-04-02,2867.23999023438
2019-04-03,2873.39990234375
2019-04-04,2879.38989257812
2019-04-05,2892.73999023438
2019-04-08,2895.77001953125
2019-04-09,2878.19995117188
2019-04-10,2888.2099609375
2019-04-11,2888.32006835938
2019-04-12,2907.40991210938
2019-04-15,2905.580078125
2019-04-16,2907.06005859375
2019-04-17,2900.44995117188
2019-04-18,2905.03002929688
2019-04-22,2907.96997070312
2019-04-23,2933.67993164062
2019-04-24,2927.25
2019-04-25,2926.169921875
2019-04-26,2939.8798828125
2019-04-29,2943.03002929688
2019-04-30,2945.830078125
2019-05-01,2923.72998046875
2019-05-02,2917.52001953125
2019-05-03,2945.63989257812
2019-05-06,2932.46997070312
2019-05-07,2884.05004882812
2019-05-08,2879.419921875
2019-05-09,2870.71997070312
2019-05-10,2881.39990234375
2019-05-13,2811.8701171875
2019-05-14,2834.40991210938
2019-05-15,2850.9599609375
2019-05-16,2876.32006835938
2019-05-17,2859.53002929688
2019-05-20,2840.22998046875
2019-05-21,2864.36010742188
2019-05-22,2856.27001953125
2019-05-23,2822.23999023438
2019-05-24,2826.06005859375
2019-05-28,2802.38989257812
2019-05-29,2783.02001953125
2019-05-30,2788.86010742188
2019-05-31,2752.06005859375
2019-06-03,2744.44995117188
2019-06-04,2803.27001953125
2019-06-05,2826.14990234375
2019-06-06,2843.48999023438
2019-06-07,2873.34008789062
2019-06-10,2886.72998046875
2019-06-11,2885.71997070312
2019-06-12,2879.84008789062
2019-06-13,2891.63989257812
2019-06-14,2886.97998046875
2019-06-17,2889.669921875
2019-06-18,2917.75
2019-06-19,2926.4599609375
2019-06-20,2954.17993164062
2019-06-21,2950.4599609375
2019-06-24,2945.35009765625
2019-06-25,2917.3798828125
2019-06-26,2913.78002929688
2019-06-27,2924.919921875
2019-06-28,2941.76000976562
2019-07-01,2964.330078125
2019-07-02,2973.01000976562
2019-07-03,2995.82006835938
2019-07-05,2990.40991210938
2019-07-08,2975.94995117188
2019-07-09,2979.6298828125
2019-07-10,2993.07006835938
2019-07-11,2999.90991210938
2019-07-12,3013.77001953125
2019-07-15,3014.30004882812
2019-07-16,3004.0400390625
2019-07-17,2984.419921875
2019-07-18,2995.11010742188
2019-07-19,2976.61010742188
2019-07-22,2985.03002929688
2019-07-23,3005.46997070312
2019-07-24,3019.56005859375
2019-07-25,3003.669921875
2019-07-26,3025.86010742188
2019-07-29,3020.96997070312
2019-07-30,3013.17993164062
2019-07-31,2980.3798828125
2019-08-01,2953.56005859375
2019-08-02,2932.05004882812
2019-08-05,2844.73999023438
2019-08-06,2881.77001953125
2019-08-07,2883.97998046875
2019-08-08,2938.09008789062
2019-08-09,2918.64990234375
2019-08-12,2882.69995117188
2019-08-13,2926.32006835938
2019-08-14,2840.60009765625
2019-08-15,2847.60009765625
2019-08-16,2888.67993164062
2019-08-19,2923.64990234375
2019-08-20,2900.51000976562
2019-08-21,2924.42993164062
2019-08-22,2922.94995117188
2019-08-23,2847.11010742188
2019-08-26,2878.3798828125
2019-08-27,2869.15991210938
2019-08-28,2887.93994140625
2019-08-29,2924.580078125
2019-08-30,2926.4599609375
2019-09-03,2906.27001953125
2019-09-04,2937.78002929688
2019-09-05,2976
2019-09-06,2978.7099609375
2019-09-09,2978.42993164062
2019-09-10,2979.38989257812
2019-09-11,3000.92993164062
2019-09-12,3009.57006835938
2019-09-13,3007.38989257812
2019-09-16,2997.9599609375
2019-09-17,3005.69995117188
2019-09-18,3006.72998046875
2019-09-19,3006.7900390625
2019-09-20,2992.07006835938
2019-09-23,2991.78002929688
2019-09-24,2966.60009765625
2019-09-25,2984.8701171875
2019-09-26,2977.6201171875
2019-09-27,2961.7900390625
2019-09-30,2976.73999023438
2019-10-01,2940.25
2019-10-02,2887.61010742188
2019-10-03,2910.6298828125
2019-10-04,2952.01000976562
2019-10-07,2938.7900390625
2019-10-08,2893.06005859375
2019-10-09,2919.39990234375
2019-10-10,2938.1298828125
2019-10-11,2970.27001953125
2019-10-14,2966.14990234375
2019-10-15,2995.67993164062
2019-10-16,2989.68994140625
2019-10-17,2997.94995117188
2019-10-18,2986.19995117188
2019-10-21,3006.71997070312
2019-10-22,2995.98999023438
2019-10-23,3004.52001953125
2019-10-24,3010.2900390625
2019-10-25,3022.55004882812
2019-10-28,3039.419921875
2019-10-29,3036.88989257812
2019-10-30,3046.77001953125
2019-10-31,3037.56005859375
2019-11-01,3066.90991210938
2019-11-04,3078.27001953125
2019-11-05,3074.6201171875
2019-11-06,3076.78002929688
2019-11-07,3085.17993164062
2019-11-08,3093.080078125
2019-11-11,3087.01000976562
2019-11-12,3091.84008789062
2019-11-13,3094.0400390625
2019-11-14,3096.6298828125
2019-11-15,3120.4599609375
2019-11-18,3122.03002929688
2019-11-19,3120.17993164062
2019-11-20,3108.4599609375
2019-11-21,3103.5400390625
2019-11-22,3110.2900390625
2019-11-25,3133.63989257812
2019-11-26,3140.52001953125
2019-11-27,3153.6298828125
2019-11-29,3140.97998046875
2019-12-02,3113.8701171875
2019-12-03,3093.19995117188
2019-12-04,3112.76000976562
2019-12-05,3117.42993164062
2019-12-06,3145.90991210938
2019-12-09,3135.9599609375
2019-12-10,3132.52001953125
2019-12-11,3141.6298828125
2019-12-12,3168.57006835938
2019-12-13,3168.80004882812
2019-12-16,3191.44995117188
2019-12-17,3192.52001953125
2019-12-18,3191.13989257812
2019-12-19,3205.3701171875
2019-12-20,3221.21997070312
2019-12-23,3224.01000976562
2019-12-24,3223.3798828125
2019-12-26,3239.90991210938
2019-12-27,3240.02001953125
2019-12-30,3221.2900390625
2019-12-31,3230.78002929688
2020-01-02,3257.85009765625
2020-01-03,3234.85009765625
2020-01-06,3246.28002929688
2020-01-07,3237.17993164062
2020-01-08,3253.05004882812
2020-01-09,3274.69995117188
2020-01-10,3265.35009765625
2020-01-13,3288.1298828125
2020-01-14,3283.14990234375
2020-01-15,3289.2900390625
2020-01-16,3316.81005859375
2020-01-17,3329.6201171875
2020-01-21,3320.7900390625
2020-01-22,3321.75
2020-01-23,3325.5400390625
2020-01-24,3295.46997070312
2020-01-27,3243.6298828125
2020-01-28,3276.23999023438
2020-01-29,3273.39990234375
2020-01-30,3283.65991210938
2020-01-31,3225.52001953125
2020-02-03,3248.919921875
2020-02-04,3297.59008789062
2020-02-05,3334.68994140625
2020-02-06,3345.78002929688
2020-02-07,3327.7099609375
2020-02-10,3352.09008789062
2020-02-11,3357.75
2020-02-12,3379.44995117188
2020-02-13,3373.93994140625
2020-02-14,3380.15991210938
2020-02-18,3370.2900390625
2020-02-19,3386.14990234375
2020-02-20,3373.22998046875
2020-02-21,3337.75
2020-02-24,3225.88989257812
2020-02-25,3128.2099609375
2020-02-26,3116.38989257812
2020-02-27,2978.76000976562
2020-02-28,2954.21997070312
2020-03-02,3090.22998046875
2020-03-03,3003.3701171875
2020-03-04,3130.1201171875
2020-03-05,3023.93994140625
2020-03-06,2972.3701171875
2020-03-09,2746.56005859375
2020-03-10,2882.22998046875
2020-03-11,2741.3798828125
2020-03-12,2480.63989257812
2020-03-13,2711.02001953125
2020-03-16,2386.1298828125
2020-03-17,2529.18994140625
2020-03-18,2398.10009765625
2020-03-19,2409.38989257812
2020-03-20,2304.919921875
2020-03-23,2237.39990234375
2020-03-24,2447.330078125
2020-03-25,2475.56005859375
2020-03-26,2630.07006835938
2020-03-27,2541.46997070312
2020-03-30,2626.64990234375
2020-03-31,2584.59008789062
2020-04-01,2470.5
2020-04-02,2526.89990234375
2020-04-03,2488.64990234375
2020-04-06,2663.67993164062
2020-04-07,2659.40991210938
2020-04-08,2749.97998046875
2020-04-09,2789.82006835938
2020-04-13,2761.6298828125
2020-04-14,2846.06005859375
2020-04-15,2783.36010742188
2020-04-16,2799.55004882812
2020-04-17,2874.56005859375
2020-04-20,2823.15991210938
2020-04-21,2736.56005859375
2020-04-22,2799.31005859375
2020-04-23,2797.80004882812
2020-04-24,2836.73999023438
2020-04-27,2878.47998046875
2020-04-28,2863.38989257812
2020-04-29,2939.51000976562
2020-04-30,2912.42993164062
2020-05-01,2830.7099609375
2020-05-04,2842.73999023438
2020-05-05,2868.43994140625
2020-05-06,2848.419921875
2020-05-07,2881.18994140625
2020-05-08,2929.80004882812
2020-05-11,2930.18994140625
2020-05-12,2870.1201171875
2020-05-13,2820
2020-05-14,2852.5
2020-05-15,2863.69995117188
2020-05-18,2953.90991210938
2020-05-19,2922.93994140625
2020-05-20,2971.61010742188
2020-05-21,2948.51000976562
2020-05-22,2955.44995117188
2020-05-26,2991.77001953125
2020-05-27,3036.1298828125
2020-05-28,3029.72998046875
2020-05-29,3044.31005859375
2020-06-01,3055.72998046875
2020-06-02,3080.82006835938
2020-06-03,3122.8701171875
2020-06-04,3112.35009765625
2020-06-05,3193.92993164062
2020-06-08,3232.38989257812
2020-06-09,3207.17993164062
2020-06-10,3190.13989257812
2020-06-11,3002.10009765625
2020-06-12,3041.31005859375
2020-06-15,3066.59008789062
2020-06-16,3124.73999023438
2020-06-17,3113.48999023438
2020-06-18,3115.34008789062
2020-06-19,3097.73999023438
2020-06-22,3117.86010742188
2020-06-23,3131.2900390625
2020-06-24,3050.330078125
2020-06-25,3083.76000976562
2020-06-26,3009.05004882812
2020-06-29,3053.23999023438
2020-06-30,3100.2900390625
2020-07-01,3115.86010742188
2020-07-02,3130.01000976562
2020-07-06,3179.71997070312
2020-07-07,3145.32006835938
2020-07-08,3169.93994140625
2020-07-09,3152.05004882812
2020-07-10,3185.0400390625
2020-07-13,3155.21997070312
2020-07-14,3197.52001953125
2020-07-15,3226.56005859375
2020-07-16,3215.57006835938
2020-07-17,3224.72998046875
2020-07-20,3251.84008789062
2020-07-21,3257.30004882812
2020-07-22,3276.02001953125
2020-07-23,3235.65991210938
2020-07-24,3215.6298828125
2020-07-27,3239.40991210938
2020-07-28,3218.43994140625
2020-07-29,3258.43994140625
2020-07-30,3246.21997070312
2020-07-31,3271.1201171875
2020-08-03,3294.61010742188
2020-08-04,3306.51000976562
2020-08-05,3327.77001953125
2020-08-06,3349.15991210938
2020-08-07,3351.28002929688
2020-08-10,3360.46997070312
2020-08-11,3333.68994140625
2020-08-12,3380.35009765625
2020-08-13,3373.42993164062
2020-08-14,3372.85009765625
2020-08-17,3381.98999023438
2020-08-18,3389.78002929688
2020-08-19,3374.85009765625
2020-08-20,3385.51000976562
2020-08-21,3397.15991210938
2020-08-24,3431.28002929688
2020-08-25,3443.6201171875
2020-08-26,3478.72998046875
2020-08-27,3484.55004882812
2020-08-28,3508.01000976562
2020-08-31,3500.31005859375
2020-09-01,3526.64990234375
2020-09-02,3580.84008789062
2020-09-03,3455.06005859375
2020-09-04,3426.9599609375
2020-09-08,3331.84008789062
2020-09-09,3398.9599609375
2020-09-10,3339.18994140625
2020-09-11,3340.96997070312
2020-09-14,3383.5400390625
2020-09-15,3401.19995117188
2020-09-16,3385.48999023438
2020-09-17,3357.01000976562
2020-09-18,3319.46997070312
2020-09-21,3281.06005859375
2020-09-22,3315.57006835938
2020-09-23,3236.919921875
2020-09-24,3246.59008789062
2020-09-25,3298.4599609375
2020-09-28,3351.60009765625
2020-09-29,3335.46997070312
2020-09-30,3363
2020-10-01,3380.80004882812
2020-10-02,3348.419921875
2020-10-05,3408.60009765625
2020-10-06,3360.96997070312
2020-10-07,3419.43994140625
2020-10-08,3446.830078125
2020-10-09,3477.13989257812
2020-10-12,3534.21997070312
2020-10-13,3511.92993164062
2020-10-14,3488.669921875
2020-10-15,3483.34008789062
2020-10-16,3483.81005859375
2020-10-19,3426.919921875
2020-10-20,3443.1201171875
2020-10-21,3435.56005859375
2020-10-22,3453.48999023438
2020-10-23,3465.38989257812
2020-10-26,3400.96997070312
2020-10-27,3390.67993164062
2020-10-28,3271.03002929688
2020-10-29,3310.11010742188
2020-10-30,3269.9599609375
2020-11-02,3310.23999023438
2020-11-03,3369.15991210938
2020-11-04,3443.43994140625
2020-11-05,3510.44995117188
2020-11-06,3509.43994140625
2020-11-09,3550.5
2020-11-10,3545.53002929688
2020-11-11,3572.65991210938
2020-11-12,3537.01000976562
2020-11-13,3585.14990234375
2020-11-16,3626.90991210938
2020-11-17,3609.53002929688
2020-11-18,3567.7900390625
2020-11-19,3581.8701171875
2020-11-20,3557.5400390625
2020-11-23,3577.59008789062
2020-11-24,3635.40991210938
2020-11-25,3629.64990234375
2020-11-27,3638.35009765625
2020-11-30,3621.6298828125
2020-12-01,3662.44995117188
2020-12-02,3669.01000976562
2020-12-03,3666.71997070312
2020-12-04,3699.1201171875
2020-12-07,3691.9599609375
2020-12-08,3702.25
2020-12-09,3672.82006835938
2020-12-10,3668.10009765625
2020-12-11,3663.4599609375
2020-12-14,3647.48999023438
2020-12-15,3694.6201171875
2020-12-16,3701.169921875
2020-12-17,3722.47998046875
2020-12-18,3709.40991210938
2020-12-21,3694.919921875
2020-12-22,3687.26000976562
2020-12-23,3690.01000976562
2020-12-24,3703.06005859375
2020-12-28,3735.36010742188
2020-12-29,3727.0400390625
2020-12-30,3732.0400390625
2020-12-31,3756.07006835938
2021-01-04,3700.64990234375
2021-01-05,3726.86010742188
2021-01-06,3748.13989257812
2021-01-07,3803.7900390625
2021-01-08,3824.67993164062
2021-01-11,3799.61010742188
2021-01-12,3801.18994140625
2021-01-13,3809.84008789062
2021-01-14,3795.5400390625
2021-01-15,3768.25
2021-01-19,3798.90991210938
2021-01-20,3851.85009765625
2021-01-21,3853.07006835938
2021-01-22,3841.46997070312
2021-01-25,3855.36010742188
2021-01-26,3849.6201171875
2021-01-27,3750.77001953125
2021-01-28,3787.3798828125
2021-01-29,3714.23999023438
2021-02-01,3773.86010742188
2021-02-02,3826.31005859375
2021-02-03,3830.169921875
2021-02-04,3871.73999023438
2021-02-05,3886.830078125
2021-02-08,3915.59008789062
2021-02-09,3911.22998046875
2021-02-10,3909.8798828125
2021-02-11,3916.3798828125
2021-02-12,3934.830078125
2021-02-16,3932.59008789062
2021-02-17,3931.330078125
2021-02-18,3913.96997070312
2021-02-19,3906.7099609375
2021-02-22,3876.5
2021-02-23,3881.3701171875
2021-02-24,3925.42993164062
2021-02-25,3829.34008789062
2021-02-26,3811.14990234375
2021-03-01,3901.82006835938
2021-03-02,3870.2900390625
2021-03-03,3819.71997070312
2021-03-04,3768.46997070312
2021-03-05,3841.93994140625
2021-03-08,3821.35009765625
2021-03-09,3875.43994140625
2021-03-10,3898.81005859375
2021-03-11,3939.34008789062
2021-03-12,3943.34008789062
2021-03-15,3968.93994140625
2021-03-16,3962.7099609375
2021-03-17,3974.1201171875
2021-03-18,3915.4599609375
2021-03-19,3913.10009765625
2021-03-22,3940.59008789062
2021-03-23,3910.52001953125
2021-03-24,3889.13989257812
2021-03-25,3909.52001953125
2021-03-26,3974.5400390625
2021-03-29,3971.09008789062
2021-03-30,3958.55004882812
2021-03-31,3972.88989257812
2021-04-01,4019.8701171875
2021-04-05,4077.90991210938
2021-04-06,4073.93994140625
2021-04-07,4079.94995117188
2021-04-08,4097.169921875
2021-04-09,4128.7998046875
2021-04-12,4127.990234375
2021-04-13,4141.58984375
2021-04-14,4124.66015625
2021-04-15,4170.419921875
2021-04-16,4185.47021484375
2021-04-19,4163.259765625
2021-04-20,4134.93994140625
2021-04-21,4173.419921875
2021-04-22,4134.97998046875
2021-04-23,4180.169921875
2021-04-26,4187.6201171875
2021-04-27,4186.72021484375
2021-04-28,4183.18017578125
2021-04-29,4211.47021484375
2021-04-30,4181.169921875
2021-05-03,4192.66015625
2021-05-04,4164.66015625
2021-05-05,4167.58984375
2021-05-06,4201.6201171875
2021-05-07,4232.60009765625
2021-05-10,4188.43017578125
2021-05-11,4152.10009765625
2021-05-12,4063.0400390625
2021-05-13,4112.5
2021-05-14,4173.85009765625
2021-05-17,4163.2900390625
2021-05-18,4127.830078125
2021-05-19,4115.68017578125
2021-05-20,4159.1201171875
2021-05-21,4155.85986328125
2021-05-24,4197.0498046875
2021-05-25,4188.1298828125
2021-05-26,4195.990234375
2021-05-27,4200.8798828125
2021-05-28,4204.10986328125
2021-06-01,4202.0400390625
2021-06-02,4208.1201171875
2021-06-03,4192.85009765625
2021-06-04,4229.89013671875
2021-06-07,4226.52001953125
2021-06-08,4227.259765625
2021-06-09,4219.5498046875
2021-06-10,4239.18017578125
2021-06-11,4247.43994140625
2021-06-14,4255.14990234375
2021-06-15,4246.58984375
2021-06-16,4223.7001953125
2021-06-17,4221.85986328125
2021-06-18,4166.4501953125
2021-06-21,4224.7900390625
2021-06-22,4246.43994140625
2021-06-23,4241.83984375
2021-06-24,4266.490234375
2021-06-25,4280.7001953125
2021-06-28,4290.60986328125
2021-06-29,4291.7998046875
2021-06-30,4297.5
2021-07-01,4319.93994140625
2021-07-02,4352.33984375
2021-07-06,4343.5400390625
2021-07-07,4358.1298828125
2021-07-08,4320.81982421875
2021-07-09,4369.5498046875
2021-07-12,4384.6298828125
2021-07-13,4369.2099609375
2021-07-14,4374.2998046875
2021-07-15,4360.02978515625
2021-07-16,4327.16015625
2021-07-19,4258.490234375
2021-07-20,4323.06005859375
2021-07-21,4358.68994140625
2021-07-22,4367.47998046875
2021-07-23,4411.7900390625
2021-07-26,4422.2998046875
2021-07-27,4401.4599609375
2021-07-28,4400.64013671875
2021-07-29,4419.14990234375
2021-07-30,4395.259765625
2021-08-02,4387.16015625
2021-08-03,4423.14990234375
2021-08-04,4402.66015625
2021-08-05,4429.10009765625
2021-08-06,4436.52001953125
2021-08-09,4432.35009765625
2021-08-10,4436.75
2021-08-11,4442.41015625
2021-08-12,4460.830078125
2021-08-13,4468
2021-08-16,4479.7099609375
2021-08-17,4448.080078125
2021-08-18,4400.27001953125
2021-08-19,4405.7998046875
2021-08-20,4441.669921875
2021-08-23,4479.52978515625
2021-08-24,4486.22998046875
2021-08-25,4496.18994140625
2021-08-26,4470
2021-08-27,4509.3701171875
2021-08-30,4528.7900390625
2021-08-31,4522.68017578125
2021-09-01,4524.08984375
2021-09-02,4536.9501953125
2021-09-03,4535.43017578125
2021-09-07,4520.02978515625
2021-09-08,4514.06982421875
2021-09-09,4493.27978515625
2021-09-10,4458.580078125
2021-09-13,4468.72998046875
2021-09-14,4443.0498046875
2021-09-15,4480.7001953125
2021-09-16,4473.75
2021-09-17,4432.990234375
2021-09-20,4357.72998046875
2021-09-21,4354.18994140625
2021-09-22,4395.64013671875
2021-09-23,4448.97998046875
2021-09-24,4455.47998046875
2021-09-27,4443.10986328125
2021-09-28,4352.6298828125
2021-09-29,4359.4599609375
2021-09-30,4307.5400390625
2021-10-01,4357.0400390625
2021-10-04,4300.4599609375
2021-10-05,4345.72021484375
2021-10-06,4363.5498046875
2021-10-07,4399.759765625
2021-10-08,4391.33984375
2021-10-11,4361.18994140625
2021-10-12,4350.64990234375
2021-10-13,4363.7998046875
2021-10-14,4438.259765625
2021-10-15,4471.3701171875
2021-10-18,4486.4599609375
2021-10-19,4519.6298828125
2021-10-20,4536.18994140625
2021-10-21,4549.77978515625
2021-10-22,4544.89990234375
2021-10-25,4566.47998046875
2021-10-26,4574.7900390625
2021-10-27,4551.68017578125
2021-10-28,4596.419921875
2021-10-29,4605.3798828125
2021-11-01,4613.669921875
2021-11-02,4630.64990234375
2021-11-03,4660.56982421875
2021-11-04,4680.06005859375
2021-11-05,4697.52978515625
2021-11-08,4701.7001953125
2021-11-09,4685.25
2021-11-10,4646.7099609375
2021-11-11,4649.27001953125
2021-11-12,4682.85009765625
2021-11-15,4682.7998046875
2021-11-16,4700.89990234375
2021-11-17,4688.669921875
2021-11-18,4704.5400390625
2021-11-19,4697.9599609375
2021-11-22,4682.93994140625
2021-11-23,4690.7001953125
2021-11-24,4701.4599609375
2021-11-26,4594.6201171875
2021-11-29,4655.27001953125
2021-11-30,4567
2021-12-01,4513.0400390625
2021-12-02,4577.10009765625
2021-12-03,4538.43017578125
2021-12-06,4591.669921875
2021-12-07,4686.75
2021-12-08,4701.2099609375
2021-12-09,4667.4501953125
2021-12-10,4712.02001953125
2021-12-13,4668.97021484375
2021-12-14,4634.08984375
2021-12-15,4709.85009765625
2021-12-16,4668.669921875
2021-12-17,4620.64013671875
2021-12-20,4568.02001953125
2021-12-21,4649.22998046875
2021-12-22,4696.56005859375
2021-12-23,4725.7900390625
2021-12-27,4791.18994140625
2021-12-28,4786.35009765625
2021-12-29,4793.06005859375
2021-12-30,4778.72998046875
2021-12-31,4766.18017578125
2022-01-03,4796.56005859375
2022-01-04,4793.5400390625
2022-01-05,4700.580078125
2022-01-06,4696.0498046875
2022-01-07,4677.02978515625
2022-01-10,4670.2900390625
2022-01-11,4713.06982421875
2022-01-12,4726.35009765625
2022-01-13,4659.02978515625
2022-01-14,4662.85009765625
2022-01-18,4577.10986328125
2022-01-19,4532.759765625
2022-01-20,4482.72998046875
2022-01-21,4397.93994140625
2022-01-24,4410.1298828125
2022-01-25,4356.4501953125
2022-01-26,4349.93017578125
2022-01-27,4326.509765625
2022-01-28,4431.85009765625
2022-01-31,4515.5498046875
2022-02-01,4546.5400390625
2022-02-02,4589.3798828125
2022-02-03,4477.43994140625
2022-02-04,4500.52978515625
2022-02-07,4483.8701171875
2022-02-08,4521.5400390625
2022-02-09,4587.18017578125
2022-02-10,4504.080078125
2022-02-11,4418.64013671875
2022-02-14,4401.669921875
2022-02-15,4471.06982421875
2022-02-16,4475.009765625
2022-02-17,4380.259765625
2022-02-18,4348.8701171875
2022-02-22,4304.759765625
2022-02-23,4225.5
2022-02-24,4288.7001953125
2022-02-25,4384.64990234375
2022-02-28,4373.93994140625
2022-03-01,4306.259765625
2022-03-02,4386.5400390625
2022-03-03,4363.490234375
2022-03-04,4328.8701171875
2022-03-07,4201.08984375
2022-03-08,4170.7001953125
2022-03-09,4277.8798828125
2022-03-10,4259.52001953125
2022-03-11,4204.31005859375
2022-03-14,4173.10986328125
2022-03-15,4262.4501953125
2022-03-16,4357.85986328125
2022-03-17,4411.669921875
2022-03-18,4463.1201171875
2022-03-21,4461.18017578125
2022-03-22,4511.60986328125
2022-03-23,4456.240234375
2022-03-24,4520.16015625
2022-03-25,4543.06005859375
2022-03-28,4575.52001953125
2022-03-29,4631.60009765625
2022-03-30,4602.4501953125
2022-03-31,4530.41015625
2022-04-01,4545.85986328125
2022-04-04,4582.64013671875
2022-04-05,4525.1201171875
2022-04-06,4481.14990234375
2022-04-07,4500.2099609375
2022-04-08,4488.27978515625
2022-04-11,4412.52978515625
2022-04-12,4397.4501953125
2022-04-13,4446.58984375
2022-04-14,4392.58984375
2022-04-18,4391.68994140625
2022-04-19,4462.2099609375
2022-04-20,4459.4501953125
2022-04-21,4393.66015625
2022-04-22,4271.77978515625
2022-04-25,4296.1201171875
2022-04-26,4175.2001953125
2022-04-27,4183.9599609375
2022-04-28,4287.5
2022-04-29,4131.93017578125
2022-05-02,4155.3798828125
2022-05-03,4175.47998046875
2022-05-04,4300.169921875
2022-05-05,4146.8701171875
2022-05-06,4123.33984375
2022-05-09,3991.23999023438
2022-05-10,4001.05004882812
2022-05-11,3935.17993164062
2022-05-12,3930.080078125
2022-05-13,4023.88989257812
2022-05-16,4008.01000976562
2022-05-17,4088.85009765625
2022-05-18,3923.67993164062
2022-05-19,3900.7900390625
2022-05-20,3901.36010742188
2022-05-23,3973.75
2022-05-24,3941.47998046875
2022-05-25,3978.72998046875
2022-05-26,4057.84008789062
2022-05-27,4158.240234375
2022-05-31,4132.14990234375
2022-06-01,4101.22998046875
2022-06-02,4176.81982421875
2022-06-03,4108.5400390625
2022-06-06,4121.43017578125
2022-06-07,4160.68017578125
2022-06-08,4115.77001953125
2022-06-09,4017.82006835938
2022-06-10,3900.86010742188
2022-06-13,3749.6298828125
2022-06-14,3735.47998046875
2022-06-15,3789.98999023438
2022-06-16,3666.77001953125
2022-06-17,3674.84008789062
2022-06-21,3764.7900390625
2022-06-22,3759.88989257812
2022-06-23,3795.72998046875
2022-06-24,3911.73999023438
2022-06-27,3900.11010742188
2022-06-28,3821.55004882812
2022-06-29,3818.830078125
2022-06-30,3785.3798828125
2022-07-01,3825.330078125
2022-07-05,3831.38989257812
2022-07-06,3845.080078125
2022-07-07,3902.6201171875
2022-07-08,3899.3798828125
2022-07-11,3854.42993164062
2022-07-12,3818.80004882812
2022-07-13,3801.78002929688
2022-07-14,3790.3798828125
2022-07-15,3863.15991210938
2022-07-18,3830.85009765625
2022-07-19,3936.68994140625
2022-07-20,3959.89990234375
2022-07-21,3998.94995117188
2022-07-22,3961.6298828125
2022-07-25,3966.84008789062
2022-07-26,3921.05004882812
2022-07-27,4023.61010742188
2022-07-28,4072.42993164062
2022-07-29,4130.2900390625
2022-08-01,4118.6298828125
2022-08-02,4091.18994140625
2022-08-03,4155.169921875
2022-08-04,4151.93994140625
2022-08-05,4145.18994140625
2022-08-08,4140.06005859375
2022-08-09,4122.47021484375
2022-08-10,4210.240234375
2022-08-11,4207.27001953125
2022-08-12,4280.14990234375
2022-08-15,4297.14013671875
2022-08-16,4305.2001953125
2022-08-17,4274.0400390625
2022-08-18,4283.740234375
2022-08-19,4228.47998046875
2022-08-22,4137.990234375
2022-08-23,4128.72998046875
2022-08-24,4140.77001953125
2022-08-25,4199.1201171875
2022-08-26,4057.65991210938
2022-08-29,4030.61010742188
2022-08-30,3986.15991210938
2022-08-31,3955
2022-09-01,3966.85009765625
2022-09-02,3924.26000976562
2022-09-06,3908.18994140625
2022-09-07,3979.8701171875
2022-09-08,4006.17993164062
2022-09-09,4067.36010742188
2022-09-12,4110.41015625
2022-09-13,3932.68994140625
2022-09-14,3946.01000976562
2022-09-15,3901.35009765625
2022-09-16,3873.330078125
2022-09-19,3899.88989257812
2022-09-20,3855.92993164062
2022-09-21,3789.92993164062
2022-09-22,3757.98999023438
2022-09-23,3693.22998046875
2022-09-26,3655.0400390625
2022-09-27,3647.2900390625
2022-09-28,3719.0400390625
2022-09-29,3640.46997070312
2022-09-30,3585.6201171875
2022-10-03,3678.42993164062
2022-10-04,3790.92993164062
2022-10-05,3783.28002929688
2022-10-06,3744.52001953125
2022-10-07,3639.65991210938
2022-10-10,3612.38989257812
2022-10-11,3588.84008789062
2022-10-12,3577.03002929688
2022-10-13,3669.90991210938
2022-10-14,3583.07006835938
2022-10-17,3677.94995117188
2022-10-18,3719.97998046875
2022-10-19,3695.15991210938
2022-10-20,3665.78002929688
2022-10-21,3752.75
2022-10-24,3797.34008789062
2022-10-25,3859.11010742188
2022-10-26,3830.60009765625
2022-10-27,3807.30004882812
2022-10-28,3901.06005859375
2022-10-31,3871.97998046875
2022-11-01,3856.10009765625
2022-11-02,3759.68994140625
2022-11-03,3719.88989257812
2022-11-04,3770.55004882812
2022-11-07,3806.80004882812
2022-11-08,3828.11010742188
2022-11-09,3748.57006835938
2022-11-10,3956.3701171875
2022-11-11,3992.92993164062
2022-11-14,3957.25
2022-11-15,3991.72998046875
2022-11-16,3958.7900390625
2022-11-17,3946.56005859375
2022-11-18,3965.34008789062
2022-11-21,3949.93994140625
2022-11-22,4003.580078125
2022-11-23,4027.26000976562
2022-11-25,4026.1201171875
2022-11-28,3963.93994140625
2022-11-29,3957.6298828125
2022-11-30,4080.11010742188
2022-12-01,4076.57006835938
2022-12-02,4071.69995117188
2022-12-05,3998.84008789062
2022-12-06,3941.26000976562
2022-12-07,3933.919921875
2022-12-08,3963.51000976562
2022-12-09,3934.3798828125
2022-12-12,3990.56005859375
2022-12-13,4019.64990234375
2022-12-14,3995.32006835938
2022-12-15,3895.75
2022-12-16,3852.36010742188
2022-12-19,3817.65991210938
2022-12-20,3821.6201171875
2022-12-21,3878.43994140625
2022-12-22,3822.38989257812
2022-12-23,3844.82006835938
2022-12-27,3829.25
2022-12-28,3783.21997070312
2022-12-29,3849.28002929688
2022-12-30,3839.5
2023-01-03,3824.13989257812
2023-01-04,3852.96997070312
2023-01-05,3808.10009765625
2023-01-06,3895.080078125
2023-01-09,3892.09008789062
2023-01-10,3919.25
2023-01-11,3969.61010742188
2023-01-12,3983.169921875
2023-01-13,3999.09008789062
2023-01-17,3990.96997070312
2023-01-18,3928.86010742188
2023-01-19,3898.85009765625
2023-01-20,3972.61010742188
2023-01-23,4019.81005859375
2023-01-24,4016.94995117188
2023-01-25,4016.21997070312
2023-01-26,4060.42993164062
2023-01-27,4070.56005859375
2023-01-30,4017.77001953125
2023-01-31,4076.60009765625
2023-02-01,4119.2099609375
2023-02-02,4179.759765625
2023-02-03,4136.47998046875
2023-02-06,4111.080078125
2023-02-07,4164
2023-02-08,4117.85986328125
2023-02-09,4081.5
2023-02-10,4090.4599609375
2023-02-13,4137.2900390625
2023-02-14,4136.1298828125
2023-02-15,4147.60009765625
2023-02-16,4090.40991210938
2023-02-17,4079.09008789062
2023-02-21,3997.34008789062
2023-02-22,3991.05004882812
2023-02-23,4012.32006835938
2023-02-24,3970.0400390625
2023-02-27,3982.23999023438
2023-02-28,3970.14990234375
2023-03-01,3951.38989257812
2023-03-02,3981.35009765625
2023-03-03,4045.63989257812
2023-03-06,4048.419921875
2023-03-07,3986.3701171875
2023-03-08,3992.01000976562
2023-03-09,3918.32006835938
2023-03-10,3861.59008789062
2023-03-13,3855.76000976562
2023-03-14,3919.2900390625
2023-03-15,3891.92993164062
2023-03-16,3960.28002929688
2023-03-17,3916.63989257812
2023-03-20,3951.57006835938
2023-03-21,4002.8701171875
2023-03-22,3936.96997070312
2023-03-23,3948.71997070312
2023-03-24,3970.98999023438
2023-03-27,3977.53002929688
2023-03-28,3971.27001953125
2023-03-29,4027.81005859375
2023-03-30,4050.830078125
2023-03-31,4109.31005859375
2023-04-03,4124.509765625
2023-04-04,4100.60009765625
2023-04-05,4090.3798828125
2023-04-06,4105.02001953125
2023-04-10,4109.10986328125
2023-04-11,4108.93994140625
2023-04-12,4091.94995117188
2023-04-13,4146.22021484375
2023-04-14,4137.64013671875
2023-04-17,4151.31982421875
2023-04-18,4154.8701171875
2023-04-19,4154.52001953125
2023-04-20,4129.7900390625
2023-04-21,4133.52001953125
2023-04-24,4137.0400390625
2023-04-25,4071.6298828125
2023-04-26,4055.98999023438
2023-04-27,4135.35009765625
2023-04-28,4169.47998046875
2023-05-01,4167.8701171875
2023-05-02,4119.580078125
2023-05-03,4090.75
2023-05-04,4061.21997070312
2023-05-05,4136.25
2023-05-08,4138.1201171875
2023-05-09,4119.169921875
2023-05-10,4137.64013671875
2023-05-11,4130.6201171875
2023-05-12,4124.080078125
2023-05-15,4136.27978515625
2023-05-16,4109.89990234375
2023-05-17,4158.77001953125
2023-05-18,4198.0498046875
2023-05-19,4191.97998046875
2023-05-22,4192.6298828125
2023-05-23,4145.580078125
2023-05-24,4115.240234375
2023-05-25,4151.27978515625
2023-05-26,4205.4501953125
2023-05-30,4205.52001953125
2023-05-31,4179.830078125
2023-06-01,4221.02001953125
2023-06-02,4282.3701171875
2023-06-05,4273.7900390625
2023-06-06,4283.85009765625
2023-06-07,4267.52001953125
2023-06-08,4293.93017578125
2023-06-09,4298.85986328125
2023-06-12,4338.93017578125
2023-06-13,4369.009765625
2023-06-14,4372.58984375
2023-06-15,4425.83984375
2023-06-16,4409.58984375
2023-06-20,4388.7099609375
2023-06-21,4365.68994140625
2023-06-22,4381.89013671875
2023-06-23,4348.330078125
2023-06-26,4328.81982421875
2023-06-27,4378.41015625
2023-06-28,4376.85986328125
2023-06-29,4396.43994140625
2023-06-30,4450.3798828125
2023-07-03,4455.58984375
2023-07-05,4446.81982421875
2023-07-06,4411.58984375
2023-07-07,4398.9501953125
2023-07-10,4409.52978515625
2023-07-11,4439.259765625
2023-07-12,4472.16015625
2023-07-13,4510.0400390625
2023-07-14,4505.419921875
2023-07-17,4522.7900390625
2023-07-18,4554.97998046875
2023-07-19,4565.72021484375
2023-07-20,4534.8701171875
2023-07-21,4536.33984375
2023-07-24,4554.64013671875
2023-07-25,4567.4599609375
2023-07-26,4566.75
2023-07-27,4537.41015625
2023-07-28,4582.22998046875
2023-07-31,4588.9599609375
2023-08-01,4576.72998046875
2023-08-02,4513.39013671875
2023-08-03,4501.89013671875
2023-08-04,4478.02978515625
2023-08-07,4518.43994140625
2023-08-08,4499.3798828125
2023-08-09,4467.7099609375
2023-08-10,4468.830078125
2023-08-11,4464.0498046875
2023-08-14,4489.72021484375
2023-08-15,4437.85986328125
2023-08-16,4404.330078125
2023-08-17,4370.35986328125
2023-08-18,4369.7099609375
2023-08-21,4399.77001953125
2023-08-22,4387.5498046875
2023-08-23,4436.009765625
2023-08-24,4376.31005859375
2023-08-25,4405.7099609375
2023-08-28,4433.31005859375
2023-08-29,4497.6298828125
2023-08-30,4514.8701171875
2023-08-31,4507.66015625
2023-09-01,4515.77001953125
2023-09-05,4496.830078125
2023-09-06,4465.47998046875
2023-09-07,4451.14013671875
2023-09-08,4457.490234375
2023-09-11,4487.4599609375
2023-09-12,4461.89990234375
2023-09-13,4467.43994140625
2023-09-14,4505.10009765625
2023-09-15,4450.31982421875
2023-09-18,4453.52978515625
2023-09-19,4443.9501953125
2023-09-20,4402.2001953125
2023-09-21,4330
2023-09-22,4320.06005859375
2023-09-25,4337.43994140625
2023-09-26,4273.52978515625
2023-09-27,4274.509765625
2023-09-28,4299.7001953125
2023-09-29,4288.0498046875
2023-10-02,4288.39013671875
2023-10-03,4229.4501953125
2023-10-04,4263.75
2023-10-05,4258.18994140625
2023-10-06,4308.5
2023-10-09,4335.66015625
2023-10-10,4358.240234375
2023-10-11,4376.9501953125
2023-10-12,4349.60986328125
2023-10-13,4327.77978515625
2023-10-16,4373.6298828125
2023-10-17,4373.2001953125
2023-10-18,4314.60009765625
2023-10-19,4278
2023-10-20,4224.16015625
2023-10-23,4217.0400390625
2023-10-24,4247.68017578125
2023-10-25,4186.77001953125
2023-10-26,4137.22998046875
2023-10-27,4117.3701171875
2023-10-30,4166.81982421875
2023-10-31,4193.7998046875
2023-11-01,4237.85986328125
2023-11-02,4317.77978515625
2023-11-03,4358.33984375
2023-11-06,4365.97998046875
2023-11-07,4378.3798828125
2023-11-08,4382.77978515625
2023-11-09,4347.35009765625
2023-11-10,4415.240234375
2023-11-13,4411.5498046875
2023-11-14,4495.7001953125
2023-11-15,4502.8798828125
2023-11-16,4508.240234375
2023-11-17,4514.02001953125
2023-11-20,4547.3798828125
2023-11-21,4538.18994140625
2023-11-22,4556.6201171875
2023-11-24,4559.33984375
2023-11-27,4550.43017578125
2023-11-28,4554.89013671875
2023-11-29,4550.580078125
2023-11-30,4567.7998046875
2023-12-01,4594.6298828125
2023-12-04,4569.77978515625
2023-12-05,4567.18017578125
2023-12-06,4549.33984375
2023-12-07,4585.58984375
2023-12-08,4604.3701171875
2023-12-11,4622.43994140625
2023-12-12,4643.7001953125
2023-12-13,4707.08984375
2023-12-14,4719.5498046875
2023-12-15,4719.18994140625
2023-12-18,4740.56005859375
2023-12-19,4768.3701171875
2023-12-20,4698.35009765625
2023-12-21,4746.75
2023-12-22,4754.6298828125
2023-12-26,4774.75
2023-12-27,4781.580078125
2023-12-28,4783.35009765625
2023-12-29,4769.830078125
2024-01-02,4742.830078125
2024-01-03,4704.81005859375
2024-01-04,4688.68017578125
2024-01-05,4697.240234375
2024-01-08,4763.5400390625
2024-01-09,4756.5
2024-01-10,4783.4501953125
2024-01-11,4780.240234375
2024-01-12,4783.830078125
2024-01-16,4765.97998046875
2024-01-17,4739.2099609375
2024-01-18,4780.93994140625
2024-01-19,4839.81005859375
2024-01-22,4850.43017578125
2024-01-23,4864.60009765625
2024-01-24,4868.5498046875
2024-01-25,4894.16015625
2024-01-26,4890.97021484375
2024-01-29,4927.93017578125
2024-01-30,4924.97021484375
2024-01-31,4845.64990234375
2024-02-01,4906.18994140625
2024-02-02,4958.60986328125
2024-02-05,4942.81005859375
2024-02-06,4954.22998046875
2024-02-07,4995.06005859375
2024-02-08,4997.91015625
2024-02-09,5026.60986328125
2024-02-12,5021.83984375
2024-02-13,4953.169921875
2024-02-14,5000.6201171875
2024-02-15,5029.72998046875
2024-02-16,5005.56982421875
2024-02-20,4975.509765625
2024-02-21,4981.7998046875
2024-02-22,5087.02978515625
2024-02-23,5088.7998046875
2024-02-26,5069.52978515625
2024-02-27,5078.18017578125
2024-02-28,5069.759765625
2024-02-29,5096.27001953125
2024-03-01,5137.080078125
2024-03-04,5130.9501953125
2024-03-05,5078.64990234375
2024-03-06,5104.759765625
2024-03-07,5157.35986328125
2024-03-08,5123.68994140625
2024-03-11,5117.93994140625
2024-03-12,5175.27001953125
2024-03-13,5165.31005859375
2024-03-14,5150.47998046875
2024-03-15,5117.08984375
2024-03-18,5149.419921875
2024-03-19,5178.509765625
2024-03-20,5224.6201171875
2024-03-21,5241.52978515625
2024-03-22,5234.18017578125
2024-03-25,5218.18994140625
2024-03-26,5203.580078125
2024-03-27,5248.490234375
2024-03-28,5254.35009765625
2024-04-01,5243.77001953125
2024-04-02,5205.81005859375
2024-04-03,5211.490234375
2024-04-04,5147.2099609375
2024-04-05,5204.33984375
2024-04-08,5202.39013671875
2024-04-09,5209.91015625
2024-04-10,5160.64013671875
2024-04-11,5199.06005859375
2024-04-12,5123.41015625
2024-04-15,5061.81982421875
2024-04-16,5051.41015625
2024-04-17,5022.2099609375
2024-04-18,5011.1201171875
2024-04-19,4967.22998046875
2024-04-22,5010.60009765625
2024-04-23,5070.5498046875
2024-04-24,5071.6298828125
2024-04-25,5048.419921875
2024-04-26,5099.9599609375
2024-04-29,5116.169921875
2024-04-30,5035.68994140625
2024-05-01,5018.39013671875
2024-05-02,5064.2001953125
2024-05-03,5127.7900390625
2024-05-06,5180.740234375
2024-05-07,5187.7001953125
2024-05-08,5187.669921875
2024-05-09,5214.080078125
2024-05-10,5222.68017578125
2024-05-13,5221.419921875
2024-05-14,5246.68017578125
2024-05-15,5308.14990234375
2024-05-16,5297.10009765625
2024-05-17,5303.27001953125
2024-05-20,5308.1298828125
2024-05-21,5321.41015625
2024-05-22,5307.009765625
2024-05-23,5267.83984375
2024-05-24,5304.72021484375
2024-05-28,5306.0400390625
2024-05-29,5266.9501953125
2024-05-30,5235.47998046875
2024-05-31,5277.509765625
2024-06-03,5283.39990234375
2024-06-04,5291.33984375
2024-06-05,5354.02978515625
2024-06-06,5352.9599609375
2024-06-07,5346.990234375
2024-06-10,5360.7900390625
2024-06-11,5375.31982421875
2024-06-12,5421.02978515625
2024-06-13,5433.740234375
2024-06-14,5431.60009765625
2024-06-17,5473.22998046875
2024-06-18,5487.02978515625
2024-06-20,5473.169921875
2024-06-21,5464.6201171875
2024-06-24,5447.8701171875
2024-06-25,5469.2998046875
2024-06-26,5477.89990234375
2024-06-27,5482.8701171875
2024-06-28,5460.47998046875
2024-07-01,5475.08984375
2024-07-02,5509.009765625
2024-07-03,5537.02001953125
2024-07-05,5567.18994140625
2024-07-08,5572.85009765625
2024-07-09,5576.97998046875
2024-07-10,5633.91015625
2024-07-11,5584.5400390625
2024-07-12,5615.35009765625
2024-07-15,5631.22021484375
2024-07-16,5667.2001953125
2024-07-17,5588.27001953125
2024-07-18,5544.58984375
2024-07-19,5505
2024-07-22,5564.41015625
2024-07-23,5555.740234375
2024-07-24,5427.1298828125
2024-07-25,5399.22021484375
2024-07-26,5459.10009765625
2024-07-29,5463.5400390625
2024-07-30,5436.43994140625
2024-07-31,5522.2998046875
2024-08-01,5446.68017578125
2024-08-02,5346.56005859375
2024-08-05,5186.330078125
2024-08-06,5240.02978515625
2024-08-07,5199.5
2024-08-08,5319.31005859375
2024-08-09,5344.16015625
2024-08-12,5344.39013671875
2024-08-13,5434.43017578125
2024-08-14,5455.2099609375
2024-08-15,5543.22021484375
2024-08-16,5554.25
2024-08-19,5608.25
2024-08-20,5597.1201171875
2024-08-21,5620.85009765625
2024-08-22,5570.64013671875
2024-08-23,5634.60986328125
2024-08-26,5616.83984375
2024-08-27,5625.7998046875
2024-08-28,5592.18017578125
2024-08-29,5591.9599609375
2024-08-30,5648.39990234375
2024-09-03,5528.93017578125
2024-09-04,5520.06982421875
2024-09-05,5503.41015625
2024-09-06,5408.419921875
2024-09-09,5471.0498046875
2024-09-10,5495.52001953125
2024-09-11,5554.1298828125
2024-09-12,5595.759765625
2024-09-13,5626.02001953125
2024-09-16,5633.08984375
2024-09-17,5634.580078125
2024-09-18,5618.259765625
2024-09-19,5713.64013671875
2024-09-20,5702.5498046875
2024-09-23,5718.56982421875
2024-09-24,5732.93017578125
2024-09-25,5722.259765625
2024-09-26,5745.3701171875
2024-09-27,5738.169921875
2024-09-30,5762.47998046875
2024-10-01,5708.75
2024-10-02,5709.5400390625
2024-10-03,5699.93994140625
2024-10-04,5751.06982421875
2024-10-07,5695.93994140625
2024-10-08,5751.1298828125
2024-10-09,5792.0400390625
2024-10-10,5780.0498046875
2024-10-11,5815.02978515625
2024-10-14,5859.85009765625
2024-10-15,5815.259765625
2024-10-16,5842.47021484375
2024-10-17,5841.47021484375
2024-10-18,5864.669921875
2024-10-21,5853.97998046875
2024-10-22,5851.2001953125
2024-10-23,5797.419921875
2024-10-24,5809.85986328125
2024-10-25,5808.1201171875
2024-10-28,5823.52001953125
2024-10-29,5832.919921875
2024-10-30,5813.669921875
2024-10-31,5705.4501953125
2024-11-01,5728.7998046875
2024-11-04,5712.68994140625
2024-11-05,5782.759765625
2024-11-06,5929.0400390625
2024-11-07,5973.10009765625
2024-11-08,5995.5400390625
2024-11-11,6001.35009765625
2024-11-12,5983.990234375
2024-11-13,5985.3798828125
2024-11-14,5949.169921875
2024-11-15,5870.6201171875
2024-11-18,5893.6201171875
2024-11-19,5916.97998046875
2024-11-20,5917.10986328125
2024-11-21,5948.7099609375
2024-11-22,5969.33984375
2024-11-25,5987.3701171875
2024-11-26,6021.6298828125
2024-11-27,5998.740234375
2024-11-29,6032.3798828125
2024-12-02,6047.14990234375
2024-12-03,6049.8798828125
2024-12-04,6086.490234375
2024-12-05,6075.10986328125
2024-12-06,6090.27001953125
2024-12-09,6052.85009765625
2024-12-10,6034.91015625
2024-12-11,6084.18994140625
2024-12-12,6051.25
2024-12-13,6051.08984375
2024-12-16,6074.080078125
2024-12-17,6050.60986328125
2024-12-18,5872.16015625
2024-12-19,5867.080078125
2024-12-20,5930.85009765625
2024-12-23,5974.06982421875
2024-12-24,6040.0400390625
2024-12-26,6037.58984375
2024-12-27,5970.83984375
2024-12-30,5906.93994140625
2024-12-31,5881.6298828125
2025-01-02,5868.5498046875
2025-01-03,5942.47021484375
2025-01-06,5975.3798828125
2025-01-07,5909.02978515625
2025-01-08,5918.25
2025-01-10,5827.0400390625
2025-01-13,5836.22021484375
2025-01-14,5842.91015625
2025-01-15,5949.91015625
2025-01-16,5937.33984375
2025-01-17,5996.66015625
2025-01-21,6049.240234375
2025-01-22,6086.3701171875
2025-01-23,6118.7099609375
2025-01-24,6101.240234375
2025-01-27,6012.27978515625
2025-01-28,6067.7001953125
2025-01-29,6039.31005859375
2025-01-30,6071.169921875
2025-01-31,6040.52978515625
2025-02-03,5994.56982421875
2025-02-04,6037.8798828125
2025-02-05,6061.47998046875
2025-02-06,6083.56982421875
2025-02-07,6025.990234375
2025-02-10,6066.43994140625
2025-02-11,6068.5
2025-02-12,6051.97021484375
2025-02-13,6115.06982421875
2025-02-14,6114.6298828125
2025-02-18,6129.580078125
2025-02-19,6144.14990234375
2025-02-20,6117.52001953125
2025-02-21,6013.1298828125
2025-02-24,5983.25
2025-02-25,5955.25
2025-02-26,5956.06005859375
2025-02-27,5861.56982421875
2025-02-28,5954.5
2025-03-03,5849.72021484375
2025-03-04,5778.14990234375
2025-03-05,5842.6298828125
2025-03-06,5738.52001953125
2025-03-07,5770.2001953125
2025-03-10,5614.56005859375
2025-03-11,5572.06982421875
2025-03-12,5599.2998046875
2025-03-13,5521.52001953125
2025-03-14,5638.93994140625
2025-03-17,5675.1201171875
2025-03-18,5614.66015625
2025-03-19,5675.2900390625
2025-03-20,5662.89013671875
2025-03-21,5667.56005859375
2025-03-24,5767.56982421875
2025-03-25,5776.64990234375
2025-03-26,5712.2001953125
2025-03-27,5693.31005859375
2025-03-28,5580.93994140625
2025-03-31,5611.85009765625
2025-04-01,5633.06982421875
2025-04-02,5670.97021484375
2025-04-03,5396.52001953125
2025-04-04,5074.080078125
2025-04-07,5062.25
2025-04-08,4982.77001953125
2025-04-09,5456.89990234375
2025-04-10,5268.0498046875
2025-04-11,5363.35986328125
2025-04-14,5405.97021484375
2025-04-15,5396.6298828125
2025-04-16,5275.7001953125
2025-04-17,5282.7001953125
2025-04-21,5158.2001953125
2025-04-22,5287.759765625
2025-04-23,5375.85986328125
2025-04-24,5484.77001953125
2025-04-25,5525.2099609375
2025-04-28,5528.75
2025-04-29,5560.830078125
2025-04-30,5569.06005859375
2025-05-01,5604.14013671875
2025-05-02,5686.669921875
2025-05-05,5650.3798828125
2025-05-06,5606.91015625
2025-05-07,5631.27978515625
2025-05-08,5663.93994140625
2025-05-09,5659.91015625
2025-05-12,5844.18994140625
2025-05-13,5886.5498046875
2025-05-14,5892.580078125
2025-05-15,5916.93017578125
2025-05-16,5958.3798828125
2025-05-19,5963.60009765625
2025-05-20,5940.4599609375
2025-05-21,5844.60986328125
2025-05-22,5842.009765625
2025-05-23,5802.81982421875
2025-05-27,5921.5400390625
2025-05-28,5888.5498046875
2025-05-29,5912.169921875
2025-05-30,5911.68994140625
2025-06-02,5935.93994140625
2025-06-03,5970.3701171875
2025-06-04,5970.81005859375
2025-06-05,5939.2998046875
2025-06-06,6000.35986328125
2025-06-09,6005.8798828125
2025-06-10,6038.81005859375
2025-06-11,6022.240234375
2025-06-12,6045.259765625
2025-06-13,5976.97021484375
2025-06-16,6033.10986328125
2025-06-17,5982.72021484375
2025-06-18,5980.8701171875
2025-06-20,5967.83984375
2025-06-23,6025.169921875
2025-06-24,6092.18017578125
2025-06-25,6092.16015625
2025-06-26,6141.02001953125
2025-06-27,6173.06982421875
2025-06-30,6204.9501953125
2025-07-01,6198.009765625
2025-07-02,6227.419921875
2025-07-03,6279.35009765625
2025-07-07,6229.97998046875
2025-07-08,6225.52001953125
2025-07-09,6263.259765625
2025-07-10,6280.4599609375
2025-07-11,6259.75
2025-07-14,6268.56005859375
2025-07-15,6243.759765625
2025-07-16,6263.7001953125
2025-07-17,6297.35986328125
2025-07-18,6296.7900390625
2025-07-21,6305.60009765625
2025-07-22,6309.6201171875
2025-07-23,6358.91015625
2025-07-24,6363.35009765625
2025-07-25,6388.64013671875
2025-07-28,6389.77001953125
2025-07-29,6370.85986328125
2025-07-30,6362.89990234375
2025-07-31,6339.39013671875
2025-08-01,6238.009765625
2025-08-04,6329.93994140625
2025-08-05,6299.18994140625
2025-08-06,6345.06005859375
2025-08-07,6340
2025-08-08,6389.4501953125
2025-08-11,6373.4501953125
2025-08-12,6445.759765625
2025-08-13,6466.580078125
2025-08-14,6468.5400390625
2025-08-15,6449.7998046875
2025-08-18,6449.14990234375
2025-08-19,6411.3701171875
2025-08-20,6395.77978515625
2025-08-21,6370.169921875
2025-08-22,6466.91015625
2025-08-25,6439.31982421875
2025-08-26,6465.93994140625
2025-08-27,6481.39990234375
2025-08-28,6501.85986328125
2025-08-29,6460.259765625
2025-09-02,6415.5400390625
2025-09-03,6448.259765625
2025-09-04,6502.080078125
2025-09-05,6481.5
2025-09-08,6495.14990234375
2025-09-09,6512.60986328125
2025-09-10,6532.0400390625
2025-09-11,6587.47021484375
2025-09-12,6584.2900390625
2025-09-15,6615.27978515625
2025-09-16,6606.759765625
2025-09-17,6600.35009765625
2025-09-18,6631.9599609375
2025-09-19,6664.35986328125
2025-09-22,6693.75
2025-09-23,6656.919921875
2025-09-24,6637.97021484375
2025-09-25,6604.72021484375
2025-09-26,6643.7001953125
2025-09-29,6661.2099609375
2025-09-30,6688.4599609375
2025-10-01,6711.2001953125
2025-10-02,6715.35009765625
2025-10-03,6715.7900390625
2025-10-06,6740.27978515625
2025-10-07,6714.58984375
2025-10-08,6753.72021484375
2025-10-09,6735.10986328125
2025-10-10,6552.509765625
2025-10-13,6654.72021484375
2025-10-14,6644.31005859375
2025-10-15,6671.06005859375
2025-10-16,6629.06982421875
2025-10-17,6664.009765625
2025-10-20,6735.1298828125
2025-10-21,6735.35009765625
2025-10-22,6699.39990234375
2025-10-23,6738.43994140625
2025-10-24,6791.68994140625
2025-10-27,6875.16015625
2025-10-28,6890.89013671875
2025-10-29,6890.58984375
2025-10-30,6822.33984375
2025-10-31,6840.2001953125
2025-11-03,6851.97021484375
2025-11-04,6771.5498046875
2025-11-05,6796.2900390625
2025-11-06,6720.31982421875
2025-11-07,6728.7998046875
2025-11-10,6832.43017578125
2025-11-11,6846.60986328125
2025-11-12,6850.919921875
2025-11-13,6737.490234375
2025-11-14,6734.10986328125
2025-11-17,6672.41015625
2025-11-18,6617.31982421875
2025-11-19,6642.16015625
2025-11-20,6538.759765625
2025-11-21,6602.990234375
2025-11-24,6705.1201171875
2025-11-25,6765.8798828125
2025-11-26,6812.60986328125
2025-11-28,6849.08984375
2025-12-01,6812.6298828125
2025-12-02,6829.3701171875
2025-12-03,6849.72021484375
2025-12-04,6857.1201171875
2025-12-05,6870.39990234375
2025-12-08,6846.509765625
2025-12-09,6840.509765625
2025-12-10,6886.68017578125
2025-12-11,6901
2025-12-12,6827.41015625
2025-12-15,6816.509765625
2025-12-16,6800.259765625
2025-12-17,6721.43017578125
2025-12-18,6774.759765625
2025-12-19,6834.5
2025-12-22,6878.490234375
2025-12-23,6909.7900390625
2025-12-24,6932.0498046875
2025-12-26,6929.93994140625
2025-12-29,6905.740234375
2025-12-30,6896.240234375
2025-12-31,6845.5
2026-01-02,6858.47021484375
2026-01-05,6902.0498046875
2026-01-06,6944.81982421875
2026-01-07,6920.93017578125
2026-01-08,6921.4599609375
2026-01-09,6966.27978515625
2026-01-12,6977.27001953125
2026-01-13,6963.740234375
2026-01-14,6926.60009765625
2026-01-15,6944.47021484375
2026-01-16,6940.009765625
2026-01-20,6796.85986328125
2026-01-21,6875.6201171875
2026-01-22,6913.35009765625
2026-01-23,6915.60986328125
2026-01-26,6950.22998046875
2026-01-27,6978.60009765625
2026-01-28,6978.02978515625
2026-01-29,6969.009765625
2026-01-30,6939.02978515625
2026-02-02,6976.43994140625
2026-02-03,6917.81005859375
2026-02-04,6882.72021484375
2026-02-05,6798.39990234375
2026-02-06,6932.2998046875
2026-02-09,6964.81982421875
2026-02-10,6941.81005859375
2026-02-11,6941.47021484375
2026-02-12,6832.759765625
2026-02-13,6836.169921875
2026-02-17,6843.22021484375
2026-02-18,6881.31005859375
2026-02-19,6861.89013671875
2026-02-20,6909.509765625
2026-02-23,6837.75
2026-02-24,6890.06982421875
2026-02-25,6946.1298828125
2026-02-26,6908.85986328125
2026-02-27,6878.8798828125
2026-03-02,6881.6201171875
2026-03-03,6816.6298828125
2026-03-04,6869.5
2026-03-05,6830.7099609375
2026-03-06,6740.02001953125
2026-03-09,6795.990234375
2026-03-10,6781.47998046875
2026-03-11,6775.7998046875
2026-03-12,6672.6201171875
2026-03-13,6632.18994140625
2026-03-16,6699.3798828125
2026-03-17,6716.08984375
2026-03-18,6624.7001953125
2026-03-19,6606.490234375
2026-03-20,6506.47998046875
2026-03-23,6581
2026-03-24,6556.3701171875
2026-03-25,6591.89990234375
2026-03-26,6477.16015625
2026-03-27,6368.85009765625
2026-03-30,6343.72021484375
2026-03-31,6528.52001953125
2026-04-01,6575.31982421875
2026-04-02,6582.68994140625
2026-04-06,6611.830078125
2026-04-07,6616.85009765625
2026-04-08,6782.81005859375
2026-04-09,6824.66015625
2026-04-10,6816.89013671875
2026-04-13,6886.240234375
2026-04-14,6967.3798828125
2026-04-15,7022.9501953125
2026-04-16,7041.27978515625
2026-04-17,7126.06005859375
2026-04-20,7109.14013671875
2026-04-21,7064.009765625
2026-04-22,7137.89990234375
2026-04-23,7108.39990234375
2026-04-24,7165.080078125
2026-04-27,7173.91015625
2026-04-28,7138.7998046875
2026-04-29,7135.9501953125
2026-04-30,7209.009765625
2026-05-01,7230.1201171875
2026-05-04,7200.75
2026-05-05,7259.22021484375
2026-05-06,7365.1201171875
2026-05-07,7337.10986328125
2026-05-08,7398.93017578125
2026-05-11,7412.83984375
2026-05-12,7400.9599609375
2026-05-13,7444.25
2026-05-14,7501.240234375
2026-05-15,7408.5
2026-05-18,7403.0498046875
2026-05-19,7353.60986328125
2026-05-20,7432.97021484375
2026-05-21,7445.72021484375
2026-05-22,7473.47021484375
2026-05-26,7519.1201171875
2026-05-27,7520.35986328125
2026-05-28,7563.6298828125
2026-05-29,7580.06005859375
2026-06-01,7599.9599609375
2026-06-02,7609.77978515625
2026-06-03,7553.68017578125
2026-06-04,7584.31005859375
2026-06-05,7383.740234375
2026-06-08,7405.72998046875
2026-06-09,7386.64990234375
2026-06-10,7266.990234375
2026-06-11,7394.2998046875
2026-06-12,7431.4599609375
2026-06-15,7554.2900390625
2026-06-16,7511.35009765625
2026-06-17,7420.10009765625
2026-06-18,7500.580078125
2026-06-22,7472.7900390625
2026-06-23,7365.4599609375
2026-06-24,7358.22021484375
2026-06-25,7357.490234375
2026-06-26,7354.02001953125
2026-06-29,7440.43017578125
2026-06-30,7499.35986328125
2026-07-01,7483.22998046875
2026-07-02,7483.240234375
2026-07-06,7537.43017578125
2026-07-07,7503.85009765625
2026-07-08,7482.7099609375
2026-07-09,7543.64013671875
2026-07-10,7575.39013671875
2026-07-13,7515.33984375
2026-07-14,7543.58984375
2026-07-15,7572.39990234375
2026-07-16,7533.77001953125
2026-07-17,7457.68994140625
2026-07-20,7443.27978515625
2026-07-21,7509.2001953125
2026-07-22,7498.9599609375
2026-07-23,7408.2998046875
2026-07-24,7411.97998046875
2026-07-27,7413.18017578125
2026-07-28,7428.77978515625
2026-07-29,7316.14990234375
2026-07-30,7437.6298828125
2026-07-31,7489.72021484375
2026-08-03,7600.5
2026-08-04,7736.52001953125
2026-08-05,7723.5498046875
2026-08-06,7709.9599609375
2026-08-07,7757.64013671875
2026-08-10,7753.10986328125
2026-08-11,7728.2001953125
2026-08-12,7748.5
2026-08-13,7798.990234375
2026-08-14,7785.759765625
2026-08-17,7745.06005859375
2026-08-18,7691.759765625
2026-08-19,7707.97998046875
2026-08-20,7641.16015625
2026-08-21,7674.3701171875
2026-08-24,7652.85986328125
2026-08-25,7677.27978515625
2026-08-26,7675.7001953125
2026-08-27,7730.990234375
2026-08-28,7711.759765625
2026-08-31,7686.14013671875
2026-09-01,7631.47021484375
2026-09-02,7666.60009765625
2026-09-03,7747.7099609375
2026-09-04,7718.60009765625
2026-09-08,7673.52001953125
2026-09-09,7636.35986328125
2026-09-10,7591.7001953125
2026-09-11,7656.97998046875
2026-09-14,7619.97998046875
2026-09-15,7585.72998046875
2026-09-16,7551.81005859375
2026-09-17,7637.759765625
2026-09-18,7650.5
2026-09-21,7764.7001953125
2026-09-22,7764.7001953125
2026-09-23,7706.02978515625
2026-09-24,7704.1298828125
